{
  "type": "FeatureCollection",
  "features": [
    {
      "type": "Feature",
      "properties": {
        "_gpxType": "trk",
        "name": "Tempe Town Lake Rural Road Bridge to Bob Bear Trailhead",
        "coordinateProperties": {}
      },
      "geometry": {
        "type": "LineString",
        "coordinates": [
          [
            -111.926207,
            33.4313444
          ],
          [
            -111.92621,
            33.43166
          ],
          [
            -111.92621,
            33.43185
          ],
          [
            -111.92621,
            33.43207
          ],
          [
            -111.92621,
            33.43238
          ],
          [
            -111.92621,
            33.43257
          ],
          [
            -111.9262,
            33.43268
          ],
          [
            -111.92619,
            33.43285
          ],
          [
            -111.92617,
            33.43338
          ],
          [
            -111.92616,
            33.43379
          ],
          [
            -111.92616,
            33.43399
          ],
          [
            -111.92616,
            33.43409
          ],
          [
            -111.92616,
            33.43471
          ],
          [
            -111.92616,
            33.43484
          ],
          [
            -111.92616,
            33.43507
          ],
          [
            -111.92616,
            33.4353
          ],
          [
            -111.9261602,
            33.4353028
          ],
          [
            -111.92615,
            33.43531
          ],
          [
            -111.9261,
            33.43537
          ],
          [
            -111.92608,
            33.43539
          ],
          [
            -111.92606,
            33.43543
          ],
          [
            -111.92604,
            33.43545
          ],
          [
            -111.92602,
            33.43547
          ],
          [
            -111.926,
            33.43549
          ],
          [
            -111.92597,
            33.4355
          ],
          [
            -111.92594,
            33.43552
          ],
          [
            -111.92591,
            33.43552
          ],
          [
            -111.92589,
            33.43553
          ],
          [
            -111.92587,
            33.43553
          ],
          [
            -111.92585,
            33.43553
          ],
          [
            -111.92583,
            33.43553
          ],
          [
            -111.92581,
            33.43553
          ],
          [
            -111.9258,
            33.43553
          ],
          [
            -111.92577,
            33.43552
          ],
          [
            -111.92575,
            33.43552
          ],
          [
            -111.92572,
            33.43552
          ],
          [
            -111.92569,
            33.43552
          ],
          [
            -111.92568,
            33.43552
          ],
          [
            -111.92566,
            33.43552
          ],
          [
            -111.92565,
            33.43552
          ],
          [
            -111.92563,
            33.43553
          ],
          [
            -111.92562,
            33.43554
          ],
          [
            -111.9256,
            33.43555
          ],
          [
            -111.9256,
            33.43556
          ],
          [
            -111.92556,
            33.43555
          ],
          [
            -111.92553,
            33.43555
          ],
          [
            -111.92549,
            33.43555
          ],
          [
            -111.92546,
            33.43555
          ],
          [
            -111.9254,
            33.43555
          ],
          [
            -111.92527,
            33.43556
          ],
          [
            -111.92503,
            33.43558
          ],
          [
            -111.92465,
            33.43562
          ],
          [
            -111.92445,
            33.43563
          ],
          [
            -111.9244,
            33.43564
          ],
          [
            -111.92425,
            33.43565
          ],
          [
            -111.92409,
            33.43566
          ],
          [
            -111.92389,
            33.43568
          ],
          [
            -111.92374,
            33.4357
          ],
          [
            -111.92373,
            33.4357
          ],
          [
            -111.92363,
            33.43571
          ],
          [
            -111.92355,
            33.43571
          ],
          [
            -111.92347,
            33.43572
          ],
          [
            -111.92332,
            33.43574
          ],
          [
            -111.92324,
            33.43574
          ],
          [
            -111.92319,
            33.43574
          ],
          [
            -111.92307,
            33.43575
          ],
          [
            -111.92282,
            33.43576
          ],
          [
            -111.92259,
            33.43578
          ],
          [
            -111.92244,
            33.43579
          ],
          [
            -111.92216,
            33.4358
          ],
          [
            -111.92191,
            33.43581
          ],
          [
            -111.92166,
            33.43582
          ],
          [
            -111.92159,
            33.43582
          ],
          [
            -111.92158,
            33.43582
          ],
          [
            -111.92135,
            33.43594
          ],
          [
            -111.92101,
            33.43594
          ],
          [
            -111.92004,
            33.43594
          ],
          [
            -111.91961,
            33.43594
          ],
          [
            -111.91903,
            33.43594
          ],
          [
            -111.91878,
            33.43594
          ],
          [
            -111.91848,
            33.43594
          ],
          [
            -111.91839,
            33.43594
          ],
          [
            -111.91812,
            33.43593
          ],
          [
            -111.91714,
            33.43593
          ],
          [
            -111.91683,
            33.43593
          ],
          [
            -111.91641,
            33.43593
          ],
          [
            -111.9155,
            33.43593
          ],
          [
            -111.91546,
            33.43593
          ],
          [
            -111.91528,
            33.43593
          ],
          [
            -111.91465,
            33.43593
          ],
          [
            -111.91393,
            33.43592
          ],
          [
            -111.91343,
            33.43592
          ],
          [
            -111.9133,
            33.43592
          ],
          [
            -111.91306,
            33.43592
          ],
          [
            -111.9125,
            33.43592
          ],
          [
            -111.91227,
            33.43592
          ],
          [
            -111.91204,
            33.43592
          ],
          [
            -111.91197,
            33.43592
          ],
          [
            -111.91177,
            33.43591
          ],
          [
            -111.91135,
            33.43591
          ],
          [
            -111.91038,
            33.43591
          ],
          [
            -111.91019,
            33.4359
          ],
          [
            -111.90994,
            33.4359
          ],
          [
            -111.90957,
            33.43591
          ],
          [
            -111.90917,
            33.43591
          ],
          [
            -111.90899,
            33.43591
          ],
          [
            -111.90881,
            33.43591
          ],
          [
            -111.90843,
            33.43591
          ],
          [
            -111.90804,
            33.43591
          ],
          [
            -111.90691,
            33.43591
          ],
          [
            -111.90604,
            33.4359
          ],
          [
            -111.90547,
            33.4359
          ],
          [
            -111.90481,
            33.4359
          ],
          [
            -111.90396,
            33.43589
          ],
          [
            -111.9017,
            33.43587
          ],
          [
            -111.90169,
            33.43587
          ],
          [
            -111.90105,
            33.43587
          ],
          [
            -111.90094,
            33.43586
          ],
          [
            -111.90089,
            33.43586
          ],
          [
            -111.90082,
            33.43586
          ],
          [
            -111.90075,
            33.43586
          ],
          [
            -111.90064,
            33.43586
          ],
          [
            -111.90043,
            33.43585
          ],
          [
            -111.90035,
            33.43585
          ],
          [
            -111.90029,
            33.43585
          ],
          [
            -111.90009,
            33.43584
          ],
          [
            -111.89997,
            33.43584
          ],
          [
            -111.89988,
            33.43583
          ],
          [
            -111.89981,
            33.43583
          ],
          [
            -111.89972,
            33.43582
          ],
          [
            -111.89965,
            33.43582
          ],
          [
            -111.89956,
            33.43581
          ],
          [
            -111.89949,
            33.43581
          ],
          [
            -111.89944,
            33.4358
          ],
          [
            -111.89937,
            33.43579
          ],
          [
            -111.89928,
            33.43579
          ],
          [
            -111.89917,
            33.43578
          ],
          [
            -111.89901,
            33.43576
          ],
          [
            -111.89891,
            33.43575
          ],
          [
            -111.89882,
            33.43573
          ],
          [
            -111.89862,
            33.4357
          ],
          [
            -111.89843,
            33.43568
          ],
          [
            -111.89835,
            33.43566
          ],
          [
            -111.8982,
            33.43564
          ],
          [
            -111.89797,
            33.4356
          ],
          [
            -111.89765,
            33.43553
          ],
          [
            -111.89759,
            33.43552
          ],
          [
            -111.89743,
            33.43548
          ],
          [
            -111.89721,
            33.43543
          ],
          [
            -111.89701,
            33.43538
          ],
          [
            -111.89681,
            33.43534
          ],
          [
            -111.89663,
            33.4353
          ],
          [
            -111.89648,
            33.43526
          ],
          [
            -111.89619,
            33.43519
          ],
          [
            -111.89596,
            33.43514
          ],
          [
            -111.8958,
            33.4351
          ],
          [
            -111.89567,
            33.43506
          ],
          [
            -111.89559,
            33.43505
          ],
          [
            -111.89555,
            33.43503
          ],
          [
            -111.89542,
            33.435
          ],
          [
            -111.8953,
            33.43498
          ],
          [
            -111.89515,
            33.43494
          ],
          [
            -111.89493,
            33.43488
          ],
          [
            -111.8948,
            33.43485
          ],
          [
            -111.89443,
            33.43476
          ],
          [
            -111.89419,
            33.43471
          ],
          [
            -111.89405,
            33.43467
          ],
          [
            -111.89397,
            33.43465
          ],
          [
            -111.8935,
            33.43454
          ],
          [
            -111.89332,
            33.4345
          ],
          [
            -111.89301,
            33.43442
          ],
          [
            -111.89299,
            33.43442
          ],
          [
            -111.89297,
            33.43441
          ],
          [
            -111.89292,
            33.4344
          ],
          [
            -111.89271,
            33.43435
          ],
          [
            -111.89217,
            33.43422
          ],
          [
            -111.89179,
            33.43412
          ],
          [
            -111.89161,
            33.43408
          ],
          [
            -111.89145,
            33.43404
          ],
          [
            -111.89124,
            33.43399
          ],
          [
            -111.89115,
            33.43397
          ],
          [
            -111.89106,
            33.43395
          ],
          [
            -111.89098,
            33.43393
          ],
          [
            -111.89085,
            33.4339
          ],
          [
            -111.8907,
            33.43386
          ],
          [
            -111.89047,
            33.43381
          ],
          [
            -111.8904,
            33.43379
          ],
          [
            -111.8903,
            33.43376
          ],
          [
            -111.89025,
            33.43375
          ],
          [
            -111.89018,
            33.43373
          ],
          [
            -111.89007,
            33.43371
          ],
          [
            -111.88991,
            33.43367
          ],
          [
            -111.88981,
            33.43365
          ],
          [
            -111.88968,
            33.43361
          ],
          [
            -111.88954,
            33.43358
          ],
          [
            -111.88945,
            33.43356
          ],
          [
            -111.88935,
            33.43354
          ],
          [
            -111.88924,
            33.43352
          ],
          [
            -111.88915,
            33.43351
          ],
          [
            -111.88903,
            33.43349
          ],
          [
            -111.88889,
            33.43346
          ],
          [
            -111.88867,
            33.43343
          ],
          [
            -111.88855,
            33.43342
          ],
          [
            -111.88842,
            33.43341
          ],
          [
            -111.88829,
            33.4334
          ],
          [
            -111.88814,
            33.43339
          ],
          [
            -111.88802,
            33.43338
          ],
          [
            -111.88801,
            33.43338
          ],
          [
            -111.88776,
            33.43338
          ],
          [
            -111.88755,
            33.43338
          ],
          [
            -111.88746,
            33.43338
          ],
          [
            -111.88736,
            33.43338
          ],
          [
            -111.88732,
            33.43338
          ],
          [
            -111.88723,
            33.43338
          ],
          [
            -111.8871,
            33.43339
          ],
          [
            -111.88696,
            33.4334
          ],
          [
            -111.88691,
            33.4334
          ],
          [
            -111.8868,
            33.43341
          ],
          [
            -111.88676,
            33.43341
          ],
          [
            -111.88674,
            33.43341
          ],
          [
            -111.88659,
            33.43343
          ],
          [
            -111.8865,
            33.43344
          ],
          [
            -111.88642,
            33.43345
          ],
          [
            -111.88632,
            33.43346
          ],
          [
            -111.88618,
            33.43349
          ],
          [
            -111.88613,
            33.43349
          ],
          [
            -111.88595,
            33.43353
          ],
          [
            -111.88585,
            33.43354
          ],
          [
            -111.88564,
            33.43359
          ],
          [
            -111.88485,
            33.43376
          ],
          [
            -111.88392,
            33.43398
          ],
          [
            -111.88363,
            33.43405
          ],
          [
            -111.88326,
            33.43414
          ],
          [
            -111.88277,
            33.43425
          ],
          [
            -111.88228,
            33.43437
          ],
          [
            -111.88091,
            33.4347
          ],
          [
            -111.88075,
            33.43474
          ],
          [
            -111.88065,
            33.43476
          ],
          [
            -111.88048,
            33.4348
          ],
          [
            -111.88025,
            33.43486
          ],
          [
            -111.87976,
            33.43497
          ],
          [
            -111.87938,
            33.43506
          ],
          [
            -111.87901,
            33.43515
          ],
          [
            -111.87864,
            33.43524
          ],
          [
            -111.87828,
            33.43533
          ],
          [
            -111.87816,
            33.43536
          ],
          [
            -111.87804,
            33.43539
          ],
          [
            -111.87786,
            33.43543
          ],
          [
            -111.87777,
            33.43545
          ],
          [
            -111.87752,
            33.43551
          ],
          [
            -111.87724,
            33.43558
          ],
          [
            -111.87703,
            33.43563
          ],
          [
            -111.87702,
            33.43563
          ],
          [
            -111.87682,
            33.43568
          ],
          [
            -111.87654,
            33.43574
          ],
          [
            -111.87634,
            33.43579
          ],
          [
            -111.87615,
            33.43584
          ],
          [
            -111.87608,
            33.43586
          ],
          [
            -111.87599,
            33.43588
          ],
          [
            -111.87583,
            33.43591
          ],
          [
            -111.87571,
            33.43594
          ],
          [
            -111.87541,
            33.43601
          ],
          [
            -111.87508,
            33.4361
          ],
          [
            -111.87489,
            33.43614
          ],
          [
            -111.87481,
            33.43616
          ],
          [
            -111.87466,
            33.43619
          ],
          [
            -111.87458,
            33.43621
          ],
          [
            -111.87444,
            33.43625
          ],
          [
            -111.87426,
            33.43629
          ],
          [
            -111.87368,
            33.43643
          ],
          [
            -111.8735,
            33.43647
          ],
          [
            -111.87325,
            33.43654
          ],
          [
            -111.87297,
            33.4366
          ],
          [
            -111.87296,
            33.43661
          ],
          [
            -111.87262,
            33.43669
          ],
          [
            -111.87239,
            33.43674
          ],
          [
            -111.87225,
            33.43677
          ],
          [
            -111.8719,
            33.43686
          ],
          [
            -111.87184,
            33.43687
          ],
          [
            -111.87137,
            33.43698
          ],
          [
            -111.87124,
            33.43702
          ],
          [
            -111.87096,
            33.43709
          ],
          [
            -111.87081,
            33.43712
          ],
          [
            -111.87069,
            33.43716
          ],
          [
            -111.87045,
            33.43723
          ],
          [
            -111.87021,
            33.43731
          ],
          [
            -111.87009,
            33.43735
          ],
          [
            -111.86995,
            33.4374
          ],
          [
            -111.86985,
            33.43744
          ],
          [
            -111.86952,
            33.43758
          ],
          [
            -111.86951,
            33.43758
          ],
          [
            -111.86946,
            33.43761
          ],
          [
            -111.86935,
            33.43766
          ],
          [
            -111.86928,
            33.43769
          ],
          [
            -111.8691,
            33.43779
          ],
          [
            -111.8688,
            33.43794
          ],
          [
            -111.86845,
            33.43816
          ],
          [
            -111.86838,
            33.43821
          ],
          [
            -111.86824,
            33.4383
          ],
          [
            -111.86813,
            33.43838
          ],
          [
            -111.86808,
            33.43842
          ],
          [
            -111.86778,
            33.43864
          ],
          [
            -111.86763,
            33.43877
          ],
          [
            -111.86759,
            33.4388
          ],
          [
            -111.86746,
            33.43891
          ],
          [
            -111.86736,
            33.439
          ],
          [
            -111.8673,
            33.43905
          ],
          [
            -111.86722,
            33.43915
          ],
          [
            -111.86713,
            33.43924
          ],
          [
            -111.86701,
            33.43935
          ],
          [
            -111.86699,
            33.43938
          ],
          [
            -111.86675,
            33.43962
          ],
          [
            -111.86658,
            33.4398
          ],
          [
            -111.86653,
            33.43986
          ],
          [
            -111.86643,
            33.43996
          ],
          [
            -111.86634,
            33.44005
          ],
          [
            -111.86626,
            33.44013
          ],
          [
            -111.8661,
            33.4403
          ],
          [
            -111.86602,
            33.44039
          ],
          [
            -111.86586,
            33.44056
          ],
          [
            -111.86577,
            33.44064
          ],
          [
            -111.86562,
            33.44081
          ],
          [
            -111.8654,
            33.44103
          ],
          [
            -111.86512,
            33.44133
          ],
          [
            -111.86506,
            33.44139
          ],
          [
            -111.86487,
            33.44159
          ],
          [
            -111.86472,
            33.44175
          ],
          [
            -111.86471,
            33.44175
          ],
          [
            -111.86463,
            33.44184
          ],
          [
            -111.86456,
            33.44192
          ],
          [
            -111.86447,
            33.442
          ],
          [
            -111.86439,
            33.44209
          ],
          [
            -111.86438,
            33.44209
          ],
          [
            -111.86435,
            33.44212
          ],
          [
            -111.8643,
            33.44217
          ],
          [
            -111.86422,
            33.44225
          ],
          [
            -111.86413,
            33.44233
          ],
          [
            -111.86404,
            33.44241
          ],
          [
            -111.86395,
            33.44249
          ],
          [
            -111.86385,
            33.44257
          ],
          [
            -111.86376,
            33.44265
          ],
          [
            -111.86366,
            33.44273
          ],
          [
            -111.86357,
            33.4428
          ],
          [
            -111.86349,
            33.44287
          ],
          [
            -111.86348,
            33.44287
          ],
          [
            -111.86338,
            33.44294
          ],
          [
            -111.86328,
            33.44301
          ],
          [
            -111.86319,
            33.44308
          ],
          [
            -111.86312,
            33.44313
          ],
          [
            -111.86297,
            33.44323
          ],
          [
            -111.86286,
            33.44329
          ],
          [
            -111.86275,
            33.44336
          ],
          [
            -111.86265,
            33.44342
          ],
          [
            -111.86254,
            33.44349
          ],
          [
            -111.86244,
            33.44354
          ],
          [
            -111.86233,
            33.4436
          ],
          [
            -111.86222,
            33.44366
          ],
          [
            -111.86211,
            33.44372
          ],
          [
            -111.86206,
            33.44374
          ],
          [
            -111.86199,
            33.44378
          ],
          [
            -111.86177,
            33.44389
          ],
          [
            -111.86165,
            33.44395
          ],
          [
            -111.86145,
            33.44404
          ],
          [
            -111.86128,
            33.44411
          ],
          [
            -111.86107,
            33.44419
          ],
          [
            -111.86086,
            33.44426
          ],
          [
            -111.8607,
            33.44432
          ],
          [
            -111.86045,
            33.44439
          ],
          [
            -111.86022,
            33.44447
          ],
          [
            -111.85993,
            33.44455
          ],
          [
            -111.85992,
            33.44455
          ],
          [
            -111.8598,
            33.44458
          ],
          [
            -111.85963,
            33.44462
          ],
          [
            -111.85938,
            33.44467
          ],
          [
            -111.85913,
            33.44471
          ],
          [
            -111.85892,
            33.44474
          ],
          [
            -111.85871,
            33.44478
          ],
          [
            -111.85844,
            33.44482
          ],
          [
            -111.85803,
            33.44488
          ],
          [
            -111.85778,
            33.44492
          ],
          [
            -111.85756,
            33.44496
          ],
          [
            -111.85736,
            33.445
          ],
          [
            -111.85715,
            33.44505
          ],
          [
            -111.85689,
            33.44511
          ],
          [
            -111.85669,
            33.44516
          ],
          [
            -111.85657,
            33.44519
          ],
          [
            -111.85636,
            33.44526
          ],
          [
            -111.85615,
            33.44533
          ],
          [
            -111.85605,
            33.44537
          ],
          [
            -111.85589,
            33.44543
          ],
          [
            -111.8557,
            33.44551
          ],
          [
            -111.85551,
            33.4456
          ],
          [
            -111.8554,
            33.44565
          ],
          [
            -111.85528,
            33.44572
          ],
          [
            -111.85509,
            33.44583
          ],
          [
            -111.85501,
            33.44587
          ],
          [
            -111.85496,
            33.44591
          ],
          [
            -111.85483,
            33.44599
          ],
          [
            -111.8546,
            33.44615
          ],
          [
            -111.85448,
            33.44623
          ],
          [
            -111.85443,
            33.44627
          ],
          [
            -111.85423,
            33.44642
          ],
          [
            -111.85418,
            33.44646
          ],
          [
            -111.85388,
            33.4467
          ],
          [
            -111.85358,
            33.44695
          ],
          [
            -111.85353,
            33.44699
          ],
          [
            -111.85347,
            33.44703
          ],
          [
            -111.85341,
            33.44708
          ],
          [
            -111.85334,
            33.44714
          ],
          [
            -111.85325,
            33.44721
          ],
          [
            -111.8532,
            33.44725
          ],
          [
            -111.85297,
            33.44744
          ],
          [
            -111.85279,
            33.44758
          ],
          [
            -111.85264,
            33.4477
          ],
          [
            -111.85259,
            33.44774
          ],
          [
            -111.85249,
            33.44782
          ],
          [
            -111.85247,
            33.44783
          ],
          [
            -111.8524,
            33.44789
          ],
          [
            -111.8523,
            33.44797
          ],
          [
            -111.85215,
            33.4481
          ],
          [
            -111.85213,
            33.44812
          ],
          [
            -111.85198,
            33.44824
          ],
          [
            -111.85193,
            33.44828
          ],
          [
            -111.85186,
            33.44833
          ],
          [
            -111.85159,
            33.44855
          ],
          [
            -111.85138,
            33.44873
          ],
          [
            -111.85125,
            33.44883
          ],
          [
            -111.85117,
            33.44889
          ],
          [
            -111.85112,
            33.44894
          ],
          [
            -111.85103,
            33.44902
          ],
          [
            -111.851,
            33.44904
          ],
          [
            -111.85045,
            33.44951
          ],
          [
            -111.85018,
            33.44973
          ],
          [
            -111.84994,
            33.44991
          ],
          [
            -111.84968,
            33.45011
          ],
          [
            -111.8496,
            33.45017
          ],
          [
            -111.84952,
            33.45024
          ],
          [
            -111.84933,
            33.45039
          ],
          [
            -111.84923,
            33.45046
          ],
          [
            -111.84921,
            33.45048
          ],
          [
            -111.84913,
            33.45054
          ],
          [
            -111.84905,
            33.45061
          ],
          [
            -111.84895,
            33.45068
          ],
          [
            -111.84885,
            33.45075
          ],
          [
            -111.84875,
            33.45082
          ],
          [
            -111.84866,
            33.45089
          ],
          [
            -111.84846,
            33.45103
          ],
          [
            -111.84836,
            33.4511
          ],
          [
            -111.84826,
            33.45117
          ],
          [
            -111.84815,
            33.45124
          ],
          [
            -111.84805,
            33.4513
          ],
          [
            -111.84795,
            33.45137
          ],
          [
            -111.84779,
            33.45148
          ],
          [
            -111.84774,
            33.45151
          ],
          [
            -111.84765,
            33.45157
          ],
          [
            -111.84756,
            33.45163
          ],
          [
            -111.84752,
            33.45166
          ],
          [
            -111.84744,
            33.45171
          ],
          [
            -111.84727,
            33.45181
          ],
          [
            -111.84706,
            33.45194
          ],
          [
            -111.84701,
            33.45197
          ],
          [
            -111.84691,
            33.45203
          ],
          [
            -111.84661,
            33.45221
          ],
          [
            -111.84628,
            33.45239
          ],
          [
            -111.84616,
            33.45246
          ],
          [
            -111.84601,
            33.45255
          ],
          [
            -111.84594,
            33.45258
          ],
          [
            -111.84583,
            33.45264
          ],
          [
            -111.8455,
            33.45281
          ],
          [
            -111.8454972,
            33.452809
          ],
          [
            -111.84533,
            33.4528
          ],
          [
            -111.84532,
            33.4528
          ],
          [
            -111.84531,
            33.4528
          ],
          [
            -111.84523,
            33.45285
          ],
          [
            -111.84501,
            33.45296
          ],
          [
            -111.84477,
            33.45307
          ],
          [
            -111.84458,
            33.45315
          ],
          [
            -111.84452,
            33.45318
          ],
          [
            -111.84446,
            33.45321
          ],
          [
            -111.84443,
            33.45322
          ],
          [
            -111.84436,
            33.45325
          ],
          [
            -111.84434,
            33.45326
          ],
          [
            -111.84431,
            33.45327
          ],
          [
            -111.84429,
            33.45328
          ],
          [
            -111.84428,
            33.45328
          ],
          [
            -111.84423,
            33.4533
          ],
          [
            -111.84416,
            33.45333
          ],
          [
            -111.8441,
            33.45335
          ],
          [
            -111.84387,
            33.45344
          ],
          [
            -111.84359,
            33.45354
          ],
          [
            -111.84355,
            33.45356
          ],
          [
            -111.84351,
            33.45357
          ],
          [
            -111.84324,
            33.45367
          ],
          [
            -111.84311,
            33.45371
          ],
          [
            -111.84297,
            33.45376
          ],
          [
            -111.84287,
            33.4538
          ],
          [
            -111.84281,
            33.45382
          ],
          [
            -111.84248,
            33.45393
          ],
          [
            -111.84222,
            33.454
          ],
          [
            -111.84176,
            33.45414
          ],
          [
            -111.84118,
            33.45431
          ],
          [
            -111.84075,
            33.45445
          ],
          [
            -111.84036,
            33.45457
          ],
          [
            -111.84027,
            33.45459
          ],
          [
            -111.8398,
            33.45473
          ],
          [
            -111.8397975,
            33.4547278
          ],
          [
            -111.83956,
            33.45478
          ],
          [
            -111.83956,
            33.45482
          ],
          [
            -111.83956,
            33.45485
          ],
          [
            -111.83956,
            33.45487
          ],
          [
            -111.83956,
            33.45489
          ],
          [
            -111.83956,
            33.45492
          ],
          [
            -111.83956,
            33.45501
          ],
          [
            -111.83954,
            33.45574
          ],
          [
            -111.83953,
            33.45595
          ],
          [
            -111.83953,
            33.4561
          ],
          [
            -111.83954,
            33.45647
          ],
          [
            -111.83955,
            33.45663
          ],
          [
            -111.83955,
            33.45664
          ],
          [
            -111.83965,
            33.45673
          ],
          [
            -111.83965,
            33.45688
          ],
          [
            -111.83965,
            33.45697
          ],
          [
            -111.83965,
            33.45709
          ],
          [
            -111.83966,
            33.45722
          ],
          [
            -111.83967,
            33.45732
          ],
          [
            -111.83968,
            33.45738
          ],
          [
            -111.83969,
            33.45745
          ],
          [
            -111.83971,
            33.45751
          ],
          [
            -111.83973,
            33.45759
          ],
          [
            -111.83975,
            33.45764
          ],
          [
            -111.83976,
            33.45769
          ],
          [
            -111.83978,
            33.45773
          ],
          [
            -111.8398,
            33.45776
          ],
          [
            -111.83983,
            33.45781
          ],
          [
            -111.83985,
            33.45786
          ],
          [
            -111.8399,
            33.45792
          ],
          [
            -111.84006,
            33.45816
          ],
          [
            -111.84019,
            33.45836
          ],
          [
            -111.84036,
            33.45861
          ],
          [
            -111.84037,
            33.45862
          ],
          [
            -111.84047,
            33.45877
          ],
          [
            -111.84048,
            33.45878
          ],
          [
            -111.84051,
            33.45882
          ],
          [
            -111.84058,
            33.45893
          ],
          [
            -111.84074,
            33.45916
          ],
          [
            -111.8409,
            33.4594
          ],
          [
            -111.84099,
            33.45952
          ],
          [
            -111.84101,
            33.45956
          ],
          [
            -111.84111,
            33.45971
          ],
          [
            -111.84112,
            33.45971
          ],
          [
            -111.84114,
            33.45975
          ],
          [
            -111.84122,
            33.45986
          ],
          [
            -111.84122,
            33.45987
          ],
          [
            -111.84129,
            33.45997
          ],
          [
            -111.84131,
            33.45999
          ],
          [
            -111.84132,
            33.46001
          ],
          [
            -111.84133,
            33.46002
          ],
          [
            -111.84133,
            33.46003
          ],
          [
            -111.84144,
            33.46018
          ],
          [
            -111.84154,
            33.46034
          ],
          [
            -111.84155,
            33.46035
          ],
          [
            -111.84173,
            33.46061
          ],
          [
            -111.84186,
            33.4608
          ],
          [
            -111.8419,
            33.46086
          ],
          [
            -111.84197,
            33.46096
          ],
          [
            -111.84207,
            33.46111
          ],
          [
            -111.84211,
            33.46117
          ],
          [
            -111.84239,
            33.46158
          ],
          [
            -111.84244,
            33.46166
          ],
          [
            -111.84265,
            33.46196
          ],
          [
            -111.84282,
            33.46221
          ],
          [
            -111.84287,
            33.46228
          ],
          [
            -111.84292,
            33.46237
          ],
          [
            -111.84298,
            33.4625
          ],
          [
            -111.84302,
            33.46257
          ],
          [
            -111.84307,
            33.46266
          ],
          [
            -111.84312,
            33.46279
          ],
          [
            -111.84315,
            33.46285
          ],
          [
            -111.84319,
            33.46296
          ],
          [
            -111.84325,
            33.46312
          ],
          [
            -111.84327,
            33.4632
          ],
          [
            -111.84329,
            33.46327
          ],
          [
            -111.84334,
            33.46346
          ],
          [
            -111.84334,
            33.46347
          ],
          [
            -111.84336,
            33.46355
          ],
          [
            -111.84337,
            33.46365
          ],
          [
            -111.84338,
            33.46374
          ],
          [
            -111.84339,
            33.46384
          ],
          [
            -111.8434,
            33.46403
          ],
          [
            -111.8434,
            33.46418
          ],
          [
            -111.8434,
            33.46423
          ],
          [
            -111.84339,
            33.46443
          ],
          [
            -111.84336,
            33.4648
          ],
          [
            -111.84333,
            33.46517
          ],
          [
            -111.84331,
            33.46553
          ],
          [
            -111.8433,
            33.46565
          ],
          [
            -111.84327,
            33.46595
          ],
          [
            -111.84325,
            33.46629
          ],
          [
            -111.84324,
            33.46638
          ],
          [
            -111.84322,
            33.46675
          ],
          [
            -111.84321,
            33.46686
          ],
          [
            -111.84315,
            33.46692
          ],
          [
            -111.84314,
            33.46692
          ],
          [
            -111.84314,
            33.46693
          ],
          [
            -111.84312,
            33.46719
          ],
          [
            -111.84307,
            33.4675
          ],
          [
            -111.843,
            33.46775
          ],
          [
            -111.84286,
            33.46806
          ],
          [
            -111.84267,
            33.46834
          ],
          [
            -111.8425,
            33.46855
          ],
          [
            -111.84226,
            33.46878
          ],
          [
            -111.84177,
            33.46919
          ],
          [
            -111.84098,
            33.46986
          ],
          [
            -111.84066,
            33.47014
          ],
          [
            -111.84065,
            33.47014
          ],
          [
            -111.83973,
            33.47093
          ],
          [
            -111.83947,
            33.47114
          ],
          [
            -111.83922,
            33.47136
          ],
          [
            -111.83882,
            33.47171
          ],
          [
            -111.83842,
            33.47204
          ],
          [
            -111.83766,
            33.47269
          ],
          [
            -111.83609,
            33.474
          ],
          [
            -111.83602,
            33.47406
          ],
          [
            -111.83468,
            33.4751
          ],
          [
            -111.8346,
            33.47517
          ],
          [
            -111.83181,
            33.47711
          ],
          [
            -111.83163,
            33.47724
          ],
          [
            -111.83144,
            33.47736
          ],
          [
            -111.83042,
            33.47807
          ],
          [
            -111.83009,
            33.4783
          ],
          [
            -111.82994,
            33.47839
          ],
          [
            -111.82913,
            33.47896
          ],
          [
            -111.82909,
            33.47898
          ],
          [
            -111.82745,
            33.48012
          ],
          [
            -111.82447,
            33.48218
          ],
          [
            -111.8229,
            33.48327
          ],
          [
            -111.82232,
            33.48367
          ],
          [
            -111.82127,
            33.4844
          ],
          [
            -111.82106,
            33.48454
          ],
          [
            -111.82031,
            33.48506
          ],
          [
            -111.81911,
            33.48589
          ],
          [
            -111.81745,
            33.48704
          ],
          [
            -111.81712,
            33.48727
          ],
          [
            -111.81564,
            33.4883
          ],
          [
            -111.81399,
            33.48944
          ],
          [
            -111.81251,
            33.49045
          ],
          [
            -111.81042,
            33.4919
          ],
          [
            -111.80824,
            33.49342
          ],
          [
            -111.80806,
            33.49354
          ],
          [
            -111.8064,
            33.49468
          ],
          [
            -111.80562,
            33.49522
          ],
          [
            -111.80487,
            33.49574
          ],
          [
            -111.80271,
            33.49723
          ],
          [
            -111.80138,
            33.49816
          ],
          [
            -111.80005,
            33.49905
          ],
          [
            -111.79914,
            33.49961
          ],
          [
            -111.79865,
            33.4999
          ],
          [
            -111.79809,
            33.50022
          ],
          [
            -111.79736,
            33.50062
          ],
          [
            -111.79671,
            33.50096
          ],
          [
            -111.79621,
            33.50121
          ],
          [
            -111.79542,
            33.50158
          ],
          [
            -111.79491,
            33.50181
          ],
          [
            -111.79478,
            33.50188
          ],
          [
            -111.79429,
            33.50208
          ],
          [
            -111.79365,
            33.50235
          ],
          [
            -111.79339,
            33.50245
          ],
          [
            -111.79289,
            33.50264
          ],
          [
            -111.79238,
            33.50284
          ],
          [
            -111.79182,
            33.50304
          ],
          [
            -111.79155,
            33.50313
          ],
          [
            -111.79135,
            33.5032
          ],
          [
            -111.79089,
            33.50335
          ],
          [
            -111.79014,
            33.50359
          ],
          [
            -111.7896,
            33.50373
          ],
          [
            -111.78941,
            33.50378
          ],
          [
            -111.78792,
            33.50417
          ],
          [
            -111.78773,
            33.50422
          ],
          [
            -111.78669,
            33.50447
          ],
          [
            -111.78649,
            33.50452
          ],
          [
            -111.78558,
            33.50474
          ],
          [
            -111.78486,
            33.50491
          ],
          [
            -111.78458,
            33.50497
          ],
          [
            -111.78416,
            33.50507
          ],
          [
            -111.78229,
            33.50551
          ],
          [
            -111.78224,
            33.50552
          ],
          [
            -111.78181,
            33.50562
          ],
          [
            -111.77915,
            33.50623
          ],
          [
            -111.77766,
            33.50657
          ],
          [
            -111.77759,
            33.50659
          ],
          [
            -111.77745,
            33.50662
          ],
          [
            -111.77682,
            33.50676
          ],
          [
            -111.77366,
            33.50749
          ],
          [
            -111.77162,
            33.50795
          ],
          [
            -111.77013,
            33.50829
          ],
          [
            -111.76932,
            33.50848
          ],
          [
            -111.76823,
            33.50873
          ],
          [
            -111.76725,
            33.50898
          ],
          [
            -111.76716,
            33.509
          ],
          [
            -111.76656,
            33.50917
          ],
          [
            -111.76643,
            33.50921
          ],
          [
            -111.76606,
            33.50932
          ],
          [
            -111.76562,
            33.50945
          ],
          [
            -111.76545,
            33.5095
          ],
          [
            -111.76542,
            33.50951
          ],
          [
            -111.76436,
            33.50986
          ],
          [
            -111.76342,
            33.51019
          ],
          [
            -111.76245,
            33.51057
          ],
          [
            -111.76186,
            33.5108
          ],
          [
            -111.76073,
            33.5113
          ],
          [
            -111.75977,
            33.51176
          ],
          [
            -111.75939,
            33.51194
          ],
          [
            -111.75908,
            33.51209
          ],
          [
            -111.75864,
            33.5123
          ],
          [
            -111.75827,
            33.51248
          ],
          [
            -111.75783,
            33.51269
          ],
          [
            -111.75744,
            33.51288
          ],
          [
            -111.75721,
            33.51299
          ],
          [
            -111.7565,
            33.51333
          ],
          [
            -111.75614,
            33.51351
          ],
          [
            -111.75554,
            33.5138
          ],
          [
            -111.7554,
            33.51387
          ],
          [
            -111.75491,
            33.51411
          ],
          [
            -111.75464,
            33.51424
          ],
          [
            -111.75445,
            33.51434
          ],
          [
            -111.75426,
            33.51443
          ],
          [
            -111.75401,
            33.51455
          ],
          [
            -111.75379,
            33.51465
          ],
          [
            -111.75373,
            33.51468
          ],
          [
            -111.753,
            33.51503
          ],
          [
            -111.75234,
            33.51536
          ],
          [
            -111.75203,
            33.51551
          ],
          [
            -111.75181,
            33.51561
          ],
          [
            -111.75137,
            33.51583
          ],
          [
            -111.75107,
            33.51598
          ],
          [
            -111.75094,
            33.51604
          ],
          [
            -111.75049,
            33.51626
          ],
          [
            -111.74994,
            33.51649
          ],
          [
            -111.74862,
            33.51713
          ],
          [
            -111.74706,
            33.51789
          ],
          [
            -111.74631,
            33.51825
          ],
          [
            -111.7461,
            33.51835
          ],
          [
            -111.74576,
            33.51853
          ],
          [
            -111.74533,
            33.51876
          ],
          [
            -111.74438,
            33.51929
          ],
          [
            -111.74414,
            33.51944
          ],
          [
            -111.74347,
            33.51985
          ],
          [
            -111.74277,
            33.52031
          ],
          [
            -111.74213,
            33.52076
          ],
          [
            -111.74185,
            33.52098
          ],
          [
            -111.74184,
            33.52098
          ],
          [
            -111.74179,
            33.52101
          ],
          [
            -111.74168,
            33.5211
          ],
          [
            -111.74166,
            33.52111
          ],
          [
            -111.74137,
            33.52134
          ],
          [
            -111.74102,
            33.52162
          ],
          [
            -111.74085,
            33.52175
          ],
          [
            -111.74055,
            33.522
          ],
          [
            -111.74039,
            33.52214
          ],
          [
            -111.73978,
            33.52268
          ],
          [
            -111.7397,
            33.52275
          ],
          [
            -111.73896,
            33.52343
          ],
          [
            -111.73893,
            33.52346
          ],
          [
            -111.73797,
            33.52435
          ],
          [
            -111.73719,
            33.52506
          ],
          [
            -111.73669,
            33.52551
          ],
          [
            -111.73644,
            33.52576
          ],
          [
            -111.73551,
            33.52662
          ],
          [
            -111.73503,
            33.52706
          ],
          [
            -111.73427,
            33.52773
          ],
          [
            -111.73354,
            33.5284
          ],
          [
            -111.73251,
            33.52933
          ],
          [
            -111.73194,
            33.52986
          ],
          [
            -111.73145,
            33.53034
          ],
          [
            -111.73122,
            33.53054
          ],
          [
            -111.73121,
            33.53056
          ],
          [
            -111.73108,
            33.53068
          ],
          [
            -111.73106,
            33.53069
          ],
          [
            -111.731,
            33.53074
          ],
          [
            -111.73064,
            33.53107
          ],
          [
            -111.73064,
            33.53108
          ],
          [
            -111.73058,
            33.53113
          ],
          [
            -111.7305,
            33.53121
          ],
          [
            -111.73048,
            33.53122
          ],
          [
            -111.73039,
            33.53131
          ],
          [
            -111.72915,
            33.53244
          ],
          [
            -111.7287,
            33.53287
          ],
          [
            -111.72838,
            33.5332
          ],
          [
            -111.72835,
            33.53323
          ],
          [
            -111.72828,
            33.5333
          ],
          [
            -111.7282,
            33.53338
          ],
          [
            -111.72809,
            33.53351
          ],
          [
            -111.72808,
            33.53351
          ],
          [
            -111.72791,
            33.5337
          ],
          [
            -111.7279,
            33.53372
          ],
          [
            -111.72772,
            33.53392
          ],
          [
            -111.72744,
            33.53426
          ],
          [
            -111.72722,
            33.53454
          ],
          [
            -111.72688,
            33.535
          ],
          [
            -111.72665,
            33.53533
          ],
          [
            -111.72643,
            33.53564
          ],
          [
            -111.72633,
            33.5358
          ],
          [
            -111.72623,
            33.53596
          ],
          [
            -111.72601,
            33.53635
          ],
          [
            -111.72584,
            33.53667
          ],
          [
            -111.72567,
            33.53698
          ],
          [
            -111.72544,
            33.53745
          ],
          [
            -111.72542,
            33.5375
          ],
          [
            -111.72535,
            33.53766
          ],
          [
            -111.72527,
            33.53783
          ],
          [
            -111.7252,
            33.538
          ],
          [
            -111.72518,
            33.53806
          ],
          [
            -111.72513,
            33.53817
          ],
          [
            -111.72501,
            33.53852
          ],
          [
            -111.72496,
            33.53865
          ],
          [
            -111.72479,
            33.53917
          ],
          [
            -111.7246,
            33.5398
          ],
          [
            -111.72434,
            33.54074
          ],
          [
            -111.72401,
            33.54199
          ],
          [
            -111.72383,
            33.54274
          ],
          [
            -111.72375,
            33.54305
          ],
          [
            -111.72371,
            33.54323
          ],
          [
            -111.72369,
            33.54335
          ],
          [
            -111.72363,
            33.54358
          ],
          [
            -111.72355,
            33.54393
          ],
          [
            -111.72351,
            33.54411
          ],
          [
            -111.72347,
            33.54429
          ],
          [
            -111.72344,
            33.54447
          ],
          [
            -111.72333,
            33.54496
          ],
          [
            -111.72305,
            33.5464
          ],
          [
            -111.72304,
            33.54642
          ],
          [
            -111.72301,
            33.54659
          ],
          [
            -111.72296,
            33.54683
          ],
          [
            -111.72289,
            33.54713
          ],
          [
            -111.72286,
            33.54728
          ],
          [
            -111.72285,
            33.5473
          ],
          [
            -111.72271,
            33.54781
          ],
          [
            -111.72259,
            33.5482
          ],
          [
            -111.72252,
            33.54843
          ],
          [
            -111.72239,
            33.5488
          ],
          [
            -111.72224,
            33.54917
          ],
          [
            -111.72215,
            33.54938
          ],
          [
            -111.72213,
            33.54945
          ],
          [
            -111.72208,
            33.54955
          ],
          [
            -111.72197,
            33.54981
          ],
          [
            -111.72168,
            33.55048
          ],
          [
            -111.72153,
            33.55082
          ],
          [
            -111.72123,
            33.55151
          ],
          [
            -111.72091,
            33.55226
          ],
          [
            -111.72067,
            33.5528
          ],
          [
            -111.72043,
            33.55336
          ],
          [
            -111.72042,
            33.55337
          ],
          [
            -111.72032,
            33.55361
          ],
          [
            -111.72006,
            33.55422
          ],
          [
            -111.71999,
            33.55437
          ],
          [
            -111.71998,
            33.55439
          ],
          [
            -111.71994,
            33.55449
          ],
          [
            -111.71991,
            33.55456
          ],
          [
            -111.71963,
            33.55522
          ],
          [
            -111.71923,
            33.55613
          ],
          [
            -111.71896,
            33.55676
          ],
          [
            -111.71881,
            33.5571
          ],
          [
            -111.71875,
            33.55725
          ],
          [
            -111.71874,
            33.55727
          ],
          [
            -111.71863,
            33.55751
          ],
          [
            -111.71852,
            33.55777
          ],
          [
            -111.71845,
            33.55794
          ],
          [
            -111.71828,
            33.55832
          ],
          [
            -111.71803,
            33.55884
          ],
          [
            -111.7179,
            33.5591
          ],
          [
            -111.71759,
            33.55963
          ],
          [
            -111.7174,
            33.55993
          ],
          [
            -111.71715,
            33.56031
          ],
          [
            -111.71689,
            33.56067
          ],
          [
            -111.71659,
            33.56104
          ],
          [
            -111.71643,
            33.56123
          ],
          [
            -111.71634,
            33.56133
          ],
          [
            -111.7163,
            33.56138
          ],
          [
            -111.71627,
            33.56141
          ],
          [
            -111.71618,
            33.56152
          ],
          [
            -111.71595,
            33.56176
          ],
          [
            -111.71577,
            33.56194
          ],
          [
            -111.71568,
            33.56204
          ],
          [
            -111.71563,
            33.56208
          ],
          [
            -111.71563,
            33.56209
          ],
          [
            -111.71554,
            33.56217
          ],
          [
            -111.71549,
            33.56222
          ],
          [
            -111.71535,
            33.56235
          ],
          [
            -111.71527,
            33.56242
          ],
          [
            -111.71502,
            33.56264
          ],
          [
            -111.71489,
            33.56275
          ],
          [
            -111.7148,
            33.56283
          ],
          [
            -111.71475,
            33.56287
          ],
          [
            -111.71459,
            33.563
          ],
          [
            -111.7144,
            33.56315
          ],
          [
            -111.71412,
            33.56336
          ],
          [
            -111.71401,
            33.56344
          ],
          [
            -111.71395,
            33.56348
          ],
          [
            -111.71362,
            33.56371
          ],
          [
            -111.71352,
            33.56377
          ],
          [
            -111.71311,
            33.56404
          ],
          [
            -111.71299,
            33.56411
          ],
          [
            -111.71293,
            33.56414
          ],
          [
            -111.71258,
            33.56435
          ],
          [
            -111.71242,
            33.56443
          ],
          [
            -111.71202,
            33.56464
          ],
          [
            -111.71177,
            33.56477
          ],
          [
            -111.71147,
            33.56491
          ],
          [
            -111.71132,
            33.56498
          ],
          [
            -111.71087,
            33.56517
          ],
          [
            -111.70991,
            33.56552
          ],
          [
            -111.70927,
            33.56577
          ],
          [
            -111.70846,
            33.56609
          ],
          [
            -111.70828,
            33.56616
          ],
          [
            -111.7081,
            33.56622
          ],
          [
            -111.70786,
            33.56631
          ],
          [
            -111.70784,
            33.56632
          ],
          [
            -111.70782,
            33.56632
          ],
          [
            -111.70744,
            33.56647
          ],
          [
            -111.70733,
            33.56651
          ],
          [
            -111.70709,
            33.5666
          ],
          [
            -111.70693,
            33.56666
          ],
          [
            -111.70626,
            33.56692
          ],
          [
            -111.7062,
            33.56694
          ],
          [
            -111.70573,
            33.56713
          ],
          [
            -111.70559,
            33.5672
          ],
          [
            -111.70547,
            33.56726
          ],
          [
            -111.70523,
            33.56738
          ],
          [
            -111.70496,
            33.56752
          ],
          [
            -111.70493,
            33.56753
          ],
          [
            -111.70447,
            33.56776
          ],
          [
            -111.70433,
            33.56782
          ],
          [
            -111.70386,
            33.56806
          ],
          [
            -111.70376,
            33.56811
          ],
          [
            -111.70326,
            33.56841
          ],
          [
            -111.70297,
            33.56859
          ],
          [
            -111.70243,
            33.56894
          ],
          [
            -111.70236,
            33.56899
          ],
          [
            -111.70157,
            33.56951
          ],
          [
            -111.70138,
            33.56964
          ],
          [
            -111.70115,
            33.5698
          ],
          [
            -111.70107,
            33.56985
          ],
          [
            -111.70016,
            33.57045
          ],
          [
            -111.6995,
            33.57089
          ],
          [
            -111.69932,
            33.57101
          ],
          [
            -111.69908,
            33.57118
          ],
          [
            -111.69831,
            33.57169
          ],
          [
            -111.69797,
            33.57191
          ],
          [
            -111.69741,
            33.57228
          ],
          [
            -111.69709,
            33.5725
          ],
          [
            -111.69669,
            33.57276
          ],
          [
            -111.69621,
            33.57305
          ],
          [
            -111.69594,
            33.57322
          ],
          [
            -111.6956,
            33.57343
          ],
          [
            -111.69483,
            33.57388
          ],
          [
            -111.69409,
            33.5743
          ],
          [
            -111.69393,
            33.57439
          ],
          [
            -111.69297,
            33.57493
          ],
          [
            -111.69276,
            33.57502
          ],
          [
            -111.69231,
            33.57523
          ],
          [
            -111.69204,
            33.57537
          ],
          [
            -111.69156,
            33.5756
          ],
          [
            -111.69108,
            33.57583
          ],
          [
            -111.69087,
            33.57593
          ],
          [
            -111.69045,
            33.57612
          ],
          [
            -111.68985,
            33.57638
          ],
          [
            -111.68935,
            33.5766
          ],
          [
            -111.68864,
            33.57689
          ],
          [
            -111.68859,
            33.57691
          ],
          [
            -111.68818,
            33.57707
          ],
          [
            -111.68798,
            33.57715
          ],
          [
            -111.68778,
            33.57722
          ],
          [
            -111.68759,
            33.5773
          ],
          [
            -111.68754,
            33.57732
          ],
          [
            -111.68674,
            33.57761
          ],
          [
            -111.68666,
            33.57764
          ],
          [
            -111.68574,
            33.57797
          ],
          [
            -111.68505,
            33.57817
          ],
          [
            -111.68431,
            33.57841
          ],
          [
            -111.68426,
            33.57842
          ],
          [
            -111.68421,
            33.57844
          ],
          [
            -111.68393,
            33.57852
          ],
          [
            -111.68302,
            33.57878
          ],
          [
            -111.68218,
            33.57901
          ],
          [
            -111.68137,
            33.57921
          ],
          [
            -111.68069,
            33.57937
          ],
          [
            -111.67982,
            33.57956
          ],
          [
            -111.67929,
            33.57966
          ],
          [
            -111.67926,
            33.57967
          ],
          [
            -111.67827,
            33.57985
          ],
          [
            -111.67798,
            33.57991
          ],
          [
            -111.67779,
            33.57995
          ],
          [
            -111.67692,
            33.58009
          ],
          [
            -111.67681,
            33.58011
          ],
          [
            -111.67677,
            33.58011
          ],
          [
            -111.67671,
            33.58012
          ],
          [
            -111.6765,
            33.58015
          ],
          [
            -111.67649,
            33.58016
          ],
          [
            -111.67615,
            33.5802
          ],
          [
            -111.6757,
            33.58027
          ],
          [
            -111.67448,
            33.58044
          ],
          [
            -111.67396,
            33.58051
          ],
          [
            -111.67351,
            33.58057
          ],
          [
            -111.67317,
            33.58062
          ],
          [
            -111.67292,
            33.58066
          ],
          [
            -111.67251,
            33.58072
          ],
          [
            -111.67208,
            33.58079
          ],
          [
            -111.67152,
            33.58088
          ],
          [
            -111.67097,
            33.58096
          ],
          [
            -111.66919,
            33.58124
          ],
          [
            -111.66792,
            33.58144
          ],
          [
            -111.66745,
            33.58152
          ],
          [
            -111.66698,
            33.58159
          ],
          [
            -111.66615,
            33.58172
          ],
          [
            -111.66507,
            33.58189
          ],
          [
            -111.66493,
            33.58191
          ],
          [
            -111.66486,
            33.58192
          ],
          [
            -111.66395,
            33.58206
          ],
          [
            -111.66353,
            33.58212
          ],
          [
            -111.66344,
            33.58213
          ],
          [
            -111.66286,
            33.58218
          ],
          [
            -111.66277,
            33.58219
          ],
          [
            -111.66231,
            33.58223
          ],
          [
            -111.66219,
            33.58224
          ],
          [
            -111.66168,
            33.58229
          ],
          [
            -111.66106,
            33.58233
          ],
          [
            -111.66081,
            33.58234
          ],
          [
            -111.66059,
            33.58235
          ],
          [
            -111.66053,
            33.58236
          ],
          [
            -111.66032,
            33.58237
          ],
          [
            -111.66016,
            33.58238
          ],
          [
            -111.65995,
            33.58239
          ],
          [
            -111.65986,
            33.58239
          ],
          [
            -111.65936,
            33.5824
          ],
          [
            -111.6584,
            33.58242
          ],
          [
            -111.65803,
            33.58242
          ],
          [
            -111.65791,
            33.58241
          ],
          [
            -111.65754,
            33.58244
          ],
          [
            -111.65687,
            33.58242
          ],
          [
            -111.6563,
            33.58238
          ],
          [
            -111.65549,
            33.58233
          ],
          [
            -111.65483,
            33.58228
          ],
          [
            -111.65449,
            33.58226
          ],
          [
            -111.65399,
            33.58221
          ],
          [
            -111.65379,
            33.58219
          ],
          [
            -111.65372,
            33.58218
          ],
          [
            -111.65358,
            33.58217
          ],
          [
            -111.65347,
            33.58216
          ],
          [
            -111.65295,
            33.5821
          ],
          [
            -111.65246,
            33.58204
          ],
          [
            -111.65201,
            33.58198
          ],
          [
            -111.65194,
            33.58197
          ],
          [
            -111.65187,
            33.58195
          ],
          [
            -111.6518,
            33.58194
          ],
          [
            -111.65166,
            33.58192
          ],
          [
            -111.65144,
            33.58189
          ],
          [
            -111.64937,
            33.58156
          ],
          [
            -111.64903,
            33.58151
          ],
          [
            -111.64862,
            33.58145
          ],
          [
            -111.64834,
            33.58141
          ],
          [
            -111.64804,
            33.58137
          ],
          [
            -111.648,
            33.58136
          ],
          [
            -111.64793,
            33.58136
          ],
          [
            -111.64783,
            33.58135
          ],
          [
            -111.64776,
            33.58134
          ],
          [
            -111.64755,
            33.58131
          ],
          [
            -111.64733,
            33.58128
          ],
          [
            -111.64712,
            33.58126
          ],
          [
            -111.64709,
            33.58126
          ],
          [
            -111.64684,
            33.58123
          ],
          [
            -111.64656,
            33.5812
          ],
          [
            -111.64633,
            33.58118
          ],
          [
            -111.64614,
            33.58117
          ],
          [
            -111.64592,
            33.58115
          ],
          [
            -111.64571,
            33.58113
          ],
          [
            -111.64553,
            33.58111
          ],
          [
            -111.64534,
            33.5811
          ],
          [
            -111.64513,
            33.58109
          ],
          [
            -111.64492,
            33.58107
          ],
          [
            -111.64463,
            33.58106
          ],
          [
            -111.64435,
            33.58104
          ],
          [
            -111.64409,
            33.58103
          ],
          [
            -111.64378,
            33.58102
          ],
          [
            -111.64336,
            33.58101
          ],
          [
            -111.64301,
            33.581
          ],
          [
            -111.64284,
            33.581
          ],
          [
            -111.64237,
            33.58099
          ],
          [
            -111.64082,
            33.58097
          ],
          [
            -111.6404,
            33.58096
          ],
          [
            -111.63983,
            33.58095
          ],
          [
            -111.63941,
            33.58095
          ],
          [
            -111.63915,
            33.58094
          ],
          [
            -111.63885,
            33.58094
          ],
          [
            -111.63828,
            33.58093
          ],
          [
            -111.63787,
            33.58093
          ],
          [
            -111.63728,
            33.58092
          ],
          [
            -111.63692,
            33.58091
          ],
          [
            -111.63548,
            33.58089
          ],
          [
            -111.63538,
            33.58089
          ],
          [
            -111.6349,
            33.58088
          ],
          [
            -111.63483,
            33.58088
          ],
          [
            -111.63438,
            33.58087
          ],
          [
            -111.63375,
            33.58086
          ],
          [
            -111.63231,
            33.58084
          ],
          [
            -111.63188,
            33.58084
          ],
          [
            -111.62916,
            33.58079
          ],
          [
            -111.62819,
            33.58078
          ],
          [
            -111.62792,
            33.58078
          ],
          [
            -111.62775,
            33.58078
          ],
          [
            -111.62771,
            33.58078
          ],
          [
            -111.62768,
            33.58078
          ],
          [
            -111.62716,
            33.58078
          ],
          [
            -111.62667,
            33.58078
          ],
          [
            -111.62645,
            33.58079
          ],
          [
            -111.62641,
            33.58079
          ],
          [
            -111.6263,
            33.58079
          ],
          [
            -111.62622,
            33.58079
          ],
          [
            -111.6262,
            33.58079
          ],
          [
            -111.62556,
            33.58081
          ],
          [
            -111.62523,
            33.58082
          ],
          [
            -111.62468,
            33.58085
          ],
          [
            -111.62426,
            33.58087
          ],
          [
            -111.62381,
            33.5809
          ],
          [
            -111.62342,
            33.58093
          ],
          [
            -111.62283,
            33.58098
          ],
          [
            -111.62236,
            33.58102
          ],
          [
            -111.62232,
            33.58102
          ],
          [
            -111.62218,
            33.58104
          ],
          [
            -111.62215,
            33.58104
          ],
          [
            -111.62143,
            33.58111
          ],
          [
            -111.6208,
            33.58119
          ],
          [
            -111.62049,
            33.58122
          ],
          [
            -111.62044,
            33.58123
          ],
          [
            -111.61947,
            33.58136
          ],
          [
            -111.61891,
            33.58145
          ],
          [
            -111.61804,
            33.5816
          ],
          [
            -111.61774,
            33.58165
          ],
          [
            -111.61749,
            33.5817
          ],
          [
            -111.61709,
            33.58178
          ],
          [
            -111.61693,
            33.58181
          ],
          [
            -111.61687,
            33.58182
          ],
          [
            -111.61684,
            33.58183
          ],
          [
            -111.61655,
            33.58189
          ],
          [
            -111.61613,
            33.58198
          ],
          [
            -111.61582,
            33.58205
          ],
          [
            -111.61561,
            33.5821
          ],
          [
            -111.6156,
            33.5821
          ],
          [
            -111.61527,
            33.58218
          ],
          [
            -111.61463,
            33.58233
          ],
          [
            -111.61375,
            33.58256
          ],
          [
            -111.61369,
            33.58258
          ],
          [
            -111.61357,
            33.58261
          ],
          [
            -111.61354,
            33.58262
          ],
          [
            -111.61352,
            33.58262
          ],
          [
            -111.61346,
            33.58264
          ],
          [
            -111.61341,
            33.58265
          ],
          [
            -111.61334,
            33.58267
          ],
          [
            -111.61313,
            33.58273
          ],
          [
            -111.61293,
            33.58279
          ],
          [
            -111.61277,
            33.58283
          ],
          [
            -111.61244,
            33.58293
          ],
          [
            -111.61238,
            33.58295
          ],
          [
            -111.61225,
            33.58299
          ],
          [
            -111.61191,
            33.58309
          ],
          [
            -111.61185,
            33.58311
          ],
          [
            -111.61157,
            33.5832
          ],
          [
            -111.61143,
            33.58324
          ],
          [
            -111.61137,
            33.58326
          ],
          [
            -111.61123,
            33.5833
          ],
          [
            -111.61094,
            33.5834
          ],
          [
            -111.61091,
            33.58341
          ],
          [
            -111.6107,
            33.58348
          ],
          [
            -111.61043,
            33.58357
          ],
          [
            -111.61029,
            33.58362
          ],
          [
            -111.61003,
            33.58371
          ],
          [
            -111.60946,
            33.58391
          ],
          [
            -111.60908,
            33.58405
          ],
          [
            -111.60892,
            33.58411
          ],
          [
            -111.60884,
            33.58414
          ],
          [
            -111.60878,
            33.58416
          ],
          [
            -111.60872,
            33.58419
          ],
          [
            -111.60862,
            33.58423
          ],
          [
            -111.60816,
            33.5844
          ],
          [
            -111.60761,
            33.58462
          ],
          [
            -111.60748,
            33.58467
          ],
          [
            -111.60722,
            33.58477
          ],
          [
            -111.60719,
            33.58478
          ],
          [
            -111.60658,
            33.58505
          ],
          [
            -111.6063,
            33.58517
          ],
          [
            -111.60552,
            33.58552
          ],
          [
            -111.60552,
            33.58553
          ],
          [
            -111.60549,
            33.58555
          ],
          [
            -111.60547,
            33.58558
          ],
          [
            -111.60491,
            33.58585
          ],
          [
            -111.6046,
            33.586
          ],
          [
            -111.60448,
            33.58605
          ],
          [
            -111.60429,
            33.58614
          ],
          [
            -111.6041,
            33.58623
          ],
          [
            -111.604,
            33.58628
          ],
          [
            -111.60385,
            33.58636
          ],
          [
            -111.60349,
            33.58655
          ],
          [
            -111.60316,
            33.58672
          ],
          [
            -111.60312,
            33.58674
          ],
          [
            -111.60271,
            33.58697
          ],
          [
            -111.60258,
            33.58704
          ],
          [
            -111.60254,
            33.58706
          ],
          [
            -111.60249,
            33.58709
          ],
          [
            -111.60233,
            33.58718
          ],
          [
            -111.60203,
            33.58735
          ],
          [
            -111.60202,
            33.58735
          ],
          [
            -111.60165,
            33.58757
          ],
          [
            -111.60152,
            33.58765
          ],
          [
            -111.6015,
            33.58766
          ],
          [
            -111.60088,
            33.58803
          ],
          [
            -111.60036,
            33.58835
          ],
          [
            -111.60019,
            33.58846
          ],
          [
            -111.5998,
            33.58871
          ],
          [
            -111.59974,
            33.58875
          ],
          [
            -111.5996,
            33.58884
          ],
          [
            -111.59947,
            33.58893
          ],
          [
            -111.59926,
            33.58906
          ],
          [
            -111.59923,
            33.58908
          ],
          [
            -111.59919,
            33.58911
          ],
          [
            -111.59904,
            33.58921
          ],
          [
            -111.59883,
            33.58936
          ],
          [
            -111.59876,
            33.58941
          ],
          [
            -111.59869,
            33.58946
          ],
          [
            -111.59864,
            33.58949
          ],
          [
            -111.59859,
            33.58952
          ],
          [
            -111.59843,
            33.58964
          ],
          [
            -111.59826,
            33.58975
          ],
          [
            -111.59791,
            33.59001
          ],
          [
            -111.59762,
            33.59022
          ],
          [
            -111.59713,
            33.59059
          ],
          [
            -111.59695,
            33.59073
          ],
          [
            -111.59631,
            33.59123
          ],
          [
            -111.59574,
            33.5917
          ],
          [
            -111.59573,
            33.5917
          ],
          [
            -111.59518,
            33.59216
          ],
          [
            -111.59469,
            33.59259
          ],
          [
            -111.59465,
            33.59262
          ],
          [
            -111.59439,
            33.59285
          ],
          [
            -111.59436,
            33.59288
          ],
          [
            -111.59413,
            33.59309
          ],
          [
            -111.59381,
            33.59339
          ],
          [
            -111.59367,
            33.59352
          ],
          [
            -111.59363,
            33.59356
          ],
          [
            -111.59353,
            33.59366
          ],
          [
            -111.59307,
            33.59409
          ],
          [
            -111.59295,
            33.59421
          ],
          [
            -111.59283,
            33.59433
          ],
          [
            -111.59256,
            33.5946
          ],
          [
            -111.59222,
            33.59495
          ],
          [
            -111.59204,
            33.59515
          ],
          [
            -111.59135,
            33.5959
          ],
          [
            -111.59113,
            33.59615
          ],
          [
            -111.59097,
            33.59633
          ],
          [
            -111.59087,
            33.59644
          ],
          [
            -111.59081,
            33.59652
          ],
          [
            -111.5908,
            33.59653
          ],
          [
            -111.59047,
            33.59692
          ],
          [
            -111.59018,
            33.59725
          ],
          [
            -111.59014,
            33.5973
          ],
          [
            -111.58994,
            33.59756
          ],
          [
            -111.58979,
            33.59774
          ],
          [
            -111.58943,
            33.59816
          ],
          [
            -111.58928,
            33.59833
          ],
          [
            -111.5891,
            33.59854
          ],
          [
            -111.58905,
            33.5986
          ],
          [
            -111.58884,
            33.59884
          ],
          [
            -111.58847,
            33.59927
          ],
          [
            -111.58834,
            33.59943
          ],
          [
            -111.58827,
            33.5995
          ],
          [
            -111.58792,
            33.5999
          ],
          [
            -111.58748,
            33.6004
          ],
          [
            -111.58709,
            33.60085
          ],
          [
            -111.58698,
            33.60098
          ],
          [
            -111.58671,
            33.6013
          ],
          [
            -111.58665,
            33.60136
          ],
          [
            -111.58654,
            33.6015
          ],
          [
            -111.58653,
            33.6015
          ],
          [
            -111.58653,
            33.60151
          ],
          [
            -111.5865,
            33.60153
          ],
          [
            -111.58631,
            33.60174
          ],
          [
            -111.586,
            33.60208
          ],
          [
            -111.58587,
            33.60222
          ],
          [
            -111.58574,
            33.60235
          ],
          [
            -111.58573,
            33.60236
          ],
          [
            -111.58571,
            33.60238
          ],
          [
            -111.58569,
            33.6024
          ],
          [
            -111.58561,
            33.60248
          ],
          [
            -111.58559,
            33.6025
          ],
          [
            -111.58557,
            33.60252
          ],
          [
            -111.58546,
            33.60263
          ],
          [
            -111.58544,
            33.60265
          ],
          [
            -111.58543,
            33.60266
          ],
          [
            -111.58541,
            33.60268
          ],
          [
            -111.5851,
            33.60297
          ],
          [
            -111.58491,
            33.60314
          ],
          [
            -111.58458,
            33.60344
          ],
          [
            -111.58456,
            33.60346
          ],
          [
            -111.5843,
            33.60369
          ],
          [
            -111.58378,
            33.60411
          ],
          [
            -111.58358,
            33.60427
          ],
          [
            -111.58351,
            33.60432
          ],
          [
            -111.58329,
            33.60449
          ],
          [
            -111.58317,
            33.60459
          ],
          [
            -111.58311,
            33.60463
          ],
          [
            -111.58302,
            33.6047
          ],
          [
            -111.58301,
            33.6047
          ],
          [
            -111.58281,
            33.60485
          ],
          [
            -111.58251,
            33.60507
          ],
          [
            -111.58241,
            33.60513
          ],
          [
            -111.58229,
            33.60521
          ],
          [
            -111.58221,
            33.60527
          ],
          [
            -111.58185,
            33.60551
          ],
          [
            -111.58161,
            33.60566
          ],
          [
            -111.58094,
            33.60608
          ],
          [
            -111.58059,
            33.60629
          ],
          [
            -111.58031,
            33.60644
          ],
          [
            -111.58003,
            33.60659
          ],
          [
            -111.57987,
            33.60668
          ],
          [
            -111.57969,
            33.60678
          ],
          [
            -111.57956,
            33.60685
          ],
          [
            -111.57933,
            33.60698
          ],
          [
            -111.57853,
            33.60742
          ],
          [
            -111.57807,
            33.60768
          ],
          [
            -111.57791,
            33.60777
          ],
          [
            -111.57762,
            33.60795
          ],
          [
            -111.57718,
            33.60823
          ],
          [
            -111.57698,
            33.60836
          ],
          [
            -111.57649,
            33.60871
          ],
          [
            -111.57604,
            33.60904
          ],
          [
            -111.57561,
            33.60938
          ],
          [
            -111.57524,
            33.60969
          ],
          [
            -111.57494,
            33.60996
          ],
          [
            -111.5745,
            33.61038
          ],
          [
            -111.57416,
            33.61072
          ],
          [
            -111.57387,
            33.61103
          ],
          [
            -111.57376,
            33.61115
          ],
          [
            -111.57374,
            33.61117
          ],
          [
            -111.57361,
            33.61131
          ],
          [
            -111.57349,
            33.61146
          ],
          [
            -111.5734,
            33.61156
          ],
          [
            -111.5732,
            33.6118
          ],
          [
            -111.573,
            33.61205
          ],
          [
            -111.57298,
            33.61208
          ],
          [
            -111.5729,
            33.61219
          ],
          [
            -111.57289,
            33.61221
          ],
          [
            -111.57259,
            33.61262
          ],
          [
            -111.57239,
            33.6129
          ],
          [
            -111.57234,
            33.61298
          ],
          [
            -111.57224,
            33.61313
          ],
          [
            -111.57201,
            33.61351
          ],
          [
            -111.57184,
            33.6138
          ],
          [
            -111.5717,
            33.61404
          ],
          [
            -111.57145,
            33.61453
          ],
          [
            -111.57125,
            33.61494
          ],
          [
            -111.57117,
            33.61511
          ],
          [
            -111.57092,
            33.61564
          ],
          [
            -111.57058,
            33.61632
          ],
          [
            -111.57052,
            33.61644
          ],
          [
            -111.57046,
            33.61655
          ],
          [
            -111.57043,
            33.6166
          ],
          [
            -111.57043,
            33.61661
          ],
          [
            -111.57036,
            33.61674
          ],
          [
            -111.57015,
            33.6171
          ],
          [
            -111.5701,
            33.61719
          ],
          [
            -111.57007,
            33.61724
          ],
          [
            -111.57006,
            33.61726
          ],
          [
            -111.56996,
            33.61742
          ],
          [
            -111.56991,
            33.6175
          ],
          [
            -111.56981,
            33.61766
          ],
          [
            -111.5696,
            33.61798
          ],
          [
            -111.56946,
            33.61819
          ],
          [
            -111.56914,
            33.61863
          ],
          [
            -111.56898,
            33.61883
          ],
          [
            -111.56892,
            33.61891
          ],
          [
            -111.56872,
            33.61915
          ],
          [
            -111.56858,
            33.61932
          ],
          [
            -111.56844,
            33.61948
          ],
          [
            -111.56832,
            33.61962
          ],
          [
            -111.56801,
            33.61996
          ],
          [
            -111.56777,
            33.6202
          ],
          [
            -111.56726,
            33.6207
          ],
          [
            -111.56717,
            33.62078
          ],
          [
            -111.567,
            33.62093
          ],
          [
            -111.56648,
            33.62138
          ],
          [
            -111.56592,
            33.62183
          ],
          [
            -111.56562,
            33.62209
          ],
          [
            -111.56516,
            33.62246
          ],
          [
            -111.56501,
            33.62259
          ],
          [
            -111.56487,
            33.6227
          ],
          [
            -111.5645,
            33.62301
          ],
          [
            -111.56379,
            33.62359
          ],
          [
            -111.56367,
            33.62369
          ],
          [
            -111.56262,
            33.62454
          ],
          [
            -111.56182,
            33.6252
          ],
          [
            -111.5615,
            33.62546
          ],
          [
            -111.56074,
            33.62608
          ],
          [
            -111.56059,
            33.62621
          ],
          [
            -111.56043,
            33.62633
          ],
          [
            -111.55997,
            33.62671
          ],
          [
            -111.55981,
            33.62684
          ],
          [
            -111.5598,
            33.62685
          ],
          [
            -111.55966,
            33.62696
          ],
          [
            -111.55951,
            33.62709
          ],
          [
            -111.55904,
            33.62747
          ],
          [
            -111.55889,
            33.62759
          ],
          [
            -111.55883,
            33.62764
          ],
          [
            -111.55874,
            33.62772
          ],
          [
            -111.55858,
            33.62784
          ],
          [
            -111.55827,
            33.6281
          ],
          [
            -111.55812,
            33.62822
          ],
          [
            -111.55784,
            33.62845
          ],
          [
            -111.55748,
            33.62874
          ],
          [
            -111.55726,
            33.62891
          ],
          [
            -111.55718,
            33.62897
          ],
          [
            -111.55689,
            33.62919
          ],
          [
            -111.55686,
            33.62921
          ],
          [
            -111.55659,
            33.62941
          ],
          [
            -111.55654,
            33.62944
          ],
          [
            -111.55637,
            33.62956
          ],
          [
            -111.5562,
            33.62968
          ],
          [
            -111.55587,
            33.62991
          ],
          [
            -111.55574,
            33.62996
          ],
          [
            -111.55493,
            33.6305
          ],
          [
            -111.55476,
            33.63061
          ],
          [
            -111.55441,
            33.63082
          ],
          [
            -111.5539,
            33.63115
          ],
          [
            -111.55373,
            33.63126
          ],
          [
            -111.55368,
            33.63129
          ],
          [
            -111.55341,
            33.63147
          ],
          [
            -111.55339,
            33.63148
          ],
          [
            -111.55299,
            33.63173
          ],
          [
            -111.55132,
            33.63279
          ],
          [
            -111.55128,
            33.63282
          ],
          [
            -111.55059,
            33.63326
          ],
          [
            -111.55046,
            33.63334
          ],
          [
            -111.54991,
            33.6337
          ],
          [
            -111.54977,
            33.63379
          ],
          [
            -111.54973,
            33.63382
          ],
          [
            -111.54939,
            33.63404
          ],
          [
            -111.54891,
            33.63437
          ],
          [
            -111.54876,
            33.63447
          ],
          [
            -111.5485,
            33.63464
          ],
          [
            -111.5481,
            33.63493
          ],
          [
            -111.54807,
            33.63495
          ],
          [
            -111.54802,
            33.63499
          ],
          [
            -111.54793,
            33.63504
          ],
          [
            -111.54777,
            33.63516
          ],
          [
            -111.54732,
            33.63548
          ],
          [
            -111.54728,
            33.63551
          ],
          [
            -111.54711,
            33.63563
          ],
          [
            -111.54695,
            33.63575
          ],
          [
            -111.54692,
            33.63577
          ],
          [
            -111.54679,
            33.63587
          ],
          [
            -111.54672,
            33.63591
          ],
          [
            -111.54663,
            33.63599
          ],
          [
            -111.54647,
            33.6361
          ],
          [
            -111.5463,
            33.63622
          ],
          [
            -111.54624,
            33.63627
          ],
          [
            -111.54509,
            33.63714
          ],
          [
            -111.54502,
            33.63719
          ],
          [
            -111.54486,
            33.63731
          ],
          [
            -111.54471,
            33.63743
          ],
          [
            -111.54455,
            33.63755
          ],
          [
            -111.5445,
            33.63759
          ],
          [
            -111.54439,
            33.63768
          ],
          [
            -111.54436,
            33.6377
          ],
          [
            -111.54423,
            33.6378
          ],
          [
            -111.54407,
            33.63792
          ],
          [
            -111.54384,
            33.63809
          ],
          [
            -111.54375,
            33.63816
          ],
          [
            -111.54359,
            33.63828
          ],
          [
            -111.54327,
            33.63852
          ],
          [
            -111.54315,
            33.63862
          ],
          [
            -111.54311,
            33.63864
          ],
          [
            -111.54247,
            33.63913
          ],
          [
            -111.54231,
            33.63925
          ],
          [
            -111.54227,
            33.63928
          ],
          [
            -111.54215,
            33.63937
          ],
          [
            -111.54135,
            33.63998
          ],
          [
            -111.54132,
            33.64
          ],
          [
            -111.54013,
            33.64091
          ],
          [
            -111.53993,
            33.64105
          ],
          [
            -111.53928,
            33.64155
          ],
          [
            -111.53914,
            33.64166
          ],
          [
            -111.53898,
            33.64178
          ],
          [
            -111.53893,
            33.64182
          ],
          [
            -111.53879,
            33.64192
          ],
          [
            -111.53848,
            33.64216
          ],
          [
            -111.53834,
            33.64227
          ],
          [
            -111.53829,
            33.6423
          ],
          [
            -111.53818,
            33.64239
          ],
          [
            -111.53802,
            33.64251
          ],
          [
            -111.53797,
            33.64254
          ],
          [
            -111.53784,
            33.64264
          ],
          [
            -111.53781,
            33.64266
          ],
          [
            -111.5377,
            33.64275
          ],
          [
            -111.53768,
            33.64276
          ],
          [
            -111.53754,
            33.64287
          ],
          [
            -111.53637,
            33.64376
          ],
          [
            -111.53589,
            33.64412
          ],
          [
            -111.53578,
            33.6442
          ],
          [
            -111.53576,
            33.64422
          ],
          [
            -111.53573,
            33.64424
          ],
          [
            -111.53562,
            33.64432
          ],
          [
            -111.5353,
            33.64457
          ],
          [
            -111.53501,
            33.64479
          ],
          [
            -111.53443,
            33.64523
          ],
          [
            -111.53406,
            33.64552
          ],
          [
            -111.5332,
            33.64618
          ],
          [
            -111.53229,
            33.6469
          ],
          [
            -111.53228,
            33.64691
          ],
          [
            -111.53151,
            33.64749
          ],
          [
            -111.531,
            33.64788
          ],
          [
            -111.53081,
            33.64802
          ],
          [
            -111.53028,
            33.64843
          ],
          [
            -111.52979,
            33.64883
          ],
          [
            -111.52971,
            33.64889
          ],
          [
            -111.52967,
            33.64892
          ],
          [
            -111.52958,
            33.64899
          ],
          [
            -111.52943,
            33.64912
          ],
          [
            -111.52923,
            33.64928
          ],
          [
            -111.52894,
            33.64954
          ],
          [
            -111.52891,
            33.64956
          ],
          [
            -111.52883,
            33.64963
          ],
          [
            -111.52868,
            33.64976
          ],
          [
            -111.52831,
            33.6501
          ],
          [
            -111.52818,
            33.65022
          ],
          [
            -111.5281,
            33.6503
          ],
          [
            -111.52807,
            33.65032
          ],
          [
            -111.52804,
            33.65036
          ],
          [
            -111.52789,
            33.65049
          ],
          [
            -111.52781,
            33.65056
          ],
          [
            -111.52771,
            33.65066
          ],
          [
            -111.52747,
            33.6509
          ],
          [
            -111.52719,
            33.65118
          ],
          [
            -111.5268,
            33.65158
          ],
          [
            -111.52654,
            33.65185
          ],
          [
            -111.52622,
            33.6522
          ],
          [
            -111.52618,
            33.65224
          ],
          [
            -111.52612,
            33.65231
          ],
          [
            -111.52599,
            33.65246
          ],
          [
            -111.52583,
            33.65264
          ],
          [
            -111.52567,
            33.65282
          ],
          [
            -111.52561,
            33.65288
          ],
          [
            -111.52526,
            33.65327
          ],
          [
            -111.52522,
            33.65332
          ],
          [
            -111.52515,
            33.65339
          ],
          [
            -111.52504,
            33.65352
          ],
          [
            -111.52464,
            33.65395
          ],
          [
            -111.52409,
            33.65457
          ],
          [
            -111.52398,
            33.65469
          ],
          [
            -111.52396,
            33.65471
          ],
          [
            -111.52392,
            33.65475
          ],
          [
            -111.52383,
            33.65485
          ],
          [
            -111.52382,
            33.65487
          ],
          [
            -111.52319,
            33.65557
          ],
          [
            -111.52242,
            33.65641
          ],
          [
            -111.52186,
            33.65706
          ],
          [
            -111.52159,
            33.65735
          ],
          [
            -111.52114,
            33.65786
          ],
          [
            -111.52101,
            33.65801
          ],
          [
            -111.52088,
            33.65815
          ],
          [
            -111.51993,
            33.65919
          ],
          [
            -111.51971,
            33.65944
          ],
          [
            -111.51957,
            33.65958
          ],
          [
            -111.51946,
            33.65972
          ],
          [
            -111.51932,
            33.65987
          ],
          [
            -111.51919,
            33.66002
          ],
          [
            -111.51906,
            33.66016
          ],
          [
            -111.51893,
            33.66031
          ],
          [
            -111.51884,
            33.6604
          ],
          [
            -111.51845,
            33.66084
          ],
          [
            -111.51805,
            33.66128
          ],
          [
            -111.51789,
            33.66146
          ],
          [
            -111.51776,
            33.6616
          ],
          [
            -111.51767,
            33.66171
          ],
          [
            -111.51764,
            33.66175
          ],
          [
            -111.51735,
            33.66206
          ],
          [
            -111.51725,
            33.66218
          ],
          [
            -111.51712,
            33.66233
          ],
          [
            -111.51699,
            33.66247
          ],
          [
            -111.51686,
            33.66261
          ],
          [
            -111.5166,
            33.6629
          ],
          [
            -111.51635,
            33.66319
          ],
          [
            -111.51622,
            33.66333
          ],
          [
            -111.51609,
            33.66348
          ],
          [
            -111.51576,
            33.66384
          ],
          [
            -111.5157,
            33.66391
          ],
          [
            -111.51557,
            33.66405
          ],
          [
            -111.5148,
            33.6649
          ],
          [
            -111.51457,
            33.66515
          ],
          [
            -111.51417,
            33.66559
          ],
          [
            -111.51414,
            33.66562
          ],
          [
            -111.51401,
            33.66575
          ],
          [
            -111.51338,
            33.66643
          ],
          [
            -111.51299,
            33.66687
          ],
          [
            -111.51286,
            33.66702
          ],
          [
            -111.51283,
            33.66705
          ],
          [
            -111.51234,
            33.66759
          ],
          [
            -111.51228,
            33.66766
          ],
          [
            -111.51221,
            33.66774
          ],
          [
            -111.51208,
            33.66788
          ],
          [
            -111.51205,
            33.66791
          ],
          [
            -111.51195,
            33.66802
          ],
          [
            -111.51182,
            33.66817
          ],
          [
            -111.5115,
            33.66852
          ],
          [
            -111.5111,
            33.66897
          ],
          [
            -111.5105,
            33.66964
          ],
          [
            -111.5104,
            33.66975
          ],
          [
            -111.51025,
            33.66991
          ],
          [
            -111.50967,
            33.67057
          ],
          [
            -111.50924,
            33.67104
          ],
          [
            -111.50862,
            33.67173
          ],
          [
            -111.5083,
            33.67209
          ],
          [
            -111.50807,
            33.67235
          ],
          [
            -111.5072,
            33.67332
          ],
          [
            -111.50627,
            33.67435
          ],
          [
            -111.50622,
            33.67441
          ],
          [
            -111.50613,
            33.67451
          ],
          [
            -111.50516,
            33.67558
          ],
          [
            -111.50509,
            33.67566
          ],
          [
            -111.50438,
            33.67645
          ],
          [
            -111.50383,
            33.67707
          ],
          [
            -111.50347,
            33.67748
          ],
          [
            -111.50274,
            33.67829
          ],
          [
            -111.5021,
            33.67901
          ],
          [
            -111.50197,
            33.67916
          ],
          [
            -111.50188,
            33.67926
          ],
          [
            -111.50173,
            33.67944
          ],
          [
            -111.50159,
            33.67962
          ],
          [
            -111.50145,
            33.67981
          ],
          [
            -111.50131,
            33.68
          ],
          [
            -111.50117,
            33.6802
          ],
          [
            -111.50098,
            33.68049
          ],
          [
            -111.50081,
            33.68079
          ],
          [
            -111.50068,
            33.68102
          ],
          [
            -111.50066,
            33.68107
          ],
          [
            -111.50054,
            33.68128
          ],
          [
            -111.50044,
            33.68149
          ],
          [
            -111.50043,
            33.68152
          ],
          [
            -111.50029,
            33.68185
          ],
          [
            -111.50013,
            33.68225
          ],
          [
            -111.50005,
            33.68246
          ],
          [
            -111.50003,
            33.68254
          ],
          [
            -111.49999,
            33.68266
          ],
          [
            -111.49997,
            33.68271
          ],
          [
            -111.49989,
            33.68299
          ],
          [
            -111.49984,
            33.68319
          ],
          [
            -111.49978,
            33.68341
          ],
          [
            -111.49978,
            33.68345
          ],
          [
            -111.49972,
            33.68372
          ],
          [
            -111.4997,
            33.68389
          ],
          [
            -111.49968,
            33.68396
          ],
          [
            -111.49968,
            33.68398
          ],
          [
            -111.49966,
            33.6841
          ],
          [
            -111.49966,
            33.68414
          ],
          [
            -111.49965,
            33.68417
          ],
          [
            -111.49965,
            33.68423
          ],
          [
            -111.49963,
            33.68443
          ],
          [
            -111.49962,
            33.68448
          ],
          [
            -111.49962,
            33.68452
          ],
          [
            -111.4996,
            33.68472
          ],
          [
            -111.49959,
            33.68484
          ],
          [
            -111.49959,
            33.68489
          ],
          [
            -111.49959,
            33.68502
          ],
          [
            -111.49959,
            33.68504
          ],
          [
            -111.49959,
            33.68515
          ],
          [
            -111.49959,
            33.6853
          ],
          [
            -111.49959,
            33.68531
          ],
          [
            -111.49959,
            33.68535
          ],
          [
            -111.49959,
            33.68557
          ],
          [
            -111.4996,
            33.68574
          ],
          [
            -111.4996,
            33.68578
          ],
          [
            -111.49961,
            33.68592
          ],
          [
            -111.49961,
            33.68594
          ],
          [
            -111.49962,
            33.68599
          ],
          [
            -111.49964,
            33.68619
          ],
          [
            -111.49964,
            33.6862
          ],
          [
            -111.49964,
            33.68623
          ],
          [
            -111.49968,
            33.68657
          ],
          [
            -111.4997,
            33.68665
          ],
          [
            -111.49978,
            33.68712
          ],
          [
            -111.49986,
            33.68743
          ],
          [
            -111.49995,
            33.68776
          ],
          [
            -111.5,
            33.68794
          ],
          [
            -111.50015,
            33.68828
          ],
          [
            -111.50039,
            33.68881
          ],
          [
            -111.50052,
            33.68912
          ],
          [
            -111.50065,
            33.68939
          ],
          [
            -111.50082,
            33.68973
          ],
          [
            -111.50097,
            33.69
          ],
          [
            -111.50115,
            33.69029
          ],
          [
            -111.50131,
            33.69054
          ],
          [
            -111.50133,
            33.69058
          ],
          [
            -111.50158,
            33.69092
          ],
          [
            -111.50186,
            33.69132
          ],
          [
            -111.50207,
            33.69162
          ],
          [
            -111.50216,
            33.69176
          ],
          [
            -111.50225,
            33.69192
          ],
          [
            -111.50233,
            33.69209
          ],
          [
            -111.5024,
            33.69229
          ],
          [
            -111.50249,
            33.69262
          ],
          [
            -111.50249,
            33.69263
          ],
          [
            -111.50251,
            33.69279
          ],
          [
            -111.50253,
            33.69294
          ],
          [
            -111.50254,
            33.69312
          ],
          [
            -111.50254,
            33.69329
          ],
          [
            -111.50253,
            33.69344
          ],
          [
            -111.50252,
            33.69351
          ],
          [
            -111.5025,
            33.69362
          ],
          [
            -111.50249,
            33.69369
          ],
          [
            -111.50248,
            33.69374
          ],
          [
            -111.50246,
            33.69385
          ],
          [
            -111.5024,
            33.69405
          ],
          [
            -111.50228,
            33.69439
          ],
          [
            -111.50222,
            33.69456
          ],
          [
            -111.50221,
            33.69458
          ],
          [
            -111.50215,
            33.69473
          ],
          [
            -111.50202,
            33.69507
          ],
          [
            -111.50195,
            33.69525
          ],
          [
            -111.50188,
            33.69541
          ],
          [
            -111.50188,
            33.69542
          ],
          [
            -111.50184,
            33.69553
          ],
          [
            -111.50182,
            33.69559
          ],
          [
            -111.50177,
            33.69573
          ],
          [
            -111.50177,
            33.69576
          ],
          [
            -111.50171,
            33.69593
          ],
          [
            -111.50167,
            33.69611
          ],
          [
            -111.50166,
            33.69613
          ],
          [
            -111.50163,
            33.69629
          ],
          [
            -111.50163,
            33.69631
          ],
          [
            -111.50162,
            33.69636
          ],
          [
            -111.5016,
            33.69647
          ],
          [
            -111.50157,
            33.69664
          ],
          [
            -111.50156,
            33.6967
          ],
          [
            -111.50154,
            33.697
          ],
          [
            -111.50154,
            33.69706
          ],
          [
            -111.50153,
            33.69718
          ],
          [
            -111.50153,
            33.6972
          ],
          [
            -111.50153,
            33.69724
          ],
          [
            -111.50153,
            33.69736
          ],
          [
            -111.50153,
            33.69745
          ],
          [
            -111.50154,
            33.69754
          ],
          [
            -111.50154,
            33.69767
          ],
          [
            -111.50157,
            33.6979
          ],
          [
            -111.50158,
            33.69802
          ],
          [
            -111.50159,
            33.69808
          ],
          [
            -111.50162,
            33.69826
          ],
          [
            -111.50164,
            33.69836
          ],
          [
            -111.50168,
            33.69857
          ],
          [
            -111.50173,
            33.69875
          ],
          [
            -111.50174,
            33.69879
          ],
          [
            -111.5018,
            33.69896
          ],
          [
            -111.5018,
            33.69898
          ],
          [
            -111.50185,
            33.69913
          ],
          [
            -111.50186,
            33.69916
          ],
          [
            -111.50201,
            33.69953
          ],
          [
            -111.50207,
            33.69964
          ],
          [
            -111.5021,
            33.69971
          ],
          [
            -111.50215,
            33.69981
          ],
          [
            -111.5022,
            33.69991
          ],
          [
            -111.50224,
            33.69997
          ],
          [
            -111.50232,
            33.70012
          ],
          [
            -111.50243,
            33.70029
          ],
          [
            -111.5025,
            33.70041
          ],
          [
            -111.50253,
            33.70045
          ],
          [
            -111.50256,
            33.7005
          ],
          [
            -111.50264,
            33.70061
          ],
          [
            -111.50265,
            33.70061
          ],
          [
            -111.50268,
            33.70066
          ],
          [
            -111.50277,
            33.70077
          ],
          [
            -111.50293,
            33.70097
          ],
          [
            -111.503,
            33.70106
          ],
          [
            -111.50312,
            33.70121
          ],
          [
            -111.50315,
            33.70124
          ],
          [
            -111.50325,
            33.70136
          ],
          [
            -111.50362,
            33.7018
          ],
          [
            -111.50366,
            33.70185
          ],
          [
            -111.50374,
            33.70194
          ],
          [
            -111.50386,
            33.70209
          ],
          [
            -111.50397,
            33.70223
          ],
          [
            -111.50414,
            33.70245
          ],
          [
            -111.50421,
            33.70254
          ],
          [
            -111.50428,
            33.70263
          ],
          [
            -111.50433,
            33.7027
          ],
          [
            -111.50442,
            33.70283
          ],
          [
            -111.50444,
            33.70286
          ],
          [
            -111.50459,
            33.70309
          ],
          [
            -111.50472,
            33.70328
          ],
          [
            -111.50474,
            33.70333
          ],
          [
            -111.50484,
            33.70349
          ],
          [
            -111.50493,
            33.70365
          ],
          [
            -111.505,
            33.70377
          ],
          [
            -111.50511,
            33.70398
          ],
          [
            -111.50517,
            33.7041
          ],
          [
            -111.5052,
            33.70414
          ],
          [
            -111.50532,
            33.70439
          ],
          [
            -111.50544,
            33.70462
          ],
          [
            -111.50556,
            33.70489
          ],
          [
            -111.50565,
            33.70512
          ],
          [
            -111.5057,
            33.70526
          ],
          [
            -111.50574,
            33.70537
          ],
          [
            -111.50579,
            33.70557
          ],
          [
            -111.5058,
            33.70564
          ],
          [
            -111.50583,
            33.70579
          ],
          [
            -111.50585,
            33.70599
          ],
          [
            -111.50586,
            33.70621
          ],
          [
            -111.50586,
            33.70638
          ],
          [
            -111.50585,
            33.70655
          ],
          [
            -111.50583,
            33.70679
          ],
          [
            -111.50578,
            33.70724
          ],
          [
            -111.50576,
            33.70757
          ],
          [
            -111.50575,
            33.70773
          ],
          [
            -111.50576,
            33.7079
          ],
          [
            -111.50578,
            33.70812
          ],
          [
            -111.5058,
            33.70823
          ],
          [
            -111.50581,
            33.70833
          ],
          [
            -111.50583,
            33.70838
          ],
          [
            -111.50584,
            33.70844
          ],
          [
            -111.50586,
            33.70852
          ],
          [
            -111.50587,
            33.70856
          ],
          [
            -111.5059,
            33.70866
          ],
          [
            -111.50594,
            33.70876
          ],
          [
            -111.50598,
            33.70886
          ],
          [
            -111.506,
            33.7089
          ],
          [
            -111.50603,
            33.70897
          ],
          [
            -111.50608,
            33.70908
          ],
          [
            -111.50619,
            33.70928
          ],
          [
            -111.50631,
            33.70947
          ],
          [
            -111.50641,
            33.7096
          ],
          [
            -111.50651,
            33.70973
          ],
          [
            -111.50662,
            33.70985
          ],
          [
            -111.50688,
            33.71011
          ],
          [
            -111.50708,
            33.71026
          ],
          [
            -111.50736,
            33.71047
          ],
          [
            -111.50739,
            33.71048
          ],
          [
            -111.50798,
            33.71087
          ],
          [
            -111.5082,
            33.71101
          ],
          [
            -111.50851,
            33.71122
          ],
          [
            -111.50856,
            33.71126
          ],
          [
            -111.50857,
            33.71127
          ],
          [
            -111.5087,
            33.71136
          ],
          [
            -111.50873,
            33.71139
          ],
          [
            -111.5089,
            33.71153
          ],
          [
            -111.50916,
            33.71178
          ],
          [
            -111.50933,
            33.71197
          ],
          [
            -111.50942,
            33.71207
          ],
          [
            -111.50947,
            33.71215
          ],
          [
            -111.50957,
            33.71227
          ],
          [
            -111.50964,
            33.71238
          ],
          [
            -111.50967,
            33.71243
          ],
          [
            -111.50977,
            33.7126
          ],
          [
            -111.50987,
            33.71279
          ],
          [
            -111.50993,
            33.7129
          ],
          [
            -111.50998,
            33.71303
          ],
          [
            -111.51006,
            33.71325
          ],
          [
            -111.5101,
            33.71338
          ],
          [
            -111.51012,
            33.71346
          ],
          [
            -111.51015,
            33.71356
          ],
          [
            -111.51019,
            33.71378
          ],
          [
            -111.51022,
            33.71399
          ],
          [
            -111.51025,
            33.71423
          ],
          [
            -111.51029,
            33.71456
          ],
          [
            -111.51032,
            33.71491
          ],
          [
            -111.51035,
            33.71513
          ],
          [
            -111.51038,
            33.71546
          ],
          [
            -111.51043,
            33.71585
          ],
          [
            -111.51048,
            33.71634
          ],
          [
            -111.51053,
            33.71678
          ],
          [
            -111.51054,
            33.71688
          ],
          [
            -111.51058,
            33.71732
          ],
          [
            -111.51063,
            33.71777
          ],
          [
            -111.51064,
            33.71785
          ],
          [
            -111.51069,
            33.7183
          ],
          [
            -111.51076,
            33.71897
          ],
          [
            -111.5108,
            33.71929
          ],
          [
            -111.51083,
            33.71965
          ],
          [
            -111.51085,
            33.71983
          ],
          [
            -111.51087,
            33.71998
          ],
          [
            -111.51091,
            33.72036
          ],
          [
            -111.51092,
            33.7204
          ],
          [
            -111.51099,
            33.72108
          ],
          [
            -111.51106,
            33.72172
          ],
          [
            -111.51107,
            33.72177
          ],
          [
            -111.51107,
            33.72181
          ],
          [
            -111.51117,
            33.72272
          ],
          [
            -111.5112,
            33.72305
          ],
          [
            -111.51128,
            33.72374
          ],
          [
            -111.51128,
            33.72378
          ],
          [
            -111.51129,
            33.72389
          ],
          [
            -111.51129,
            33.72392
          ],
          [
            -111.5113,
            33.72393
          ],
          [
            -111.5113,
            33.72396
          ],
          [
            -111.51131,
            33.72418
          ],
          [
            -111.51132,
            33.72438
          ],
          [
            -111.51133,
            33.7247
          ],
          [
            -111.51132,
            33.72514
          ],
          [
            -111.51129,
            33.72548
          ],
          [
            -111.51127,
            33.72573
          ],
          [
            -111.51124,
            33.72596
          ],
          [
            -111.5112,
            33.72617
          ],
          [
            -111.51116,
            33.72639
          ],
          [
            -111.51114,
            33.72649
          ],
          [
            -111.51112,
            33.72656
          ],
          [
            -111.51112,
            33.72658
          ],
          [
            -111.51111,
            33.7266
          ],
          [
            -111.51109,
            33.72671
          ],
          [
            -111.51106,
            33.72682
          ],
          [
            -111.51102,
            33.72697
          ],
          [
            -111.51098,
            33.72709
          ],
          [
            -111.51097,
            33.72714
          ],
          [
            -111.51093,
            33.72726
          ],
          [
            -111.51092,
            33.72728
          ],
          [
            -111.51091,
            33.7273
          ],
          [
            -111.5109,
            33.72736
          ],
          [
            -111.51082,
            33.72757
          ],
          [
            -111.51068,
            33.728
          ],
          [
            -111.51059,
            33.72824
          ],
          [
            -111.51052,
            33.72839
          ],
          [
            -111.51048,
            33.72849
          ],
          [
            -111.51039,
            33.72867
          ],
          [
            -111.51038,
            33.72868
          ],
          [
            -111.51038,
            33.72869
          ],
          [
            -111.51037,
            33.72871
          ],
          [
            -111.51027,
            33.72891
          ],
          [
            -111.51011,
            33.7292
          ],
          [
            -111.50999,
            33.7294
          ],
          [
            -111.50979,
            33.72973
          ],
          [
            -111.50917,
            33.73069
          ],
          [
            -111.50897,
            33.731
          ],
          [
            -111.50866,
            33.73147
          ],
          [
            -111.50866,
            33.73148
          ],
          [
            -111.50856,
            33.73163
          ],
          [
            -111.50815,
            33.73226
          ],
          [
            -111.50815,
            33.73227
          ],
          [
            -111.50805,
            33.73242
          ],
          [
            -111.50785,
            33.73274
          ],
          [
            -111.50784,
            33.73275
          ],
          [
            -111.50774,
            33.7329
          ],
          [
            -111.50762,
            33.73308
          ],
          [
            -111.50708,
            33.73393
          ],
          [
            -111.5067,
            33.73452
          ],
          [
            -111.50662,
            33.73464
          ],
          [
            -111.50661,
            33.73465
          ],
          [
            -111.50652,
            33.7348
          ],
          [
            -111.50644,
            33.73492
          ],
          [
            -111.50632,
            33.7351
          ],
          [
            -111.50595,
            33.73568
          ],
          [
            -111.50551,
            33.73636
          ],
          [
            -111.50514,
            33.73694
          ],
          [
            -111.50496,
            33.73722
          ],
          [
            -111.50484,
            33.73741
          ],
          [
            -111.50472,
            33.73762
          ],
          [
            -111.50459,
            33.73785
          ],
          [
            -111.50451,
            33.73801
          ],
          [
            -111.50441,
            33.73821
          ],
          [
            -111.50431,
            33.73844
          ],
          [
            -111.50422,
            33.73864
          ],
          [
            -111.50415,
            33.73881
          ],
          [
            -111.5041,
            33.73893
          ],
          [
            -111.50402,
            33.73915
          ],
          [
            -111.504,
            33.7392
          ],
          [
            -111.50396,
            33.73932
          ],
          [
            -111.50395,
            33.73937
          ],
          [
            -111.50388,
            33.73958
          ],
          [
            -111.50386,
            33.73967
          ],
          [
            -111.50383,
            33.73976
          ],
          [
            -111.50382,
            33.73981
          ],
          [
            -111.50377,
            33.73999
          ],
          [
            -111.50371,
            33.74023
          ],
          [
            -111.5037,
            33.74028
          ],
          [
            -111.50368,
            33.74037
          ],
          [
            -111.50367,
            33.74045
          ],
          [
            -111.50365,
            33.74055
          ],
          [
            -111.50363,
            33.74064
          ],
          [
            -111.50362,
            33.7407
          ],
          [
            -111.5036,
            33.74082
          ],
          [
            -111.50359,
            33.74089
          ],
          [
            -111.50358,
            33.741
          ],
          [
            -111.50357,
            33.74108
          ],
          [
            -111.50356,
            33.74118
          ],
          [
            -111.50354,
            33.74129
          ],
          [
            -111.50353,
            33.74145
          ],
          [
            -111.50353,
            33.74148
          ],
          [
            -111.50352,
            33.74153
          ],
          [
            -111.50351,
            33.74171
          ],
          [
            -111.50351,
            33.74177
          ],
          [
            -111.50351,
            33.74189
          ],
          [
            -111.50351,
            33.74195
          ],
          [
            -111.50351,
            33.74198
          ],
          [
            -111.5035,
            33.74238
          ],
          [
            -111.5035,
            33.74284
          ],
          [
            -111.5035,
            33.74315
          ],
          [
            -111.5035,
            33.7436
          ],
          [
            -111.5035,
            33.74387
          ],
          [
            -111.5035,
            33.74414
          ],
          [
            -111.5035,
            33.74415
          ],
          [
            -111.5035,
            33.74441
          ],
          [
            -111.5035,
            33.74459
          ],
          [
            -111.50351,
            33.74504
          ],
          [
            -111.50351,
            33.74513
          ],
          [
            -111.50351,
            33.74522
          ],
          [
            -111.50351,
            33.74531
          ],
          [
            -111.50351,
            33.74549
          ],
          [
            -111.50351,
            33.74584
          ],
          [
            -111.50351,
            33.7463
          ],
          [
            -111.50351,
            33.74638
          ],
          [
            -111.50351,
            33.74639
          ],
          [
            -111.50351,
            33.74641
          ],
          [
            -111.50351,
            33.74643
          ],
          [
            -111.5035,
            33.74653
          ],
          [
            -111.5035,
            33.74657
          ],
          [
            -111.50349,
            33.74672
          ],
          [
            -111.50347,
            33.74695
          ],
          [
            -111.50344,
            33.74717
          ],
          [
            -111.5034,
            33.74739
          ],
          [
            -111.50338,
            33.74746
          ],
          [
            -111.50336,
            33.74755
          ],
          [
            -111.50335,
            33.74756
          ],
          [
            -111.50333,
            33.74764
          ],
          [
            -111.50332,
            33.74769
          ],
          [
            -111.50324,
            33.74792
          ],
          [
            -111.50316,
            33.74813
          ],
          [
            -111.50307,
            33.74834
          ],
          [
            -111.50303,
            33.74841
          ],
          [
            -111.50297,
            33.74854
          ],
          [
            -111.5028,
            33.74883
          ],
          [
            -111.5027,
            33.74899
          ],
          [
            -111.50268,
            33.74901
          ],
          [
            -111.50266,
            33.74905
          ],
          [
            -111.50265,
            33.74905
          ],
          [
            -111.50259,
            33.74915
          ],
          [
            -111.50258,
            33.74916
          ],
          [
            -111.50248,
            33.74928
          ],
          [
            -111.50241,
            33.74936
          ],
          [
            -111.50232,
            33.74945
          ],
          [
            -111.50229,
            33.74948
          ],
          [
            -111.50227,
            33.7495
          ],
          [
            -111.50224,
            33.74954
          ],
          [
            -111.50222,
            33.74956
          ],
          [
            -111.5022,
            33.74958
          ],
          [
            -111.50215,
            33.74962
          ],
          [
            -111.50214,
            33.74963
          ],
          [
            -111.50205,
            33.74971
          ],
          [
            -111.5019,
            33.74985
          ],
          [
            -111.50178,
            33.74995
          ],
          [
            -111.5017,
            33.75001
          ],
          [
            -111.50168,
            33.75002
          ],
          [
            -111.50164,
            33.75006
          ],
          [
            -111.50161,
            33.75008
          ],
          [
            -111.50152,
            33.75014
          ],
          [
            -111.50129,
            33.7503
          ],
          [
            -111.50064,
            33.75078
          ],
          [
            -111.50005,
            33.75121
          ],
          [
            -111.49999,
            33.75126
          ],
          [
            -111.49987,
            33.75135
          ],
          [
            -111.49983,
            33.75138
          ],
          [
            -111.49974,
            33.75145
          ],
          [
            -111.49957,
            33.75158
          ],
          [
            -111.49948,
            33.75167
          ],
          [
            -111.49938,
            33.75175
          ],
          [
            -111.4993,
            33.75184
          ],
          [
            -111.49921,
            33.75193
          ],
          [
            -111.49906,
            33.75209
          ],
          [
            -111.49893,
            33.75223
          ],
          [
            -111.49883,
            33.75235
          ],
          [
            -111.49869,
            33.75254
          ],
          [
            -111.49867,
            33.75256
          ],
          [
            -111.49865,
            33.7526
          ],
          [
            -111.49862,
            33.75264
          ],
          [
            -111.4986,
            33.75266
          ],
          [
            -111.49859,
            33.75269
          ],
          [
            -111.49856,
            33.75273
          ],
          [
            -111.49844,
            33.75292
          ],
          [
            -111.49833,
            33.75313
          ],
          [
            -111.49828,
            33.75321
          ],
          [
            -111.49827,
            33.75323
          ],
          [
            -111.49826,
            33.75325
          ],
          [
            -111.49825,
            33.75329
          ],
          [
            -111.49824,
            33.75331
          ],
          [
            -111.49823,
            33.75332
          ],
          [
            -111.49822,
            33.75334
          ],
          [
            -111.49817,
            33.75344
          ],
          [
            -111.49802,
            33.75378
          ],
          [
            -111.49795,
            33.75392
          ],
          [
            -111.49772,
            33.75443
          ],
          [
            -111.49744,
            33.75505
          ],
          [
            -111.49717,
            33.75566
          ],
          [
            -111.49715,
            33.75571
          ],
          [
            -111.49714,
            33.75573
          ],
          [
            -111.49645,
            33.75726
          ],
          [
            -111.4963,
            33.75758
          ],
          [
            -111.49623,
            33.75775
          ],
          [
            -111.49611,
            33.75802
          ],
          [
            -111.49603,
            33.75818
          ],
          [
            -111.49596,
            33.75835
          ],
          [
            -111.49593,
            33.75841
          ],
          [
            -111.49593,
            33.75842
          ],
          [
            -111.49588,
            33.75853
          ],
          [
            -111.49586,
            33.75859
          ],
          [
            -111.49567,
            33.75903
          ],
          [
            -111.49556,
            33.75933
          ],
          [
            -111.49549,
            33.7595
          ],
          [
            -111.49543,
            33.75967
          ],
          [
            -111.49524,
            33.76018
          ],
          [
            -111.49514,
            33.76047
          ],
          [
            -111.49512,
            33.76053
          ],
          [
            -111.49507,
            33.76068
          ],
          [
            -111.49507,
            33.76069
          ],
          [
            -111.49506,
            33.76071
          ],
          [
            -111.49493,
            33.76111
          ],
          [
            -111.49492,
            33.76117
          ],
          [
            -111.4949,
            33.76123
          ],
          [
            -111.49486,
            33.76136
          ],
          [
            -111.49478,
            33.76163
          ],
          [
            -111.49471,
            33.76187
          ],
          [
            -111.49469,
            33.76193
          ],
          [
            -111.49466,
            33.76204
          ],
          [
            -111.49458,
            33.76235
          ],
          [
            -111.49453,
            33.76255
          ],
          [
            -111.49452,
            33.76259
          ],
          [
            -111.4944,
            33.7631
          ],
          [
            -111.4943,
            33.76352
          ],
          [
            -111.49425,
            33.76374
          ],
          [
            -111.49404,
            33.76498
          ],
          [
            -111.49362,
            33.76746
          ],
          [
            -111.49335,
            33.76909
          ],
          [
            -111.49319,
            33.77002
          ],
          [
            -111.49315,
            33.7703
          ],
          [
            -111.49314,
            33.77032
          ],
          [
            -111.49308,
            33.77073
          ],
          [
            -111.49305,
            33.77101
          ],
          [
            -111.49303,
            33.77119
          ],
          [
            -111.49299,
            33.77149
          ],
          [
            -111.49299,
            33.77158
          ],
          [
            -111.49292,
            33.77227
          ],
          [
            -111.49288,
            33.77291
          ],
          [
            -111.49287,
            33.77328
          ],
          [
            -111.49285,
            33.77381
          ],
          [
            -111.49285,
            33.77424
          ],
          [
            -111.49285,
            33.77447
          ],
          [
            -111.49285,
            33.77503
          ],
          [
            -111.49285,
            33.77696
          ],
          [
            -111.49285,
            33.7782
          ],
          [
            -111.49285,
            33.77823
          ],
          [
            -111.49285,
            33.77877
          ],
          [
            -111.49285,
            33.77913
          ],
          [
            -111.49285,
            33.78009
          ],
          [
            -111.49285,
            33.78076
          ],
          [
            -111.49285,
            33.78153
          ],
          [
            -111.49285,
            33.78187
          ],
          [
            -111.49285,
            33.78241
          ],
          [
            -111.49285,
            33.78259
          ],
          [
            -111.49285,
            33.78295
          ],
          [
            -111.49285,
            33.78331
          ],
          [
            -111.49285,
            33.7834
          ],
          [
            -111.49285,
            33.78349
          ],
          [
            -111.49285,
            33.78367
          ],
          [
            -111.49286,
            33.78421
          ],
          [
            -111.49286,
            33.7843
          ],
          [
            -111.49286,
            33.78439
          ],
          [
            -111.49286,
            33.78449
          ],
          [
            -111.49287,
            33.78457
          ],
          [
            -111.49288,
            33.78482
          ],
          [
            -111.4929,
            33.78504
          ],
          [
            -111.49292,
            33.78527
          ],
          [
            -111.49293,
            33.78529
          ],
          [
            -111.49295,
            33.78547
          ],
          [
            -111.49296,
            33.78551
          ],
          [
            -111.49299,
            33.78565
          ],
          [
            -111.49302,
            33.7858
          ],
          [
            -111.49309,
            33.7861
          ],
          [
            -111.49318,
            33.78645
          ],
          [
            -111.49321,
            33.78653
          ],
          [
            -111.49325,
            33.78667
          ],
          [
            -111.49326,
            33.7867
          ],
          [
            -111.49332,
            33.78687
          ],
          [
            -111.49348,
            33.7873
          ],
          [
            -111.49365,
            33.78773
          ],
          [
            -111.49371,
            33.7879
          ],
          [
            -111.49382,
            33.78818
          ],
          [
            -111.49404,
            33.78876
          ],
          [
            -111.49411,
            33.78893
          ],
          [
            -111.49437,
            33.78962
          ],
          [
            -111.49442,
            33.78979
          ],
          [
            -111.49444,
            33.78983
          ],
          [
            -111.49447,
            33.78996
          ],
          [
            -111.49447,
            33.78997
          ],
          [
            -111.49449,
            33.79002
          ],
          [
            -111.49451,
            33.79012
          ],
          [
            -111.49455,
            33.79029
          ],
          [
            -111.4946,
            33.79061
          ],
          [
            -111.49461,
            33.79084
          ],
          [
            -111.49462,
            33.79105
          ],
          [
            -111.49462,
            33.79129
          ],
          [
            -111.4946,
            33.79149
          ],
          [
            -111.49457,
            33.79172
          ],
          [
            -111.49454,
            33.79194
          ],
          [
            -111.49449,
            33.79215
          ],
          [
            -111.49445,
            33.7923
          ],
          [
            -111.49444,
            33.79233
          ],
          [
            -111.4944,
            33.79247
          ],
          [
            -111.49439,
            33.7925
          ],
          [
            -111.49432,
            33.7927
          ],
          [
            -111.49425,
            33.79286
          ],
          [
            -111.4942,
            33.79298
          ],
          [
            -111.49418,
            33.79303
          ],
          [
            -111.49408,
            33.79321
          ],
          [
            -111.49376,
            33.7938
          ],
          [
            -111.49374,
            33.79383
          ],
          [
            -111.49366,
            33.79397
          ],
          [
            -111.49357,
            33.79413
          ],
          [
            -111.49348,
            33.79429
          ],
          [
            -111.49346,
            33.79432
          ],
          [
            -111.49339,
            33.79446
          ],
          [
            -111.49319,
            33.79482
          ],
          [
            -111.49312,
            33.79495
          ],
          [
            -111.49303,
            33.79511
          ],
          [
            -111.49291,
            33.79531
          ],
          [
            -111.49266,
            33.79576
          ],
          [
            -111.4926,
            33.79587
          ],
          [
            -111.49257,
            33.79593
          ],
          [
            -111.49232,
            33.79636
          ],
          [
            -111.49229,
            33.79641
          ],
          [
            -111.49218,
            33.79662
          ],
          [
            -111.49214,
            33.79669
          ],
          [
            -111.49202,
            33.7969
          ],
          [
            -111.49173,
            33.79741
          ],
          [
            -111.49142,
            33.79793
          ],
          [
            -111.49118,
            33.79832
          ],
          [
            -111.49094,
            33.79869
          ],
          [
            -111.49093,
            33.7987
          ],
          [
            -111.49066,
            33.79909
          ],
          [
            -111.49062,
            33.79915
          ],
          [
            -111.49061,
            33.79916
          ],
          [
            -111.4905,
            33.79932
          ],
          [
            -111.49039,
            33.79947
          ],
          [
            -111.49004,
            33.79993
          ],
          [
            -111.4898,
            33.80025
          ],
          [
            -111.48959,
            33.8005
          ],
          [
            -111.48918,
            33.80099
          ],
          [
            -111.48907,
            33.80112
          ],
          [
            -111.48897,
            33.80123
          ],
          [
            -111.48881,
            33.80141
          ],
          [
            -111.48877,
            33.80146
          ],
          [
            -111.48861,
            33.80163
          ],
          [
            -111.48822,
            33.80205
          ],
          [
            -111.48803,
            33.80226
          ],
          [
            -111.48786,
            33.80244
          ],
          [
            -111.48761,
            33.80271
          ],
          [
            -111.48737,
            33.80296
          ],
          [
            -111.48705,
            33.80332
          ],
          [
            -111.48693,
            33.80346
          ],
          [
            -111.48683,
            33.8036
          ],
          [
            -111.48669,
            33.80382
          ],
          [
            -111.48659,
            33.80401
          ],
          [
            -111.48651,
            33.8042
          ],
          [
            -111.48644,
            33.80441
          ],
          [
            -111.4864,
            33.80457
          ],
          [
            -111.48638,
            33.80472
          ],
          [
            -111.48636,
            33.80497
          ],
          [
            -111.48636,
            33.80513
          ],
          [
            -111.48637,
            33.8053
          ],
          [
            -111.4864,
            33.8055
          ],
          [
            -111.48645,
            33.80571
          ],
          [
            -111.48653,
            33.80595
          ],
          [
            -111.48662,
            33.80615
          ],
          [
            -111.48665,
            33.80621
          ],
          [
            -111.48668,
            33.80626
          ],
          [
            -111.48678,
            33.80644
          ],
          [
            -111.4869,
            33.80659
          ],
          [
            -111.48694,
            33.80665
          ],
          [
            -111.48708,
            33.80682
          ],
          [
            -111.48728,
            33.80702
          ],
          [
            -111.48744,
            33.80718
          ],
          [
            -111.48756,
            33.8073
          ],
          [
            -111.48768,
            33.80743
          ],
          [
            -111.48783,
            33.80758
          ],
          [
            -111.48792,
            33.8077
          ],
          [
            -111.48798,
            33.80776
          ],
          [
            -111.48801,
            33.8078
          ],
          [
            -111.48804,
            33.80784
          ],
          [
            -111.4881,
            33.80794
          ],
          [
            -111.48815,
            33.80802
          ],
          [
            -111.48822,
            33.80815
          ],
          [
            -111.48825,
            33.80821
          ],
          [
            -111.48827,
            33.80824
          ],
          [
            -111.48827,
            33.80826
          ],
          [
            -111.48828,
            33.80826
          ],
          [
            -111.48828,
            33.80827
          ],
          [
            -111.48833,
            33.80838
          ],
          [
            -111.48837,
            33.8085
          ],
          [
            -111.48839,
            33.80859
          ],
          [
            -111.48841,
            33.80867
          ],
          [
            -111.48843,
            33.80875
          ],
          [
            -111.48844,
            33.80881
          ],
          [
            -111.48845,
            33.80887
          ],
          [
            -111.48845,
            33.80891
          ],
          [
            -111.48846,
            33.80894
          ],
          [
            -111.48846,
            33.80897
          ],
          [
            -111.48847,
            33.80907
          ],
          [
            -111.48847,
            33.80912
          ],
          [
            -111.48847,
            33.80914
          ],
          [
            -111.48847,
            33.80916
          ],
          [
            -111.48847,
            33.8092
          ],
          [
            -111.48847,
            33.80928
          ],
          [
            -111.48846,
            33.80936
          ],
          [
            -111.48846,
            33.80942
          ],
          [
            -111.48845,
            33.80951
          ],
          [
            -111.48844,
            33.80953
          ],
          [
            -111.48843,
            33.8096
          ],
          [
            -111.48843,
            33.80963
          ],
          [
            -111.48842,
            33.80965
          ],
          [
            -111.48841,
            33.80969
          ],
          [
            -111.4884,
            33.80972
          ],
          [
            -111.48839,
            33.80978
          ],
          [
            -111.48838,
            33.8098
          ],
          [
            -111.48836,
            33.80986
          ],
          [
            -111.48832,
            33.80997
          ],
          [
            -111.4883,
            33.81003
          ],
          [
            -111.48829,
            33.81005
          ],
          [
            -111.48823,
            33.81016
          ],
          [
            -111.48819,
            33.81025
          ],
          [
            -111.48813,
            33.81035
          ],
          [
            -111.4881,
            33.81041
          ],
          [
            -111.48805,
            33.81048
          ],
          [
            -111.488,
            33.81055
          ],
          [
            -111.48791,
            33.81066
          ],
          [
            -111.48777,
            33.81082
          ],
          [
            -111.48769,
            33.8109
          ],
          [
            -111.48762,
            33.81097
          ],
          [
            -111.4875,
            33.81107
          ],
          [
            -111.48743,
            33.81114
          ],
          [
            -111.48737,
            33.81119
          ],
          [
            -111.4871,
            33.81142
          ],
          [
            -111.48709,
            33.81143
          ],
          [
            -111.487,
            33.81152
          ],
          [
            -111.4869,
            33.81161
          ],
          [
            -111.48686,
            33.81164
          ],
          [
            -111.4868,
            33.8117
          ],
          [
            -111.48677,
            33.81173
          ],
          [
            -111.48674,
            33.81176
          ],
          [
            -111.48668,
            33.81182
          ],
          [
            -111.48662,
            33.81189
          ],
          [
            -111.48656,
            33.81196
          ],
          [
            -111.48651,
            33.81202
          ],
          [
            -111.48645,
            33.81211
          ],
          [
            -111.4864,
            33.81219
          ],
          [
            -111.48636,
            33.81226
          ],
          [
            -111.48633,
            33.8123
          ],
          [
            -111.48632,
            33.81233
          ],
          [
            -111.48631,
            33.81235
          ],
          [
            -111.4863,
            33.81235
          ],
          [
            -111.4863,
            33.81236
          ],
          [
            -111.48627,
            33.81243
          ],
          [
            -111.48625,
            33.81247
          ],
          [
            -111.48624,
            33.8125
          ],
          [
            -111.48623,
            33.81252
          ],
          [
            -111.48622,
            33.81253
          ],
          [
            -111.48619,
            33.81261
          ],
          [
            -111.48616,
            33.8127
          ],
          [
            -111.48614,
            33.81279
          ],
          [
            -111.48611,
            33.81289
          ],
          [
            -111.4861,
            33.81296
          ],
          [
            -111.48609,
            33.813
          ],
          [
            -111.48609,
            33.81302
          ],
          [
            -111.48608,
            33.81303
          ],
          [
            -111.48608,
            33.81304
          ],
          [
            -111.48608,
            33.81305
          ],
          [
            -111.48607,
            33.81311
          ],
          [
            -111.48606,
            33.81317
          ],
          [
            -111.48606,
            33.81321
          ],
          [
            -111.48606,
            33.81322
          ],
          [
            -111.48606,
            33.81324
          ],
          [
            -111.48605,
            33.81333
          ],
          [
            -111.48605,
            33.81343
          ],
          [
            -111.48605,
            33.81348
          ],
          [
            -111.48605,
            33.81355
          ],
          [
            -111.48605,
            33.81358
          ],
          [
            -111.48606,
            33.81371
          ],
          [
            -111.48607,
            33.81376
          ],
          [
            -111.48607,
            33.81378
          ],
          [
            -111.48609,
            33.81397
          ],
          [
            -111.48614,
            33.81434
          ],
          [
            -111.48615,
            33.81449
          ],
          [
            -111.48616,
            33.81459
          ],
          [
            -111.48615,
            33.81467
          ],
          [
            -111.48615,
            33.81474
          ],
          [
            -111.48614,
            33.81483
          ],
          [
            -111.48614,
            33.81484
          ],
          [
            -111.48612,
            33.81493
          ],
          [
            -111.48611,
            33.81496
          ],
          [
            -111.4861,
            33.81502
          ],
          [
            -111.48609,
            33.81504
          ],
          [
            -111.48607,
            33.81511
          ],
          [
            -111.48606,
            33.81513
          ],
          [
            -111.48604,
            33.8152
          ],
          [
            -111.48599,
            33.81532
          ],
          [
            -111.48594,
            33.81542
          ],
          [
            -111.48588,
            33.81552
          ],
          [
            -111.48582,
            33.81563
          ],
          [
            -111.48581,
            33.81563
          ],
          [
            -111.48577,
            33.81569
          ],
          [
            -111.48573,
            33.81576
          ],
          [
            -111.4857,
            33.81579
          ],
          [
            -111.48568,
            33.81581
          ],
          [
            -111.48565,
            33.81585
          ],
          [
            -111.4856,
            33.8159
          ],
          [
            -111.48552,
            33.81599
          ],
          [
            -111.48551,
            33.81599
          ],
          [
            -111.48545,
            33.81606
          ],
          [
            -111.48541,
            33.8161
          ],
          [
            -111.48539,
            33.81611
          ],
          [
            -111.48538,
            33.81612
          ],
          [
            -111.48537,
            33.81613
          ],
          [
            -111.48536,
            33.81614
          ],
          [
            -111.48525,
            33.81622
          ],
          [
            -111.48512,
            33.81632
          ],
          [
            -111.48504,
            33.81637
          ],
          [
            -111.48496,
            33.81641
          ],
          [
            -111.4849,
            33.81645
          ],
          [
            -111.48486,
            33.81647
          ],
          [
            -111.4848,
            33.8165
          ],
          [
            -111.4847,
            33.81654
          ],
          [
            -111.48464,
            33.81657
          ],
          [
            -111.48458,
            33.81659
          ],
          [
            -111.48443,
            33.81664
          ],
          [
            -111.48437,
            33.81666
          ],
          [
            -111.48429,
            33.81668
          ],
          [
            -111.48417,
            33.81671
          ],
          [
            -111.48401,
            33.81674
          ],
          [
            -111.48385,
            33.81676
          ],
          [
            -111.48377,
            33.81677
          ],
          [
            -111.48351,
            33.81679
          ],
          [
            -111.48335,
            33.81679
          ],
          [
            -111.48317,
            33.81677
          ],
          [
            -111.48295,
            33.81674
          ],
          [
            -111.48278,
            33.81671
          ],
          [
            -111.48268,
            33.81669
          ],
          [
            -111.48266,
            33.81669
          ],
          [
            -111.48238,
            33.81663
          ],
          [
            -111.48205,
            33.81657
          ],
          [
            -111.48173,
            33.81653
          ],
          [
            -111.48156,
            33.81652
          ],
          [
            -111.48141,
            33.81651
          ],
          [
            -111.48126,
            33.81652
          ],
          [
            -111.48115,
            33.81652
          ],
          [
            -111.48106,
            33.81653
          ],
          [
            -111.48097,
            33.81654
          ],
          [
            -111.48087,
            33.81656
          ],
          [
            -111.48079,
            33.81657
          ],
          [
            -111.48073,
            33.81658
          ],
          [
            -111.48065,
            33.8166
          ],
          [
            -111.48062,
            33.81661
          ],
          [
            -111.48049,
            33.81664
          ],
          [
            -111.48041,
            33.81667
          ],
          [
            -111.48033,
            33.81669
          ],
          [
            -111.48028,
            33.81671
          ],
          [
            -111.48025,
            33.81672
          ],
          [
            -111.48019,
            33.81674
          ],
          [
            -111.4801,
            33.81678
          ],
          [
            -111.48007,
            33.81679
          ],
          [
            -111.48005,
            33.8168
          ],
          [
            -111.48002,
            33.81682
          ],
          [
            -111.47994,
            33.81685
          ],
          [
            -111.47991,
            33.81687
          ],
          [
            -111.47986,
            33.81689
          ],
          [
            -111.47978,
            33.81694
          ],
          [
            -111.47971,
            33.81698
          ],
          [
            -111.47965,
            33.81702
          ],
          [
            -111.47956,
            33.81707
          ],
          [
            -111.47949,
            33.81712
          ],
          [
            -111.47938,
            33.8172
          ],
          [
            -111.47928,
            33.81729
          ],
          [
            -111.47919,
            33.81738
          ],
          [
            -111.47909,
            33.81748
          ],
          [
            -111.47904,
            33.81754
          ],
          [
            -111.47899,
            33.8176
          ],
          [
            -111.47893,
            33.81768
          ],
          [
            -111.47879,
            33.81787
          ],
          [
            -111.47868,
            33.81806
          ],
          [
            -111.47859,
            33.81821
          ],
          [
            -111.47859,
            33.81822
          ],
          [
            -111.47855,
            33.81828
          ],
          [
            -111.47849,
            33.81839
          ],
          [
            -111.47846,
            33.81845
          ],
          [
            -111.47842,
            33.81853
          ],
          [
            -111.47837,
            33.81864
          ],
          [
            -111.47833,
            33.81871
          ],
          [
            -111.47832,
            33.81873
          ],
          [
            -111.4783,
            33.81878
          ],
          [
            -111.47826,
            33.81886
          ],
          [
            -111.47818,
            33.81907
          ],
          [
            -111.47812,
            33.81923
          ],
          [
            -111.47806,
            33.81943
          ],
          [
            -111.47803,
            33.81953
          ],
          [
            -111.47801,
            33.81959
          ],
          [
            -111.478,
            33.81964
          ],
          [
            -111.47799,
            33.81969
          ],
          [
            -111.47796,
            33.81984
          ],
          [
            -111.47794,
            33.81998
          ],
          [
            -111.47791,
            33.82019
          ],
          [
            -111.4779,
            33.82036
          ],
          [
            -111.4779,
            33.82044
          ],
          [
            -111.4779,
            33.82054
          ],
          [
            -111.47789,
            33.82055
          ],
          [
            -111.47789,
            33.82065
          ],
          [
            -111.47789,
            33.82075
          ],
          [
            -111.4779,
            33.82082
          ],
          [
            -111.4779,
            33.82108
          ],
          [
            -111.47791,
            33.82121
          ],
          [
            -111.47791,
            33.82146
          ],
          [
            -111.4779,
            33.82156
          ],
          [
            -111.4779,
            33.82162
          ],
          [
            -111.47788,
            33.82175
          ],
          [
            -111.47786,
            33.8219
          ],
          [
            -111.47783,
            33.822
          ],
          [
            -111.47781,
            33.82207
          ],
          [
            -111.47778,
            33.82217
          ],
          [
            -111.47774,
            33.8223
          ],
          [
            -111.47763,
            33.82253
          ],
          [
            -111.47757,
            33.82265
          ],
          [
            -111.4774,
            33.82291
          ],
          [
            -111.4773,
            33.82303
          ],
          [
            -111.47721,
            33.82313
          ],
          [
            -111.47715,
            33.82319
          ],
          [
            -111.47707,
            33.82327
          ],
          [
            -111.47701,
            33.82333
          ],
          [
            -111.477,
            33.82335
          ],
          [
            -111.47687,
            33.82347
          ],
          [
            -111.47666,
            33.82366
          ],
          [
            -111.47644,
            33.82387
          ],
          [
            -111.47643,
            33.82388
          ],
          [
            -111.47638,
            33.82393
          ],
          [
            -111.47626,
            33.82405
          ],
          [
            -111.47624,
            33.82407
          ],
          [
            -111.47617,
            33.82415
          ],
          [
            -111.47616,
            33.82417
          ],
          [
            -111.47612,
            33.82422
          ],
          [
            -111.47602,
            33.82434
          ],
          [
            -111.476,
            33.82436
          ],
          [
            -111.476,
            33.82437
          ],
          [
            -111.47595,
            33.82443
          ],
          [
            -111.47589,
            33.82451
          ],
          [
            -111.47582,
            33.82461
          ],
          [
            -111.47577,
            33.82469
          ],
          [
            -111.47569,
            33.82482
          ],
          [
            -111.47568,
            33.82483
          ],
          [
            -111.47568,
            33.82484
          ],
          [
            -111.47563,
            33.82493
          ],
          [
            -111.4756,
            33.825
          ],
          [
            -111.47551,
            33.82516
          ],
          [
            -111.47549,
            33.82521
          ],
          [
            -111.47545,
            33.82532
          ],
          [
            -111.4754,
            33.82544
          ],
          [
            -111.47533,
            33.82564
          ],
          [
            -111.47529,
            33.82577
          ],
          [
            -111.47526,
            33.82586
          ],
          [
            -111.47524,
            33.82596
          ],
          [
            -111.47522,
            33.82607
          ],
          [
            -111.4752,
            33.82617
          ],
          [
            -111.47519,
            33.82624
          ],
          [
            -111.47518,
            33.82629
          ],
          [
            -111.47517,
            33.82639
          ],
          [
            -111.47513,
            33.82673
          ],
          [
            -111.47512,
            33.82684
          ],
          [
            -111.47511,
            33.82692
          ],
          [
            -111.47511,
            33.82703
          ],
          [
            -111.4751,
            33.82705
          ],
          [
            -111.4751,
            33.8271
          ],
          [
            -111.4751,
            33.82711
          ],
          [
            -111.47508,
            33.82728
          ],
          [
            -111.47508,
            33.82739
          ],
          [
            -111.47507,
            33.8274
          ],
          [
            -111.47507,
            33.82746
          ],
          [
            -111.47507,
            33.82748
          ],
          [
            -111.47506,
            33.82753
          ],
          [
            -111.47506,
            33.82758
          ],
          [
            -111.47505,
            33.82762
          ],
          [
            -111.47505,
            33.82764
          ],
          [
            -111.47503,
            33.82773
          ],
          [
            -111.47502,
            33.82782
          ],
          [
            -111.47501,
            33.82784
          ],
          [
            -111.475,
            33.82793
          ],
          [
            -111.47498,
            33.82799
          ],
          [
            -111.47498,
            33.828
          ],
          [
            -111.47496,
            33.8281
          ],
          [
            -111.47495,
            33.82816
          ],
          [
            -111.47492,
            33.82826
          ],
          [
            -111.4749,
            33.82835
          ],
          [
            -111.47489,
            33.82837
          ],
          [
            -111.47488,
            33.82842
          ],
          [
            -111.47487,
            33.82846
          ],
          [
            -111.47483,
            33.82859
          ],
          [
            -111.47482,
            33.82863
          ],
          [
            -111.4748,
            33.8287
          ],
          [
            -111.47479,
            33.8287
          ],
          [
            -111.47476,
            33.82879
          ],
          [
            -111.47474,
            33.82887
          ],
          [
            -111.47471,
            33.82892
          ],
          [
            -111.47467,
            33.82904
          ],
          [
            -111.47463,
            33.82911
          ],
          [
            -111.47454,
            33.82931
          ],
          [
            -111.47453,
            33.82932
          ],
          [
            -111.47447,
            33.82944
          ],
          [
            -111.47436,
            33.82963
          ],
          [
            -111.4743,
            33.82974
          ],
          [
            -111.47413,
            33.83
          ],
          [
            -111.47406,
            33.83011
          ],
          [
            -111.47392,
            33.8303
          ],
          [
            -111.47389,
            33.83034
          ],
          [
            -111.47384,
            33.83041
          ],
          [
            -111.47377,
            33.83049
          ],
          [
            -111.47348,
            33.83086
          ],
          [
            -111.47347,
            33.83087
          ],
          [
            -111.47338,
            33.83098
          ],
          [
            -111.47331,
            33.83108
          ],
          [
            -111.47326,
            33.83115
          ],
          [
            -111.47321,
            33.83123
          ],
          [
            -111.4732,
            33.83124
          ],
          [
            -111.47319,
            33.83126
          ],
          [
            -111.4731,
            33.8314
          ],
          [
            -111.47307,
            33.83146
          ],
          [
            -111.47305,
            33.8315
          ],
          [
            -111.47304,
            33.83153
          ],
          [
            -111.47302,
            33.83156
          ],
          [
            -111.47299,
            33.83163
          ],
          [
            -111.47297,
            33.83167
          ],
          [
            -111.47295,
            33.83173
          ],
          [
            -111.47293,
            33.83178
          ],
          [
            -111.47291,
            33.83185
          ],
          [
            -111.4729,
            33.83188
          ],
          [
            -111.47289,
            33.8319
          ],
          [
            -111.47288,
            33.83196
          ],
          [
            -111.47286,
            33.832
          ],
          [
            -111.47284,
            33.83208
          ],
          [
            -111.47282,
            33.83218
          ],
          [
            -111.47281,
            33.83228
          ],
          [
            -111.4728,
            33.83237
          ],
          [
            -111.4728,
            33.83242
          ],
          [
            -111.47279,
            33.83252
          ],
          [
            -111.47279,
            33.83259
          ],
          [
            -111.4728,
            33.83263
          ],
          [
            -111.4728,
            33.83272
          ],
          [
            -111.47281,
            33.8328
          ],
          [
            -111.47282,
            33.83286
          ],
          [
            -111.47283,
            33.83291
          ],
          [
            -111.47286,
            33.83306
          ],
          [
            -111.47288,
            33.83315
          ],
          [
            -111.47295,
            33.83336
          ],
          [
            -111.47317,
            33.83391
          ],
          [
            -111.47323,
            33.83408
          ],
          [
            -111.47329,
            33.83424
          ],
          [
            -111.47331,
            33.83434
          ],
          [
            -111.47334,
            33.83446
          ],
          [
            -111.47334,
            33.83447
          ],
          [
            -111.47335,
            33.83456
          ],
          [
            -111.47336,
            33.83468
          ],
          [
            -111.47336,
            33.8348
          ],
          [
            -111.47336,
            33.83492
          ],
          [
            -111.47335,
            33.83502
          ],
          [
            -111.47334,
            33.83505
          ],
          [
            -111.47334,
            33.83507
          ],
          [
            -111.47333,
            33.83513
          ],
          [
            -111.47332,
            33.83521
          ],
          [
            -111.47331,
            33.83525
          ],
          [
            -111.47329,
            33.83535
          ],
          [
            -111.47326,
            33.83543
          ],
          [
            -111.47326,
            33.83546
          ],
          [
            -111.47322,
            33.83557
          ],
          [
            -111.47318,
            33.83568
          ],
          [
            -111.47315,
            33.83575
          ],
          [
            -111.47313,
            33.83579
          ],
          [
            -111.47308,
            33.83588
          ],
          [
            -111.47302,
            33.83598
          ],
          [
            -111.47297,
            33.83606
          ],
          [
            -111.47289,
            33.83618
          ],
          [
            -111.47283,
            33.83626
          ],
          [
            -111.47276,
            33.83634
          ],
          [
            -111.47272,
            33.83639
          ],
          [
            -111.4727,
            33.83641
          ],
          [
            -111.47261,
            33.8365
          ],
          [
            -111.47256,
            33.83655
          ],
          [
            -111.47249,
            33.83661
          ],
          [
            -111.47241,
            33.83668
          ],
          [
            -111.47236,
            33.83672
          ],
          [
            -111.47229,
            33.83677
          ],
          [
            -111.47219,
            33.83684
          ],
          [
            -111.47211,
            33.8369
          ],
          [
            -111.47203,
            33.83695
          ],
          [
            -111.47193,
            33.837
          ],
          [
            -111.47188,
            33.83702
          ],
          [
            -111.47181,
            33.83706
          ],
          [
            -111.47174,
            33.83709
          ],
          [
            -111.47172,
            33.8371
          ],
          [
            -111.4717,
            33.83711
          ],
          [
            -111.47167,
            33.83712
          ],
          [
            -111.47159,
            33.83716
          ],
          [
            -111.47155,
            33.83717
          ],
          [
            -111.47152,
            33.83718
          ],
          [
            -111.47136,
            33.83724
          ],
          [
            -111.47127,
            33.83726
          ],
          [
            -111.47117,
            33.83729
          ],
          [
            -111.47091,
            33.83736
          ],
          [
            -111.47075,
            33.8374
          ],
          [
            -111.47053,
            33.83746
          ],
          [
            -111.47038,
            33.8375
          ],
          [
            -111.4703,
            33.83753
          ],
          [
            -111.4702,
            33.83756
          ],
          [
            -111.4701,
            33.8376
          ],
          [
            -111.46997,
            33.83765
          ],
          [
            -111.46993,
            33.83766
          ],
          [
            -111.46992,
            33.83767
          ],
          [
            -111.46991,
            33.83767
          ],
          [
            -111.46989,
            33.83768
          ],
          [
            -111.46987,
            33.83769
          ],
          [
            -111.46977,
            33.83773
          ],
          [
            -111.46972,
            33.83776
          ],
          [
            -111.46964,
            33.8378
          ],
          [
            -111.46954,
            33.83786
          ],
          [
            -111.46944,
            33.83792
          ],
          [
            -111.46938,
            33.83796
          ],
          [
            -111.46931,
            33.838
          ],
          [
            -111.46922,
            33.83807
          ],
          [
            -111.46922,
            33.83808
          ],
          [
            -111.46914,
            33.83814
          ],
          [
            -111.46907,
            33.8382
          ],
          [
            -111.46903,
            33.83824
          ],
          [
            -111.46886,
            33.83841
          ],
          [
            -111.46876,
            33.83853
          ],
          [
            -111.46869,
            33.83861
          ],
          [
            -111.46868,
            33.83863
          ],
          [
            -111.46867,
            33.83863
          ],
          [
            -111.46865,
            33.83867
          ],
          [
            -111.46859,
            33.83875
          ],
          [
            -111.46856,
            33.83879
          ],
          [
            -111.46853,
            33.83885
          ],
          [
            -111.4685,
            33.8389
          ],
          [
            -111.46846,
            33.83897
          ],
          [
            -111.46841,
            33.83907
          ],
          [
            -111.46837,
            33.83917
          ],
          [
            -111.46833,
            33.83926
          ],
          [
            -111.46829,
            33.83938
          ],
          [
            -111.46827,
            33.83948
          ],
          [
            -111.46825,
            33.83957
          ],
          [
            -111.46823,
            33.83968
          ],
          [
            -111.46821,
            33.8398
          ],
          [
            -111.46819,
            33.83999
          ],
          [
            -111.46817,
            33.84014
          ],
          [
            -111.46817,
            33.84017
          ],
          [
            -111.46817,
            33.84018
          ],
          [
            -111.46817,
            33.84019
          ],
          [
            -111.46816,
            33.84023
          ],
          [
            -111.46815,
            33.84035
          ],
          [
            -111.46814,
            33.84041
          ],
          [
            -111.46813,
            33.84053
          ],
          [
            -111.46813,
            33.84054
          ],
          [
            -111.46813,
            33.84055
          ],
          [
            -111.46812,
            33.84059
          ],
          [
            -111.46811,
            33.84071
          ],
          [
            -111.46809,
            33.84092
          ],
          [
            -111.46806,
            33.84114
          ],
          [
            -111.46805,
            33.84122
          ],
          [
            -111.46805,
            33.84128
          ],
          [
            -111.46804,
            33.84133
          ],
          [
            -111.46803,
            33.84146
          ],
          [
            -111.46802,
            33.84151
          ],
          [
            -111.46801,
            33.84159
          ],
          [
            -111.468,
            33.84178
          ],
          [
            -111.46799,
            33.84182
          ],
          [
            -111.46798,
            33.84192
          ],
          [
            -111.46798,
            33.842
          ],
          [
            -111.46796,
            33.84214
          ],
          [
            -111.46795,
            33.84225
          ],
          [
            -111.46795,
            33.84231
          ],
          [
            -111.46795,
            33.84235
          ],
          [
            -111.46794,
            33.84239
          ],
          [
            -111.46794,
            33.84247
          ],
          [
            -111.46794,
            33.84257
          ],
          [
            -111.46794,
            33.84265
          ],
          [
            -111.46794,
            33.84271
          ],
          [
            -111.46794,
            33.84278
          ],
          [
            -111.46794,
            33.84288
          ],
          [
            -111.46794,
            33.84293
          ],
          [
            -111.46794,
            33.84302
          ],
          [
            -111.46794,
            33.84307
          ],
          [
            -111.46795,
            33.84314
          ],
          [
            -111.46796,
            33.84332
          ],
          [
            -111.46797,
            33.84343
          ],
          [
            -111.46798,
            33.84355
          ],
          [
            -111.46799,
            33.84361
          ],
          [
            -111.46799,
            33.84364
          ],
          [
            -111.468,
            33.84368
          ],
          [
            -111.46801,
            33.84379
          ],
          [
            -111.46802,
            33.84383
          ],
          [
            -111.46803,
            33.84391
          ],
          [
            -111.46804,
            33.84397
          ],
          [
            -111.46805,
            33.84401
          ],
          [
            -111.46807,
            33.84411
          ],
          [
            -111.46807,
            33.84414
          ],
          [
            -111.46807,
            33.84415
          ],
          [
            -111.46809,
            33.84421
          ],
          [
            -111.46811,
            33.84432
          ],
          [
            -111.46812,
            33.84437
          ],
          [
            -111.46815,
            33.84447
          ],
          [
            -111.46819,
            33.84464
          ],
          [
            -111.46821,
            33.84477
          ],
          [
            -111.46825,
            33.84496
          ],
          [
            -111.46828,
            33.84508
          ],
          [
            -111.46829,
            33.84515
          ],
          [
            -111.46833,
            33.84538
          ],
          [
            -111.46836,
            33.84555
          ],
          [
            -111.46836,
            33.84557
          ],
          [
            -111.46837,
            33.84562
          ],
          [
            -111.46838,
            33.84574
          ],
          [
            -111.46839,
            33.84574
          ],
          [
            -111.46839,
            33.84579
          ],
          [
            -111.46841,
            33.84592
          ],
          [
            -111.46844,
            33.84622
          ],
          [
            -111.46845,
            33.84628
          ],
          [
            -111.46846,
            33.84646
          ],
          [
            -111.46847,
            33.84652
          ],
          [
            -111.46848,
            33.84664
          ],
          [
            -111.4685,
            33.84678
          ],
          [
            -111.4685,
            33.84682
          ],
          [
            -111.46853,
            33.847
          ],
          [
            -111.46855,
            33.84717
          ],
          [
            -111.46855,
            33.84718
          ],
          [
            -111.46856,
            33.84722
          ],
          [
            -111.46859,
            33.84744
          ],
          [
            -111.4686,
            33.84753
          ],
          [
            -111.46862,
            33.84765
          ],
          [
            -111.46864,
            33.84771
          ],
          [
            -111.46865,
            33.84777
          ],
          [
            -111.46867,
            33.84789
          ],
          [
            -111.46868,
            33.84792
          ],
          [
            -111.46869,
            33.848
          ],
          [
            -111.46873,
            33.8482
          ],
          [
            -111.46874,
            33.84824
          ],
          [
            -111.46878,
            33.84842
          ],
          [
            -111.46883,
            33.84859
          ],
          [
            -111.46884,
            33.84863
          ],
          [
            -111.46885,
            33.84868
          ],
          [
            -111.46887,
            33.84874
          ],
          [
            -111.46896,
            33.84906
          ],
          [
            -111.46897,
            33.84912
          ],
          [
            -111.46904,
            33.84938
          ],
          [
            -111.46907,
            33.8495
          ],
          [
            -111.46909,
            33.84955
          ],
          [
            -111.46912,
            33.84964
          ],
          [
            -111.46913,
            33.84967
          ],
          [
            -111.46913,
            33.84968
          ],
          [
            -111.46914,
            33.84972
          ],
          [
            -111.46918,
            33.84982
          ],
          [
            -111.46919,
            33.84987
          ],
          [
            -111.46924,
            33.85003
          ],
          [
            -111.46928,
            33.85015
          ],
          [
            -111.46936,
            33.85036
          ],
          [
            -111.46952,
            33.85079
          ],
          [
            -111.46962,
            33.85107
          ],
          [
            -111.46964,
            33.85111
          ],
          [
            -111.46967,
            33.85119
          ],
          [
            -111.46968,
            33.85121
          ],
          [
            -111.46969,
            33.85123
          ],
          [
            -111.46971,
            33.85128
          ],
          [
            -111.46972,
            33.85132
          ],
          [
            -111.46974,
            33.85136
          ],
          [
            -111.46981,
            33.85151
          ],
          [
            -111.46991,
            33.85173
          ],
          [
            -111.46999,
            33.8519
          ],
          [
            -111.47005,
            33.85201
          ],
          [
            -111.47008,
            33.85205
          ],
          [
            -111.47011,
            33.85211
          ],
          [
            -111.47012,
            33.85213
          ],
          [
            -111.47015,
            33.85219
          ],
          [
            -111.47017,
            33.85224
          ],
          [
            -111.47018,
            33.85225
          ],
          [
            -111.47019,
            33.85228
          ],
          [
            -111.47024,
            33.85236
          ],
          [
            -111.47025,
            33.85239
          ],
          [
            -111.47035,
            33.85258
          ],
          [
            -111.4704,
            33.85269
          ],
          [
            -111.47047,
            33.85281
          ],
          [
            -111.47054,
            33.85294
          ],
          [
            -111.47058,
            33.85301
          ],
          [
            -111.47058,
            33.85302
          ],
          [
            -111.47061,
            33.85306
          ],
          [
            -111.47063,
            33.8531
          ],
          [
            -111.47068,
            33.85318
          ],
          [
            -111.47075,
            33.85331
          ],
          [
            -111.47102,
            33.85375
          ],
          [
            -111.47132,
            33.85422
          ],
          [
            -111.47137,
            33.8543
          ],
          [
            -111.4714,
            33.85434
          ],
          [
            -111.47142,
            33.85438
          ],
          [
            -111.47152,
            33.85454
          ],
          [
            -111.47163,
            33.8547
          ],
          [
            -111.4717,
            33.85481
          ],
          [
            -111.47173,
            33.85485
          ],
          [
            -111.47181,
            33.85497
          ],
          [
            -111.47183,
            33.85501
          ],
          [
            -111.47187,
            33.85507
          ],
          [
            -111.47208,
            33.85539
          ],
          [
            -111.47209,
            33.8554
          ],
          [
            -111.47226,
            33.85567
          ],
          [
            -111.47239,
            33.85588
          ],
          [
            -111.47249,
            33.85602
          ],
          [
            -111.47257,
            33.85616
          ],
          [
            -111.47283,
            33.85655
          ],
          [
            -111.47299,
            33.85679
          ],
          [
            -111.47302,
            33.85683
          ],
          [
            -111.47317,
            33.85706
          ],
          [
            -111.47329,
            33.85725
          ],
          [
            -111.47336,
            33.85735
          ],
          [
            -111.47336,
            33.85736
          ],
          [
            -111.47351,
            33.85763
          ],
          [
            -111.47362,
            33.85784
          ],
          [
            -111.47367,
            33.85794
          ],
          [
            -111.47375,
            33.85814
          ],
          [
            -111.47377,
            33.85818
          ],
          [
            -111.47379,
            33.85825
          ],
          [
            -111.47387,
            33.85847
          ],
          [
            -111.4739,
            33.85858
          ],
          [
            -111.47397,
            33.85888
          ],
          [
            -111.47397,
            33.8589
          ],
          [
            -111.474,
            33.85904
          ],
          [
            -111.47402,
            33.85913
          ],
          [
            -111.47405,
            33.85937
          ],
          [
            -111.47406,
            33.85949
          ],
          [
            -111.47406,
            33.8596
          ],
          [
            -111.47407,
            33.8597
          ],
          [
            -111.47407,
            33.85988
          ],
          [
            -111.47406,
            33.86005
          ],
          [
            -111.47405,
            33.86013
          ],
          [
            -111.47403,
            33.86027
          ],
          [
            -111.47402,
            33.86039
          ],
          [
            -111.474,
            33.8605
          ],
          [
            -111.47398,
            33.8606
          ],
          [
            -111.47397,
            33.86067
          ],
          [
            -111.47396,
            33.86072
          ],
          [
            -111.47393,
            33.86082
          ],
          [
            -111.47393,
            33.86085
          ],
          [
            -111.47391,
            33.86093
          ],
          [
            -111.47385,
            33.86113
          ],
          [
            -111.47377,
            33.86135
          ],
          [
            -111.47366,
            33.8616
          ],
          [
            -111.47359,
            33.86175
          ],
          [
            -111.47354,
            33.86186
          ],
          [
            -111.47346,
            33.86201
          ],
          [
            -111.47337,
            33.86216
          ],
          [
            -111.47325,
            33.86235
          ],
          [
            -111.47311,
            33.86254
          ],
          [
            -111.47304,
            33.86264
          ],
          [
            -111.47296,
            33.86272
          ],
          [
            -111.47292,
            33.86279
          ],
          [
            -111.47273,
            33.863
          ],
          [
            -111.47257,
            33.86315
          ],
          [
            -111.47246,
            33.86326
          ],
          [
            -111.47239,
            33.86332
          ],
          [
            -111.47219,
            33.8635
          ],
          [
            -111.47202,
            33.86365
          ],
          [
            -111.47189,
            33.86376
          ],
          [
            -111.47176,
            33.86386
          ],
          [
            -111.47173,
            33.86388
          ],
          [
            -111.47157,
            33.864
          ],
          [
            -111.47141,
            33.86412
          ],
          [
            -111.47141,
            33.86413
          ],
          [
            -111.47132,
            33.8642
          ],
          [
            -111.47117,
            33.86432
          ],
          [
            -111.47094,
            33.86449
          ],
          [
            -111.47078,
            33.86461
          ],
          [
            -111.47077,
            33.86462
          ],
          [
            -111.47056,
            33.86478
          ],
          [
            -111.4703,
            33.86498
          ],
          [
            -111.47014,
            33.8651
          ],
          [
            -111.47014,
            33.86511
          ],
          [
            -111.47005,
            33.86518
          ],
          [
            -111.46999,
            33.86523
          ],
          [
            -111.46994,
            33.86527
          ],
          [
            -111.46985,
            33.86534
          ],
          [
            -111.4697,
            33.86547
          ],
          [
            -111.46955,
            33.86559
          ],
          [
            -111.46941,
            33.86571
          ],
          [
            -111.46929,
            33.86581
          ],
          [
            -111.4689,
            33.86616
          ],
          [
            -111.46874,
            33.8663
          ],
          [
            -111.46856,
            33.86648
          ],
          [
            -111.46854,
            33.86649
          ],
          [
            -111.46847,
            33.86656
          ],
          [
            -111.46841,
            33.86661
          ],
          [
            -111.46827,
            33.86675
          ],
          [
            -111.4677,
            33.86732
          ],
          [
            -111.46734,
            33.86769
          ],
          [
            -111.46714,
            33.86788
          ],
          [
            -111.46695,
            33.86808
          ],
          [
            -111.46559,
            33.86941
          ],
          [
            -111.46488,
            33.87013
          ],
          [
            -111.46426,
            33.87078
          ],
          [
            -111.46421,
            33.87082
          ],
          [
            -111.4642,
            33.87083
          ],
          [
            -111.46408,
            33.87096
          ],
          [
            -111.46394,
            33.8711
          ],
          [
            -111.46344,
            33.87161
          ],
          [
            -111.4634,
            33.87164
          ],
          [
            -111.46305,
            33.872
          ],
          [
            -111.46295,
            33.8721
          ],
          [
            -111.46254,
            33.87253
          ],
          [
            -111.46231,
            33.8728
          ],
          [
            -111.46202,
            33.87317
          ],
          [
            -111.46186,
            33.8734
          ],
          [
            -111.46182,
            33.87345
          ],
          [
            -111.46164,
            33.87371
          ],
          [
            -111.46163,
            33.87373
          ],
          [
            -111.46155,
            33.87384
          ],
          [
            -111.46143,
            33.87402
          ],
          [
            -111.46136,
            33.87413
          ],
          [
            -111.46134,
            33.87417
          ],
          [
            -111.46097,
            33.87471
          ],
          [
            -111.46089,
            33.87483
          ],
          [
            -111.4606,
            33.87526
          ],
          [
            -111.46047,
            33.87545
          ],
          [
            -111.46039,
            33.87557
          ],
          [
            -111.46036,
            33.87561
          ],
          [
            -111.46036,
            33.87562
          ],
          [
            -111.46025,
            33.87577
          ],
          [
            -111.46012,
            33.87596
          ],
          [
            -111.45993,
            33.87623
          ],
          [
            -111.45985,
            33.87636
          ],
          [
            -111.45971,
            33.87655
          ],
          [
            -111.45951,
            33.87686
          ],
          [
            -111.4595,
            33.87688
          ],
          [
            -111.45948,
            33.8769
          ],
          [
            -111.4594,
            33.87702
          ],
          [
            -111.45932,
            33.87712
          ],
          [
            -111.45919,
            33.8773
          ],
          [
            -111.45911,
            33.87742
          ],
          [
            -111.45901,
            33.87752
          ],
          [
            -111.45892,
            33.87762
          ],
          [
            -111.4589,
            33.87764
          ],
          [
            -111.45878,
            33.87775
          ],
          [
            -111.45863,
            33.87788
          ],
          [
            -111.45851,
            33.87798
          ],
          [
            -111.45831,
            33.87812
          ],
          [
            -111.45798,
            33.87835
          ],
          [
            -111.4577,
            33.87853
          ],
          [
            -111.45741,
            33.87873
          ],
          [
            -111.45717,
            33.87888
          ],
          [
            -111.457,
            33.87899
          ],
          [
            -111.45658,
            33.87925
          ],
          [
            -111.45576,
            33.87981
          ],
          [
            -111.45557,
            33.87993
          ],
          [
            -111.45509,
            33.88025
          ],
          [
            -111.4549,
            33.88038
          ],
          [
            -111.45473,
            33.8805
          ],
          [
            -111.45469,
            33.88053
          ],
          [
            -111.45457,
            33.88062
          ],
          [
            -111.45448,
            33.88068
          ],
          [
            -111.45443,
            33.88072
          ],
          [
            -111.45439,
            33.88075
          ],
          [
            -111.45429,
            33.88083
          ],
          [
            -111.45425,
            33.88086
          ],
          [
            -111.45419,
            33.88091
          ],
          [
            -111.45411,
            33.881
          ],
          [
            -111.45404,
            33.88106
          ],
          [
            -111.45399,
            33.88111
          ],
          [
            -111.45397,
            33.88114
          ],
          [
            -111.45386,
            33.88126
          ],
          [
            -111.4538,
            33.88133
          ],
          [
            -111.45372,
            33.88143
          ],
          [
            -111.45372,
            33.88144
          ],
          [
            -111.45365,
            33.88154
          ],
          [
            -111.45362,
            33.88159
          ],
          [
            -111.45359,
            33.88163
          ],
          [
            -111.45353,
            33.88172
          ],
          [
            -111.45353,
            33.88173
          ],
          [
            -111.45352,
            33.88175
          ],
          [
            -111.45347,
            33.88183
          ],
          [
            -111.45343,
            33.88193
          ],
          [
            -111.45338,
            33.88202
          ],
          [
            -111.45329,
            33.88225
          ],
          [
            -111.45325,
            33.88236
          ],
          [
            -111.45324,
            33.8824
          ],
          [
            -111.45323,
            33.88243
          ],
          [
            -111.45322,
            33.88246
          ],
          [
            -111.4532,
            33.88258
          ],
          [
            -111.45319,
            33.8826
          ],
          [
            -111.45317,
            33.88268
          ],
          [
            -111.45315,
            33.88278
          ],
          [
            -111.45312,
            33.8829
          ],
          [
            -111.45308,
            33.88312
          ],
          [
            -111.45304,
            33.88331
          ],
          [
            -111.45302,
            33.88344
          ],
          [
            -111.453,
            33.88349
          ],
          [
            -111.45297,
            33.88367
          ],
          [
            -111.45288,
            33.88409
          ],
          [
            -111.45283,
            33.88438
          ],
          [
            -111.4528,
            33.88452
          ],
          [
            -111.45267,
            33.88517
          ],
          [
            -111.45265,
            33.88526
          ],
          [
            -111.45254,
            33.88579
          ],
          [
            -111.45254,
            33.88582
          ],
          [
            -111.45251,
            33.88595
          ],
          [
            -111.45246,
            33.88619
          ],
          [
            -111.45243,
            33.88633
          ],
          [
            -111.45242,
            33.8864
          ],
          [
            -111.4524,
            33.88649
          ],
          [
            -111.45239,
            33.88657
          ],
          [
            -111.45236,
            33.88674
          ],
          [
            -111.45234,
            33.88691
          ],
          [
            -111.45233,
            33.88702
          ],
          [
            -111.45232,
            33.88722
          ],
          [
            -111.45232,
            33.88737
          ],
          [
            -111.45233,
            33.88758
          ],
          [
            -111.45234,
            33.88777
          ],
          [
            -111.45234,
            33.88785
          ],
          [
            -111.45237,
            33.88799
          ],
          [
            -111.45242,
            33.88821
          ],
          [
            -111.45245,
            33.88833
          ],
          [
            -111.45249,
            33.88843
          ],
          [
            -111.45253,
            33.88855
          ],
          [
            -111.45254,
            33.88859
          ],
          [
            -111.45259,
            33.88873
          ],
          [
            -111.45269,
            33.88897
          ],
          [
            -111.45285,
            33.88928
          ],
          [
            -111.45287,
            33.88934
          ],
          [
            -111.45293,
            33.88945
          ],
          [
            -111.45298,
            33.88956
          ],
          [
            -111.45301,
            33.88962
          ],
          [
            -111.45306,
            33.88973
          ],
          [
            -111.45314,
            33.8899
          ],
          [
            -111.45322,
            33.89006
          ],
          [
            -111.4533,
            33.89023
          ],
          [
            -111.45333,
            33.89029
          ],
          [
            -111.45335,
            33.89032
          ],
          [
            -111.45338,
            33.8904
          ],
          [
            -111.45341,
            33.89045
          ],
          [
            -111.45345,
            33.89055
          ],
          [
            -111.45354,
            33.89073
          ],
          [
            -111.45362,
            33.8909
          ],
          [
            -111.45366,
            33.89099
          ],
          [
            -111.45373,
            33.89112
          ],
          [
            -111.45375,
            33.89118
          ],
          [
            -111.45381,
            33.89129
          ],
          [
            -111.45396,
            33.89156
          ],
          [
            -111.45409,
            33.89177
          ],
          [
            -111.45411,
            33.89181
          ],
          [
            -111.45412,
            33.89183
          ],
          [
            -111.45416,
            33.89188
          ],
          [
            -111.45423,
            33.89199
          ],
          [
            -111.45433,
            33.89213
          ],
          [
            -111.45442,
            33.89227
          ],
          [
            -111.45468,
            33.89262
          ],
          [
            -111.4547,
            33.89264
          ],
          [
            -111.45475,
            33.8927
          ],
          [
            -111.45482,
            33.8928
          ],
          [
            -111.45495,
            33.89294
          ],
          [
            -111.45502,
            33.89304
          ],
          [
            -111.45516,
            33.8932
          ],
          [
            -111.45531,
            33.89336
          ],
          [
            -111.45534,
            33.89339
          ],
          [
            -111.45557,
            33.89364
          ],
          [
            -111.45574,
            33.89381
          ],
          [
            -111.45597,
            33.89404
          ],
          [
            -111.45636,
            33.89438
          ],
          [
            -111.45663,
            33.89461
          ],
          [
            -111.45676,
            33.89473
          ],
          [
            -111.45689,
            33.89485
          ],
          [
            -111.45704,
            33.89499
          ],
          [
            -111.45714,
            33.89508
          ],
          [
            -111.4572,
            33.89516
          ],
          [
            -111.4573,
            33.89526
          ],
          [
            -111.45735,
            33.89533
          ],
          [
            -111.45744,
            33.89544
          ],
          [
            -111.45749,
            33.89551
          ],
          [
            -111.45753,
            33.89557
          ],
          [
            -111.45755,
            33.8956
          ],
          [
            -111.45762,
            33.8957
          ],
          [
            -111.45763,
            33.89572
          ],
          [
            -111.45765,
            33.89576
          ],
          [
            -111.45768,
            33.89581
          ],
          [
            -111.45773,
            33.8959
          ],
          [
            -111.45778,
            33.896
          ],
          [
            -111.45783,
            33.8961
          ],
          [
            -111.45784,
            33.89614
          ],
          [
            -111.45787,
            33.8962
          ],
          [
            -111.45789,
            33.89626
          ],
          [
            -111.4579,
            33.89629
          ],
          [
            -111.45794,
            33.89639
          ],
          [
            -111.45797,
            33.89649
          ],
          [
            -111.458,
            33.89661
          ],
          [
            -111.45801,
            33.89671
          ],
          [
            -111.45802,
            33.89679
          ],
          [
            -111.45804,
            33.8969
          ],
          [
            -111.45805,
            33.89701
          ],
          [
            -111.45805,
            33.89712
          ],
          [
            -111.45805,
            33.89724
          ],
          [
            -111.45805,
            33.89734
          ],
          [
            -111.45804,
            33.89743
          ],
          [
            -111.45803,
            33.89749
          ],
          [
            -111.45802,
            33.89757
          ],
          [
            -111.45801,
            33.89765
          ],
          [
            -111.458,
            33.89768
          ],
          [
            -111.45799,
            33.89774
          ],
          [
            -111.45799,
            33.89775
          ],
          [
            -111.45796,
            33.89785
          ],
          [
            -111.45792,
            33.898
          ],
          [
            -111.45789,
            33.89808
          ],
          [
            -111.45787,
            33.89815
          ],
          [
            -111.45785,
            33.89819
          ],
          [
            -111.45778,
            33.89836
          ],
          [
            -111.45768,
            33.89856
          ],
          [
            -111.45758,
            33.89873
          ],
          [
            -111.45745,
            33.89892
          ],
          [
            -111.45732,
            33.89909
          ],
          [
            -111.45709,
            33.89935
          ],
          [
            -111.457,
            33.89945
          ],
          [
            -111.45696,
            33.8995
          ],
          [
            -111.45688,
            33.89959
          ],
          [
            -111.45678,
            33.89969
          ],
          [
            -111.45648,
            33.90003
          ],
          [
            -111.45644,
            33.90007
          ],
          [
            -111.45638,
            33.90014
          ],
          [
            -111.45563,
            33.901
          ],
          [
            -111.45546,
            33.90118
          ],
          [
            -111.4554,
            33.90125
          ],
          [
            -111.45533,
            33.90132
          ],
          [
            -111.45524,
            33.90142
          ],
          [
            -111.45519,
            33.90146
          ],
          [
            -111.45508,
            33.90158
          ],
          [
            -111.45505,
            33.9016
          ],
          [
            -111.45504,
            33.90161
          ],
          [
            -111.455,
            33.90165
          ],
          [
            -111.45499,
            33.90165
          ],
          [
            -111.45492,
            33.90172
          ],
          [
            -111.45477,
            33.90185
          ],
          [
            -111.45464,
            33.90195
          ],
          [
            -111.45458,
            33.902
          ],
          [
            -111.45436,
            33.90216
          ],
          [
            -111.45409,
            33.90234
          ],
          [
            -111.45408,
            33.90234
          ],
          [
            -111.45405,
            33.90236
          ],
          [
            -111.45404,
            33.90237
          ],
          [
            -111.45385,
            33.90249
          ],
          [
            -111.45356,
            33.90268
          ],
          [
            -111.45353,
            33.9027
          ],
          [
            -111.45322,
            33.9029
          ],
          [
            -111.45305,
            33.90301
          ],
          [
            -111.45302,
            33.90303
          ],
          [
            -111.45288,
            33.90312
          ],
          [
            -111.45253,
            33.90335
          ],
          [
            -111.45242,
            33.90343
          ],
          [
            -111.45239,
            33.90345
          ],
          [
            -111.45238,
            33.90346
          ],
          [
            -111.45234,
            33.90349
          ],
          [
            -111.45222,
            33.90358
          ],
          [
            -111.45221,
            33.90358
          ],
          [
            -111.45209,
            33.90368
          ],
          [
            -111.45206,
            33.90371
          ],
          [
            -111.45205,
            33.90371
          ],
          [
            -111.45202,
            33.90374
          ],
          [
            -111.45191,
            33.90383
          ],
          [
            -111.45183,
            33.9039
          ],
          [
            -111.45166,
            33.90406
          ],
          [
            -111.45149,
            33.90423
          ],
          [
            -111.45145,
            33.90428
          ],
          [
            -111.45144,
            33.90429
          ],
          [
            -111.45135,
            33.9044
          ],
          [
            -111.45111,
            33.90469
          ],
          [
            -111.45107,
            33.90475
          ],
          [
            -111.45082,
            33.90512
          ],
          [
            -111.4507,
            33.90533
          ],
          [
            -111.45062,
            33.90548
          ],
          [
            -111.45058,
            33.90557
          ],
          [
            -111.45048,
            33.9058
          ],
          [
            -111.45042,
            33.90595
          ],
          [
            -111.45041,
            33.906
          ],
          [
            -111.45035,
            33.90617
          ],
          [
            -111.45034,
            33.90622
          ],
          [
            -111.4503,
            33.90634
          ],
          [
            -111.45028,
            33.90642
          ],
          [
            -111.45023,
            33.90664
          ],
          [
            -111.45022,
            33.9067
          ],
          [
            -111.45019,
            33.90687
          ],
          [
            -111.45018,
            33.90693
          ],
          [
            -111.45017,
            33.90705
          ],
          [
            -111.45016,
            33.90716
          ],
          [
            -111.45016,
            33.90723
          ],
          [
            -111.45015,
            33.90741
          ],
          [
            -111.45015,
            33.9075
          ],
          [
            -111.45015,
            33.90759
          ],
          [
            -111.45015,
            33.90762
          ],
          [
            -111.45015,
            33.90773
          ],
          [
            -111.45016,
            33.90777
          ],
          [
            -111.45017,
            33.90795
          ],
          [
            -111.45019,
            33.90813
          ],
          [
            -111.4502,
            33.90817
          ],
          [
            -111.45024,
            33.90839
          ],
          [
            -111.45025,
            33.90849
          ],
          [
            -111.45028,
            33.90861
          ],
          [
            -111.45031,
            33.90881
          ],
          [
            -111.45032,
            33.90885
          ],
          [
            -111.45035,
            33.90902
          ],
          [
            -111.45036,
            33.90905
          ],
          [
            -111.45038,
            33.90915
          ],
          [
            -111.45038,
            33.90919
          ],
          [
            -111.45039,
            33.9092
          ],
          [
            -111.45039,
            33.90922
          ],
          [
            -111.4504,
            33.90926
          ],
          [
            -111.45042,
            33.90937
          ],
          [
            -111.45043,
            33.90942
          ],
          [
            -111.45044,
            33.90952
          ],
          [
            -111.45049,
            33.90974
          ],
          [
            -111.4505,
            33.90981
          ],
          [
            -111.45052,
            33.90991
          ],
          [
            -111.45055,
            33.91008
          ],
          [
            -111.45062,
            33.91045
          ],
          [
            -111.45065,
            33.91063
          ],
          [
            -111.45072,
            33.91098
          ],
          [
            -111.45075,
            33.91114
          ],
          [
            -111.4508,
            33.91144
          ],
          [
            -111.45084,
            33.91164
          ],
          [
            -111.45084,
            33.91166
          ],
          [
            -111.45085,
            33.91168
          ],
          [
            -111.45085,
            33.91169
          ],
          [
            -111.45088,
            33.91188
          ],
          [
            -111.45093,
            33.9121
          ],
          [
            -111.45096,
            33.91225
          ],
          [
            -111.45103,
            33.91252
          ],
          [
            -111.45109,
            33.91274
          ],
          [
            -111.45115,
            33.91294
          ],
          [
            -111.45122,
            33.91316
          ],
          [
            -111.45127,
            33.9133
          ],
          [
            -111.4513,
            33.91338
          ],
          [
            -111.45133,
            33.91347
          ],
          [
            -111.45138,
            33.9136
          ],
          [
            -111.4514,
            33.91364
          ],
          [
            -111.45147,
            33.9138
          ],
          [
            -111.4515,
            33.91388
          ],
          [
            -111.45157,
            33.91403
          ],
          [
            -111.45159,
            33.91408
          ],
          [
            -111.45162,
            33.91414
          ],
          [
            -111.4517,
            33.91431
          ],
          [
            -111.45171,
            33.91433
          ],
          [
            -111.45179,
            33.91448
          ],
          [
            -111.45186,
            33.91462
          ],
          [
            -111.45188,
            33.91464
          ],
          [
            -111.45198,
            33.91483
          ],
          [
            -111.45206,
            33.91497
          ],
          [
            -111.45215,
            33.91511
          ],
          [
            -111.45223,
            33.91523
          ],
          [
            -111.45227,
            33.9153
          ],
          [
            -111.4524,
            33.91548
          ],
          [
            -111.45248,
            33.9156
          ],
          [
            -111.45261,
            33.91578
          ],
          [
            -111.45276,
            33.91599
          ],
          [
            -111.45289,
            33.91616
          ],
          [
            -111.45303,
            33.91634
          ],
          [
            -111.45304,
            33.91636
          ],
          [
            -111.45317,
            33.91653
          ],
          [
            -111.45332,
            33.91672
          ],
          [
            -111.45346,
            33.91689
          ],
          [
            -111.45349,
            33.91694
          ],
          [
            -111.45358,
            33.91706
          ],
          [
            -111.45361,
            33.9171
          ],
          [
            -111.45374,
            33.91728
          ],
          [
            -111.45389,
            33.91747
          ],
          [
            -111.45405,
            33.91767
          ],
          [
            -111.45419,
            33.91786
          ],
          [
            -111.45431,
            33.91804
          ],
          [
            -111.45437,
            33.91813
          ],
          [
            -111.45455,
            33.9184
          ],
          [
            -111.45466,
            33.91859
          ],
          [
            -111.45471,
            33.91868
          ],
          [
            -111.45477,
            33.91881
          ],
          [
            -111.45482,
            33.9189
          ],
          [
            -111.45483,
            33.91894
          ],
          [
            -111.45485,
            33.91898
          ],
          [
            -111.45486,
            33.91902
          ],
          [
            -111.45489,
            33.9191
          ],
          [
            -111.45492,
            33.91919
          ],
          [
            -111.45496,
            33.91931
          ],
          [
            -111.45498,
            33.91936
          ],
          [
            -111.45502,
            33.91953
          ],
          [
            -111.45507,
            33.91974
          ],
          [
            -111.45508,
            33.91982
          ],
          [
            -111.45508,
            33.91986
          ],
          [
            -111.45509,
            33.91989
          ],
          [
            -111.4551,
            33.91994
          ],
          [
            -111.4551,
            33.92007
          ],
          [
            -111.45511,
            33.92018
          ],
          [
            -111.4551,
            33.9204
          ],
          [
            -111.45508,
            33.92063
          ],
          [
            -111.45506,
            33.92076
          ],
          [
            -111.45504,
            33.92082
          ],
          [
            -111.45502,
            33.92092
          ],
          [
            -111.455,
            33.92103
          ],
          [
            -111.45493,
            33.92124
          ],
          [
            -111.45486,
            33.92139
          ],
          [
            -111.45478,
            33.92154
          ],
          [
            -111.45473,
            33.92164
          ],
          [
            -111.45463,
            33.92181
          ],
          [
            -111.45451,
            33.92202
          ],
          [
            -111.4544,
            33.92216
          ],
          [
            -111.45438,
            33.92219
          ],
          [
            -111.45434,
            33.92224
          ],
          [
            -111.45429,
            33.9223
          ],
          [
            -111.45425,
            33.92234
          ],
          [
            -111.45417,
            33.92243
          ],
          [
            -111.45406,
            33.92255
          ],
          [
            -111.45396,
            33.92265
          ],
          [
            -111.45384,
            33.92275
          ],
          [
            -111.4538,
            33.92279
          ],
          [
            -111.45379,
            33.9228
          ],
          [
            -111.45369,
            33.92288
          ],
          [
            -111.45363,
            33.92292
          ],
          [
            -111.45353,
            33.923
          ],
          [
            -111.45346,
            33.92304
          ],
          [
            -111.45334,
            33.92313
          ],
          [
            -111.4532,
            33.92321
          ],
          [
            -111.45302,
            33.92331
          ],
          [
            -111.45286,
            33.92339
          ],
          [
            -111.45275,
            33.92345
          ],
          [
            -111.45265,
            33.92349
          ],
          [
            -111.45264,
            33.9235
          ],
          [
            -111.45263,
            33.9235
          ],
          [
            -111.45244,
            33.92358
          ],
          [
            -111.4524,
            33.92359
          ],
          [
            -111.45214,
            33.92369
          ],
          [
            -111.4519,
            33.92378
          ],
          [
            -111.45177,
            33.92383
          ],
          [
            -111.45165,
            33.92387
          ],
          [
            -111.45153,
            33.92392
          ],
          [
            -111.45126,
            33.92402
          ],
          [
            -111.45091,
            33.92415
          ],
          [
            -111.45071,
            33.92422
          ],
          [
            -111.45067,
            33.92424
          ],
          [
            -111.45054,
            33.92429
          ],
          [
            -111.45035,
            33.92437
          ],
          [
            -111.45033,
            33.92438
          ],
          [
            -111.45009,
            33.92448
          ],
          [
            -111.44992,
            33.92456
          ],
          [
            -111.44988,
            33.92458
          ],
          [
            -111.44965,
            33.92469
          ],
          [
            -111.44942,
            33.9248
          ],
          [
            -111.44919,
            33.92492
          ],
          [
            -111.44918,
            33.92493
          ],
          [
            -111.44904,
            33.925
          ],
          [
            -111.44902,
            33.92502
          ],
          [
            -111.449,
            33.92503
          ],
          [
            -111.44899,
            33.92503
          ],
          [
            -111.44897,
            33.92504
          ],
          [
            -111.44884,
            33.92512
          ],
          [
            -111.44882,
            33.92513
          ],
          [
            -111.44874,
            33.92517
          ],
          [
            -111.44853,
            33.9253
          ],
          [
            -111.44831,
            33.92543
          ],
          [
            -111.44829,
            33.92544
          ],
          [
            -111.44807,
            33.92557
          ],
          [
            -111.44787,
            33.92569
          ],
          [
            -111.44766,
            33.92582
          ],
          [
            -111.44748,
            33.92592
          ],
          [
            -111.44729,
            33.92604
          ],
          [
            -111.44708,
            33.92617
          ],
          [
            -111.44693,
            33.92625
          ],
          [
            -111.4469,
            33.92627
          ],
          [
            -111.44688,
            33.92628
          ],
          [
            -111.44684,
            33.92631
          ],
          [
            -111.44677,
            33.92635
          ],
          [
            -111.44672,
            33.92638
          ],
          [
            -111.4467,
            33.92639
          ],
          [
            -111.44666,
            33.92641
          ],
          [
            -111.44658,
            33.92646
          ],
          [
            -111.44651,
            33.9265
          ],
          [
            -111.44635,
            33.9266
          ],
          [
            -111.44622,
            33.92668
          ],
          [
            -111.4462,
            33.9267
          ],
          [
            -111.44619,
            33.9267
          ],
          [
            -111.44618,
            33.92671
          ],
          [
            -111.44603,
            33.92681
          ],
          [
            -111.44601,
            33.92682
          ],
          [
            -111.44599,
            33.92684
          ],
          [
            -111.44586,
            33.92692
          ],
          [
            -111.44584,
            33.92693
          ],
          [
            -111.44579,
            33.92697
          ],
          [
            -111.44569,
            33.92704
          ],
          [
            -111.44556,
            33.92714
          ],
          [
            -111.44551,
            33.92717
          ],
          [
            -111.44548,
            33.9272
          ],
          [
            -111.44535,
            33.92729
          ],
          [
            -111.44529,
            33.92734
          ],
          [
            -111.44522,
            33.9274
          ],
          [
            -111.4452,
            33.92742
          ],
          [
            -111.44516,
            33.92745
          ],
          [
            -111.44509,
            33.9275
          ],
          [
            -111.44506,
            33.92753
          ],
          [
            -111.44504,
            33.92754
          ],
          [
            -111.44493,
            33.92764
          ],
          [
            -111.44491,
            33.92766
          ],
          [
            -111.44478,
            33.92777
          ],
          [
            -111.44474,
            33.9278
          ],
          [
            -111.44473,
            33.92782
          ],
          [
            -111.44462,
            33.92792
          ],
          [
            -111.4446,
            33.92794
          ],
          [
            -111.44454,
            33.92799
          ],
          [
            -111.44446,
            33.92807
          ],
          [
            -111.44429,
            33.92824
          ],
          [
            -111.44405,
            33.9285
          ],
          [
            -111.44405,
            33.92851
          ],
          [
            -111.44394,
            33.92863
          ],
          [
            -111.44393,
            33.92864
          ],
          [
            -111.44387,
            33.92871
          ],
          [
            -111.44382,
            33.92877
          ],
          [
            -111.4438,
            33.92879
          ],
          [
            -111.44378,
            33.92882
          ],
          [
            -111.44372,
            33.92888
          ],
          [
            -111.44371,
            33.9289
          ],
          [
            -111.4437,
            33.92892
          ],
          [
            -111.44357,
            33.92908
          ],
          [
            -111.44345,
            33.92925
          ],
          [
            -111.44339,
            33.92934
          ],
          [
            -111.44334,
            33.9294
          ],
          [
            -111.44325,
            33.92953
          ],
          [
            -111.44325,
            33.92954
          ],
          [
            -111.44324,
            33.92956
          ],
          [
            -111.44321,
            33.92961
          ],
          [
            -111.44315,
            33.9297
          ],
          [
            -111.44313,
            33.92972
          ],
          [
            -111.44311,
            33.92975
          ],
          [
            -111.44306,
            33.92983
          ],
          [
            -111.44305,
            33.92986
          ],
          [
            -111.44304,
            33.92988
          ],
          [
            -111.44295,
            33.93003
          ],
          [
            -111.44285,
            33.9302
          ],
          [
            -111.44282,
            33.93026
          ],
          [
            -111.44279,
            33.93032
          ],
          [
            -111.44278,
            33.93035
          ],
          [
            -111.44272,
            33.93046
          ],
          [
            -111.4427,
            33.93049
          ],
          [
            -111.44269,
            33.93051
          ],
          [
            -111.44268,
            33.93054
          ],
          [
            -111.44258,
            33.93076
          ],
          [
            -111.44246,
            33.93104
          ],
          [
            -111.4424,
            33.93118
          ],
          [
            -111.44223,
            33.9316
          ],
          [
            -111.44197,
            33.93223
          ],
          [
            -111.44189,
            33.93243
          ],
          [
            -111.44183,
            33.93258
          ],
          [
            -111.44164,
            33.93307
          ],
          [
            -111.44156,
            33.93326
          ],
          [
            -111.44151,
            33.93337
          ],
          [
            -111.44139,
            33.93368
          ],
          [
            -111.44128,
            33.93394
          ],
          [
            -111.44127,
            33.93397
          ],
          [
            -111.44117,
            33.93421
          ],
          [
            -111.44116,
            33.93423
          ],
          [
            -111.44115,
            33.93426
          ],
          [
            -111.44114,
            33.93428
          ],
          [
            -111.44111,
            33.93435
          ],
          [
            -111.44105,
            33.93449
          ],
          [
            -111.441,
            33.93462
          ],
          [
            -111.44096,
            33.93473
          ],
          [
            -111.44087,
            33.93494
          ],
          [
            -111.44079,
            33.93515
          ],
          [
            -111.44073,
            33.9353
          ],
          [
            -111.44067,
            33.93544
          ],
          [
            -111.44059,
            33.93565
          ],
          [
            -111.4405,
            33.93587
          ],
          [
            -111.44045,
            33.93599
          ],
          [
            -111.44042,
            33.93609
          ],
          [
            -111.44035,
            33.93629
          ],
          [
            -111.4403,
            33.93646
          ],
          [
            -111.44029,
            33.93651
          ],
          [
            -111.44027,
            33.93659
          ],
          [
            -111.44026,
            33.93664
          ],
          [
            -111.44024,
            33.93674
          ],
          [
            -111.44022,
            33.93686
          ],
          [
            -111.44019,
            33.93704
          ],
          [
            -111.44019,
            33.93707
          ],
          [
            -111.44017,
            33.93728
          ],
          [
            -111.44016,
            33.93749
          ],
          [
            -111.44017,
            33.93768
          ],
          [
            -111.44019,
            33.93793
          ],
          [
            -111.44021,
            33.93811
          ],
          [
            -111.44022,
            33.93817
          ],
          [
            -111.44024,
            33.93829
          ],
          [
            -111.4403,
            33.93856
          ],
          [
            -111.44038,
            33.93883
          ],
          [
            -111.44038,
            33.93884
          ],
          [
            -111.44045,
            33.93901
          ],
          [
            -111.44046,
            33.93903
          ],
          [
            -111.4405,
            33.93914
          ],
          [
            -111.44058,
            33.93933
          ],
          [
            -111.44059,
            33.93935
          ],
          [
            -111.44067,
            33.93952
          ],
          [
            -111.44069,
            33.93955
          ],
          [
            -111.44081,
            33.93979
          ],
          [
            -111.44084,
            33.93985
          ],
          [
            -111.44089,
            33.93995
          ],
          [
            -111.44092,
            33.94001
          ],
          [
            -111.44093,
            33.94004
          ],
          [
            -111.44104,
            33.94025
          ],
          [
            -111.44109,
            33.94035
          ],
          [
            -111.44119,
            33.94055
          ],
          [
            -111.4413,
            33.94077
          ],
          [
            -111.44134,
            33.94085
          ],
          [
            -111.4414,
            33.94096
          ],
          [
            -111.44151,
            33.9412
          ],
          [
            -111.44159,
            33.94134
          ],
          [
            -111.44161,
            33.94138
          ],
          [
            -111.44171,
            33.9416
          ],
          [
            -111.44185,
            33.94188
          ],
          [
            -111.44189,
            33.94195
          ],
          [
            -111.44192,
            33.94201
          ],
          [
            -111.44196,
            33.94209
          ],
          [
            -111.442,
            33.94218
          ],
          [
            -111.44204,
            33.94228
          ],
          [
            -111.44209,
            33.9424
          ],
          [
            -111.44216,
            33.94258
          ],
          [
            -111.44218,
            33.94266
          ],
          [
            -111.44219,
            33.94269
          ],
          [
            -111.44222,
            33.94283
          ],
          [
            -111.44226,
            33.94303
          ],
          [
            -111.44229,
            33.94324
          ],
          [
            -111.4423,
            33.9434
          ],
          [
            -111.4423,
            33.94345
          ],
          [
            -111.44229,
            33.9437
          ],
          [
            -111.44227,
            33.94383
          ],
          [
            -111.44224,
            33.944
          ],
          [
            -111.44222,
            33.94411
          ],
          [
            -111.44218,
            33.94425
          ],
          [
            -111.44212,
            33.94443
          ],
          [
            -111.44204,
            33.94463
          ],
          [
            -111.44195,
            33.9448
          ],
          [
            -111.44194,
            33.94483
          ],
          [
            -111.44182,
            33.94503
          ],
          [
            -111.44168,
            33.94522
          ],
          [
            -111.44152,
            33.94541
          ],
          [
            -111.44143,
            33.94551
          ],
          [
            -111.44128,
            33.94565
          ],
          [
            -111.44109,
            33.94581
          ],
          [
            -111.4409,
            33.94595
          ],
          [
            -111.44059,
            33.94615
          ],
          [
            -111.44036,
            33.94627
          ],
          [
            -111.44022,
            33.94633
          ],
          [
            -111.44001,
            33.94642
          ],
          [
            -111.43976,
            33.94651
          ],
          [
            -111.4395,
            33.94658
          ],
          [
            -111.43925,
            33.94663
          ],
          [
            -111.43902,
            33.94667
          ],
          [
            -111.43901,
            33.94667
          ],
          [
            -111.439,
            33.94667
          ],
          [
            -111.43897,
            33.94668
          ],
          [
            -111.43879,
            33.94669
          ],
          [
            -111.43876,
            33.9467
          ],
          [
            -111.43851,
            33.94671
          ],
          [
            -111.43825,
            33.94671
          ],
          [
            -111.43797,
            33.94669
          ],
          [
            -111.43771,
            33.94667
          ],
          [
            -111.43745,
            33.94662
          ],
          [
            -111.4373,
            33.94659
          ],
          [
            -111.43726,
            33.94659
          ],
          [
            -111.4367,
            33.94647
          ],
          [
            -111.43629,
            33.94639
          ],
          [
            -111.43604,
            33.94634
          ],
          [
            -111.436,
            33.94633
          ],
          [
            -111.43583,
            33.94629
          ],
          [
            -111.4355,
            33.94623
          ],
          [
            -111.43499,
            33.94612
          ],
          [
            -111.43485,
            33.94609
          ],
          [
            -111.4346,
            33.94604
          ],
          [
            -111.43457,
            33.94603
          ],
          [
            -111.43454,
            33.94603
          ],
          [
            -111.43452,
            33.94602
          ],
          [
            -111.43437,
            33.946
          ],
          [
            -111.43435,
            33.94599
          ],
          [
            -111.43412,
            33.94595
          ],
          [
            -111.43402,
            33.94593
          ],
          [
            -111.43384,
            33.94591
          ],
          [
            -111.43357,
            33.94587
          ],
          [
            -111.4333,
            33.94583
          ],
          [
            -111.43263,
            33.94577
          ],
          [
            -111.43213,
            33.94574
          ],
          [
            -111.43184,
            33.94573
          ],
          [
            -111.43144,
            33.94572
          ],
          [
            -111.43109,
            33.94572
          ],
          [
            -111.43068,
            33.94573
          ],
          [
            -111.43045,
            33.94574
          ],
          [
            -111.43029,
            33.94575
          ],
          [
            -111.42999,
            33.94577
          ],
          [
            -111.4299,
            33.94578
          ],
          [
            -111.42964,
            33.9458
          ],
          [
            -111.42923,
            33.94585
          ],
          [
            -111.42903,
            33.94588
          ],
          [
            -111.42882,
            33.94591
          ],
          [
            -111.42856,
            33.94595
          ],
          [
            -111.42779,
            33.94608
          ],
          [
            -111.42732,
            33.94616
          ],
          [
            -111.42697,
            33.94623
          ],
          [
            -111.42634,
            33.94637
          ],
          [
            -111.42602,
            33.94646
          ],
          [
            -111.42557,
            33.94659
          ],
          [
            -111.42536,
            33.94665
          ],
          [
            -111.42512,
            33.94673
          ],
          [
            -111.42502,
            33.94677
          ],
          [
            -111.42498,
            33.94678
          ],
          [
            -111.42489,
            33.94681
          ],
          [
            -111.42482,
            33.94684
          ],
          [
            -111.42462,
            33.94691
          ],
          [
            -111.42428,
            33.94704
          ],
          [
            -111.42367,
            33.9473
          ],
          [
            -111.42303,
            33.94761
          ],
          [
            -111.42236,
            33.94797
          ],
          [
            -111.42214,
            33.94811
          ],
          [
            -111.42166,
            33.94841
          ],
          [
            -111.42149,
            33.94852
          ],
          [
            -111.42133,
            33.94864
          ],
          [
            -111.42116,
            33.94875
          ],
          [
            -111.42082,
            33.94897
          ],
          [
            -111.42054,
            33.94914
          ],
          [
            -111.42047,
            33.94919
          ],
          [
            -111.42037,
            33.94925
          ],
          [
            -111.4202,
            33.94936
          ],
          [
            -111.42016,
            33.94939
          ],
          [
            -111.42002,
            33.94946
          ],
          [
            -111.41995,
            33.9495
          ],
          [
            -111.41975,
            33.94961
          ],
          [
            -111.41966,
            33.94965
          ],
          [
            -111.41953,
            33.94971
          ],
          [
            -111.41949,
            33.94973
          ],
          [
            -111.41939,
            33.94978
          ],
          [
            -111.41928,
            33.94982
          ],
          [
            -111.41925,
            33.94983
          ],
          [
            -111.41923,
            33.94984
          ],
          [
            -111.41919,
            33.94986
          ],
          [
            -111.4191,
            33.94989
          ],
          [
            -111.41909,
            33.9499
          ],
          [
            -111.41902,
            33.94992
          ],
          [
            -111.41888,
            33.94997
          ],
          [
            -111.41848,
            33.95011
          ],
          [
            -111.41809,
            33.95026
          ],
          [
            -111.41803,
            33.95028
          ],
          [
            -111.41748,
            33.9505
          ],
          [
            -111.41712,
            33.95066
          ],
          [
            -111.41696,
            33.95073
          ],
          [
            -111.41684,
            33.95079
          ],
          [
            -111.41678,
            33.95081
          ],
          [
            -111.41677,
            33.95082
          ],
          [
            -111.41664,
            33.95088
          ],
          [
            -111.41637,
            33.951
          ],
          [
            -111.41617,
            33.95109
          ],
          [
            -111.41612,
            33.95111
          ],
          [
            -111.41608,
            33.95113
          ],
          [
            -111.41579,
            33.95126
          ],
          [
            -111.41504,
            33.95161
          ],
          [
            -111.41466,
            33.95179
          ],
          [
            -111.41371,
            33.95223
          ],
          [
            -111.41352,
            33.95231
          ],
          [
            -111.41315,
            33.95249
          ],
          [
            -111.41239,
            33.95284
          ],
          [
            -111.41236,
            33.95285
          ],
          [
            -111.41229,
            33.95289
          ],
          [
            -111.4122,
            33.95293
          ],
          [
            -111.41217,
            33.95294
          ],
          [
            -111.41164,
            33.95319
          ],
          [
            -111.41158,
            33.95322
          ],
          [
            -111.41146,
            33.95328
          ],
          [
            -111.4112,
            33.95341
          ],
          [
            -111.411,
            33.95352
          ],
          [
            -111.4109,
            33.95358
          ],
          [
            -111.41077,
            33.95367
          ],
          [
            -111.41074,
            33.95369
          ],
          [
            -111.41073,
            33.9537
          ],
          [
            -111.41065,
            33.95376
          ],
          [
            -111.41063,
            33.95377
          ],
          [
            -111.41057,
            33.95382
          ],
          [
            -111.41048,
            33.95388
          ],
          [
            -111.41043,
            33.95394
          ],
          [
            -111.41027,
            33.95408
          ],
          [
            -111.41023,
            33.95412
          ],
          [
            -111.41008,
            33.9543
          ],
          [
            -111.40999,
            33.95442
          ],
          [
            -111.40998,
            33.95444
          ],
          [
            -111.40992,
            33.95453
          ],
          [
            -111.40991,
            33.95455
          ],
          [
            -111.4099,
            33.95457
          ],
          [
            -111.40988,
            33.95461
          ],
          [
            -111.40987,
            33.95462
          ],
          [
            -111.40982,
            33.95472
          ],
          [
            -111.40976,
            33.95483
          ],
          [
            -111.40971,
            33.95494
          ],
          [
            -111.40966,
            33.95508
          ],
          [
            -111.40958,
            33.95529
          ],
          [
            -111.40954,
            33.95539
          ],
          [
            -111.40946,
            33.9556
          ],
          [
            -111.40934,
            33.95583
          ],
          [
            -111.40919,
            33.95613
          ],
          [
            -111.4091,
            33.95635
          ],
          [
            -111.40908,
            33.95637
          ],
          [
            -111.409,
            33.95653
          ],
          [
            -111.40893,
            33.95668
          ],
          [
            -111.40892,
            33.95669
          ],
          [
            -111.40887,
            33.95678
          ],
          [
            -111.40882,
            33.95684
          ],
          [
            -111.4088,
            33.95686
          ],
          [
            -111.40871,
            33.95697
          ],
          [
            -111.40869,
            33.95699
          ],
          [
            -111.40861,
            33.95707
          ],
          [
            -111.40852,
            33.95717
          ],
          [
            -111.40841,
            33.95728
          ],
          [
            -111.40828,
            33.95738
          ],
          [
            -111.40816,
            33.95746
          ],
          [
            -111.40803,
            33.95754
          ],
          [
            -111.40786,
            33.95763
          ],
          [
            -111.40766,
            33.95773
          ],
          [
            -111.40738,
            33.95784
          ],
          [
            -111.40715,
            33.95792
          ],
          [
            -111.40676,
            33.95803
          ],
          [
            -111.40611,
            33.95822
          ],
          [
            -111.40537,
            33.95842
          ],
          [
            -111.40469,
            33.95861
          ],
          [
            -111.40447,
            33.95866
          ],
          [
            -111.40441,
            33.95867
          ],
          [
            -111.40426,
            33.9587
          ],
          [
            -111.40425,
            33.9587
          ],
          [
            -111.40424,
            33.9587
          ],
          [
            -111.40411,
            33.95872
          ],
          [
            -111.40405,
            33.95873
          ],
          [
            -111.40404,
            33.95873
          ],
          [
            -111.40383,
            33.95875
          ],
          [
            -111.40379,
            33.95876
          ],
          [
            -111.4034,
            33.95879
          ],
          [
            -111.40332,
            33.9588
          ],
          [
            -111.40317,
            33.95881
          ],
          [
            -111.40315,
            33.95881
          ],
          [
            -111.403,
            33.95883
          ],
          [
            -111.40297,
            33.95883
          ],
          [
            -111.40286,
            33.95884
          ],
          [
            -111.40264,
            33.95886
          ],
          [
            -111.40253,
            33.95887
          ],
          [
            -111.4025,
            33.95887
          ],
          [
            -111.40236,
            33.95888
          ],
          [
            -111.40232,
            33.95889
          ],
          [
            -111.40229,
            33.95889
          ],
          [
            -111.40223,
            33.9589
          ],
          [
            -111.40211,
            33.95892
          ],
          [
            -111.40195,
            33.95894
          ],
          [
            -111.40186,
            33.95896
          ],
          [
            -111.40168,
            33.959
          ],
          [
            -111.40165,
            33.959
          ],
          [
            -111.40147,
            33.95905
          ],
          [
            -111.40139,
            33.95908
          ],
          [
            -111.40127,
            33.95911
          ],
          [
            -111.40124,
            33.95912
          ],
          [
            -111.40113,
            33.95917
          ],
          [
            -111.40108,
            33.95919
          ],
          [
            -111.40107,
            33.95919
          ],
          [
            -111.40105,
            33.9592
          ],
          [
            -111.40091,
            33.95926
          ],
          [
            -111.40088,
            33.95927
          ],
          [
            -111.40071,
            33.95935
          ],
          [
            -111.40051,
            33.95946
          ],
          [
            -111.40045,
            33.95949
          ],
          [
            -111.4002,
            33.95962
          ],
          [
            -111.39999,
            33.95973
          ],
          [
            -111.39996,
            33.95975
          ],
          [
            -111.39994,
            33.95976
          ],
          [
            -111.39984,
            33.95981
          ],
          [
            -111.39978,
            33.95985
          ],
          [
            -111.39976,
            33.95986
          ],
          [
            -111.39965,
            33.95992
          ],
          [
            -111.39948,
            33.96
          ],
          [
            -111.39929,
            33.96009
          ],
          [
            -111.3991,
            33.96017
          ],
          [
            -111.399,
            33.96021
          ],
          [
            -111.39894,
            33.96023
          ],
          [
            -111.39883,
            33.96026
          ],
          [
            -111.39877,
            33.96028
          ],
          [
            -111.39859,
            33.96033
          ],
          [
            -111.39852,
            33.96035
          ],
          [
            -111.39819,
            33.96041
          ],
          [
            -111.39807,
            33.96042
          ],
          [
            -111.39799,
            33.96043
          ],
          [
            -111.39788,
            33.96044
          ],
          [
            -111.39765,
            33.96045
          ],
          [
            -111.3974,
            33.96046
          ],
          [
            -111.39734,
            33.96046
          ],
          [
            -111.39727,
            33.96046
          ],
          [
            -111.39714,
            33.96046
          ],
          [
            -111.39704,
            33.96046
          ],
          [
            -111.39686,
            33.96045
          ],
          [
            -111.39648,
            33.96045
          ],
          [
            -111.39647,
            33.96045
          ],
          [
            -111.39643,
            33.96045
          ],
          [
            -111.39635,
            33.96045
          ],
          [
            -111.39626,
            33.96045
          ],
          [
            -111.39607,
            33.96045
          ],
          [
            -111.39583,
            33.96045
          ],
          [
            -111.39582,
            33.96045
          ],
          [
            -111.39575,
            33.96044
          ],
          [
            -111.39561,
            33.96044
          ],
          [
            -111.39553,
            33.96044
          ],
          [
            -111.39541,
            33.96044
          ],
          [
            -111.39492,
            33.96043
          ],
          [
            -111.39445,
            33.96044
          ],
          [
            -111.39431,
            33.96044
          ],
          [
            -111.39426,
            33.96045
          ],
          [
            -111.39409,
            33.96046
          ],
          [
            -111.39406,
            33.96046
          ],
          [
            -111.39402,
            33.96047
          ],
          [
            -111.39383,
            33.9605
          ],
          [
            -111.39368,
            33.96052
          ],
          [
            -111.39345,
            33.96058
          ],
          [
            -111.39325,
            33.96064
          ],
          [
            -111.39319,
            33.96066
          ],
          [
            -111.39297,
            33.96075
          ],
          [
            -111.39283,
            33.96081
          ],
          [
            -111.39266,
            33.9609
          ],
          [
            -111.39252,
            33.96099
          ],
          [
            -111.39243,
            33.96105
          ],
          [
            -111.39236,
            33.9611
          ],
          [
            -111.39229,
            33.96116
          ],
          [
            -111.39222,
            33.96121
          ],
          [
            -111.39212,
            33.9613
          ],
          [
            -111.39202,
            33.96139
          ],
          [
            -111.39189,
            33.96152
          ],
          [
            -111.39178,
            33.96165
          ],
          [
            -111.3917,
            33.96175
          ],
          [
            -111.39158,
            33.96193
          ],
          [
            -111.39146,
            33.96211
          ],
          [
            -111.39137,
            33.96224
          ],
          [
            -111.39134,
            33.96229
          ],
          [
            -111.39126,
            33.96241
          ],
          [
            -111.39124,
            33.96244
          ],
          [
            -111.39118,
            33.96252
          ],
          [
            -111.39113,
            33.9626
          ],
          [
            -111.39107,
            33.96269
          ],
          [
            -111.39103,
            33.96276
          ],
          [
            -111.391,
            33.9628
          ],
          [
            -111.39092,
            33.96291
          ],
          [
            -111.3908,
            33.96307
          ],
          [
            -111.39072,
            33.96317
          ],
          [
            -111.39063,
            33.96326
          ],
          [
            -111.39057,
            33.96334
          ],
          [
            -111.39055,
            33.96335
          ],
          [
            -111.39043,
            33.96348
          ],
          [
            -111.39039,
            33.96351
          ],
          [
            -111.39029,
            33.9636
          ],
          [
            -111.38997,
            33.96386
          ],
          [
            -111.38963,
            33.9641
          ],
          [
            -111.38948,
            33.96422
          ],
          [
            -111.38944,
            33.96425
          ],
          [
            -111.38924,
            33.9644
          ],
          [
            -111.38912,
            33.9645
          ],
          [
            -111.38902,
            33.96459
          ],
          [
            -111.38896,
            33.96464
          ],
          [
            -111.38887,
            33.96473
          ],
          [
            -111.38886,
            33.96475
          ],
          [
            -111.38884,
            33.96477
          ],
          [
            -111.38877,
            33.96483
          ],
          [
            -111.38874,
            33.96487
          ],
          [
            -111.38864,
            33.96499
          ],
          [
            -111.38861,
            33.96502
          ],
          [
            -111.38854,
            33.96511
          ],
          [
            -111.3885,
            33.96517
          ],
          [
            -111.38843,
            33.96528
          ],
          [
            -111.38831,
            33.96548
          ],
          [
            -111.3883,
            33.96549
          ],
          [
            -111.38823,
            33.96563
          ],
          [
            -111.38822,
            33.96566
          ],
          [
            -111.38817,
            33.96579
          ],
          [
            -111.38811,
            33.96593
          ],
          [
            -111.38809,
            33.96601
          ],
          [
            -111.38806,
            33.96614
          ],
          [
            -111.38801,
            33.96634
          ],
          [
            -111.388,
            33.96641
          ],
          [
            -111.38798,
            33.96653
          ],
          [
            -111.38798,
            33.96654
          ],
          [
            -111.38798,
            33.96656
          ],
          [
            -111.38794,
            33.9669
          ],
          [
            -111.38792,
            33.96707
          ],
          [
            -111.38792,
            33.96712
          ],
          [
            -111.38789,
            33.96738
          ],
          [
            -111.38783,
            33.96777
          ],
          [
            -111.38782,
            33.96778
          ],
          [
            -111.38781,
            33.96788
          ],
          [
            -111.38779,
            33.96796
          ],
          [
            -111.38776,
            33.96809
          ],
          [
            -111.38773,
            33.96821
          ],
          [
            -111.38772,
            33.96827
          ],
          [
            -111.38769,
            33.96833
          ],
          [
            -111.38768,
            33.96837
          ],
          [
            -111.38765,
            33.96847
          ],
          [
            -111.38753,
            33.96878
          ],
          [
            -111.38742,
            33.96905
          ],
          [
            -111.38737,
            33.96917
          ],
          [
            -111.38731,
            33.96929
          ],
          [
            -111.38729,
            33.96933
          ],
          [
            -111.38728,
            33.96935
          ],
          [
            -111.38722,
            33.96946
          ],
          [
            -111.38721,
            33.96948
          ],
          [
            -111.3872,
            33.96949
          ],
          [
            -111.38719,
            33.96951
          ],
          [
            -111.38717,
            33.96955
          ],
          [
            -111.38713,
            33.96962
          ],
          [
            -111.3871,
            33.96967
          ],
          [
            -111.38699,
            33.96984
          ],
          [
            -111.38691,
            33.96996
          ],
          [
            -111.38687,
            33.97002
          ],
          [
            -111.38682,
            33.97009
          ],
          [
            -111.38681,
            33.97011
          ],
          [
            -111.3868,
            33.97013
          ],
          [
            -111.38678,
            33.97015
          ],
          [
            -111.38675,
            33.97019
          ],
          [
            -111.38671,
            33.97025
          ],
          [
            -111.38665,
            33.97032
          ],
          [
            -111.38656,
            33.97043
          ],
          [
            -111.3865,
            33.9705
          ],
          [
            -111.38634,
            33.97067
          ],
          [
            -111.38633,
            33.97069
          ],
          [
            -111.38631,
            33.9707
          ],
          [
            -111.3863,
            33.97072
          ],
          [
            -111.38609,
            33.97093
          ],
          [
            -111.38598,
            33.97104
          ],
          [
            -111.38568,
            33.97132
          ],
          [
            -111.38553,
            33.97146
          ],
          [
            -111.38541,
            33.97157
          ],
          [
            -111.38529,
            33.97168
          ],
          [
            -111.38515,
            33.97182
          ],
          [
            -111.38498,
            33.97199
          ],
          [
            -111.38493,
            33.97206
          ],
          [
            -111.38486,
            33.97214
          ],
          [
            -111.38476,
            33.97227
          ],
          [
            -111.38464,
            33.97244
          ],
          [
            -111.38454,
            33.9726
          ],
          [
            -111.38449,
            33.97268
          ],
          [
            -111.38444,
            33.97277
          ],
          [
            -111.3844,
            33.97285
          ],
          [
            -111.38435,
            33.97297
          ],
          [
            -111.38431,
            33.97302
          ],
          [
            -111.38425,
            33.97317
          ],
          [
            -111.3842,
            33.97331
          ],
          [
            -111.38416,
            33.97348
          ],
          [
            -111.38411,
            33.97368
          ],
          [
            -111.38407,
            33.9739
          ],
          [
            -111.38406,
            33.97402
          ],
          [
            -111.38406,
            33.97407
          ],
          [
            -111.38405,
            33.97413
          ],
          [
            -111.38405,
            33.97424
          ],
          [
            -111.38404,
            33.97439
          ],
          [
            -111.38405,
            33.97461
          ],
          [
            -111.38407,
            33.97482
          ],
          [
            -111.38411,
            33.97503
          ],
          [
            -111.38416,
            33.97524
          ],
          [
            -111.38422,
            33.97543
          ],
          [
            -111.38428,
            33.97559
          ],
          [
            -111.38434,
            33.97574
          ],
          [
            -111.38444,
            33.97596
          ],
          [
            -111.38446,
            33.976
          ],
          [
            -111.38465,
            33.97642
          ],
          [
            -111.38482,
            33.97681
          ],
          [
            -111.38484,
            33.97684
          ],
          [
            -111.3849,
            33.97697
          ],
          [
            -111.38492,
            33.97703
          ],
          [
            -111.38501,
            33.97722
          ],
          [
            -111.38507,
            33.97734
          ],
          [
            -111.3851,
            33.97742
          ],
          [
            -111.38515,
            33.97751
          ],
          [
            -111.3852,
            33.97763
          ],
          [
            -111.38522,
            33.97768
          ],
          [
            -111.38529,
            33.97783
          ],
          [
            -111.38538,
            33.97802
          ],
          [
            -111.38539,
            33.97804
          ],
          [
            -111.38548,
            33.97825
          ],
          [
            -111.38556,
            33.97845
          ],
          [
            -111.38564,
            33.97866
          ],
          [
            -111.3857,
            33.97887
          ],
          [
            -111.38575,
            33.97909
          ],
          [
            -111.38578,
            33.9793
          ],
          [
            -111.38579,
            33.97945
          ],
          [
            -111.3858,
            33.97963
          ],
          [
            -111.38579,
            33.97985
          ],
          [
            -111.38579,
            33.97995
          ],
          [
            -111.38578,
            33.98
          ],
          [
            -111.38576,
            33.98021
          ],
          [
            -111.3857,
            33.98052
          ],
          [
            -111.38564,
            33.98072
          ],
          [
            -111.38556,
            33.98093
          ],
          [
            -111.38546,
            33.98115
          ],
          [
            -111.38545,
            33.98117
          ],
          [
            -111.38537,
            33.98133
          ],
          [
            -111.38525,
            33.98153
          ],
          [
            -111.38512,
            33.98172
          ],
          [
            -111.38505,
            33.98181
          ],
          [
            -111.38504,
            33.98183
          ],
          [
            -111.38502,
            33.98185
          ],
          [
            -111.38498,
            33.98189
          ],
          [
            -111.38496,
            33.98192
          ],
          [
            -111.38493,
            33.98195
          ],
          [
            -111.38483,
            33.98207
          ],
          [
            -111.3848,
            33.9821
          ],
          [
            -111.38467,
            33.98224
          ],
          [
            -111.38466,
            33.98224
          ],
          [
            -111.38462,
            33.98228
          ],
          [
            -111.38452,
            33.98237
          ],
          [
            -111.38448,
            33.98241
          ],
          [
            -111.38438,
            33.9825
          ],
          [
            -111.38436,
            33.98252
          ],
          [
            -111.38433,
            33.98255
          ],
          [
            -111.38423,
            33.98264
          ],
          [
            -111.38421,
            33.98265
          ],
          [
            -111.38411,
            33.98274
          ],
          [
            -111.38394,
            33.98289
          ],
          [
            -111.38393,
            33.9829
          ],
          [
            -111.38378,
            33.98303
          ],
          [
            -111.38368,
            33.98313
          ],
          [
            -111.38364,
            33.98317
          ],
          [
            -111.38351,
            33.9833
          ],
          [
            -111.38338,
            33.98345
          ],
          [
            -111.38337,
            33.98346
          ],
          [
            -111.38336,
            33.98348
          ],
          [
            -111.38333,
            33.98351
          ],
          [
            -111.38326,
            33.98361
          ],
          [
            -111.3832,
            33.98369
          ],
          [
            -111.38309,
            33.98386
          ],
          [
            -111.38298,
            33.98405
          ],
          [
            -111.38296,
            33.98409
          ],
          [
            -111.38288,
            33.98426
          ],
          [
            -111.38281,
            33.98448
          ],
          [
            -111.38275,
            33.98471
          ],
          [
            -111.38272,
            33.98492
          ],
          [
            -111.3827,
            33.98514
          ],
          [
            -111.38269,
            33.98535
          ],
          [
            -111.3827,
            33.98548
          ],
          [
            -111.38271,
            33.98558
          ],
          [
            -111.38274,
            33.98581
          ],
          [
            -111.38286,
            33.98636
          ],
          [
            -111.38297,
            33.98686
          ],
          [
            -111.38302,
            33.9871
          ],
          [
            -111.38307,
            33.98731
          ],
          [
            -111.3831,
            33.98752
          ],
          [
            -111.38312,
            33.98765
          ],
          [
            -111.38314,
            33.98786
          ],
          [
            -111.38314,
            33.98807
          ],
          [
            -111.38313,
            33.98829
          ],
          [
            -111.3831,
            33.98851
          ],
          [
            -111.38308,
            33.98864
          ],
          [
            -111.38303,
            33.98885
          ],
          [
            -111.38297,
            33.98904
          ],
          [
            -111.38289,
            33.98924
          ],
          [
            -111.38284,
            33.98937
          ],
          [
            -111.38274,
            33.98957
          ],
          [
            -111.38264,
            33.98975
          ],
          [
            -111.3825,
            33.98995
          ],
          [
            -111.38235,
            33.99014
          ],
          [
            -111.38213,
            33.99039
          ],
          [
            -111.38196,
            33.99055
          ],
          [
            -111.38176,
            33.99072
          ],
          [
            -111.38166,
            33.99081
          ],
          [
            -111.38149,
            33.99093
          ],
          [
            -111.38137,
            33.99101
          ],
          [
            -111.38116,
            33.99113
          ],
          [
            -111.38097,
            33.99124
          ],
          [
            -111.38094,
            33.99125
          ],
          [
            -111.38074,
            33.99134
          ],
          [
            -111.3805,
            33.99144
          ],
          [
            -111.38009,
            33.99158
          ],
          [
            -111.37987,
            33.99164
          ],
          [
            -111.37978,
            33.99166
          ],
          [
            -111.37976,
            33.99166
          ],
          [
            -111.37971,
            33.99167
          ],
          [
            -111.37957,
            33.9917
          ],
          [
            -111.3794,
            33.99172
          ],
          [
            -111.37931,
            33.99173
          ],
          [
            -111.37916,
            33.99174
          ],
          [
            -111.37888,
            33.99176
          ],
          [
            -111.37884,
            33.99176
          ],
          [
            -111.37878,
            33.99176
          ],
          [
            -111.37869,
            33.99176
          ],
          [
            -111.37866,
            33.99176
          ],
          [
            -111.37841,
            33.99174
          ],
          [
            -111.37805,
            33.99171
          ],
          [
            -111.37802,
            33.99171
          ],
          [
            -111.37745,
            33.99163
          ],
          [
            -111.37707,
            33.99158
          ],
          [
            -111.37696,
            33.99156
          ],
          [
            -111.37675,
            33.99151
          ],
          [
            -111.37652,
            33.99147
          ],
          [
            -111.37633,
            33.99143
          ],
          [
            -111.37632,
            33.99143
          ],
          [
            -111.37614,
            33.9914
          ],
          [
            -111.37591,
            33.99137
          ],
          [
            -111.37561,
            33.99135
          ],
          [
            -111.37524,
            33.99135
          ],
          [
            -111.37503,
            33.99135
          ],
          [
            -111.37494,
            33.99136
          ],
          [
            -111.37482,
            33.99137
          ],
          [
            -111.37481,
            33.99137
          ],
          [
            -111.37451,
            33.99138
          ],
          [
            -111.37397,
            33.99141
          ],
          [
            -111.37373,
            33.99143
          ],
          [
            -111.37309,
            33.99146
          ],
          [
            -111.37274,
            33.99148
          ],
          [
            -111.37235,
            33.99151
          ],
          [
            -111.37196,
            33.99156
          ],
          [
            -111.37179,
            33.99159
          ],
          [
            -111.37159,
            33.99163
          ],
          [
            -111.37147,
            33.99166
          ],
          [
            -111.37139,
            33.99169
          ],
          [
            -111.37132,
            33.99171
          ],
          [
            -111.3712,
            33.99175
          ],
          [
            -111.37107,
            33.99179
          ],
          [
            -111.37096,
            33.99184
          ],
          [
            -111.37083,
            33.9919
          ],
          [
            -111.37073,
            33.99194
          ],
          [
            -111.37062,
            33.992
          ],
          [
            -111.37052,
            33.99205
          ],
          [
            -111.37043,
            33.99211
          ],
          [
            -111.37029,
            33.9922
          ],
          [
            -111.37018,
            33.99227
          ],
          [
            -111.37003,
            33.99238
          ],
          [
            -111.36992,
            33.99248
          ],
          [
            -111.36982,
            33.99257
          ],
          [
            -111.36976,
            33.99262
          ],
          [
            -111.36961,
            33.99278
          ],
          [
            -111.36956,
            33.99284
          ],
          [
            -111.36948,
            33.99293
          ],
          [
            -111.36941,
            33.99303
          ],
          [
            -111.36935,
            33.99312
          ],
          [
            -111.36928,
            33.99322
          ],
          [
            -111.36924,
            33.99329
          ],
          [
            -111.36921,
            33.99336
          ],
          [
            -111.36918,
            33.9934
          ],
          [
            -111.36911,
            33.99354
          ],
          [
            -111.36902,
            33.99374
          ],
          [
            -111.36896,
            33.99388
          ],
          [
            -111.36884,
            33.99416
          ],
          [
            -111.36875,
            33.99437
          ],
          [
            -111.36858,
            33.99473
          ],
          [
            -111.36849,
            33.99488
          ],
          [
            -111.36848,
            33.9949
          ],
          [
            -111.36844,
            33.99498
          ],
          [
            -111.3684,
            33.99503
          ],
          [
            -111.36836,
            33.99509
          ],
          [
            -111.36828,
            33.9952
          ],
          [
            -111.36821,
            33.99528
          ],
          [
            -111.36814,
            33.99537
          ],
          [
            -111.36807,
            33.99544
          ],
          [
            -111.36797,
            33.99554
          ],
          [
            -111.3679,
            33.99561
          ],
          [
            -111.36783,
            33.99567
          ],
          [
            -111.36775,
            33.99574
          ],
          [
            -111.36772,
            33.99576
          ],
          [
            -111.36762,
            33.99584
          ],
          [
            -111.36753,
            33.9959
          ],
          [
            -111.36744,
            33.99596
          ],
          [
            -111.36735,
            33.99601
          ],
          [
            -111.36721,
            33.99609
          ],
          [
            -111.36705,
            33.99618
          ],
          [
            -111.36686,
            33.99627
          ],
          [
            -111.36668,
            33.99634
          ],
          [
            -111.36648,
            33.99641
          ],
          [
            -111.36629,
            33.99647
          ],
          [
            -111.36617,
            33.99651
          ],
          [
            -111.36586,
            33.99658
          ],
          [
            -111.36575,
            33.99661
          ],
          [
            -111.36565,
            33.99663
          ],
          [
            -111.36525,
            33.99673
          ],
          [
            -111.36501,
            33.99679
          ],
          [
            -111.36488,
            33.99682
          ],
          [
            -111.36482,
            33.99684
          ],
          [
            -111.36479,
            33.99685
          ],
          [
            -111.36459,
            33.99691
          ],
          [
            -111.3645,
            33.99695
          ],
          [
            -111.3644,
            33.99698
          ],
          [
            -111.36427,
            33.99704
          ],
          [
            -111.36416,
            33.99709
          ],
          [
            -111.36404,
            33.99715
          ],
          [
            -111.36403,
            33.99715
          ],
          [
            -111.364,
            33.99717
          ],
          [
            -111.36388,
            33.99723
          ],
          [
            -111.36359,
            33.99741
          ],
          [
            -111.36335,
            33.99756
          ],
          [
            -111.36318,
            33.99767
          ],
          [
            -111.36297,
            33.9978
          ],
          [
            -111.36266,
            33.998
          ],
          [
            -111.3623,
            33.99823
          ],
          [
            -111.36229,
            33.99823
          ],
          [
            -111.3622,
            33.99829
          ],
          [
            -111.36213,
            33.99834
          ],
          [
            -111.36212,
            33.99834
          ],
          [
            -111.36191,
            33.99847
          ],
          [
            -111.3617,
            33.99861
          ],
          [
            -111.3614,
            33.9988
          ],
          [
            -111.36121,
            33.99893
          ],
          [
            -111.36105,
            33.99903
          ],
          [
            -111.36076,
            33.99925
          ],
          [
            -111.36066,
            33.99932
          ],
          [
            -111.36057,
            33.99941
          ],
          [
            -111.36048,
            33.99948
          ],
          [
            -111.3603,
            33.99964
          ],
          [
            -111.36015,
            33.99979
          ],
          [
            -111.36003,
            33.99992
          ],
          [
            -111.35992,
            34.00004
          ],
          [
            -111.35989,
            34.00008
          ],
          [
            -111.35984,
            34.00014
          ],
          [
            -111.35979,
            34.00021
          ],
          [
            -111.35975,
            34.00025
          ],
          [
            -111.3596,
            34.00046
          ],
          [
            -111.35946,
            34.00065
          ],
          [
            -111.35943,
            34.00069
          ],
          [
            -111.35938,
            34.00076
          ],
          [
            -111.35925,
            34.00095
          ],
          [
            -111.35923,
            34.00098
          ],
          [
            -111.35913,
            34.00112
          ],
          [
            -111.3591,
            34.00116
          ],
          [
            -111.35905,
            34.00123
          ],
          [
            -111.35901,
            34.00129
          ],
          [
            -111.35889,
            34.00144
          ],
          [
            -111.35869,
            34.00171
          ],
          [
            -111.35867,
            34.00173
          ],
          [
            -111.35862,
            34.00179
          ],
          [
            -111.35854,
            34.00189
          ],
          [
            -111.35847,
            34.00197
          ],
          [
            -111.35841,
            34.00204
          ],
          [
            -111.35829,
            34.00219
          ],
          [
            -111.35825,
            34.00224
          ],
          [
            -111.35815,
            34.00233
          ],
          [
            -111.35809,
            34.0024
          ],
          [
            -111.35796,
            34.00255
          ],
          [
            -111.3579,
            34.00261
          ],
          [
            -111.35783,
            34.00269
          ],
          [
            -111.3577,
            34.00283
          ],
          [
            -111.35763,
            34.0029
          ],
          [
            -111.3576,
            34.00294
          ],
          [
            -111.35758,
            34.00296
          ],
          [
            -111.35756,
            34.00298
          ],
          [
            -111.35743,
            34.00312
          ],
          [
            -111.35734,
            34.00322
          ],
          [
            -111.3573,
            34.00326
          ],
          [
            -111.35718,
            34.0034
          ],
          [
            -111.35705,
            34.00356
          ],
          [
            -111.35704,
            34.00357
          ],
          [
            -111.35689,
            34.00376
          ],
          [
            -111.35683,
            34.00384
          ],
          [
            -111.35682,
            34.00386
          ],
          [
            -111.35677,
            34.00394
          ],
          [
            -111.35675,
            34.00396
          ],
          [
            -111.3567,
            34.00405
          ],
          [
            -111.35664,
            34.00415
          ],
          [
            -111.35659,
            34.00424
          ],
          [
            -111.35658,
            34.00426
          ],
          [
            -111.35655,
            34.00431
          ],
          [
            -111.35654,
            34.00432
          ],
          [
            -111.35654,
            34.00433
          ],
          [
            -111.35653,
            34.00435
          ],
          [
            -111.35647,
            34.00447
          ],
          [
            -111.35639,
            34.00465
          ],
          [
            -111.35638,
            34.00468
          ],
          [
            -111.35635,
            34.00473
          ],
          [
            -111.35634,
            34.00477
          ],
          [
            -111.35628,
            34.00493
          ],
          [
            -111.35627,
            34.00497
          ],
          [
            -111.35626,
            34.005
          ],
          [
            -111.35625,
            34.00502
          ],
          [
            -111.35624,
            34.00506
          ],
          [
            -111.35621,
            34.00515
          ],
          [
            -111.3562,
            34.0052
          ],
          [
            -111.35617,
            34.0053
          ],
          [
            -111.35616,
            34.00537
          ],
          [
            -111.35615,
            34.0054
          ],
          [
            -111.35614,
            34.00546
          ],
          [
            -111.35613,
            34.00549
          ],
          [
            -111.35612,
            34.00552
          ],
          [
            -111.35612,
            34.00553
          ],
          [
            -111.35612,
            34.00555
          ],
          [
            -111.35611,
            34.00563
          ],
          [
            -111.35609,
            34.00572
          ],
          [
            -111.35608,
            34.00585
          ],
          [
            -111.35607,
            34.0059
          ],
          [
            -111.35607,
            34.006
          ],
          [
            -111.35606,
            34.00608
          ],
          [
            -111.35606,
            34.00616
          ],
          [
            -111.35606,
            34.00617
          ],
          [
            -111.35606,
            34.00623
          ],
          [
            -111.35606,
            34.00625
          ],
          [
            -111.35606,
            34.00627
          ],
          [
            -111.35606,
            34.00637
          ],
          [
            -111.35606,
            34.00648
          ],
          [
            -111.35606,
            34.00652
          ],
          [
            -111.35607,
            34.00658
          ],
          [
            -111.35607,
            34.00661
          ],
          [
            -111.35609,
            34.00683
          ],
          [
            -111.35611,
            34.00692
          ],
          [
            -111.35612,
            34.00696
          ],
          [
            -111.35612,
            34.00697
          ],
          [
            -111.35613,
            34.00705
          ],
          [
            -111.35614,
            34.00707
          ],
          [
            -111.35615,
            34.00715
          ],
          [
            -111.35617,
            34.00723
          ],
          [
            -111.35618,
            34.00725
          ],
          [
            -111.35622,
            34.0074
          ],
          [
            -111.35623,
            34.00746
          ],
          [
            -111.35631,
            34.00767
          ],
          [
            -111.35635,
            34.00777
          ],
          [
            -111.3564,
            34.0079
          ],
          [
            -111.35644,
            34.00799
          ],
          [
            -111.35647,
            34.00805
          ],
          [
            -111.35648,
            34.00808
          ],
          [
            -111.35653,
            34.00817
          ],
          [
            -111.35659,
            34.00829
          ],
          [
            -111.35662,
            34.00834
          ],
          [
            -111.35664,
            34.00838
          ],
          [
            -111.35678,
            34.0086
          ],
          [
            -111.3569,
            34.00878
          ],
          [
            -111.35705,
            34.00897
          ],
          [
            -111.35715,
            34.00909
          ],
          [
            -111.3573,
            34.00925
          ],
          [
            -111.35738,
            34.00934
          ],
          [
            -111.35744,
            34.0094
          ],
          [
            -111.3576,
            34.00955
          ],
          [
            -111.35784,
            34.00976
          ],
          [
            -111.35804,
            34.00993
          ],
          [
            -111.35834,
            34.01019
          ],
          [
            -111.35844,
            34.01028
          ],
          [
            -111.35852,
            34.01035
          ],
          [
            -111.3586,
            34.01044
          ],
          [
            -111.35874,
            34.01059
          ],
          [
            -111.35887,
            34.01074
          ],
          [
            -111.35905,
            34.01098
          ],
          [
            -111.35912,
            34.01108
          ],
          [
            -111.35923,
            34.01127
          ],
          [
            -111.35928,
            34.01136
          ],
          [
            -111.35935,
            34.0115
          ],
          [
            -111.35938,
            34.01158
          ],
          [
            -111.35943,
            34.01168
          ],
          [
            -111.35947,
            34.01178
          ],
          [
            -111.35951,
            34.01189
          ],
          [
            -111.35954,
            34.01201
          ],
          [
            -111.35956,
            34.01206
          ],
          [
            -111.35957,
            34.01212
          ],
          [
            -111.3596,
            34.01222
          ],
          [
            -111.3596,
            34.01223
          ],
          [
            -111.3596,
            34.01227
          ],
          [
            -111.35962,
            34.01234
          ],
          [
            -111.35964,
            34.01246
          ],
          [
            -111.35965,
            34.01256
          ],
          [
            -111.35965,
            34.01258
          ],
          [
            -111.35966,
            34.01269
          ],
          [
            -111.35967,
            34.01279
          ],
          [
            -111.35967,
            34.01291
          ],
          [
            -111.35967,
            34.01301
          ],
          [
            -111.35966,
            34.01313
          ],
          [
            -111.35966,
            34.01314
          ],
          [
            -111.35965,
            34.01325
          ],
          [
            -111.35964,
            34.01335
          ],
          [
            -111.35963,
            34.01346
          ],
          [
            -111.3596,
            34.01358
          ],
          [
            -111.35958,
            34.0137
          ],
          [
            -111.35955,
            34.01381
          ],
          [
            -111.35954,
            34.01383
          ],
          [
            -111.35954,
            34.01384
          ],
          [
            -111.35949,
            34.01401
          ],
          [
            -111.35949,
            34.01402
          ],
          [
            -111.35945,
            34.01413
          ],
          [
            -111.35942,
            34.01418
          ],
          [
            -111.35942,
            34.01419
          ],
          [
            -111.35942,
            34.0142
          ],
          [
            -111.3594,
            34.01424
          ],
          [
            -111.35938,
            34.01428
          ],
          [
            -111.35936,
            34.01434
          ],
          [
            -111.35935,
            34.01436
          ],
          [
            -111.35931,
            34.01444
          ],
          [
            -111.35926,
            34.01456
          ],
          [
            -111.35921,
            34.01467
          ],
          [
            -111.35916,
            34.01477
          ],
          [
            -111.35912,
            34.01487
          ],
          [
            -111.35907,
            34.01498
          ],
          [
            -111.35899,
            34.01516
          ],
          [
            -111.35894,
            34.01529
          ],
          [
            -111.35885,
            34.01548
          ],
          [
            -111.35879,
            34.01561
          ],
          [
            -111.35875,
            34.01572
          ],
          [
            -111.3587,
            34.01582
          ],
          [
            -111.35865,
            34.01593
          ],
          [
            -111.35861,
            34.01604
          ],
          [
            -111.35856,
            34.01615
          ],
          [
            -111.35852,
            34.01626
          ],
          [
            -111.35849,
            34.01636
          ],
          [
            -111.35845,
            34.01647
          ],
          [
            -111.35842,
            34.01657
          ],
          [
            -111.3584,
            34.01668
          ],
          [
            -111.35836,
            34.01686
          ],
          [
            -111.35835,
            34.01691
          ],
          [
            -111.35833,
            34.017
          ],
          [
            -111.35832,
            34.01709
          ],
          [
            -111.35831,
            34.0171
          ],
          [
            -111.35831,
            34.01711
          ],
          [
            -111.3583,
            34.01723
          ],
          [
            -111.35829,
            34.01727
          ],
          [
            -111.35829,
            34.01733
          ],
          [
            -111.35828,
            34.01745
          ],
          [
            -111.35827,
            34.01766
          ],
          [
            -111.35827,
            34.01788
          ],
          [
            -111.35828,
            34.018
          ],
          [
            -111.35829,
            34.01812
          ],
          [
            -111.3583,
            34.01823
          ],
          [
            -111.35832,
            34.01833
          ],
          [
            -111.35833,
            34.01843
          ],
          [
            -111.35835,
            34.01854
          ],
          [
            -111.35836,
            34.01859
          ],
          [
            -111.35838,
            34.01868
          ],
          [
            -111.35841,
            34.01882
          ],
          [
            -111.35848,
            34.01907
          ],
          [
            -111.35853,
            34.01919
          ],
          [
            -111.35857,
            34.0193
          ],
          [
            -111.3586,
            34.0194
          ],
          [
            -111.35865,
            34.01952
          ],
          [
            -111.3587,
            34.01962
          ],
          [
            -111.35875,
            34.01972
          ],
          [
            -111.35887,
            34.01995
          ],
          [
            -111.35897,
            34.02013
          ],
          [
            -111.35904,
            34.02024
          ],
          [
            -111.3592,
            34.02051
          ],
          [
            -111.35951,
            34.02105
          ],
          [
            -111.35962,
            34.02123
          ],
          [
            -111.35976,
            34.02147
          ],
          [
            -111.35992,
            34.02172
          ],
          [
            -111.36013,
            34.02209
          ],
          [
            -111.36023,
            34.02226
          ],
          [
            -111.3603,
            34.02237
          ],
          [
            -111.36035,
            34.02246
          ],
          [
            -111.36042,
            34.02257
          ],
          [
            -111.36052,
            34.02275
          ],
          [
            -111.36066,
            34.02298
          ],
          [
            -111.36078,
            34.02317
          ],
          [
            -111.36084,
            34.02328
          ],
          [
            -111.36087,
            34.02334
          ],
          [
            -111.36094,
            34.02346
          ],
          [
            -111.36107,
            34.02367
          ],
          [
            -111.36123,
            34.02393
          ],
          [
            -111.36135,
            34.02414
          ],
          [
            -111.36158,
            34.02454
          ],
          [
            -111.3617,
            34.02474
          ],
          [
            -111.36175,
            34.02483
          ],
          [
            -111.36186,
            34.02502
          ],
          [
            -111.36218,
            34.02563
          ],
          [
            -111.36226,
            34.02579
          ],
          [
            -111.36233,
            34.02593
          ],
          [
            -111.36249,
            34.02624
          ],
          [
            -111.36259,
            34.02644
          ],
          [
            -111.36269,
            34.02663
          ],
          [
            -111.36274,
            34.02673
          ],
          [
            -111.36276,
            34.02677
          ],
          [
            -111.36286,
            34.02698
          ],
          [
            -111.36294,
            34.02713
          ],
          [
            -111.36317,
            34.0276
          ],
          [
            -111.36329,
            34.02785
          ],
          [
            -111.36332,
            34.02791
          ],
          [
            -111.36333,
            34.02793
          ],
          [
            -111.36341,
            34.0281
          ],
          [
            -111.36358,
            34.02843
          ],
          [
            -111.36366,
            34.0286
          ],
          [
            -111.36374,
            34.02877
          ],
          [
            -111.36391,
            34.0291
          ],
          [
            -111.36396,
            34.02921
          ],
          [
            -111.36399,
            34.02926
          ],
          [
            -111.36399,
            34.02927
          ],
          [
            -111.36407,
            34.02943
          ],
          [
            -111.36415,
            34.0296
          ],
          [
            -111.36432,
            34.02993
          ],
          [
            -111.36435,
            34.02998
          ],
          [
            -111.36438,
            34.03006
          ],
          [
            -111.3644,
            34.0301
          ],
          [
            -111.36443,
            34.03016
          ],
          [
            -111.36449,
            34.03026
          ],
          [
            -111.36451,
            34.03032
          ],
          [
            -111.36462,
            34.03053
          ],
          [
            -111.36465,
            34.0306
          ],
          [
            -111.36469,
            34.03068
          ],
          [
            -111.36474,
            34.03078
          ],
          [
            -111.36479,
            34.03087
          ],
          [
            -111.36481,
            34.03093
          ],
          [
            -111.36489,
            34.03107
          ],
          [
            -111.3649,
            34.03109
          ],
          [
            -111.36498,
            34.03126
          ],
          [
            -111.36508,
            34.03147
          ],
          [
            -111.36518,
            34.03167
          ],
          [
            -111.36522,
            34.03176
          ],
          [
            -111.36532,
            34.03196
          ],
          [
            -111.36537,
            34.03206
          ],
          [
            -111.36543,
            34.03217
          ],
          [
            -111.36562,
            34.03257
          ],
          [
            -111.36563,
            34.03259
          ],
          [
            -111.36577,
            34.03286
          ],
          [
            -111.3658,
            34.03293
          ],
          [
            -111.36599,
            34.0333
          ],
          [
            -111.36605,
            34.03343
          ],
          [
            -111.36613,
            34.03359
          ],
          [
            -111.36618,
            34.03369
          ],
          [
            -111.36621,
            34.03376
          ],
          [
            -111.36631,
            34.03395
          ],
          [
            -111.36639,
            34.03409
          ],
          [
            -111.36647,
            34.03425
          ],
          [
            -111.36672,
            34.03478
          ],
          [
            -111.36688,
            34.03509
          ],
          [
            -111.36695,
            34.03526
          ],
          [
            -111.36702,
            34.03539
          ],
          [
            -111.36712,
            34.03559
          ],
          [
            -111.3673,
            34.03595
          ],
          [
            -111.36743,
            34.03622
          ],
          [
            -111.36758,
            34.03643
          ],
          [
            -111.36766,
            34.03669
          ],
          [
            -111.36772,
            34.03683
          ],
          [
            -111.36781,
            34.03702
          ],
          [
            -111.36786,
            34.03712
          ],
          [
            -111.36807,
            34.03756
          ],
          [
            -111.36822,
            34.03782
          ],
          [
            -111.36822,
            34.03783
          ],
          [
            -111.36833,
            34.03803
          ],
          [
            -111.36849,
            34.03837
          ],
          [
            -111.36852,
            34.03843
          ],
          [
            -111.36868,
            34.03876
          ],
          [
            -111.36887,
            34.03914
          ],
          [
            -111.36896,
            34.03932
          ],
          [
            -111.36907,
            34.03954
          ],
          [
            -111.36913,
            34.03965
          ],
          [
            -111.36921,
            34.03982
          ],
          [
            -111.36923,
            34.03986
          ],
          [
            -111.36929,
            34.03998
          ],
          [
            -111.3694,
            34.0402
          ],
          [
            -111.36951,
            34.04043
          ],
          [
            -111.36963,
            34.04066
          ],
          [
            -111.36967,
            34.04076
          ],
          [
            -111.36972,
            34.04087
          ],
          [
            -111.36983,
            34.04111
          ],
          [
            -111.36987,
            34.04121
          ],
          [
            -111.36994,
            34.04138
          ],
          [
            -111.36996,
            34.04144
          ],
          [
            -111.36998,
            34.04148
          ],
          [
            -111.36999,
            34.0415
          ],
          [
            -111.37007,
            34.04169
          ],
          [
            -111.37011,
            34.04181
          ],
          [
            -111.37018,
            34.04202
          ],
          [
            -111.37024,
            34.0423
          ],
          [
            -111.37025,
            34.04235
          ],
          [
            -111.37026,
            34.04236
          ],
          [
            -111.37026,
            34.0424
          ],
          [
            -111.37027,
            34.04242
          ],
          [
            -111.37028,
            34.04248
          ],
          [
            -111.37029,
            34.04256
          ],
          [
            -111.37031,
            34.04266
          ],
          [
            -111.37033,
            34.04289
          ],
          [
            -111.37033,
            34.04302
          ],
          [
            -111.37034,
            34.0431
          ],
          [
            -111.37034,
            34.0432
          ],
          [
            -111.37034,
            34.04322
          ],
          [
            -111.37034,
            34.04324
          ],
          [
            -111.37034,
            34.04329
          ],
          [
            -111.37034,
            34.04338
          ],
          [
            -111.37034,
            34.0435
          ],
          [
            -111.37034,
            34.04353
          ],
          [
            -111.37033,
            34.04356
          ],
          [
            -111.37033,
            34.0437
          ],
          [
            -111.37032,
            34.04374
          ],
          [
            -111.37031,
            34.04386
          ],
          [
            -111.3703,
            34.04392
          ],
          [
            -111.37028,
            34.04407
          ],
          [
            -111.37028,
            34.0441
          ],
          [
            -111.37027,
            34.04414
          ],
          [
            -111.37026,
            34.04419
          ],
          [
            -111.37025,
            34.04428
          ],
          [
            -111.37024,
            34.0443
          ],
          [
            -111.37021,
            34.04445
          ],
          [
            -111.37019,
            34.04457
          ],
          [
            -111.37018,
            34.04462
          ],
          [
            -111.37018,
            34.04463
          ],
          [
            -111.37013,
            34.04483
          ],
          [
            -111.37013,
            34.04485
          ],
          [
            -111.37009,
            34.04498
          ],
          [
            -111.37006,
            34.04507
          ],
          [
            -111.37004,
            34.04514
          ],
          [
            -111.37004,
            34.04516
          ],
          [
            -111.36998,
            34.04533
          ],
          [
            -111.36997,
            34.04536
          ],
          [
            -111.36991,
            34.0455
          ],
          [
            -111.3699,
            34.04554
          ],
          [
            -111.36989,
            34.04557
          ],
          [
            -111.36984,
            34.04567
          ],
          [
            -111.3698,
            34.04576
          ],
          [
            -111.36979,
            34.04578
          ],
          [
            -111.36977,
            34.04584
          ],
          [
            -111.36971,
            34.04595
          ],
          [
            -111.3697,
            34.04599
          ],
          [
            -111.3696,
            34.04617
          ],
          [
            -111.36959,
            34.04619
          ],
          [
            -111.36958,
            34.04621
          ],
          [
            -111.36951,
            34.04634
          ],
          [
            -111.36942,
            34.0465
          ],
          [
            -111.36937,
            34.04658
          ],
          [
            -111.36925,
            34.04679
          ],
          [
            -111.36904,
            34.04715
          ],
          [
            -111.36895,
            34.04731
          ],
          [
            -111.36829,
            34.04844
          ],
          [
            -111.36748,
            34.04985
          ],
          [
            -111.36708,
            34.05052
          ],
          [
            -111.36684,
            34.05093
          ],
          [
            -111.36674,
            34.05111
          ],
          [
            -111.36656,
            34.0514
          ],
          [
            -111.36625,
            34.05193
          ],
          [
            -111.36622,
            34.05199
          ],
          [
            -111.36616,
            34.05209
          ],
          [
            -111.36592,
            34.05249
          ],
          [
            -111.36552,
            34.05315
          ],
          [
            -111.3652,
            34.05371
          ],
          [
            -111.36516,
            34.05377
          ],
          [
            -111.36465,
            34.05464
          ],
          [
            -111.36436,
            34.05514
          ],
          [
            -111.36382,
            34.05603
          ],
          [
            -111.36325,
            34.057
          ],
          [
            -111.36324,
            34.05702
          ],
          [
            -111.36279,
            34.05779
          ],
          [
            -111.36278,
            34.05781
          ],
          [
            -111.36235,
            34.05858
          ],
          [
            -111.36209,
            34.05908
          ],
          [
            -111.36208,
            34.05908
          ],
          [
            -111.362,
            34.05924
          ],
          [
            -111.36182,
            34.0596
          ],
          [
            -111.36175,
            34.05974
          ],
          [
            -111.36173,
            34.05979
          ],
          [
            -111.36167,
            34.05991
          ],
          [
            -111.36159,
            34.06009
          ],
          [
            -111.36144,
            34.06041
          ],
          [
            -111.3614,
            34.06051
          ],
          [
            -111.36126,
            34.06082
          ],
          [
            -111.36113,
            34.06112
          ],
          [
            -111.36108,
            34.06125
          ],
          [
            -111.36091,
            34.06164
          ],
          [
            -111.36074,
            34.06208
          ],
          [
            -111.36056,
            34.06259
          ],
          [
            -111.36053,
            34.0627
          ],
          [
            -111.36051,
            34.06276
          ],
          [
            -111.3605,
            34.06277
          ],
          [
            -111.36045,
            34.06291
          ],
          [
            -111.36033,
            34.06328
          ],
          [
            -111.36032,
            34.06329
          ],
          [
            -111.36031,
            34.06333
          ],
          [
            -111.36027,
            34.06345
          ],
          [
            -111.36011,
            34.06399
          ],
          [
            -111.36009,
            34.06408
          ],
          [
            -111.35996,
            34.06452
          ],
          [
            -111.35992,
            34.06468
          ],
          [
            -111.35991,
            34.06469
          ],
          [
            -111.35991,
            34.06471
          ],
          [
            -111.35978,
            34.06522
          ],
          [
            -111.35977,
            34.06523
          ],
          [
            -111.35973,
            34.0654
          ],
          [
            -111.35969,
            34.06556
          ],
          [
            -111.35957,
            34.066
          ],
          [
            -111.35931,
            34.06707
          ],
          [
            -111.3592,
            34.06751
          ],
          [
            -111.35906,
            34.06804
          ],
          [
            -111.35896,
            34.06846
          ],
          [
            -111.35866,
            34.06966
          ],
          [
            -111.35859,
            34.06993
          ],
          [
            -111.35855,
            34.07007
          ],
          [
            -111.35851,
            34.07025
          ],
          [
            -111.35848,
            34.07039
          ],
          [
            -111.35846,
            34.07042
          ],
          [
            -111.35842,
            34.0706
          ],
          [
            -111.35838,
            34.07078
          ],
          [
            -111.35831,
            34.07102
          ],
          [
            -111.35824,
            34.0713
          ],
          [
            -111.35823,
            34.07135
          ],
          [
            -111.3582,
            34.07148
          ],
          [
            -111.35815,
            34.07166
          ],
          [
            -111.35807,
            34.07201
          ],
          [
            -111.35804,
            34.07211
          ],
          [
            -111.35793,
            34.07252
          ],
          [
            -111.3578,
            34.07306
          ],
          [
            -111.3576,
            34.07382
          ],
          [
            -111.35734,
            34.07487
          ],
          [
            -111.35729,
            34.07508
          ],
          [
            -111.35724,
            34.07525
          ],
          [
            -111.35712,
            34.07574
          ],
          [
            -111.35702,
            34.07613
          ],
          [
            -111.35693,
            34.07648
          ],
          [
            -111.35689,
            34.07666
          ],
          [
            -111.35671,
            34.07736
          ],
          [
            -111.35667,
            34.07754
          ],
          [
            -111.35648,
            34.0783
          ],
          [
            -111.3564,
            34.0786
          ],
          [
            -111.35634,
            34.07884
          ],
          [
            -111.35618,
            34.07948
          ],
          [
            -111.35604,
            34.08001
          ],
          [
            -111.35596,
            34.08036
          ],
          [
            -111.35578,
            34.08105
          ],
          [
            -111.35569,
            34.08141
          ],
          [
            -111.35547,
            34.08228
          ],
          [
            -111.35547,
            34.08229
          ],
          [
            -111.35538,
            34.08265
          ],
          [
            -111.35527,
            34.0831
          ],
          [
            -111.35506,
            34.08392
          ],
          [
            -111.35475,
            34.08514
          ],
          [
            -111.35441,
            34.08646
          ],
          [
            -111.35431,
            34.08686
          ],
          [
            -111.35424,
            34.08712
          ],
          [
            -111.35418,
            34.08737
          ],
          [
            -111.35394,
            34.08832
          ],
          [
            -111.35386,
            34.08869
          ],
          [
            -111.35383,
            34.0888
          ],
          [
            -111.3538,
            34.08892
          ],
          [
            -111.35375,
            34.08912
          ],
          [
            -111.3537,
            34.08935
          ],
          [
            -111.35366,
            34.08957
          ],
          [
            -111.35363,
            34.08973
          ],
          [
            -111.35362,
            34.08978
          ],
          [
            -111.3536,
            34.08991
          ],
          [
            -111.35356,
            34.09011
          ],
          [
            -111.35355,
            34.09021
          ],
          [
            -111.35353,
            34.09032
          ],
          [
            -111.35351,
            34.09053
          ],
          [
            -111.35347,
            34.09085
          ],
          [
            -111.35346,
            34.09097
          ],
          [
            -111.35345,
            34.09109
          ],
          [
            -111.35345,
            34.09119
          ],
          [
            -111.35344,
            34.09131
          ],
          [
            -111.35343,
            34.09153
          ],
          [
            -111.35342,
            34.09176
          ],
          [
            -111.35342,
            34.09206
          ],
          [
            -111.35342,
            34.09228
          ],
          [
            -111.35342,
            34.09271
          ],
          [
            -111.35342,
            34.09294
          ],
          [
            -111.35342,
            34.09316
          ],
          [
            -111.35343,
            34.09497
          ],
          [
            -111.35344,
            34.09588
          ],
          [
            -111.35344,
            34.096
          ],
          [
            -111.35344,
            34.09622
          ],
          [
            -111.35344,
            34.09623
          ],
          [
            -111.35344,
            34.09642
          ],
          [
            -111.35344,
            34.09651
          ],
          [
            -111.35344,
            34.09656
          ],
          [
            -111.35344,
            34.09688
          ],
          [
            -111.35345,
            34.09731
          ],
          [
            -111.35345,
            34.09736
          ],
          [
            -111.35345,
            34.0974
          ],
          [
            -111.35345,
            34.09744
          ],
          [
            -111.35345,
            34.09756
          ],
          [
            -111.35345,
            34.09785
          ],
          [
            -111.35345,
            34.0982
          ],
          [
            -111.35345,
            34.09864
          ],
          [
            -111.35345,
            34.09886
          ],
          [
            -111.35346,
            34.09912
          ],
          [
            -111.35346,
            34.09929
          ],
          [
            -111.35346,
            34.09963
          ],
          [
            -111.35346,
            34.09984
          ],
          [
            -111.35346,
            34.09995
          ],
          [
            -111.35346,
            34.10026
          ],
          [
            -111.35346,
            34.10044
          ],
          [
            -111.35346,
            34.10069
          ],
          [
            -111.35346,
            34.10083
          ],
          [
            -111.35346,
            34.10105
          ],
          [
            -111.35346,
            34.10116
          ],
          [
            -111.35347,
            34.10137
          ],
          [
            -111.35347,
            34.10171
          ],
          [
            -111.35347,
            34.10224
          ],
          [
            -111.35348,
            34.10311
          ],
          [
            -111.35348,
            34.10324
          ],
          [
            -111.35348,
            34.1038
          ],
          [
            -111.35349,
            34.10479
          ],
          [
            -111.35349,
            34.10642
          ],
          [
            -111.3535,
            34.10669
          ],
          [
            -111.3535,
            34.10757
          ],
          [
            -111.3535,
            34.10807
          ],
          [
            -111.3535,
            34.10844
          ],
          [
            -111.3535,
            34.10851
          ],
          [
            -111.3535,
            34.10862
          ],
          [
            -111.3535,
            34.10865
          ],
          [
            -111.3535,
            34.10867
          ],
          [
            -111.35351,
            34.10882
          ],
          [
            -111.35351,
            34.10898
          ],
          [
            -111.35351,
            34.10904
          ],
          [
            -111.35351,
            34.10915
          ],
          [
            -111.35351,
            34.10926
          ],
          [
            -111.35351,
            34.10934
          ],
          [
            -111.35351,
            34.10937
          ],
          [
            -111.35351,
            34.1097
          ],
          [
            -111.35351,
            34.10981
          ],
          [
            -111.35351,
            34.10988
          ],
          [
            -111.35351,
            34.10995
          ],
          [
            -111.35351,
            34.11014
          ],
          [
            -111.3535,
            34.1103
          ],
          [
            -111.3535,
            34.11042
          ],
          [
            -111.3535,
            34.11045
          ],
          [
            -111.35349,
            34.1106
          ],
          [
            -111.35349,
            34.11064
          ],
          [
            -111.35348,
            34.1107
          ],
          [
            -111.35348,
            34.11073
          ],
          [
            -111.35347,
            34.11081
          ],
          [
            -111.35346,
            34.11092
          ],
          [
            -111.35346,
            34.11096
          ],
          [
            -111.35345,
            34.11102
          ],
          [
            -111.35343,
            34.11113
          ],
          [
            -111.35341,
            34.1112
          ],
          [
            -111.3534,
            34.11127
          ],
          [
            -111.35338,
            34.11136
          ],
          [
            -111.35335,
            34.11147
          ],
          [
            -111.35335,
            34.1115
          ],
          [
            -111.35334,
            34.11152
          ],
          [
            -111.35333,
            34.11157
          ],
          [
            -111.3533,
            34.11166
          ],
          [
            -111.35329,
            34.11171
          ],
          [
            -111.35326,
            34.11179
          ],
          [
            -111.35323,
            34.11188
          ],
          [
            -111.35322,
            34.1119
          ],
          [
            -111.35322,
            34.11191
          ],
          [
            -111.3532,
            34.11198
          ],
          [
            -111.35316,
            34.11209
          ],
          [
            -111.35312,
            34.11219
          ],
          [
            -111.35308,
            34.11229
          ],
          [
            -111.35304,
            34.11239
          ],
          [
            -111.35299,
            34.1125
          ],
          [
            -111.35294,
            34.1126
          ],
          [
            -111.35289,
            34.1127
          ],
          [
            -111.35283,
            34.1128
          ],
          [
            -111.35278,
            34.1129
          ],
          [
            -111.35272,
            34.113
          ],
          [
            -111.3527,
            34.11303
          ],
          [
            -111.35267,
            34.11308
          ],
          [
            -111.35266,
            34.1131
          ],
          [
            -111.35261,
            34.11318
          ],
          [
            -111.35254,
            34.11329
          ],
          [
            -111.35247,
            34.11338
          ],
          [
            -111.3524,
            34.11347
          ],
          [
            -111.35233,
            34.11357
          ],
          [
            -111.35226,
            34.11366
          ],
          [
            -111.35218,
            34.11376
          ],
          [
            -111.35212,
            34.11384
          ],
          [
            -111.35204,
            34.11392
          ],
          [
            -111.35194,
            34.11404
          ],
          [
            -111.3518,
            34.11419
          ],
          [
            -111.35172,
            34.11428
          ],
          [
            -111.35164,
            34.11437
          ],
          [
            -111.35147,
            34.11454
          ],
          [
            -111.35138,
            34.11464
          ],
          [
            -111.35132,
            34.1147
          ],
          [
            -111.35123,
            34.1148
          ],
          [
            -111.35106,
            34.11498
          ],
          [
            -111.35091,
            34.11514
          ],
          [
            -111.35082,
            34.11523
          ],
          [
            -111.35065,
            34.1154
          ],
          [
            -111.3505,
            34.11556
          ],
          [
            -111.35042,
            34.11565
          ],
          [
            -111.35033,
            34.11574
          ],
          [
            -111.35026,
            34.11581
          ],
          [
            -111.35018,
            34.1159
          ],
          [
            -111.3501,
            34.11598
          ],
          [
            -111.35002,
            34.11607
          ],
          [
            -111.34994,
            34.11615
          ],
          [
            -111.34986,
            34.11624
          ],
          [
            -111.34978,
            34.11632
          ],
          [
            -111.34968,
            34.11643
          ],
          [
            -111.34961,
            34.1165
          ],
          [
            -111.34953,
            34.11659
          ],
          [
            -111.34944,
            34.11669
          ],
          [
            -111.34931,
            34.11682
          ],
          [
            -111.34928,
            34.11685
          ],
          [
            -111.3492,
            34.11693
          ],
          [
            -111.34917,
            34.11696
          ],
          [
            -111.34911,
            34.11702
          ],
          [
            -111.34904,
            34.1171
          ],
          [
            -111.34896,
            34.11718
          ],
          [
            -111.34888,
            34.11727
          ],
          [
            -111.34879,
            34.11737
          ],
          [
            -111.34871,
            34.11745
          ],
          [
            -111.34862,
            34.11754
          ],
          [
            -111.34855,
            34.11762
          ],
          [
            -111.34815,
            34.11804
          ],
          [
            -111.34798,
            34.11822
          ],
          [
            -111.34774,
            34.11848
          ],
          [
            -111.34766,
            34.11856
          ],
          [
            -111.34758,
            34.11864
          ],
          [
            -111.3475,
            34.11872
          ],
          [
            -111.34742,
            34.11881
          ],
          [
            -111.34733,
            34.1189
          ],
          [
            -111.34717,
            34.11907
          ],
          [
            -111.34702,
            34.11923
          ],
          [
            -111.34692,
            34.11934
          ],
          [
            -111.34677,
            34.1195
          ],
          [
            -111.34668,
            34.11959
          ],
          [
            -111.34651,
            34.11977
          ],
          [
            -111.34643,
            34.11985
          ],
          [
            -111.34636,
            34.11993
          ],
          [
            -111.34628,
            34.12001
          ],
          [
            -111.34612,
            34.12018
          ],
          [
            -111.34601,
            34.12029
          ],
          [
            -111.34595,
            34.12036
          ],
          [
            -111.3458,
            34.12052
          ],
          [
            -111.34572,
            34.12061
          ],
          [
            -111.34564,
            34.12069
          ],
          [
            -111.34556,
            34.12078
          ],
          [
            -111.34547,
            34.12086
          ],
          [
            -111.34539,
            34.12095
          ],
          [
            -111.34534,
            34.121
          ],
          [
            -111.34529,
            34.12105
          ],
          [
            -111.34523,
            34.12112
          ],
          [
            -111.34515,
            34.12121
          ],
          [
            -111.34499,
            34.12137
          ],
          [
            -111.34472,
            34.12165
          ],
          [
            -111.34458,
            34.1218
          ],
          [
            -111.34449,
            34.12188
          ],
          [
            -111.3444,
            34.12196
          ],
          [
            -111.34432,
            34.12204
          ],
          [
            -111.34423,
            34.12213
          ],
          [
            -111.34414,
            34.12221
          ],
          [
            -111.34405,
            34.12228
          ],
          [
            -111.34395,
            34.12236
          ],
          [
            -111.34391,
            34.12239
          ],
          [
            -111.34385,
            34.12244
          ],
          [
            -111.34375,
            34.12252
          ],
          [
            -111.34365,
            34.12259
          ],
          [
            -111.34355,
            34.12266
          ],
          [
            -111.34346,
            34.12272
          ],
          [
            -111.34334,
            34.1228
          ],
          [
            -111.34322,
            34.12288
          ],
          [
            -111.34312,
            34.12293
          ],
          [
            -111.34293,
            34.12305
          ],
          [
            -111.34282,
            34.12311
          ],
          [
            -111.34259,
            34.12323
          ],
          [
            -111.34214,
            34.12346
          ],
          [
            -111.34202,
            34.12352
          ],
          [
            -111.34191,
            34.12358
          ],
          [
            -111.34179,
            34.12364
          ],
          [
            -111.34157,
            34.12375
          ],
          [
            -111.34146,
            34.12381
          ],
          [
            -111.34135,
            34.12386
          ],
          [
            -111.34126,
            34.12391
          ],
          [
            -111.34114,
            34.12397
          ],
          [
            -111.34091,
            34.12408
          ],
          [
            -111.34069,
            34.12419
          ],
          [
            -111.34056,
            34.12426
          ],
          [
            -111.3403,
            34.1244
          ],
          [
            -111.34026,
            34.12442
          ],
          [
            -111.34024,
            34.12443
          ],
          [
            -111.33997,
            34.12457
          ],
          [
            -111.33981,
            34.12464
          ],
          [
            -111.33957,
            34.12478
          ],
          [
            -111.33953,
            34.1248
          ],
          [
            -111.33945,
            34.12484
          ],
          [
            -111.33936,
            34.12489
          ],
          [
            -111.33913,
            34.12502
          ],
          [
            -111.33901,
            34.12509
          ],
          [
            -111.33887,
            34.12517
          ],
          [
            -111.33885,
            34.12518
          ],
          [
            -111.33879,
            34.12522
          ],
          [
            -111.33871,
            34.12527
          ],
          [
            -111.33863,
            34.12532
          ],
          [
            -111.33861,
            34.12533
          ],
          [
            -111.33849,
            34.1254
          ],
          [
            -111.33846,
            34.12543
          ],
          [
            -111.3383,
            34.12553
          ],
          [
            -111.3382,
            34.1256
          ],
          [
            -111.3381,
            34.12566
          ],
          [
            -111.33798,
            34.12574
          ],
          [
            -111.33769,
            34.12594
          ],
          [
            -111.33748,
            34.12609
          ],
          [
            -111.33743,
            34.12613
          ],
          [
            -111.33737,
            34.12617
          ],
          [
            -111.33731,
            34.12622
          ],
          [
            -111.33726,
            34.12625
          ],
          [
            -111.33718,
            34.12631
          ],
          [
            -111.33707,
            34.12639
          ],
          [
            -111.33698,
            34.12646
          ],
          [
            -111.3369,
            34.12653
          ],
          [
            -111.33681,
            34.1266
          ],
          [
            -111.33672,
            34.12667
          ],
          [
            -111.3366,
            34.12677
          ],
          [
            -111.33652,
            34.12683
          ],
          [
            -111.33642,
            34.12692
          ],
          [
            -111.33625,
            34.12706
          ],
          [
            -111.33615,
            34.12714
          ],
          [
            -111.33606,
            34.12723
          ],
          [
            -111.33597,
            34.12731
          ],
          [
            -111.33585,
            34.1274
          ],
          [
            -111.33579,
            34.12744
          ],
          [
            -111.33575,
            34.12747
          ],
          [
            -111.33565,
            34.12754
          ],
          [
            -111.33557,
            34.12761
          ],
          [
            -111.33548,
            34.12771
          ],
          [
            -111.3354,
            34.1278
          ],
          [
            -111.33531,
            34.12788
          ],
          [
            -111.33523,
            34.12796
          ],
          [
            -111.33517,
            34.12803
          ],
          [
            -111.33509,
            34.12812
          ],
          [
            -111.335,
            34.12821
          ],
          [
            -111.33485,
            34.12838
          ],
          [
            -111.33477,
            34.12846
          ],
          [
            -111.3347,
            34.12855
          ],
          [
            -111.33462,
            34.12864
          ],
          [
            -111.33454,
            34.12873
          ],
          [
            -111.33446,
            34.12882
          ],
          [
            -111.33437,
            34.12892
          ],
          [
            -111.3343,
            34.12899
          ],
          [
            -111.33425,
            34.12905
          ],
          [
            -111.33423,
            34.12908
          ],
          [
            -111.33416,
            34.12917
          ],
          [
            -111.33407,
            34.12929
          ],
          [
            -111.33401,
            34.12939
          ],
          [
            -111.33389,
            34.12954
          ],
          [
            -111.33383,
            34.12963
          ],
          [
            -111.33376,
            34.12973
          ],
          [
            -111.33366,
            34.12985
          ],
          [
            -111.33362,
            34.12992
          ],
          [
            -111.33354,
            34.13001
          ],
          [
            -111.33346,
            34.13013
          ],
          [
            -111.33341,
            34.1302
          ],
          [
            -111.33335,
            34.1303
          ],
          [
            -111.33329,
            34.1304
          ],
          [
            -111.33326,
            34.13045
          ],
          [
            -111.33323,
            34.13048
          ],
          [
            -111.33318,
            34.13056
          ],
          [
            -111.33315,
            34.1306
          ],
          [
            -111.33309,
            34.13069
          ],
          [
            -111.33303,
            34.13078
          ],
          [
            -111.33296,
            34.13087
          ],
          [
            -111.33288,
            34.13099
          ],
          [
            -111.33284,
            34.13107
          ],
          [
            -111.33282,
            34.1311
          ],
          [
            -111.33279,
            34.13116
          ],
          [
            -111.33277,
            34.1312
          ],
          [
            -111.33275,
            34.13124
          ],
          [
            -111.33273,
            34.13127
          ],
          [
            -111.33268,
            34.13137
          ],
          [
            -111.33266,
            34.13141
          ],
          [
            -111.33263,
            34.13147
          ],
          [
            -111.33258,
            34.13157
          ],
          [
            -111.33253,
            34.13167
          ],
          [
            -111.33248,
            34.13177
          ],
          [
            -111.33244,
            34.13188
          ],
          [
            -111.33239,
            34.13198
          ],
          [
            -111.33234,
            34.13208
          ],
          [
            -111.33229,
            34.13218
          ],
          [
            -111.33224,
            34.13227
          ],
          [
            -111.33219,
            34.13238
          ],
          [
            -111.33214,
            34.13248
          ],
          [
            -111.33211,
            34.13254
          ],
          [
            -111.33209,
            34.13258
          ],
          [
            -111.33203,
            34.1327
          ],
          [
            -111.33201,
            34.13274
          ],
          [
            -111.33197,
            34.13282
          ],
          [
            -111.33193,
            34.13289
          ],
          [
            -111.33193,
            34.1329
          ],
          [
            -111.33188,
            34.133
          ],
          [
            -111.33183,
            34.1331
          ],
          [
            -111.33177,
            34.1332
          ],
          [
            -111.33172,
            34.1333
          ],
          [
            -111.33166,
            34.13341
          ],
          [
            -111.33157,
            34.13357
          ],
          [
            -111.33146,
            34.13381
          ],
          [
            -111.33141,
            34.1339
          ],
          [
            -111.3314,
            34.13392
          ],
          [
            -111.33133,
            34.13406
          ],
          [
            -111.3313,
            34.13412
          ],
          [
            -111.33121,
            34.13431
          ],
          [
            -111.33116,
            34.1344
          ],
          [
            -111.3311,
            34.1345
          ],
          [
            -111.33103,
            34.13465
          ],
          [
            -111.33099,
            34.13473
          ],
          [
            -111.33089,
            34.13493
          ],
          [
            -111.33083,
            34.13506
          ],
          [
            -111.33081,
            34.13511
          ],
          [
            -111.33076,
            34.13521
          ],
          [
            -111.33076,
            34.13523
          ],
          [
            -111.33071,
            34.13533
          ],
          [
            -111.33068,
            34.1354
          ],
          [
            -111.33063,
            34.13552
          ],
          [
            -111.33058,
            34.13562
          ],
          [
            -111.33053,
            34.13572
          ],
          [
            -111.3305,
            34.13578
          ],
          [
            -111.33048,
            34.13582
          ],
          [
            -111.33042,
            34.13592
          ],
          [
            -111.33037,
            34.13601
          ],
          [
            -111.33031,
            34.13612
          ],
          [
            -111.33025,
            34.13622
          ],
          [
            -111.33019,
            34.13633
          ],
          [
            -111.32993,
            34.1369
          ],
          [
            -111.32986,
            34.13704
          ],
          [
            -111.32977,
            34.13722
          ],
          [
            -111.32968,
            34.13743
          ],
          [
            -111.32963,
            34.13753
          ],
          [
            -111.32958,
            34.13764
          ],
          [
            -111.32947,
            34.13784
          ],
          [
            -111.32943,
            34.13793
          ],
          [
            -111.32937,
            34.13804
          ],
          [
            -111.32931,
            34.13814
          ],
          [
            -111.32926,
            34.13822
          ],
          [
            -111.32919,
            34.13834
          ],
          [
            -111.32914,
            34.13843
          ],
          [
            -111.32909,
            34.1385
          ],
          [
            -111.32906,
            34.13854
          ],
          [
            -111.329,
            34.13863
          ],
          [
            -111.32895,
            34.13871
          ],
          [
            -111.32888,
            34.13881
          ],
          [
            -111.32886,
            34.13884
          ],
          [
            -111.32885,
            34.13885
          ],
          [
            -111.32884,
            34.13886
          ],
          [
            -111.3288,
            34.13891
          ],
          [
            -111.32877,
            34.13895
          ],
          [
            -111.32874,
            34.13898
          ],
          [
            -111.32873,
            34.139
          ],
          [
            -111.32872,
            34.139
          ],
          [
            -111.32866,
            34.13908
          ],
          [
            -111.32859,
            34.13916
          ],
          [
            -111.3285,
            34.13927
          ],
          [
            -111.32843,
            34.13935
          ],
          [
            -111.32835,
            34.13943
          ],
          [
            -111.32826,
            34.13953
          ],
          [
            -111.32821,
            34.13958
          ],
          [
            -111.32817,
            34.13962
          ],
          [
            -111.32809,
            34.1397
          ],
          [
            -111.32807,
            34.13971
          ],
          [
            -111.32801,
            34.13977
          ],
          [
            -111.32792,
            34.13985
          ],
          [
            -111.32782,
            34.13994
          ],
          [
            -111.32774,
            34.14
          ],
          [
            -111.32764,
            34.14008
          ],
          [
            -111.32754,
            34.14016
          ],
          [
            -111.32737,
            34.14029
          ],
          [
            -111.32729,
            34.14035
          ],
          [
            -111.32716,
            34.14044
          ],
          [
            -111.32696,
            34.1406
          ],
          [
            -111.32687,
            34.14066
          ],
          [
            -111.32677,
            34.14074
          ],
          [
            -111.32667,
            34.1408
          ],
          [
            -111.32665,
            34.14082
          ],
          [
            -111.32658,
            34.14087
          ],
          [
            -111.32646,
            34.14095
          ],
          [
            -111.3263,
            34.14108
          ],
          [
            -111.3261,
            34.14122
          ],
          [
            -111.3259,
            34.14138
          ],
          [
            -111.32571,
            34.1415
          ],
          [
            -111.32558,
            34.14159
          ],
          [
            -111.32516,
            34.14188
          ],
          [
            -111.325,
            34.14199
          ],
          [
            -111.32485,
            34.1421
          ],
          [
            -111.32467,
            34.14223
          ],
          [
            -111.32417,
            34.14258
          ],
          [
            -111.32282,
            34.14353
          ],
          [
            -111.3221,
            34.14403
          ],
          [
            -111.32119,
            34.14468
          ],
          [
            -111.32095,
            34.14485
          ],
          [
            -111.32046,
            34.1452
          ],
          [
            -111.32003,
            34.14549
          ],
          [
            -111.31966,
            34.14576
          ],
          [
            -111.31957,
            34.14581
          ],
          [
            -111.31846,
            34.1466
          ],
          [
            -111.31824,
            34.14676
          ],
          [
            -111.31779,
            34.14713
          ],
          [
            -111.31752,
            34.14737
          ],
          [
            -111.31729,
            34.14759
          ],
          [
            -111.31702,
            34.1479
          ],
          [
            -111.31676,
            34.14823
          ],
          [
            -111.3166,
            34.14846
          ],
          [
            -111.31649,
            34.14862
          ],
          [
            -111.3164,
            34.14878
          ],
          [
            -111.31631,
            34.14892
          ],
          [
            -111.3162,
            34.1491
          ],
          [
            -111.3161,
            34.14932
          ],
          [
            -111.31603,
            34.1495
          ],
          [
            -111.31593,
            34.14976
          ],
          [
            -111.31577,
            34.15027
          ],
          [
            -111.31568,
            34.15075
          ],
          [
            -111.31567,
            34.15083
          ],
          [
            -111.31566,
            34.15093
          ],
          [
            -111.31565,
            34.15113
          ],
          [
            -111.31564,
            34.15124
          ],
          [
            -111.31563,
            34.15135
          ],
          [
            -111.31564,
            34.15173
          ],
          [
            -111.31564,
            34.15183
          ],
          [
            -111.31565,
            34.15192
          ],
          [
            -111.31565,
            34.15203
          ],
          [
            -111.31571,
            34.15242
          ],
          [
            -111.31576,
            34.15268
          ],
          [
            -111.31582,
            34.15289
          ],
          [
            -111.31585,
            34.15298
          ],
          [
            -111.31588,
            34.1531
          ],
          [
            -111.31596,
            34.15332
          ],
          [
            -111.31613,
            34.15377
          ],
          [
            -111.31638,
            34.15424
          ],
          [
            -111.31657,
            34.15453
          ],
          [
            -111.31667,
            34.15468
          ],
          [
            -111.31678,
            34.15483
          ],
          [
            -111.31694,
            34.15504
          ],
          [
            -111.31724,
            34.15538
          ],
          [
            -111.31749,
            34.15566
          ],
          [
            -111.31797,
            34.15618
          ],
          [
            -111.31869,
            34.15695
          ],
          [
            -111.3187,
            34.15696
          ],
          [
            -111.31918,
            34.15746
          ],
          [
            -111.31951,
            34.15778
          ],
          [
            -111.31966,
            34.15794
          ],
          [
            -111.31981,
            34.15811
          ],
          [
            -111.32004,
            34.15839
          ],
          [
            -111.32009,
            34.15845
          ],
          [
            -111.32013,
            34.15849
          ],
          [
            -111.32016,
            34.15853
          ],
          [
            -111.32024,
            34.15861
          ],
          [
            -111.32064,
            34.15903
          ],
          [
            -111.32088,
            34.15929
          ],
          [
            -111.32096,
            34.15937
          ],
          [
            -111.32133,
            34.15973
          ],
          [
            -111.32162,
            34.16003
          ],
          [
            -111.32166,
            34.16007
          ],
          [
            -111.32196,
            34.16042
          ],
          [
            -111.32239,
            34.16089
          ],
          [
            -111.32295,
            34.16144
          ],
          [
            -111.32297,
            34.16145
          ],
          [
            -111.323,
            34.16149
          ],
          [
            -111.32333,
            34.16182
          ],
          [
            -111.32357,
            34.16205
          ],
          [
            -111.3236,
            34.16207
          ],
          [
            -111.32387,
            34.16228
          ],
          [
            -111.32392,
            34.16232
          ],
          [
            -111.32395,
            34.16234
          ],
          [
            -111.32404,
            34.1624
          ],
          [
            -111.32434,
            34.16259
          ],
          [
            -111.32451,
            34.16269
          ],
          [
            -111.32549,
            34.16322
          ],
          [
            -111.32556,
            34.16325
          ],
          [
            -111.32576,
            34.16334
          ],
          [
            -111.32598,
            34.16343
          ],
          [
            -111.32611,
            34.16349
          ],
          [
            -111.32623,
            34.16353
          ],
          [
            -111.32634,
            34.16357
          ],
          [
            -111.32645,
            34.16361
          ],
          [
            -111.32659,
            34.16366
          ],
          [
            -111.32682,
            34.16374
          ],
          [
            -111.32697,
            34.16378
          ],
          [
            -111.32708,
            34.16381
          ],
          [
            -111.32721,
            34.16385
          ],
          [
            -111.32733,
            34.16388
          ],
          [
            -111.32743,
            34.1639
          ],
          [
            -111.32758,
            34.16394
          ],
          [
            -111.32771,
            34.16397
          ],
          [
            -111.32778,
            34.16398
          ],
          [
            -111.32783,
            34.164
          ],
          [
            -111.32796,
            34.16402
          ],
          [
            -111.32802,
            34.16404
          ],
          [
            -111.32808,
            34.16405
          ],
          [
            -111.32821,
            34.16407
          ],
          [
            -111.32834,
            34.16409
          ],
          [
            -111.32848,
            34.16411
          ],
          [
            -111.32861,
            34.16413
          ],
          [
            -111.32874,
            34.16415
          ],
          [
            -111.32887,
            34.16416
          ],
          [
            -111.32902,
            34.16418
          ],
          [
            -111.32912,
            34.1642
          ],
          [
            -111.32927,
            34.16422
          ],
          [
            -111.3294,
            34.16424
          ],
          [
            -111.32949,
            34.16425
          ],
          [
            -111.32952,
            34.16426
          ],
          [
            -111.32967,
            34.16428
          ],
          [
            -111.3297,
            34.16428
          ],
          [
            -111.32992,
            34.16432
          ],
          [
            -111.33003,
            34.16434
          ],
          [
            -111.33017,
            34.16437
          ],
          [
            -111.33029,
            34.1644
          ],
          [
            -111.33043,
            34.16443
          ],
          [
            -111.33054,
            34.16446
          ],
          [
            -111.3306,
            34.16447
          ],
          [
            -111.33067,
            34.16449
          ],
          [
            -111.33075,
            34.16452
          ],
          [
            -111.33078,
            34.16453
          ],
          [
            -111.33091,
            34.16456
          ],
          [
            -111.33097,
            34.16459
          ],
          [
            -111.33103,
            34.1646
          ],
          [
            -111.33114,
            34.16464
          ],
          [
            -111.33127,
            34.16469
          ],
          [
            -111.33135,
            34.16472
          ],
          [
            -111.3314,
            34.16474
          ],
          [
            -111.3315,
            34.16479
          ],
          [
            -111.33154,
            34.16481
          ],
          [
            -111.33163,
            34.16484
          ],
          [
            -111.3317,
            34.16487
          ],
          [
            -111.33174,
            34.16489
          ],
          [
            -111.33176,
            34.1649
          ],
          [
            -111.33179,
            34.16492
          ],
          [
            -111.33182,
            34.16493
          ],
          [
            -111.33187,
            34.16495
          ],
          [
            -111.33192,
            34.16498
          ],
          [
            -111.33196,
            34.165
          ],
          [
            -111.33208,
            34.16506
          ],
          [
            -111.33213,
            34.16509
          ],
          [
            -111.33218,
            34.16512
          ],
          [
            -111.33225,
            34.16515
          ],
          [
            -111.3323,
            34.16518
          ],
          [
            -111.33236,
            34.16522
          ],
          [
            -111.33242,
            34.16526
          ],
          [
            -111.33252,
            34.16532
          ],
          [
            -111.33263,
            34.16539
          ],
          [
            -111.33271,
            34.16545
          ],
          [
            -111.33276,
            34.16549
          ],
          [
            -111.33282,
            34.16553
          ],
          [
            -111.33291,
            34.1656
          ],
          [
            -111.333,
            34.16567
          ],
          [
            -111.3331,
            34.16574
          ],
          [
            -111.3332,
            34.16583
          ],
          [
            -111.33339,
            34.166
          ],
          [
            -111.33341,
            34.16602
          ],
          [
            -111.33345,
            34.16606
          ],
          [
            -111.33355,
            34.16616
          ],
          [
            -111.33356,
            34.16617
          ],
          [
            -111.33373,
            34.16635
          ],
          [
            -111.33381,
            34.16645
          ],
          [
            -111.33395,
            34.16661
          ],
          [
            -111.33416,
            34.16689
          ],
          [
            -111.33434,
            34.16717
          ],
          [
            -111.3345,
            34.16746
          ],
          [
            -111.33467,
            34.16776
          ],
          [
            -111.33483,
            34.16805
          ],
          [
            -111.33499,
            34.16835
          ],
          [
            -111.33516,
            34.16865
          ],
          [
            -111.33518,
            34.16869
          ],
          [
            -111.3353,
            34.1689
          ],
          [
            -111.33532,
            34.16895
          ],
          [
            -111.3355,
            34.16925
          ],
          [
            -111.33564,
            34.1695
          ],
          [
            -111.33566,
            34.16954
          ],
          [
            -111.33576,
            34.16971
          ],
          [
            -111.33583,
            34.16983
          ],
          [
            -111.33601,
            34.17014
          ],
          [
            -111.33602,
            34.17015
          ],
          [
            -111.33611,
            34.17032
          ],
          [
            -111.33617,
            34.17042
          ],
          [
            -111.33623,
            34.17053
          ],
          [
            -111.33635,
            34.17073
          ],
          [
            -111.33648,
            34.17097
          ],
          [
            -111.3365,
            34.17102
          ],
          [
            -111.33666,
            34.1713
          ],
          [
            -111.33667,
            34.17133
          ],
          [
            -111.33684,
            34.17162
          ],
          [
            -111.33685,
            34.17164
          ],
          [
            -111.33687,
            34.17167
          ],
          [
            -111.33701,
            34.17192
          ],
          [
            -111.33718,
            34.17223
          ],
          [
            -111.3372,
            34.17228
          ],
          [
            -111.3373,
            34.17244
          ],
          [
            -111.33734,
            34.17252
          ],
          [
            -111.33741,
            34.17265
          ],
          [
            -111.33747,
            34.17277
          ],
          [
            -111.3375,
            34.17283
          ],
          [
            -111.33765,
            34.17313
          ],
          [
            -111.33778,
            34.17344
          ],
          [
            -111.33784,
            34.17361
          ],
          [
            -111.33789,
            34.17376
          ],
          [
            -111.3379,
            34.17379
          ],
          [
            -111.33794,
            34.17396
          ],
          [
            -111.33796,
            34.17401
          ],
          [
            -111.33797,
            34.17408
          ],
          [
            -111.33803,
            34.17441
          ],
          [
            -111.33804,
            34.1745
          ],
          [
            -111.33807,
            34.17473
          ],
          [
            -111.33808,
            34.17505
          ],
          [
            -111.33807,
            34.17527
          ],
          [
            -111.33806,
            34.17538
          ],
          [
            -111.33802,
            34.17564
          ],
          [
            -111.33801,
            34.17571
          ],
          [
            -111.33795,
            34.17604
          ],
          [
            -111.33786,
            34.17635
          ],
          [
            -111.33775,
            34.17666
          ],
          [
            -111.33762,
            34.17698
          ],
          [
            -111.33747,
            34.17728
          ],
          [
            -111.33705,
            34.17806
          ],
          [
            -111.33696,
            34.17822
          ],
          [
            -111.33693,
            34.17828
          ],
          [
            -111.33687,
            34.17839
          ],
          [
            -111.33678,
            34.17855
          ],
          [
            -111.3367,
            34.17871
          ],
          [
            -111.33661,
            34.17888
          ],
          [
            -111.3365,
            34.17909
          ],
          [
            -111.33625,
            34.17954
          ],
          [
            -111.33616,
            34.1797
          ],
          [
            -111.33572,
            34.18052
          ],
          [
            -111.33529,
            34.18133
          ],
          [
            -111.3352,
            34.18149
          ],
          [
            -111.33485,
            34.18215
          ],
          [
            -111.3341,
            34.18354
          ],
          [
            -111.33372,
            34.18422
          ],
          [
            -111.33322,
            34.18515
          ],
          [
            -111.33283,
            34.18588
          ],
          [
            -111.33235,
            34.18677
          ],
          [
            -111.33234,
            34.18679
          ],
          [
            -111.33225,
            34.18696
          ],
          [
            -111.33208,
            34.18727
          ],
          [
            -111.33181,
            34.18778
          ],
          [
            -111.33154,
            34.18827
          ],
          [
            -111.3311,
            34.18909
          ],
          [
            -111.33104,
            34.1892
          ],
          [
            -111.33101,
            34.18926
          ],
          [
            -111.3309,
            34.18945
          ],
          [
            -111.33063,
            34.18996
          ],
          [
            -111.33035,
            34.19048
          ],
          [
            -111.33011,
            34.19091
          ],
          [
            -111.32987,
            34.19136
          ],
          [
            -111.32964,
            34.19179
          ],
          [
            -111.32948,
            34.19209
          ],
          [
            -111.32929,
            34.19242
          ],
          [
            -111.32915,
            34.19269
          ],
          [
            -111.329,
            34.19299
          ],
          [
            -111.32887,
            34.1933
          ],
          [
            -111.32883,
            34.19341
          ],
          [
            -111.32878,
            34.19358
          ],
          [
            -111.32877,
            34.19362
          ],
          [
            -111.32872,
            34.19376
          ],
          [
            -111.32868,
            34.19395
          ],
          [
            -111.32862,
            34.19427
          ],
          [
            -111.32858,
            34.19459
          ],
          [
            -111.32857,
            34.19465
          ],
          [
            -111.32856,
            34.19483
          ],
          [
            -111.32856,
            34.19493
          ],
          [
            -111.32856,
            34.19501
          ],
          [
            -111.32856,
            34.19519
          ],
          [
            -111.32857,
            34.19537
          ],
          [
            -111.32861,
            34.1957
          ],
          [
            -111.32862,
            34.19572
          ],
          [
            -111.32862,
            34.19573
          ],
          [
            -111.32865,
            34.19591
          ],
          [
            -111.32867,
            34.19602
          ],
          [
            -111.32868,
            34.19608
          ],
          [
            -111.32873,
            34.19626
          ],
          [
            -111.32875,
            34.19634
          ],
          [
            -111.32886,
            34.19666
          ],
          [
            -111.32891,
            34.19678
          ],
          [
            -111.32897,
            34.19695
          ],
          [
            -111.32898,
            34.19695
          ],
          [
            -111.32899,
            34.19698
          ],
          [
            -111.32905,
            34.19712
          ],
          [
            -111.3291,
            34.19723
          ],
          [
            -111.32913,
            34.19729
          ],
          [
            -111.32922,
            34.19745
          ],
          [
            -111.32929,
            34.19758
          ],
          [
            -111.32945,
            34.19788
          ],
          [
            -111.32962,
            34.19819
          ],
          [
            -111.32966,
            34.19827
          ],
          [
            -111.32977,
            34.19849
          ],
          [
            -111.32991,
            34.19879
          ],
          [
            -111.33001,
            34.199
          ],
          [
            -111.33006,
            34.19911
          ],
          [
            -111.33013,
            34.19928
          ],
          [
            -111.33018,
            34.19941
          ],
          [
            -111.3302,
            34.19945
          ],
          [
            -111.3303,
            34.19972
          ],
          [
            -111.33039,
            34.19996
          ],
          [
            -111.33041,
            34.20003
          ],
          [
            -111.33045,
            34.20014
          ],
          [
            -111.3305,
            34.20031
          ],
          [
            -111.33051,
            34.20034
          ],
          [
            -111.33062,
            34.20067
          ],
          [
            -111.33066,
            34.20083
          ],
          [
            -111.3307,
            34.20098
          ],
          [
            -111.33071,
            34.20101
          ],
          [
            -111.33076,
            34.20118
          ],
          [
            -111.33078,
            34.2013
          ],
          [
            -111.33086,
            34.20162
          ],
          [
            -111.33092,
            34.20195
          ],
          [
            -111.33098,
            34.20227
          ],
          [
            -111.33103,
            34.20259
          ],
          [
            -111.33107,
            34.20292
          ],
          [
            -111.3311,
            34.20319
          ],
          [
            -111.33112,
            34.20346
          ],
          [
            -111.33112,
            34.2035
          ],
          [
            -111.33115,
            34.20399
          ],
          [
            -111.33116,
            34.20404
          ],
          [
            -111.33116,
            34.20422
          ],
          [
            -111.33118,
            34.20458
          ],
          [
            -111.33119,
            34.20476
          ],
          [
            -111.33119,
            34.20478
          ],
          [
            -111.33123,
            34.20538
          ],
          [
            -111.33123,
            34.20548
          ],
          [
            -111.33127,
            34.20619
          ],
          [
            -111.33128,
            34.20637
          ],
          [
            -111.3313,
            34.20674
          ],
          [
            -111.33131,
            34.20691
          ],
          [
            -111.33131,
            34.20692
          ],
          [
            -111.33132,
            34.20709
          ],
          [
            -111.33137,
            34.20799
          ],
          [
            -111.33138,
            34.20817
          ],
          [
            -111.33139,
            34.20835
          ],
          [
            -111.3314,
            34.20853
          ],
          [
            -111.33141,
            34.20871
          ],
          [
            -111.33144,
            34.20925
          ],
          [
            -111.33145,
            34.20943
          ],
          [
            -111.33146,
            34.20979
          ],
          [
            -111.33147,
            34.20985
          ],
          [
            -111.33147,
            34.20997
          ],
          [
            -111.33149,
            34.21025
          ],
          [
            -111.33149,
            34.21033
          ],
          [
            -111.33152,
            34.21077
          ],
          [
            -111.33154,
            34.21124
          ],
          [
            -111.33155,
            34.21141
          ],
          [
            -111.33157,
            34.21176
          ],
          [
            -111.33157,
            34.21177
          ],
          [
            -111.33159,
            34.21212
          ],
          [
            -111.33165,
            34.21321
          ],
          [
            -111.3317,
            34.2141
          ],
          [
            -111.33171,
            34.21428
          ],
          [
            -111.33171,
            34.2143
          ],
          [
            -111.33174,
            34.21499
          ],
          [
            -111.33182,
            34.21638
          ],
          [
            -111.33182,
            34.2164
          ],
          [
            -111.33191,
            34.21802
          ],
          [
            -111.33192,
            34.21835
          ],
          [
            -111.33196,
            34.21869
          ],
          [
            -111.33198,
            34.21891
          ],
          [
            -111.33199,
            34.21924
          ],
          [
            -111.332,
            34.21934
          ],
          [
            -111.33201,
            34.21951
          ],
          [
            -111.33202,
            34.2197
          ],
          [
            -111.33203,
            34.22005
          ],
          [
            -111.33205,
            34.22041
          ],
          [
            -111.33206,
            34.22046
          ],
          [
            -111.33206,
            34.22056
          ],
          [
            -111.33208,
            34.22084
          ],
          [
            -111.33208,
            34.22089
          ],
          [
            -111.33209,
            34.22107
          ],
          [
            -111.33209,
            34.22114
          ],
          [
            -111.33211,
            34.2215
          ],
          [
            -111.33212,
            34.2216
          ],
          [
            -111.33213,
            34.22182
          ],
          [
            -111.33213,
            34.22186
          ],
          [
            -111.33215,
            34.22217
          ],
          [
            -111.33216,
            34.22249
          ],
          [
            -111.33217,
            34.22262
          ],
          [
            -111.33217,
            34.22267
          ],
          [
            -111.33218,
            34.22286
          ],
          [
            -111.33219,
            34.22306
          ],
          [
            -111.33219,
            34.22321
          ],
          [
            -111.33219,
            34.22328
          ],
          [
            -111.33218,
            34.22351
          ],
          [
            -111.33218,
            34.22357
          ],
          [
            -111.33216,
            34.22371
          ],
          [
            -111.33211,
            34.22397
          ],
          [
            -111.33204,
            34.22423
          ],
          [
            -111.33196,
            34.22446
          ],
          [
            -111.33195,
            34.22456
          ],
          [
            -111.33184,
            34.22477
          ],
          [
            -111.33178,
            34.22488
          ],
          [
            -111.33174,
            34.22493
          ],
          [
            -111.33168,
            34.22501
          ],
          [
            -111.33167,
            34.22503
          ],
          [
            -111.33161,
            34.22512
          ],
          [
            -111.33156,
            34.22518
          ],
          [
            -111.33153,
            34.22522
          ],
          [
            -111.33145,
            34.22531
          ],
          [
            -111.33136,
            34.22542
          ],
          [
            -111.33129,
            34.2255
          ],
          [
            -111.33102,
            34.22578
          ],
          [
            -111.33037,
            34.22633
          ],
          [
            -111.33004,
            34.2266
          ],
          [
            -111.32964,
            34.22693
          ],
          [
            -111.32956,
            34.227
          ],
          [
            -111.32947,
            34.22707
          ],
          [
            -111.32933,
            34.22718
          ],
          [
            -111.3292,
            34.2273
          ],
          [
            -111.32888,
            34.22756
          ],
          [
            -111.32836,
            34.22798
          ],
          [
            -111.32779,
            34.22845
          ],
          [
            -111.32768,
            34.22854
          ],
          [
            -111.32737,
            34.2288
          ],
          [
            -111.32729,
            34.22887
          ],
          [
            -111.32719,
            34.22894
          ],
          [
            -111.32663,
            34.2294
          ],
          [
            -111.3265,
            34.22952
          ],
          [
            -111.32636,
            34.22962
          ],
          [
            -111.32615,
            34.2298
          ],
          [
            -111.32597,
            34.22995
          ],
          [
            -111.32584,
            34.23006
          ],
          [
            -111.32569,
            34.2302
          ],
          [
            -111.3255,
            34.23039
          ],
          [
            -111.32526,
            34.23063
          ],
          [
            -111.32512,
            34.23079
          ],
          [
            -111.32498,
            34.23095
          ],
          [
            -111.32481,
            34.23115
          ],
          [
            -111.32476,
            34.23121
          ],
          [
            -111.32464,
            34.23136
          ],
          [
            -111.32455,
            34.2315
          ],
          [
            -111.32442,
            34.23169
          ],
          [
            -111.3243,
            34.23188
          ],
          [
            -111.32419,
            34.23205
          ],
          [
            -111.32411,
            34.23218
          ],
          [
            -111.32402,
            34.23233
          ],
          [
            -111.32391,
            34.23254
          ],
          [
            -111.32391,
            34.23256
          ],
          [
            -111.32381,
            34.23278
          ],
          [
            -111.32371,
            34.233
          ],
          [
            -111.3236,
            34.23327
          ],
          [
            -111.32352,
            34.2335
          ],
          [
            -111.32346,
            34.23371
          ],
          [
            -111.3234,
            34.23393
          ],
          [
            -111.32335,
            34.2341
          ],
          [
            -111.3233,
            34.23437
          ],
          [
            -111.32325,
            34.23465
          ],
          [
            -111.32323,
            34.2348
          ],
          [
            -111.32321,
            34.23496
          ],
          [
            -111.32321,
            34.23498
          ],
          [
            -111.32319,
            34.23518
          ],
          [
            -111.32318,
            34.23539
          ],
          [
            -111.32317,
            34.23563
          ],
          [
            -111.32316,
            34.23592
          ],
          [
            -111.32315,
            34.23621
          ],
          [
            -111.32314,
            34.23659
          ],
          [
            -111.32313,
            34.23692
          ],
          [
            -111.32311,
            34.23744
          ],
          [
            -111.32311,
            34.23745
          ],
          [
            -111.3231,
            34.23778
          ],
          [
            -111.32308,
            34.23829
          ],
          [
            -111.32306,
            34.23884
          ],
          [
            -111.32306,
            34.239
          ],
          [
            -111.32306,
            34.23919
          ],
          [
            -111.32305,
            34.23933
          ],
          [
            -111.32305,
            34.2394
          ],
          [
            -111.32306,
            34.23945
          ],
          [
            -111.32298,
            34.23956
          ],
          [
            -111.32295,
            34.2398
          ],
          [
            -111.32295,
            34.23997
          ],
          [
            -111.32294,
            34.24025
          ],
          [
            -111.32295,
            34.24041
          ],
          [
            -111.32294,
            34.24058
          ],
          [
            -111.32294,
            34.2407
          ],
          [
            -111.32293,
            34.2409
          ],
          [
            -111.32292,
            34.24114
          ],
          [
            -111.32292,
            34.24121
          ],
          [
            -111.32291,
            34.24134
          ],
          [
            -111.32291,
            34.24139
          ],
          [
            -111.32291,
            34.24142
          ],
          [
            -111.32291,
            34.24143
          ],
          [
            -111.32292,
            34.24145
          ],
          [
            -111.32297,
            34.24155
          ],
          [
            -111.32296,
            34.24177
          ],
          [
            -111.32296,
            34.24189
          ],
          [
            -111.32295,
            34.24206
          ],
          [
            -111.32293,
            34.24278
          ],
          [
            -111.32291,
            34.24321
          ],
          [
            -111.32285,
            34.24338
          ],
          [
            -111.32285,
            34.2434
          ],
          [
            -111.32285,
            34.24343
          ],
          [
            -111.32285,
            34.24367
          ],
          [
            -111.32284,
            34.24391
          ],
          [
            -111.32283,
            34.24403
          ],
          [
            -111.32282,
            34.2444
          ],
          [
            -111.3228,
            34.24488
          ],
          [
            -111.32279,
            34.24513
          ],
          [
            -111.32278,
            34.24534
          ],
          [
            -111.32277,
            34.2458
          ],
          [
            -111.32281,
            34.24592
          ],
          [
            -111.32282,
            34.246
          ],
          [
            -111.32277,
            34.24726
          ],
          [
            -111.32276,
            34.24761
          ],
          [
            -111.32273,
            34.24842
          ],
          [
            -111.32272,
            34.24873
          ],
          [
            -111.32271,
            34.24906
          ],
          [
            -111.32269,
            34.24938
          ],
          [
            -111.32267,
            34.24952
          ],
          [
            -111.32267,
            34.24958
          ],
          [
            -111.32265,
            34.24994
          ],
          [
            -111.32266,
            34.25014
          ],
          [
            -111.32265,
            34.25067
          ],
          [
            -111.32264,
            34.25084
          ],
          [
            -111.32262,
            34.2511
          ],
          [
            -111.3226,
            34.25162
          ],
          [
            -111.32259,
            34.252
          ],
          [
            -111.32259,
            34.25205
          ],
          [
            -111.32257,
            34.25277
          ],
          [
            -111.32253,
            34.25387
          ],
          [
            -111.32251,
            34.25439
          ],
          [
            -111.32251,
            34.25481
          ],
          [
            -111.32249,
            34.25531
          ],
          [
            -111.32245,
            34.25629
          ],
          [
            -111.32245,
            34.25646
          ],
          [
            -111.32245,
            34.25681
          ],
          [
            -111.32244,
            34.25682
          ],
          [
            -111.32244,
            34.25684
          ],
          [
            -111.32243,
            34.25685
          ],
          [
            -111.32242,
            34.25686
          ],
          [
            -111.32242,
            34.25687
          ],
          [
            -111.32241,
            34.25688
          ],
          [
            -111.32241,
            34.2569
          ],
          [
            -111.32241,
            34.25693
          ],
          [
            -111.32242,
            34.25697
          ],
          [
            -111.32242,
            34.257
          ],
          [
            -111.32243,
            34.25703
          ],
          [
            -111.32244,
            34.25708
          ],
          [
            -111.32243,
            34.25714
          ],
          [
            -111.32236,
            34.25741
          ],
          [
            -111.3223575,
            34.2574087
          ],
          [
            -111.32234,
            34.25742
          ],
          [
            -111.32232,
            34.25743
          ],
          [
            -111.3223,
            34.25745
          ],
          [
            -111.32229,
            34.25747
          ],
          [
            -111.32228,
            34.25748
          ],
          [
            -111.32227,
            34.2575
          ],
          [
            -111.32226,
            34.25752
          ],
          [
            -111.32225,
            34.25754
          ],
          [
            -111.32225,
            34.25756
          ],
          [
            -111.32225,
            34.25758
          ],
          [
            -111.32224,
            34.2576
          ],
          [
            -111.32225,
            34.25761
          ],
          [
            -111.32225,
            34.25763
          ],
          [
            -111.32225,
            34.25765
          ],
          [
            -111.32226,
            34.25766
          ],
          [
            -111.32228,
            34.2577
          ],
          [
            -111.32228,
            34.25771
          ],
          [
            -111.32228,
            34.25772
          ],
          [
            -111.32229,
            34.25772
          ],
          [
            -111.32229,
            34.25773
          ],
          [
            -111.32232,
            34.25785
          ],
          [
            -111.32233,
            34.2579
          ],
          [
            -111.32234,
            34.25798
          ],
          [
            -111.32233,
            34.25811
          ],
          [
            -111.32237,
            34.25829
          ],
          [
            -111.32238,
            34.25845
          ],
          [
            -111.32236,
            34.25885
          ],
          [
            -111.32236,
            34.25906
          ],
          [
            -111.32233,
            34.25996
          ],
          [
            -111.32232,
            34.26002
          ],
          [
            -111.32231,
            34.26053
          ],
          [
            -111.32228,
            34.26125
          ],
          [
            -111.32227,
            34.2616
          ],
          [
            -111.32225,
            34.26216
          ],
          [
            -111.32224,
            34.26249
          ],
          [
            -111.32224,
            34.26254
          ],
          [
            -111.32223,
            34.26288
          ],
          [
            -111.32222,
            34.26306
          ],
          [
            -111.3222,
            34.26355
          ],
          [
            -111.3222,
            34.26372
          ],
          [
            -111.32217,
            34.26458
          ],
          [
            -111.32215,
            34.26525
          ],
          [
            -111.32213,
            34.26564
          ],
          [
            -111.3221,
            34.26569
          ],
          [
            -111.3221,
            34.26571
          ],
          [
            -111.3221,
            34.26572
          ],
          [
            -111.3221,
            34.26573
          ],
          [
            -111.3221,
            34.26578
          ],
          [
            -111.3221,
            34.26587
          ],
          [
            -111.32209,
            34.26591
          ],
          [
            -111.32208,
            34.26594
          ],
          [
            -111.32206,
            34.26598
          ],
          [
            -111.32199,
            34.26609
          ],
          [
            -111.321992,
            34.2660895
          ],
          [
            -111.32198,
            34.2661
          ],
          [
            -111.32197,
            34.26611
          ],
          [
            -111.32196,
            34.26612
          ],
          [
            -111.32195,
            34.26613
          ],
          [
            -111.32194,
            34.26614
          ],
          [
            -111.32193,
            34.26615
          ],
          [
            -111.32192,
            34.26616
          ],
          [
            -111.32191,
            34.26618
          ],
          [
            -111.3219,
            34.26619
          ],
          [
            -111.3219,
            34.26621
          ],
          [
            -111.32189,
            34.26623
          ],
          [
            -111.32189,
            34.26625
          ],
          [
            -111.32189,
            34.26627
          ],
          [
            -111.32189,
            34.26629
          ],
          [
            -111.32189,
            34.2663
          ],
          [
            -111.3219,
            34.26632
          ],
          [
            -111.3219,
            34.26633
          ],
          [
            -111.3219,
            34.26634
          ],
          [
            -111.32191,
            34.26635
          ],
          [
            -111.32191,
            34.26636
          ],
          [
            -111.32192,
            34.26637
          ],
          [
            -111.32193,
            34.26638
          ],
          [
            -111.32192,
            34.26644
          ],
          [
            -111.32193,
            34.26648
          ],
          [
            -111.32196,
            34.26655
          ],
          [
            -111.32197,
            34.2666
          ],
          [
            -111.32199,
            34.26678
          ],
          [
            -111.322,
            34.26687
          ],
          [
            -111.32201,
            34.26697
          ],
          [
            -111.322,
            34.26717
          ],
          [
            -111.32199,
            34.26762
          ],
          [
            -111.32199,
            34.26789
          ],
          [
            -111.32199,
            34.2682
          ],
          [
            -111.32198,
            34.26905
          ],
          [
            -111.32197,
            34.2693
          ],
          [
            -111.32195,
            34.27029
          ],
          [
            -111.32194,
            34.27039
          ],
          [
            -111.32194,
            34.27047
          ],
          [
            -111.32198,
            34.27055
          ],
          [
            -111.32194,
            34.27066
          ],
          [
            -111.32189,
            34.27165
          ],
          [
            -111.32183,
            34.27317
          ],
          [
            -111.32182,
            34.27326
          ],
          [
            -111.32177,
            34.27473
          ],
          [
            -111.32176,
            34.27486
          ],
          [
            -111.32176,
            34.27503
          ],
          [
            -111.32179,
            34.27539
          ],
          [
            -111.32182,
            34.27567
          ],
          [
            -111.32185,
            34.2758
          ],
          [
            -111.32189,
            34.27596
          ],
          [
            -111.32206,
            34.2765
          ],
          [
            -111.32208,
            34.27654
          ],
          [
            -111.32225,
            34.27691
          ],
          [
            -111.32237,
            34.27714
          ],
          [
            -111.32239,
            34.27716
          ],
          [
            -111.32239,
            34.27717
          ],
          [
            -111.32253,
            34.27738
          ],
          [
            -111.32275,
            34.27768
          ],
          [
            -111.32301,
            34.27798
          ],
          [
            -111.3232,
            34.27818
          ],
          [
            -111.32359,
            34.27852
          ],
          [
            -111.32362,
            34.27855
          ],
          [
            -111.32399,
            34.27882
          ],
          [
            -111.32432,
            34.27902
          ],
          [
            -111.32484,
            34.2793
          ],
          [
            -111.32499,
            34.27936
          ],
          [
            -111.32529,
            34.27948
          ],
          [
            -111.32558,
            34.27959
          ],
          [
            -111.32591,
            34.27969
          ],
          [
            -111.32648,
            34.27985
          ],
          [
            -111.32652,
            34.27986
          ],
          [
            -111.32654,
            34.27987
          ],
          [
            -111.32714,
            34.28004
          ],
          [
            -111.32732,
            34.2801
          ],
          [
            -111.32734,
            34.2801
          ],
          [
            -111.32736,
            34.28011
          ],
          [
            -111.32791,
            34.28031
          ],
          [
            -111.32794,
            34.28032
          ],
          [
            -111.32796,
            34.28033
          ],
          [
            -111.32837,
            34.2805
          ],
          [
            -111.32871,
            34.28066
          ],
          [
            -111.32904,
            34.28083
          ],
          [
            -111.32909,
            34.28086
          ],
          [
            -111.32954,
            34.28112
          ],
          [
            -111.32967,
            34.2812
          ],
          [
            -111.3298,
            34.28129
          ],
          [
            -111.32993,
            34.28138
          ],
          [
            -111.33008,
            34.28147
          ],
          [
            -111.33019,
            34.28155
          ],
          [
            -111.33028,
            34.28162
          ],
          [
            -111.33032,
            34.28165
          ],
          [
            -111.33044,
            34.28174
          ],
          [
            -111.33044,
            34.28175
          ],
          [
            -111.33059,
            34.28186
          ],
          [
            -111.3306,
            34.28187
          ],
          [
            -111.33073,
            34.28197
          ],
          [
            -111.33093,
            34.28215
          ],
          [
            -111.33121,
            34.2824
          ],
          [
            -111.33122,
            34.28241
          ],
          [
            -111.33132,
            34.28249
          ],
          [
            -111.33134,
            34.28251
          ],
          [
            -111.33135,
            34.28252
          ],
          [
            -111.33136,
            34.28253
          ],
          [
            -111.33156,
            34.28269
          ],
          [
            -111.33166,
            34.28277
          ],
          [
            -111.33173,
            34.28284
          ],
          [
            -111.33181,
            34.2829
          ],
          [
            -111.33195,
            34.28302
          ],
          [
            -111.33198,
            34.28304
          ],
          [
            -111.33208,
            34.28312
          ],
          [
            -111.33211,
            34.28315
          ],
          [
            -111.33212,
            34.28315
          ],
          [
            -111.33213,
            34.28316
          ],
          [
            -111.33229,
            34.2833
          ],
          [
            -111.33252,
            34.28347
          ],
          [
            -111.33269,
            34.28361
          ],
          [
            -111.33283,
            34.28371
          ],
          [
            -111.33297,
            34.28381
          ],
          [
            -111.33314,
            34.28392
          ],
          [
            -111.33326,
            34.284
          ],
          [
            -111.33345,
            34.28412
          ],
          [
            -111.33361,
            34.28421
          ],
          [
            -111.33375,
            34.2843
          ],
          [
            -111.33386,
            34.28436
          ],
          [
            -111.33396,
            34.28441
          ],
          [
            -111.33415,
            34.2845
          ],
          [
            -111.3343,
            34.28457
          ],
          [
            -111.33448,
            34.28466
          ],
          [
            -111.33459,
            34.28471
          ],
          [
            -111.33475,
            34.28478
          ],
          [
            -111.33489,
            34.28483
          ],
          [
            -111.33512,
            34.28493
          ],
          [
            -111.33532,
            34.285
          ],
          [
            -111.33553,
            34.28508
          ],
          [
            -111.33571,
            34.28513
          ],
          [
            -111.33577,
            34.28515
          ],
          [
            -111.33585,
            34.28518
          ],
          [
            -111.33591,
            34.2852
          ],
          [
            -111.33598,
            34.28522
          ],
          [
            -111.33601,
            34.28523
          ],
          [
            -111.33607,
            34.28525
          ],
          [
            -111.33643,
            34.28535
          ],
          [
            -111.33654,
            34.28539
          ],
          [
            -111.33673,
            34.28544
          ],
          [
            -111.33675,
            34.28545
          ],
          [
            -111.33694,
            34.2855
          ],
          [
            -111.33695,
            34.2855
          ],
          [
            -111.33699,
            34.28552
          ],
          [
            -111.33708,
            34.28554
          ],
          [
            -111.33735,
            34.28562
          ],
          [
            -111.33737,
            34.28563
          ],
          [
            -111.33755,
            34.28568
          ],
          [
            -111.33756,
            34.28569
          ],
          [
            -111.33762,
            34.2857
          ],
          [
            -111.33772,
            34.28573
          ],
          [
            -111.33798,
            34.28581
          ],
          [
            -111.33802,
            34.28582
          ],
          [
            -111.33815,
            34.28586
          ],
          [
            -111.33816,
            34.28587
          ],
          [
            -111.33825,
            34.2859
          ],
          [
            -111.33828,
            34.28591
          ],
          [
            -111.33832,
            34.28592
          ],
          [
            -111.33843,
            34.28596
          ],
          [
            -111.33845,
            34.28596
          ],
          [
            -111.3385,
            34.28598
          ],
          [
            -111.33857,
            34.28601
          ],
          [
            -111.33859,
            34.28602
          ],
          [
            -111.33866,
            34.28604
          ],
          [
            -111.33871,
            34.28606
          ],
          [
            -111.33877,
            34.28608
          ],
          [
            -111.33882,
            34.28611
          ],
          [
            -111.33896,
            34.28617
          ],
          [
            -111.339,
            34.28618
          ],
          [
            -111.33914,
            34.28624
          ],
          [
            -111.33935,
            34.28634
          ],
          [
            -111.33942,
            34.28638
          ],
          [
            -111.33946,
            34.2864
          ],
          [
            -111.3396,
            34.28647
          ],
          [
            -111.33964,
            34.28649
          ],
          [
            -111.3397,
            34.28653
          ],
          [
            -111.33971,
            34.28653
          ],
          [
            -111.33987,
            34.28663
          ],
          [
            -111.33988,
            34.28664
          ],
          [
            -111.34006,
            34.28675
          ],
          [
            -111.34023,
            34.28686
          ],
          [
            -111.34031,
            34.28691
          ],
          [
            -111.34057,
            34.28708
          ],
          [
            -111.34102,
            34.28736
          ],
          [
            -111.34127,
            34.28751
          ],
          [
            -111.34134,
            34.28756
          ],
          [
            -111.34139,
            34.28759
          ],
          [
            -111.34199,
            34.28797
          ],
          [
            -111.34204,
            34.288
          ],
          [
            -111.3422,
            34.2881
          ],
          [
            -111.34229,
            34.28816
          ],
          [
            -111.34246,
            34.28827
          ],
          [
            -111.34248,
            34.28828
          ],
          [
            -111.34256,
            34.28833
          ],
          [
            -111.34268,
            34.28841
          ],
          [
            -111.34272,
            34.28843
          ],
          [
            -111.34285,
            34.28852
          ],
          [
            -111.34326,
            34.28878
          ],
          [
            -111.34374,
            34.28909
          ],
          [
            -111.34376,
            34.28912
          ],
          [
            -111.3439,
            34.28921
          ],
          [
            -111.34397,
            34.28926
          ],
          [
            -111.34415,
            34.28941
          ],
          [
            -111.34446,
            34.28965
          ],
          [
            -111.3446,
            34.28976
          ],
          [
            -111.34474,
            34.28987
          ],
          [
            -111.34492,
            34.29
          ],
          [
            -111.34495,
            34.29002
          ],
          [
            -111.34508,
            34.29012
          ],
          [
            -111.34542,
            34.29039
          ],
          [
            -111.34555,
            34.29049
          ],
          [
            -111.34603,
            34.29086
          ],
          [
            -111.34619,
            34.29098
          ],
          [
            -111.34638,
            34.29113
          ],
          [
            -111.34667,
            34.29135
          ],
          [
            -111.34682,
            34.29147
          ],
          [
            -111.34714,
            34.29172
          ],
          [
            -111.3473,
            34.29184
          ],
          [
            -111.34762,
            34.29209
          ],
          [
            -111.34791,
            34.29232
          ],
          [
            -111.34794,
            34.29234
          ],
          [
            -111.34812,
            34.29248
          ],
          [
            -111.34881,
            34.29301
          ],
          [
            -111.34885,
            34.29304
          ],
          [
            -111.34889,
            34.29307
          ],
          [
            -111.34918,
            34.2933
          ],
          [
            -111.34937,
            34.29344
          ],
          [
            -111.34953,
            34.29356
          ],
          [
            -111.34956,
            34.29359
          ],
          [
            -111.34968,
            34.29369
          ],
          [
            -111.34986,
            34.29381
          ],
          [
            -111.35022,
            34.29406
          ],
          [
            -111.35039,
            34.29417
          ],
          [
            -111.35064,
            34.29432
          ],
          [
            -111.35112,
            34.29458
          ],
          [
            -111.35132,
            34.29468
          ],
          [
            -111.35151,
            34.29476
          ],
          [
            -111.35188,
            34.29491
          ],
          [
            -111.3521,
            34.295
          ],
          [
            -111.35219,
            34.29504
          ],
          [
            -111.35288,
            34.29531
          ],
          [
            -111.3533,
            34.29548
          ],
          [
            -111.35405,
            34.29579
          ],
          [
            -111.35435,
            34.29591
          ],
          [
            -111.35479,
            34.29609
          ],
          [
            -111.35503,
            34.29619
          ],
          [
            -111.35514,
            34.29623
          ],
          [
            -111.3553,
            34.2963
          ],
          [
            -111.35543,
            34.29636
          ],
          [
            -111.35557,
            34.29643
          ],
          [
            -111.35564,
            34.29647
          ],
          [
            -111.35577,
            34.29654
          ],
          [
            -111.3559,
            34.29662
          ],
          [
            -111.35601,
            34.29669
          ],
          [
            -111.35612,
            34.29677
          ],
          [
            -111.35617,
            34.29681
          ],
          [
            -111.35627,
            34.29689
          ],
          [
            -111.35628,
            34.2969
          ],
          [
            -111.35634,
            34.29696
          ],
          [
            -111.35642,
            34.29704
          ],
          [
            -111.3565,
            34.29712
          ],
          [
            -111.35655,
            34.29718
          ],
          [
            -111.35662,
            34.29726
          ],
          [
            -111.35667,
            34.29733
          ],
          [
            -111.35669,
            34.29736
          ],
          [
            -111.35673,
            34.29742
          ],
          [
            -111.35682,
            34.29756
          ],
          [
            -111.35694,
            34.29779
          ],
          [
            -111.35699,
            34.29791
          ],
          [
            -111.35703,
            34.29802
          ],
          [
            -111.35706,
            34.2981
          ],
          [
            -111.35707,
            34.29815
          ],
          [
            -111.35711,
            34.29835
          ],
          [
            -111.35713,
            34.29847
          ],
          [
            -111.35715,
            34.29867
          ],
          [
            -111.35718,
            34.29885
          ],
          [
            -111.35719,
            34.299
          ],
          [
            -111.3572,
            34.29908
          ],
          [
            -111.35721,
            34.2991
          ],
          [
            -111.35724,
            34.29929
          ],
          [
            -111.35727,
            34.2995
          ],
          [
            -111.35728,
            34.29953
          ],
          [
            -111.3573,
            34.29963
          ],
          [
            -111.35736,
            34.29987
          ],
          [
            -111.35741,
            34.30007
          ],
          [
            -111.35746,
            34.30022
          ],
          [
            -111.35746,
            34.30023
          ],
          [
            -111.35747,
            34.30024
          ],
          [
            -111.35748,
            34.30027
          ],
          [
            -111.35754,
            34.30043
          ],
          [
            -111.35758,
            34.30052
          ],
          [
            -111.35764,
            34.30064
          ],
          [
            -111.35768,
            34.30071
          ],
          [
            -111.35775,
            34.30085
          ],
          [
            -111.35797,
            34.30126
          ],
          [
            -111.35816,
            34.30162
          ],
          [
            -111.35826,
            34.30181
          ],
          [
            -111.35826,
            34.30182
          ],
          [
            -111.35843,
            34.30214
          ],
          [
            -111.35848,
            34.30223
          ],
          [
            -111.35851,
            34.30231
          ],
          [
            -111.35852,
            34.30231
          ],
          [
            -111.35862,
            34.30253
          ],
          [
            -111.3587,
            34.30272
          ],
          [
            -111.35878,
            34.30291
          ],
          [
            -111.35886,
            34.30313
          ],
          [
            -111.35887,
            34.30316
          ],
          [
            -111.35896,
            34.30344
          ],
          [
            -111.35902,
            34.30368
          ],
          [
            -111.35904,
            34.30372
          ],
          [
            -111.35908,
            34.30389
          ],
          [
            -111.35911,
            34.30398
          ],
          [
            -111.35912,
            34.30403
          ],
          [
            -111.35912,
            34.30404
          ],
          [
            -111.35918,
            34.3042
          ],
          [
            -111.35918,
            34.30421
          ],
          [
            -111.35919,
            34.30424
          ],
          [
            -111.35924,
            34.30437
          ],
          [
            -111.3593,
            34.30451
          ],
          [
            -111.35936,
            34.30464
          ],
          [
            -111.3594,
            34.30471
          ],
          [
            -111.35946,
            34.3048
          ],
          [
            -111.3595,
            34.30487
          ],
          [
            -111.35951,
            34.30488
          ],
          [
            -111.35954,
            34.30492
          ],
          [
            -111.3596,
            34.30501
          ],
          [
            -111.35968,
            34.30512
          ],
          [
            -111.35977,
            34.30522
          ],
          [
            -111.35987,
            34.30533
          ],
          [
            -111.35993,
            34.30539
          ],
          [
            -111.36001,
            34.30546
          ],
          [
            -111.36028,
            34.30573
          ],
          [
            -111.36037,
            34.30581
          ],
          [
            -111.36042,
            34.30586
          ],
          [
            -111.36043,
            34.30587
          ],
          [
            -111.36055,
            34.30599
          ],
          [
            -111.36066,
            34.30612
          ],
          [
            -111.36078,
            34.30627
          ],
          [
            -111.3608,
            34.30631
          ],
          [
            -111.36086,
            34.30639
          ],
          [
            -111.3609,
            34.30646
          ],
          [
            -111.36091,
            34.30647
          ],
          [
            -111.36093,
            34.30651
          ],
          [
            -111.36101,
            34.30666
          ],
          [
            -111.36108,
            34.3068
          ],
          [
            -111.36113,
            34.30692
          ],
          [
            -111.36121,
            34.30714
          ],
          [
            -111.36121,
            34.30715
          ],
          [
            -111.36124,
            34.30726
          ],
          [
            -111.36131,
            34.30748
          ],
          [
            -111.36139,
            34.30774
          ],
          [
            -111.36145,
            34.30792
          ],
          [
            -111.36153,
            34.3081
          ],
          [
            -111.36163,
            34.30828
          ],
          [
            -111.36166,
            34.30834
          ],
          [
            -111.36174,
            34.30846
          ],
          [
            -111.36177,
            34.3085
          ],
          [
            -111.36184,
            34.30859
          ],
          [
            -111.36191,
            34.30868
          ],
          [
            -111.36198,
            34.30876
          ],
          [
            -111.36202,
            34.30879
          ],
          [
            -111.36211,
            34.30888
          ],
          [
            -111.36216,
            34.30893
          ],
          [
            -111.36222,
            34.30898
          ],
          [
            -111.36232,
            34.30906
          ],
          [
            -111.36239,
            34.30912
          ],
          [
            -111.36244,
            34.30916
          ],
          [
            -111.36248,
            34.30918
          ],
          [
            -111.3626,
            34.30927
          ],
          [
            -111.36269,
            34.30931
          ],
          [
            -111.36282,
            34.30939
          ],
          [
            -111.36296,
            34.30946
          ],
          [
            -111.36306,
            34.30951
          ],
          [
            -111.36315,
            34.30955
          ],
          [
            -111.36324,
            34.30958
          ],
          [
            -111.36345,
            34.30966
          ],
          [
            -111.36361,
            34.30971
          ],
          [
            -111.36381,
            34.30978
          ],
          [
            -111.36392,
            34.30982
          ],
          [
            -111.36401,
            34.30985
          ],
          [
            -111.36432,
            34.30997
          ],
          [
            -111.3644,
            34.31
          ],
          [
            -111.3646,
            34.31008
          ],
          [
            -111.36465,
            34.3101
          ],
          [
            -111.36485,
            34.31019
          ],
          [
            -111.36503,
            34.31029
          ],
          [
            -111.36525,
            34.31041
          ],
          [
            -111.36537,
            34.31048
          ],
          [
            -111.3655,
            34.31055
          ],
          [
            -111.36552,
            34.31056
          ],
          [
            -111.36562,
            34.31063
          ],
          [
            -111.36569,
            34.31068
          ],
          [
            -111.36583,
            34.31078
          ],
          [
            -111.36585,
            34.31079
          ],
          [
            -111.36602,
            34.31091
          ],
          [
            -111.36611,
            34.31097
          ],
          [
            -111.36619,
            34.31102
          ],
          [
            -111.36647,
            34.31122
          ],
          [
            -111.36668,
            34.31137
          ],
          [
            -111.36685,
            34.31149
          ],
          [
            -111.36727,
            34.31178
          ],
          [
            -111.36756,
            34.31198
          ],
          [
            -111.36777,
            34.31213
          ],
          [
            -111.36791,
            34.31225
          ],
          [
            -111.36799,
            34.31232
          ],
          [
            -111.36806,
            34.31238
          ],
          [
            -111.36814,
            34.31245
          ],
          [
            -111.36822,
            34.31254
          ],
          [
            -111.36829,
            34.31262
          ],
          [
            -111.36839,
            34.31274
          ],
          [
            -111.36846,
            34.31285
          ],
          [
            -111.36857,
            34.31302
          ],
          [
            -111.36868,
            34.31321
          ],
          [
            -111.3687,
            34.31325
          ],
          [
            -111.36879,
            34.31341
          ],
          [
            -111.36893,
            34.31363
          ],
          [
            -111.36905,
            34.3138
          ],
          [
            -111.36918,
            34.31394
          ],
          [
            -111.36929,
            34.31406
          ],
          [
            -111.36938,
            34.31414
          ],
          [
            -111.36952,
            34.31426
          ],
          [
            -111.36963,
            34.31434
          ],
          [
            -111.36977,
            34.31443
          ],
          [
            -111.36987,
            34.31449
          ],
          [
            -111.36996,
            34.31454
          ],
          [
            -111.37007,
            34.3146
          ],
          [
            -111.37022,
            34.31467
          ],
          [
            -111.37032,
            34.31471
          ],
          [
            -111.37048,
            34.31477
          ],
          [
            -111.37058,
            34.3148
          ],
          [
            -111.37077,
            34.31486
          ],
          [
            -111.37098,
            34.31492
          ],
          [
            -111.37148,
            34.31504
          ],
          [
            -111.3715,
            34.31504
          ],
          [
            -111.37155,
            34.31505
          ],
          [
            -111.37169,
            34.31508
          ],
          [
            -111.37171,
            34.31509
          ],
          [
            -111.37186,
            34.31513
          ],
          [
            -111.37203,
            34.31517
          ],
          [
            -111.37226,
            34.31523
          ],
          [
            -111.37249,
            34.3153
          ],
          [
            -111.37265,
            34.31537
          ],
          [
            -111.37278,
            34.31542
          ],
          [
            -111.37295,
            34.3155
          ],
          [
            -111.37315,
            34.31561
          ],
          [
            -111.37324,
            34.31567
          ],
          [
            -111.37335,
            34.31575
          ],
          [
            -111.37342,
            34.31581
          ],
          [
            -111.37347,
            34.31585
          ],
          [
            -111.37359,
            34.31595
          ],
          [
            -111.37361,
            34.31597
          ],
          [
            -111.37371,
            34.31606
          ],
          [
            -111.37383,
            34.31619
          ],
          [
            -111.37386,
            34.31622
          ],
          [
            -111.37396,
            34.31634
          ],
          [
            -111.37401,
            34.31642
          ],
          [
            -111.37408,
            34.31653
          ],
          [
            -111.37418,
            34.31669
          ],
          [
            -111.3742,
            34.31671
          ],
          [
            -111.37432,
            34.31693
          ],
          [
            -111.37438,
            34.31704
          ],
          [
            -111.37447,
            34.3172
          ],
          [
            -111.37453,
            34.31728
          ],
          [
            -111.37457,
            34.31733
          ],
          [
            -111.37459,
            34.31736
          ],
          [
            -111.37463,
            34.31742
          ],
          [
            -111.37469,
            34.31749
          ],
          [
            -111.37471,
            34.31751
          ],
          [
            -111.3748,
            34.31761
          ],
          [
            -111.37491,
            34.31771
          ],
          [
            -111.37501,
            34.31779
          ],
          [
            -111.37512,
            34.31788
          ],
          [
            -111.37514,
            34.3179
          ],
          [
            -111.37519,
            34.31793
          ],
          [
            -111.3753,
            34.318
          ],
          [
            -111.37541,
            34.31807
          ],
          [
            -111.37558,
            34.31816
          ],
          [
            -111.37568,
            34.31821
          ],
          [
            -111.37583,
            34.31827
          ],
          [
            -111.37594,
            34.31831
          ],
          [
            -111.37604,
            34.31834
          ],
          [
            -111.37617,
            34.31838
          ],
          [
            -111.37631,
            34.31841
          ],
          [
            -111.37642,
            34.31844
          ],
          [
            -111.37652,
            34.31846
          ],
          [
            -111.37666,
            34.31848
          ],
          [
            -111.37668,
            34.31848
          ],
          [
            -111.37669,
            34.31848
          ],
          [
            -111.3767,
            34.31848
          ],
          [
            -111.37673,
            34.31848
          ],
          [
            -111.37685,
            34.31849
          ],
          [
            -111.37688,
            34.3185
          ],
          [
            -111.37691,
            34.3185
          ],
          [
            -111.37701,
            34.31851
          ],
          [
            -111.37712,
            34.31851
          ],
          [
            -111.37775,
            34.31854
          ],
          [
            -111.37778,
            34.31855
          ],
          [
            -111.37797,
            34.31856
          ],
          [
            -111.37799,
            34.31856
          ],
          [
            -111.37801,
            34.31856
          ],
          [
            -111.37876,
            34.3186
          ],
          [
            -111.37945,
            34.31863
          ],
          [
            -111.37965,
            34.31864
          ],
          [
            -111.37979,
            34.31864
          ],
          [
            -111.3799,
            34.31864
          ],
          [
            -111.38007,
            34.31864
          ],
          [
            -111.38035,
            34.31862
          ],
          [
            -111.38049,
            34.31859
          ],
          [
            -111.3805,
            34.31859
          ],
          [
            -111.38057,
            34.31858
          ],
          [
            -111.38071,
            34.31855
          ],
          [
            -111.38078,
            34.31854
          ],
          [
            -111.38092,
            34.3185
          ],
          [
            -111.38093,
            34.3185
          ],
          [
            -111.38112,
            34.31844
          ],
          [
            -111.38128,
            34.31838
          ],
          [
            -111.38132,
            34.31837
          ],
          [
            -111.38132,
            34.31836
          ],
          [
            -111.38142,
            34.31832
          ],
          [
            -111.38151,
            34.31828
          ],
          [
            -111.38161,
            34.31823
          ],
          [
            -111.38179,
            34.31814
          ],
          [
            -111.38192,
            34.31806
          ],
          [
            -111.38205,
            34.31798
          ],
          [
            -111.38205,
            34.31797
          ],
          [
            -111.38211,
            34.31793
          ],
          [
            -111.38221,
            34.31786
          ],
          [
            -111.38225,
            34.31782
          ],
          [
            -111.38236,
            34.31773
          ],
          [
            -111.38257,
            34.31753
          ],
          [
            -111.38276,
            34.31735
          ],
          [
            -111.38291,
            34.31721
          ],
          [
            -111.38293,
            34.31719
          ],
          [
            -111.38301,
            34.31711
          ],
          [
            -111.38316,
            34.31698
          ],
          [
            -111.38333,
            34.31685
          ],
          [
            -111.38344,
            34.31676
          ],
          [
            -111.38363,
            34.31664
          ],
          [
            -111.38381,
            34.31654
          ],
          [
            -111.384,
            34.31644
          ],
          [
            -111.38411,
            34.3164
          ],
          [
            -111.38415,
            34.31638
          ],
          [
            -111.38431,
            34.31633
          ],
          [
            -111.38434,
            34.31632
          ],
          [
            -111.38459,
            34.31624
          ],
          [
            -111.38478,
            34.3162
          ],
          [
            -111.38507,
            34.31616
          ],
          [
            -111.38531,
            34.31613
          ],
          [
            -111.38556,
            34.31612
          ],
          [
            -111.38581,
            34.31612
          ],
          [
            -111.38589,
            34.31612
          ],
          [
            -111.38602,
            34.31613
          ],
          [
            -111.38603,
            34.31613
          ],
          [
            -111.38613,
            34.31613
          ],
          [
            -111.38624,
            34.31614
          ],
          [
            -111.38664,
            34.31615
          ],
          [
            -111.38756,
            34.31619
          ],
          [
            -111.38777,
            34.3162
          ],
          [
            -111.38805,
            34.31621
          ],
          [
            -111.38837,
            34.31623
          ],
          [
            -111.3886,
            34.31625
          ],
          [
            -111.38878,
            34.31628
          ],
          [
            -111.38885,
            34.3163
          ],
          [
            -111.38896,
            34.31632
          ],
          [
            -111.38906,
            34.31634
          ],
          [
            -111.38914,
            34.31636
          ],
          [
            -111.38931,
            34.31641
          ],
          [
            -111.38947,
            34.31645
          ],
          [
            -111.3895,
            34.31646
          ],
          [
            -111.38967,
            34.31652
          ],
          [
            -111.38968,
            34.31652
          ],
          [
            -111.38983,
            34.31657
          ],
          [
            -111.39003,
            34.31663
          ],
          [
            -111.39033,
            34.31672
          ],
          [
            -111.39049,
            34.31676
          ],
          [
            -111.3905,
            34.31676
          ],
          [
            -111.39053,
            34.31677
          ],
          [
            -111.3907,
            34.31681
          ],
          [
            -111.39071,
            34.31681
          ],
          [
            -111.39084,
            34.31684
          ],
          [
            -111.39105,
            34.31687
          ],
          [
            -111.39113,
            34.31688
          ],
          [
            -111.39129,
            34.31689
          ],
          [
            -111.39158,
            34.3169
          ],
          [
            -111.39191,
            34.31689
          ],
          [
            -111.39223,
            34.31686
          ],
          [
            -111.39244,
            34.31683
          ],
          [
            -111.39265,
            34.3168
          ],
          [
            -111.39314,
            34.31671
          ],
          [
            -111.39373,
            34.3166
          ],
          [
            -111.39419,
            34.31652
          ],
          [
            -111.39452,
            34.31648
          ],
          [
            -111.39456,
            34.31647
          ],
          [
            -111.39478,
            34.31645
          ],
          [
            -111.39493,
            34.31644
          ],
          [
            -111.39521,
            34.31642
          ],
          [
            -111.39536,
            34.31641
          ],
          [
            -111.39543,
            34.3164
          ],
          [
            -111.39586,
            34.31638
          ],
          [
            -111.3963,
            34.31636
          ],
          [
            -111.39651,
            34.31634
          ],
          [
            -111.3967,
            34.31633
          ],
          [
            -111.39709,
            34.31631
          ],
          [
            -111.39717,
            34.31631
          ],
          [
            -111.39739,
            34.3163
          ],
          [
            -111.39774,
            34.31628
          ],
          [
            -111.39842,
            34.31624
          ],
          [
            -111.39869,
            34.31623
          ],
          [
            -111.39918,
            34.3162
          ],
          [
            -111.39956,
            34.31618
          ],
          [
            -111.3996,
            34.31618
          ],
          [
            -111.39978,
            34.31618
          ],
          [
            -111.39995,
            34.31617
          ],
          [
            -111.4,
            34.31617
          ],
          [
            -111.40022,
            34.31617
          ],
          [
            -111.40042,
            34.31618
          ],
          [
            -111.40043,
            34.31618
          ],
          [
            -111.40064,
            34.31619
          ],
          [
            -111.40065,
            34.31619
          ],
          [
            -111.40067,
            34.3162
          ],
          [
            -111.40087,
            34.31621
          ],
          [
            -111.40108,
            34.31624
          ],
          [
            -111.40114,
            34.31624
          ],
          [
            -111.40131,
            34.31627
          ],
          [
            -111.40151,
            34.3163
          ],
          [
            -111.40165,
            34.31632
          ],
          [
            -111.40172,
            34.31634
          ],
          [
            -111.40189,
            34.31637
          ],
          [
            -111.40213,
            34.31643
          ],
          [
            -111.40235,
            34.31649
          ],
          [
            -111.40256,
            34.31655
          ],
          [
            -111.40263,
            34.31657
          ],
          [
            -111.40293,
            34.31667
          ],
          [
            -111.40296,
            34.31668
          ],
          [
            -111.40325,
            34.31679
          ],
          [
            -111.40344,
            34.31687
          ],
          [
            -111.40375,
            34.31703
          ],
          [
            -111.40391,
            34.3171
          ],
          [
            -111.40419,
            34.31726
          ],
          [
            -111.40445,
            34.31742
          ],
          [
            -111.40459,
            34.31751
          ],
          [
            -111.40462,
            34.31752
          ],
          [
            -111.40463,
            34.31753
          ],
          [
            -111.40481,
            34.31764
          ],
          [
            -111.40498,
            34.31774
          ],
          [
            -111.40501,
            34.31776
          ],
          [
            -111.40515,
            34.31785
          ],
          [
            -111.40519,
            34.31787
          ],
          [
            -111.40535,
            34.31797
          ],
          [
            -111.40571,
            34.31819
          ],
          [
            -111.40585,
            34.31828
          ],
          [
            -111.40599,
            34.31836
          ],
          [
            -111.4062,
            34.31848
          ],
          [
            -111.40621,
            34.31849
          ],
          [
            -111.40626,
            34.31851
          ],
          [
            -111.40642,
            34.31859
          ],
          [
            -111.40656,
            34.31866
          ],
          [
            -111.40657,
            34.31867
          ],
          [
            -111.40663,
            34.31869
          ],
          [
            -111.40673,
            34.31874
          ],
          [
            -111.40697,
            34.31884
          ],
          [
            -111.40703,
            34.31886
          ],
          [
            -111.40716,
            34.31891
          ],
          [
            -111.40717,
            34.31891
          ],
          [
            -111.40735,
            34.31897
          ],
          [
            -111.40743,
            34.319
          ],
          [
            -111.40757,
            34.31904
          ],
          [
            -111.40789,
            34.31912
          ],
          [
            -111.40812,
            34.31918
          ],
          [
            -111.40849,
            34.31924
          ],
          [
            -111.40865,
            34.31926
          ],
          [
            -111.40893,
            34.31929
          ],
          [
            -111.409,
            34.3193
          ],
          [
            -111.40938,
            34.31931
          ],
          [
            -111.40971,
            34.31931
          ],
          [
            -111.41004,
            34.31929
          ],
          [
            -111.41035,
            34.31926
          ],
          [
            -111.41063,
            34.31922
          ],
          [
            -111.4109,
            34.31917
          ],
          [
            -111.41126,
            34.31909
          ],
          [
            -111.41157,
            34.31903
          ],
          [
            -111.41158,
            34.31903
          ],
          [
            -111.41168,
            34.31901
          ],
          [
            -111.41179,
            34.31899
          ],
          [
            -111.4119,
            34.31897
          ],
          [
            -111.41208,
            34.31895
          ],
          [
            -111.41225,
            34.31893
          ],
          [
            -111.41243,
            34.31893
          ],
          [
            -111.41267,
            34.31893
          ],
          [
            -111.41287,
            34.31894
          ],
          [
            -111.41311,
            34.31897
          ],
          [
            -111.4133,
            34.31901
          ],
          [
            -111.41352,
            34.31905
          ],
          [
            -111.41354,
            34.31906
          ],
          [
            -111.41374,
            34.31912
          ],
          [
            -111.41393,
            34.31918
          ],
          [
            -111.414,
            34.31921
          ],
          [
            -111.41412,
            34.31926
          ],
          [
            -111.41418,
            34.31929
          ],
          [
            -111.41438,
            34.31939
          ],
          [
            -111.41449,
            34.31945
          ],
          [
            -111.41451,
            34.31946
          ],
          [
            -111.41467,
            34.31956
          ],
          [
            -111.4147,
            34.31958
          ],
          [
            -111.41483,
            34.31967
          ],
          [
            -111.41485,
            34.31968
          ],
          [
            -111.41496,
            34.31977
          ],
          [
            -111.41506,
            34.31986
          ],
          [
            -111.4152,
            34.31999
          ],
          [
            -111.41528,
            34.32007
          ],
          [
            -111.41536,
            34.32017
          ],
          [
            -111.41547,
            34.3203
          ],
          [
            -111.41554,
            34.32041
          ],
          [
            -111.41575,
            34.32074
          ],
          [
            -111.41591,
            34.321
          ],
          [
            -111.41592,
            34.32101
          ],
          [
            -111.41604,
            34.32122
          ],
          [
            -111.41629,
            34.32164
          ],
          [
            -111.41642,
            34.32185
          ],
          [
            -111.41652,
            34.32201
          ],
          [
            -111.41655,
            34.32207
          ],
          [
            -111.41662,
            34.32218
          ],
          [
            -111.41666,
            34.32225
          ],
          [
            -111.41673,
            34.32237
          ],
          [
            -111.41683,
            34.32255
          ],
          [
            -111.41691,
            34.3227
          ],
          [
            -111.41699,
            34.32286
          ],
          [
            -111.41707,
            34.32302
          ],
          [
            -111.41716,
            34.32324
          ],
          [
            -111.41721,
            34.32334
          ],
          [
            -111.41722,
            34.32337
          ],
          [
            -111.41727,
            34.32351
          ],
          [
            -111.41731,
            34.32363
          ],
          [
            -111.41733,
            34.32368
          ],
          [
            -111.41736,
            34.32376
          ],
          [
            -111.41739,
            34.32386
          ],
          [
            -111.41744,
            34.32402
          ],
          [
            -111.41749,
            34.32421
          ],
          [
            -111.4175,
            34.32426
          ],
          [
            -111.41753,
            34.32438
          ],
          [
            -111.4176,
            34.32471
          ],
          [
            -111.41764,
            34.32491
          ],
          [
            -111.41764,
            34.32492
          ],
          [
            -111.41768,
            34.32509
          ],
          [
            -111.41769,
            34.32513
          ],
          [
            -111.41778,
            34.3256
          ],
          [
            -111.41786,
            34.32603
          ],
          [
            -111.41796,
            34.32651
          ],
          [
            -111.41799,
            34.32666
          ],
          [
            -111.41799,
            34.32669
          ],
          [
            -111.41807,
            34.3271
          ],
          [
            -111.4181,
            34.32722
          ],
          [
            -111.41817,
            34.32758
          ],
          [
            -111.41818,
            34.32764
          ],
          [
            -111.41821,
            34.32776
          ],
          [
            -111.41827,
            34.32805
          ],
          [
            -111.41832,
            34.32823
          ],
          [
            -111.41841,
            34.32857
          ],
          [
            -111.41842,
            34.3286
          ],
          [
            -111.41846,
            34.32875
          ],
          [
            -111.41847,
            34.3288
          ],
          [
            -111.41857,
            34.32913
          ],
          [
            -111.41858,
            34.32918
          ],
          [
            -111.4186,
            34.32922
          ],
          [
            -111.41861,
            34.32927
          ],
          [
            -111.41865,
            34.32938
          ],
          [
            -111.41879,
            34.3298
          ],
          [
            -111.41888,
            34.33006
          ],
          [
            -111.4189,
            34.33014
          ],
          [
            -111.41894,
            34.33023
          ],
          [
            -111.41902,
            34.33047
          ],
          [
            -111.41929,
            34.33127
          ],
          [
            -111.41942,
            34.33161
          ],
          [
            -111.41966,
            34.33226
          ],
          [
            -111.42038,
            34.33418
          ],
          [
            -111.42038,
            34.33419
          ],
          [
            -111.42044,
            34.33435
          ],
          [
            -111.42045,
            34.33436
          ],
          [
            -111.42077,
            34.33522
          ],
          [
            -111.42098,
            34.33574
          ],
          [
            -111.42104,
            34.3359
          ],
          [
            -111.42129,
            34.33656
          ],
          [
            -111.42144,
            34.33697
          ],
          [
            -111.42167,
            34.33759
          ],
          [
            -111.4218,
            34.33794
          ],
          [
            -111.42187,
            34.33818
          ],
          [
            -111.4219,
            34.33827
          ],
          [
            -111.42201,
            34.33861
          ],
          [
            -111.42204,
            34.3387
          ],
          [
            -111.42207,
            34.33878
          ],
          [
            -111.42211,
            34.33888
          ],
          [
            -111.4222,
            34.33904
          ],
          [
            -111.42225,
            34.33914
          ],
          [
            -111.42232,
            34.33925
          ],
          [
            -111.42241,
            34.3394
          ],
          [
            -111.42248,
            34.33949
          ],
          [
            -111.42258,
            34.33965
          ],
          [
            -111.42275,
            34.33986
          ],
          [
            -111.42289,
            34.34002
          ],
          [
            -111.42297,
            34.34012
          ],
          [
            -111.42308,
            34.34023
          ],
          [
            -111.42316,
            34.34032
          ],
          [
            -111.42324,
            34.3404
          ],
          [
            -111.4233,
            34.34045
          ],
          [
            -111.42342,
            34.34056
          ],
          [
            -111.42353,
            34.34066
          ],
          [
            -111.42354,
            34.34066
          ],
          [
            -111.42356,
            34.34068
          ],
          [
            -111.42361,
            34.34072
          ],
          [
            -111.42369,
            34.34078
          ],
          [
            -111.4237,
            34.34079
          ],
          [
            -111.42418,
            34.34116
          ],
          [
            -111.42441,
            34.34134
          ],
          [
            -111.42462,
            34.34153
          ],
          [
            -111.42478,
            34.34168
          ],
          [
            -111.42493,
            34.34184
          ],
          [
            -111.42505,
            34.34198
          ],
          [
            -111.42519,
            34.34215
          ],
          [
            -111.42527,
            34.34226
          ],
          [
            -111.42535,
            34.34237
          ],
          [
            -111.42538,
            34.34242
          ],
          [
            -111.42548,
            34.34258
          ],
          [
            -111.42551,
            34.34262
          ],
          [
            -111.42558,
            34.34274
          ],
          [
            -111.42567,
            34.3429
          ],
          [
            -111.42574,
            34.34305
          ],
          [
            -111.42586,
            34.34333
          ],
          [
            -111.42595,
            34.34362
          ],
          [
            -111.42601,
            34.34385
          ],
          [
            -111.42606,
            34.34405
          ],
          [
            -111.42609,
            34.34426
          ],
          [
            -111.4261,
            34.34445
          ],
          [
            -111.42611,
            34.34466
          ],
          [
            -111.42612,
            34.34494
          ],
          [
            -111.42613,
            34.34537
          ],
          [
            -111.42613,
            34.34569
          ],
          [
            -111.42613,
            34.34627
          ],
          [
            -111.42613,
            34.34631
          ],
          [
            -111.42613,
            34.34645
          ],
          [
            -111.42613,
            34.34662
          ],
          [
            -111.42613,
            34.34663
          ],
          [
            -111.42612,
            34.34677
          ],
          [
            -111.42611,
            34.3468
          ],
          [
            -111.42611,
            34.34688
          ],
          [
            -111.42609,
            34.34704
          ],
          [
            -111.42603,
            34.34729
          ],
          [
            -111.42596,
            34.34753
          ],
          [
            -111.4259,
            34.34769
          ],
          [
            -111.42582,
            34.34789
          ],
          [
            -111.42571,
            34.3481
          ],
          [
            -111.4256,
            34.34832
          ],
          [
            -111.42556,
            34.34841
          ],
          [
            -111.42548,
            34.34859
          ],
          [
            -111.42533,
            34.34889
          ],
          [
            -111.42523,
            34.34911
          ],
          [
            -111.42515,
            34.34935
          ],
          [
            -111.42512,
            34.34942
          ],
          [
            -111.42504,
            34.34971
          ],
          [
            -111.425,
            34.34988
          ],
          [
            -111.42496,
            34.35009
          ],
          [
            -111.42494,
            34.35021
          ],
          [
            -111.42491,
            34.35042
          ],
          [
            -111.42491,
            34.35054
          ],
          [
            -111.42492,
            34.35092
          ],
          [
            -111.42493,
            34.35118
          ],
          [
            -111.42498,
            34.35175
          ],
          [
            -111.42503,
            34.35225
          ],
          [
            -111.42507,
            34.35261
          ],
          [
            -111.42507,
            34.35263
          ],
          [
            -111.42508,
            34.35269
          ],
          [
            -111.42508,
            34.35272
          ],
          [
            -111.42508,
            34.35276
          ],
          [
            -111.42509,
            34.35278
          ],
          [
            -111.42509,
            34.35281
          ],
          [
            -111.42509,
            34.35286
          ],
          [
            -111.42511,
            34.35299
          ],
          [
            -111.42512,
            34.35307
          ],
          [
            -111.42513,
            34.35325
          ],
          [
            -111.42514,
            34.35326
          ],
          [
            -111.42514,
            34.35328
          ],
          [
            -111.42514,
            34.35331
          ],
          [
            -111.42514,
            34.35335
          ],
          [
            -111.42517,
            34.35357
          ],
          [
            -111.42517,
            34.35359
          ],
          [
            -111.42518,
            34.35366
          ],
          [
            -111.42519,
            34.35378
          ],
          [
            -111.42519,
            34.3538
          ],
          [
            -111.42519,
            34.35383
          ],
          [
            -111.4252,
            34.35386
          ],
          [
            -111.42521,
            34.35395
          ],
          [
            -111.42522,
            34.3541
          ],
          [
            -111.42522,
            34.35413
          ],
          [
            -111.42523,
            34.35419
          ],
          [
            -111.42523,
            34.35423
          ],
          [
            -111.42524,
            34.35437
          ],
          [
            -111.42525,
            34.35449
          ],
          [
            -111.42525,
            34.35451
          ],
          [
            -111.42525,
            34.35453
          ],
          [
            -111.42526,
            34.35455
          ],
          [
            -111.42526,
            34.35458
          ],
          [
            -111.42526,
            34.35463
          ],
          [
            -111.42526,
            34.35466
          ],
          [
            -111.42526,
            34.35469
          ],
          [
            -111.42526,
            34.35477
          ],
          [
            -111.42526,
            34.35487
          ],
          [
            -111.42526,
            34.35502
          ],
          [
            -111.42526,
            34.35505
          ],
          [
            -111.42524,
            34.35529
          ],
          [
            -111.42523,
            34.35539
          ],
          [
            -111.42523,
            34.3554
          ],
          [
            -111.42523,
            34.35542
          ],
          [
            -111.42522,
            34.35544
          ],
          [
            -111.42522,
            34.3555
          ],
          [
            -111.42521,
            34.35552
          ],
          [
            -111.42521,
            34.35556
          ],
          [
            -111.4252,
            34.35558
          ],
          [
            -111.4252,
            34.3556
          ],
          [
            -111.42519,
            34.35564
          ],
          [
            -111.42518,
            34.35568
          ],
          [
            -111.42516,
            34.35574
          ],
          [
            -111.42515,
            34.35578
          ],
          [
            -111.42515,
            34.3558
          ],
          [
            -111.42514,
            34.35582
          ],
          [
            -111.4251,
            34.35599
          ],
          [
            -111.42503,
            34.35625
          ],
          [
            -111.42502,
            34.35628
          ],
          [
            -111.42495,
            34.35656
          ],
          [
            -111.42488,
            34.35681
          ],
          [
            -111.42487,
            34.35684
          ],
          [
            -111.42485,
            34.35691
          ],
          [
            -111.42484,
            34.35693
          ],
          [
            -111.42479,
            34.35711
          ],
          [
            -111.42477,
            34.35721
          ],
          [
            -111.42474,
            34.35728
          ],
          [
            -111.42474,
            34.3573
          ],
          [
            -111.42472,
            34.35736
          ],
          [
            -111.42465,
            34.35764
          ],
          [
            -111.42463,
            34.35774
          ],
          [
            -111.42461,
            34.35782
          ],
          [
            -111.42457,
            34.35806
          ],
          [
            -111.42455,
            34.35837
          ],
          [
            -111.42454,
            34.35872
          ],
          [
            -111.42454,
            34.35875
          ],
          [
            -111.42457,
            34.35923
          ],
          [
            -111.42461,
            34.35955
          ],
          [
            -111.42466,
            34.35979
          ],
          [
            -111.42474,
            34.36
          ],
          [
            -111.42479,
            34.36016
          ],
          [
            -111.42487,
            34.36037
          ],
          [
            -111.42497,
            34.36059
          ],
          [
            -111.42512,
            34.36082
          ],
          [
            -111.42515,
            34.36087
          ],
          [
            -111.4253,
            34.3611
          ],
          [
            -111.42549,
            34.36137
          ],
          [
            -111.4256,
            34.36151
          ],
          [
            -111.42577,
            34.36172
          ],
          [
            -111.42587,
            34.36182
          ],
          [
            -111.42604,
            34.36199
          ],
          [
            -111.42615,
            34.36209
          ],
          [
            -111.4263,
            34.36224
          ],
          [
            -111.42637,
            34.3623
          ],
          [
            -111.42657,
            34.36246
          ],
          [
            -111.4267,
            34.36256
          ],
          [
            -111.42689,
            34.36269
          ],
          [
            -111.42706,
            34.3628
          ],
          [
            -111.42711,
            34.36283
          ],
          [
            -111.42712,
            34.36284
          ],
          [
            -111.42714,
            34.36285
          ],
          [
            -111.42717,
            34.36286
          ],
          [
            -111.42727,
            34.36292
          ],
          [
            -111.42747,
            34.36303
          ],
          [
            -111.42748,
            34.36304
          ],
          [
            -111.42749,
            34.36304
          ],
          [
            -111.4275,
            34.36305
          ],
          [
            -111.42752,
            34.36306
          ],
          [
            -111.42761,
            34.3631
          ],
          [
            -111.42766,
            34.36313
          ],
          [
            -111.42785,
            34.36321
          ],
          [
            -111.42786,
            34.36322
          ],
          [
            -111.42787,
            34.36322
          ],
          [
            -111.42788,
            34.36323
          ],
          [
            -111.42794,
            34.36325
          ],
          [
            -111.42807,
            34.3633
          ],
          [
            -111.42823,
            34.36337
          ],
          [
            -111.42825,
            34.36337
          ],
          [
            -111.42827,
            34.36338
          ],
          [
            -111.42829,
            34.36339
          ],
          [
            -111.42831,
            34.3634
          ],
          [
            -111.42844,
            34.36344
          ],
          [
            -111.4285,
            34.36346
          ],
          [
            -111.42883,
            34.36356
          ],
          [
            -111.42915,
            34.36364
          ],
          [
            -111.42928,
            34.36367
          ],
          [
            -111.42947,
            34.36372
          ],
          [
            -111.42948,
            34.36372
          ],
          [
            -111.42949,
            34.36372
          ],
          [
            -111.42951,
            34.36373
          ],
          [
            -111.42953,
            34.36373
          ],
          [
            -111.42956,
            34.36374
          ],
          [
            -111.42968,
            34.36377
          ],
          [
            -111.42969,
            34.36377
          ],
          [
            -111.42989,
            34.36382
          ],
          [
            -111.42996,
            34.36384
          ],
          [
            -111.4301,
            34.36388
          ],
          [
            -111.43011,
            34.36389
          ],
          [
            -111.43012,
            34.36389
          ],
          [
            -111.43014,
            34.36389
          ],
          [
            -111.43017,
            34.3639
          ],
          [
            -111.43022,
            34.36392
          ],
          [
            -111.43031,
            34.36395
          ],
          [
            -111.43039,
            34.36398
          ],
          [
            -111.4305,
            34.36402
          ],
          [
            -111.43051,
            34.36402
          ],
          [
            -111.43052,
            34.36403
          ],
          [
            -111.43055,
            34.36404
          ],
          [
            -111.43059,
            34.36405
          ],
          [
            -111.4307,
            34.3641
          ],
          [
            -111.43071,
            34.3641
          ],
          [
            -111.43078,
            34.36413
          ],
          [
            -111.43095,
            34.36421
          ],
          [
            -111.4311,
            34.36428
          ],
          [
            -111.43119,
            34.36433
          ],
          [
            -111.43127,
            34.36437
          ],
          [
            -111.43128,
            34.36437
          ],
          [
            -111.4313,
            34.36439
          ],
          [
            -111.43132,
            34.3644
          ],
          [
            -111.43144,
            34.36446
          ],
          [
            -111.43145,
            34.36447
          ],
          [
            -111.43149,
            34.36449
          ],
          [
            -111.43159,
            34.36455
          ],
          [
            -111.43174,
            34.36465
          ],
          [
            -111.43187,
            34.36474
          ],
          [
            -111.43198,
            34.36482
          ],
          [
            -111.43214,
            34.36494
          ],
          [
            -111.43239,
            34.36515
          ],
          [
            -111.43273,
            34.36545
          ],
          [
            -111.43306,
            34.36575
          ],
          [
            -111.43317,
            34.36584
          ],
          [
            -111.43329,
            34.36595
          ],
          [
            -111.43348,
            34.3661
          ],
          [
            -111.43379,
            34.36633
          ],
          [
            -111.43381,
            34.36635
          ],
          [
            -111.43383,
            34.36636
          ],
          [
            -111.43385,
            34.36637
          ],
          [
            -111.43389,
            34.3664
          ],
          [
            -111.43396,
            34.36646
          ],
          [
            -111.43397,
            34.36646
          ],
          [
            -111.43408,
            34.36653
          ],
          [
            -111.4343,
            34.36669
          ],
          [
            -111.43468,
            34.36692
          ],
          [
            -111.43504,
            34.36714
          ],
          [
            -111.43532,
            34.3673
          ],
          [
            -111.43553,
            34.36741
          ],
          [
            -111.43572,
            34.36751
          ],
          [
            -111.43573,
            34.36751
          ],
          [
            -111.43578,
            34.36754
          ],
          [
            -111.43591,
            34.3676
          ],
          [
            -111.43592,
            34.3676
          ],
          [
            -111.43593,
            34.36761
          ],
          [
            -111.43595,
            34.36762
          ],
          [
            -111.43598,
            34.36764
          ],
          [
            -111.43605,
            34.36767
          ],
          [
            -111.4361,
            34.36769
          ],
          [
            -111.43636,
            34.3678
          ],
          [
            -111.43659,
            34.3679
          ],
          [
            -111.43727,
            34.3682
          ],
          [
            -111.43747,
            34.36829
          ],
          [
            -111.4375,
            34.3683
          ],
          [
            -111.43831,
            34.36865
          ],
          [
            -111.43862,
            34.36879
          ],
          [
            -111.43939,
            34.36913
          ],
          [
            -111.44052,
            34.36963
          ],
          [
            -111.44093,
            34.36981
          ],
          [
            -111.44163,
            34.37011
          ],
          [
            -111.44168,
            34.37013
          ],
          [
            -111.4422,
            34.37036
          ],
          [
            -111.44259,
            34.37053
          ],
          [
            -111.44264,
            34.37056
          ],
          [
            -111.44269,
            34.37058
          ],
          [
            -111.44294,
            34.37069
          ],
          [
            -111.44337,
            34.37088
          ],
          [
            -111.44359,
            34.37099
          ],
          [
            -111.44397,
            34.3712
          ],
          [
            -111.44413,
            34.3713
          ],
          [
            -111.44423,
            34.37136
          ],
          [
            -111.4443,
            34.37141
          ],
          [
            -111.44439,
            34.37147
          ],
          [
            -111.4444,
            34.37147
          ],
          [
            -111.4445,
            34.37155
          ],
          [
            -111.44463,
            34.37165
          ],
          [
            -111.44472,
            34.37172
          ],
          [
            -111.44477,
            34.37175
          ],
          [
            -111.44479,
            34.37178
          ],
          [
            -111.44493,
            34.3719
          ],
          [
            -111.44517,
            34.37211
          ],
          [
            -111.44527,
            34.37221
          ],
          [
            -111.44544,
            34.3724
          ],
          [
            -111.44559,
            34.37258
          ],
          [
            -111.44572,
            34.37274
          ],
          [
            -111.44583,
            34.37289
          ],
          [
            -111.44611,
            34.37328
          ],
          [
            -111.44638,
            34.37362
          ],
          [
            -111.44662,
            34.37391
          ],
          [
            -111.44663,
            34.37391
          ],
          [
            -111.44674,
            34.37406
          ],
          [
            -111.44675,
            34.37408
          ],
          [
            -111.44676,
            34.37409
          ],
          [
            -111.44678,
            34.37412
          ],
          [
            -111.44682,
            34.37417
          ],
          [
            -111.44718,
            34.37465
          ],
          [
            -111.44743,
            34.37496
          ],
          [
            -111.44754,
            34.3751
          ],
          [
            -111.44777,
            34.37538
          ],
          [
            -111.44783,
            34.37546
          ],
          [
            -111.44808,
            34.37578
          ],
          [
            -111.44838,
            34.37614
          ],
          [
            -111.4484,
            34.37617
          ],
          [
            -111.4489,
            34.3768
          ],
          [
            -111.44914,
            34.3771
          ],
          [
            -111.44926,
            34.37725
          ],
          [
            -111.44936,
            34.37738
          ],
          [
            -111.4497,
            34.3778
          ],
          [
            -111.44982,
            34.37796
          ],
          [
            -111.44995,
            34.37811
          ],
          [
            -111.45007,
            34.37826
          ],
          [
            -111.45014,
            34.37835
          ],
          [
            -111.4505,
            34.3788
          ],
          [
            -111.45103,
            34.37949
          ],
          [
            -111.45106,
            34.37954
          ],
          [
            -111.45121,
            34.37977
          ],
          [
            -111.45133,
            34.37996
          ],
          [
            -111.45137,
            34.38004
          ],
          [
            -111.4515,
            34.3803
          ],
          [
            -111.45151,
            34.38031
          ],
          [
            -111.45155,
            34.38039
          ],
          [
            -111.45161,
            34.38054
          ],
          [
            -111.45168,
            34.38071
          ],
          [
            -111.45178,
            34.38092
          ],
          [
            -111.45182,
            34.38105
          ],
          [
            -111.45183,
            34.38107
          ],
          [
            -111.4519,
            34.38122
          ],
          [
            -111.45205,
            34.38156
          ],
          [
            -111.45212,
            34.38168
          ],
          [
            -111.45219,
            34.38178
          ],
          [
            -111.45228,
            34.38193
          ],
          [
            -111.45238,
            34.38208
          ],
          [
            -111.45245,
            34.38217
          ],
          [
            -111.45257,
            34.38231
          ],
          [
            -111.45262,
            34.38237
          ],
          [
            -111.45275,
            34.38251
          ],
          [
            -111.45283,
            34.3826
          ],
          [
            -111.45303,
            34.38279
          ],
          [
            -111.4531,
            34.38285
          ],
          [
            -111.45318,
            34.38293
          ],
          [
            -111.45358,
            34.38325
          ],
          [
            -111.45363,
            34.38329
          ],
          [
            -111.4537,
            34.38335
          ],
          [
            -111.45385,
            34.38348
          ],
          [
            -111.45392,
            34.38354
          ],
          [
            -111.45404,
            34.38366
          ],
          [
            -111.4542,
            34.38382
          ],
          [
            -111.45421,
            34.38384
          ],
          [
            -111.45429,
            34.38393
          ],
          [
            -111.45432,
            34.38397
          ],
          [
            -111.45438,
            34.38405
          ],
          [
            -111.45442,
            34.3841
          ],
          [
            -111.45443,
            34.38413
          ],
          [
            -111.45447,
            34.38417
          ],
          [
            -111.45463,
            34.3845
          ],
          [
            -111.45471,
            34.38466
          ],
          [
            -111.45477,
            34.38485
          ],
          [
            -111.4548,
            34.38496
          ],
          [
            -111.45481,
            34.38502
          ],
          [
            -111.45482,
            34.38512
          ],
          [
            -111.45483,
            34.38519
          ],
          [
            -111.45483,
            34.38528
          ],
          [
            -111.45483,
            34.38532
          ],
          [
            -111.45484,
            34.38552
          ],
          [
            -111.45484,
            34.38555
          ],
          [
            -111.45484,
            34.38581
          ],
          [
            -111.45484,
            34.38612
          ],
          [
            -111.45484,
            34.38625
          ],
          [
            -111.45484,
            34.3867
          ],
          [
            -111.45484,
            34.38676
          ],
          [
            -111.45484,
            34.38703
          ],
          [
            -111.45484,
            34.38718
          ],
          [
            -111.45483,
            34.38742
          ],
          [
            -111.45483,
            34.38758
          ],
          [
            -111.45483,
            34.3881
          ],
          [
            -111.45483,
            34.38829
          ],
          [
            -111.45483,
            34.38841
          ],
          [
            -111.45483,
            34.38847
          ],
          [
            -111.45483,
            34.38865
          ],
          [
            -111.45483,
            34.38916
          ],
          [
            -111.45482,
            34.38955
          ],
          [
            -111.45482,
            34.38961
          ],
          [
            -111.45482,
            34.38976
          ],
          [
            -111.45482,
            34.38977
          ],
          [
            -111.45483,
            34.38984
          ],
          [
            -111.45483,
            34.38991
          ],
          [
            -111.45484,
            34.38997
          ],
          [
            -111.45484,
            34.38998
          ],
          [
            -111.45485,
            34.39007
          ],
          [
            -111.45486,
            34.39011
          ],
          [
            -111.45486,
            34.39013
          ],
          [
            -111.45486,
            34.39015
          ],
          [
            -111.45487,
            34.39017
          ],
          [
            -111.45488,
            34.39022
          ],
          [
            -111.45489,
            34.39027
          ],
          [
            -111.45491,
            34.39032
          ],
          [
            -111.45491,
            34.39033
          ],
          [
            -111.45492,
            34.39036
          ],
          [
            -111.45494,
            34.39041
          ],
          [
            -111.45495,
            34.39045
          ],
          [
            -111.45497,
            34.39049
          ],
          [
            -111.45499,
            34.39053
          ],
          [
            -111.45501,
            34.39059
          ],
          [
            -111.45502,
            34.3906
          ],
          [
            -111.45505,
            34.39065
          ],
          [
            -111.45508,
            34.3907
          ],
          [
            -111.45512,
            34.39076
          ],
          [
            -111.45516,
            34.39082
          ],
          [
            -111.45521,
            34.39089
          ],
          [
            -111.45523,
            34.39092
          ],
          [
            -111.45526,
            34.39095
          ],
          [
            -111.45532,
            34.39102
          ],
          [
            -111.45533,
            34.39104
          ],
          [
            -111.45536,
            34.39106
          ],
          [
            -111.45539,
            34.3911
          ],
          [
            -111.45544,
            34.39114
          ],
          [
            -111.45547,
            34.39117
          ],
          [
            -111.45552,
            34.39121
          ],
          [
            -111.45558,
            34.39127
          ],
          [
            -111.45562,
            34.3913
          ],
          [
            -111.45567,
            34.39133
          ],
          [
            -111.45572,
            34.39137
          ],
          [
            -111.4558,
            34.39142
          ],
          [
            -111.45596,
            34.39152
          ],
          [
            -111.45608,
            34.39158
          ],
          [
            -111.45613,
            34.3916
          ],
          [
            -111.45616,
            34.39162
          ],
          [
            -111.45624,
            34.39165
          ],
          [
            -111.45628,
            34.39167
          ],
          [
            -111.45637,
            34.3917
          ],
          [
            -111.45645,
            34.39172
          ],
          [
            -111.45652,
            34.39174
          ],
          [
            -111.45658,
            34.39176
          ],
          [
            -111.45669,
            34.39179
          ],
          [
            -111.45675,
            34.3918
          ],
          [
            -111.4568,
            34.39182
          ],
          [
            -111.45686,
            34.39183
          ],
          [
            -111.45694,
            34.39184
          ],
          [
            -111.45722,
            34.3919
          ],
          [
            -111.45736,
            34.39193
          ],
          [
            -111.45745,
            34.39195
          ],
          [
            -111.45757,
            34.39198
          ],
          [
            -111.45774,
            34.39202
          ],
          [
            -111.45783,
            34.39205
          ],
          [
            -111.45795,
            34.39208
          ],
          [
            -111.45809,
            34.39211
          ],
          [
            -111.45815,
            34.39213
          ],
          [
            -111.4582,
            34.39214
          ],
          [
            -111.45832,
            34.39218
          ],
          [
            -111.4584,
            34.39221
          ],
          [
            -111.45852,
            34.39225
          ],
          [
            -111.45855,
            34.39226
          ],
          [
            -111.45865,
            34.39231
          ],
          [
            -111.45874,
            34.39234
          ],
          [
            -111.45886,
            34.3924
          ],
          [
            -111.45893,
            34.39243
          ],
          [
            -111.45905,
            34.39249
          ],
          [
            -111.45919,
            34.39257
          ],
          [
            -111.45939,
            34.39267
          ],
          [
            -111.45956,
            34.39277
          ],
          [
            -111.45984,
            34.39294
          ],
          [
            -111.45995,
            34.393
          ],
          [
            -111.46018,
            34.39314
          ],
          [
            -111.46044,
            34.39328
          ],
          [
            -111.46062,
            34.39339
          ],
          [
            -111.46093,
            34.39355
          ],
          [
            -111.46103,
            34.39359
          ],
          [
            -111.46119,
            34.39366
          ],
          [
            -111.46144,
            34.39375
          ],
          [
            -111.4616,
            34.3938
          ],
          [
            -111.46164,
            34.39381
          ],
          [
            -111.46181,
            34.39385
          ],
          [
            -111.46206,
            34.3939
          ],
          [
            -111.46227,
            34.39393
          ],
          [
            -111.46236,
            34.39394
          ],
          [
            -111.46243,
            34.39395
          ],
          [
            -111.46252,
            34.39396
          ],
          [
            -111.46257,
            34.39396
          ],
          [
            -111.46272,
            34.39397
          ],
          [
            -111.46279,
            34.39397
          ],
          [
            -111.46291,
            34.39397
          ],
          [
            -111.46323,
            34.39398
          ],
          [
            -111.46342,
            34.39399
          ],
          [
            -111.46361,
            34.39399
          ],
          [
            -111.46372,
            34.39399
          ],
          [
            -111.46388,
            34.39399
          ],
          [
            -111.46407,
            34.39398
          ],
          [
            -111.46424,
            34.39398
          ],
          [
            -111.46429,
            34.39398
          ],
          [
            -111.46442,
            34.39398
          ],
          [
            -111.46451,
            34.39398
          ],
          [
            -111.46462,
            34.39398
          ],
          [
            -111.46484,
            34.39398
          ],
          [
            -111.46501,
            34.39398
          ],
          [
            -111.46516,
            34.39398
          ],
          [
            -111.4652,
            34.39399
          ],
          [
            -111.46528,
            34.39399
          ],
          [
            -111.46542,
            34.394
          ],
          [
            -111.46557,
            34.39402
          ],
          [
            -111.4657,
            34.39404
          ],
          [
            -111.46585,
            34.39407
          ],
          [
            -111.46596,
            34.39409
          ],
          [
            -111.46601,
            34.3941
          ],
          [
            -111.46609,
            34.39412
          ],
          [
            -111.46618,
            34.39415
          ],
          [
            -111.46623,
            34.39416
          ],
          [
            -111.46629,
            34.39418
          ],
          [
            -111.4664,
            34.39422
          ],
          [
            -111.46651,
            34.39426
          ],
          [
            -111.46657,
            34.39429
          ],
          [
            -111.46668,
            34.39434
          ],
          [
            -111.46679,
            34.39439
          ],
          [
            -111.46691,
            34.39446
          ],
          [
            -111.46701,
            34.39451
          ],
          [
            -111.46705,
            34.39454
          ],
          [
            -111.46706,
            34.39455
          ],
          [
            -111.46715,
            34.39461
          ],
          [
            -111.46719,
            34.39464
          ],
          [
            -111.46725,
            34.39468
          ],
          [
            -111.46731,
            34.39473
          ],
          [
            -111.46738,
            34.39479
          ],
          [
            -111.46748,
            34.39487
          ],
          [
            -111.46751,
            34.3949
          ],
          [
            -111.46756,
            34.39495
          ],
          [
            -111.46762,
            34.395
          ],
          [
            -111.46768,
            34.39506
          ],
          [
            -111.4677,
            34.39509
          ],
          [
            -111.46773,
            34.39512
          ],
          [
            -111.46777,
            34.39517
          ],
          [
            -111.46783,
            34.39524
          ],
          [
            -111.46794,
            34.39537
          ],
          [
            -111.46799,
            34.39543
          ],
          [
            -111.46803,
            34.39549
          ],
          [
            -111.46808,
            34.39556
          ],
          [
            -111.46812,
            34.39562
          ],
          [
            -111.46818,
            34.39571
          ],
          [
            -111.46821,
            34.39577
          ],
          [
            -111.46827,
            34.39587
          ],
          [
            -111.46833,
            34.39598
          ],
          [
            -111.46837,
            34.39607
          ],
          [
            -111.46845,
            34.39625
          ],
          [
            -111.4687,
            34.397
          ],
          [
            -111.46875,
            34.39713
          ],
          [
            -111.4688,
            34.39726
          ],
          [
            -111.46883,
            34.39735
          ],
          [
            -111.46886,
            34.39744
          ],
          [
            -111.46892,
            34.39757
          ],
          [
            -111.46896,
            34.39764
          ],
          [
            -111.46903,
            34.39776
          ],
          [
            -111.46907,
            34.39783
          ],
          [
            -111.46912,
            34.3979
          ],
          [
            -111.46916,
            34.39795
          ],
          [
            -111.46918,
            34.39798
          ],
          [
            -111.46922,
            34.39803
          ],
          [
            -111.46925,
            34.39807
          ],
          [
            -111.46926,
            34.39808
          ],
          [
            -111.46927,
            34.39809
          ],
          [
            -111.46929,
            34.39812
          ],
          [
            -111.46933,
            34.39816
          ],
          [
            -111.46939,
            34.39823
          ],
          [
            -111.46947,
            34.3983
          ],
          [
            -111.46953,
            34.39835
          ],
          [
            -111.4696,
            34.39841
          ],
          [
            -111.46966,
            34.39847
          ],
          [
            -111.46972,
            34.39851
          ],
          [
            -111.46977,
            34.39855
          ],
          [
            -111.4698,
            34.39857
          ],
          [
            -111.46984,
            34.3986
          ],
          [
            -111.46991,
            34.39865
          ],
          [
            -111.46998,
            34.3987
          ],
          [
            -111.47002,
            34.39872
          ],
          [
            -111.47004,
            34.39874
          ],
          [
            -111.47011,
            34.39877
          ],
          [
            -111.47018,
            34.39881
          ],
          [
            -111.47021,
            34.39883
          ],
          [
            -111.47025,
            34.39885
          ],
          [
            -111.47032,
            34.39888
          ],
          [
            -111.47038,
            34.39891
          ],
          [
            -111.4704,
            34.39892
          ],
          [
            -111.47043,
            34.39893
          ],
          [
            -111.47055,
            34.39898
          ],
          [
            -111.47058,
            34.399
          ],
          [
            -111.47076,
            34.39907
          ],
          [
            -111.47096,
            34.39914
          ],
          [
            -111.47116,
            34.39922
          ],
          [
            -111.47129,
            34.39928
          ],
          [
            -111.47148,
            34.39936
          ],
          [
            -111.47155,
            34.39939
          ],
          [
            -111.47158,
            34.3994
          ],
          [
            -111.47162,
            34.39942
          ],
          [
            -111.47174,
            34.39949
          ],
          [
            -111.47177,
            34.39951
          ],
          [
            -111.4719,
            34.39959
          ],
          [
            -111.47191,
            34.39959
          ],
          [
            -111.47191,
            34.3996
          ],
          [
            -111.47196,
            34.39963
          ],
          [
            -111.47204,
            34.39968
          ],
          [
            -111.47214,
            34.39976
          ],
          [
            -111.47224,
            34.39983
          ],
          [
            -111.47232,
            34.39991
          ],
          [
            -111.47239,
            34.39997
          ],
          [
            -111.47247,
            34.40004
          ],
          [
            -111.47252,
            34.4001
          ],
          [
            -111.47256,
            34.40013
          ],
          [
            -111.47261,
            34.40019
          ],
          [
            -111.47266,
            34.40024
          ],
          [
            -111.47267,
            34.40026
          ],
          [
            -111.4727,
            34.40028
          ],
          [
            -111.47275,
            34.40034
          ],
          [
            -111.4728,
            34.40038
          ],
          [
            -111.47281,
            34.40039
          ],
          [
            -111.47283,
            34.40041
          ],
          [
            -111.47291,
            34.40048
          ],
          [
            -111.473,
            34.40056
          ],
          [
            -111.47307,
            34.40062
          ],
          [
            -111.47349,
            34.40092
          ],
          [
            -111.47374,
            34.40107
          ],
          [
            -111.47393,
            34.40119
          ],
          [
            -111.47411,
            34.40132
          ],
          [
            -111.47411,
            34.40133
          ],
          [
            -111.47418,
            34.40137
          ],
          [
            -111.47428,
            34.40146
          ],
          [
            -111.47445,
            34.4016
          ],
          [
            -111.47485,
            34.40198
          ],
          [
            -111.47514,
            34.40225
          ],
          [
            -111.47518,
            34.40229
          ],
          [
            -111.47528,
            34.40238
          ],
          [
            -111.47529,
            34.40238
          ],
          [
            -111.4753,
            34.40239
          ],
          [
            -111.47531,
            34.40241
          ],
          [
            -111.47534,
            34.40243
          ],
          [
            -111.47544,
            34.40251
          ],
          [
            -111.4756,
            34.40263
          ],
          [
            -111.47571,
            34.40271
          ],
          [
            -111.47586,
            34.4028
          ],
          [
            -111.47594,
            34.40285
          ],
          [
            -111.47601,
            34.4029
          ],
          [
            -111.4764,
            34.4031
          ],
          [
            -111.47652,
            34.40316
          ],
          [
            -111.47665,
            34.40322
          ],
          [
            -111.47678,
            34.40328
          ],
          [
            -111.47682,
            34.40329
          ],
          [
            -111.47704,
            34.40337
          ],
          [
            -111.4773,
            34.40346
          ],
          [
            -111.47731,
            34.40346
          ],
          [
            -111.47737,
            34.40348
          ],
          [
            -111.47742,
            34.4035
          ],
          [
            -111.47768,
            34.40359
          ],
          [
            -111.47791,
            34.40369
          ],
          [
            -111.47805,
            34.40376
          ],
          [
            -111.47809,
            34.40378
          ],
          [
            -111.47815,
            34.40381
          ],
          [
            -111.47825,
            34.40387
          ],
          [
            -111.47832,
            34.40392
          ],
          [
            -111.47839,
            34.40396
          ],
          [
            -111.4785,
            34.40404
          ],
          [
            -111.47859,
            34.40411
          ],
          [
            -111.47869,
            34.4042
          ],
          [
            -111.47885,
            34.40434
          ],
          [
            -111.4789,
            34.40438
          ],
          [
            -111.47928,
            34.40473
          ],
          [
            -111.47946,
            34.40489
          ],
          [
            -111.47947,
            34.40489
          ],
          [
            -111.47949,
            34.40491
          ],
          [
            -111.47954,
            34.40495
          ],
          [
            -111.47963,
            34.40502
          ],
          [
            -111.47976,
            34.40512
          ],
          [
            -111.47992,
            34.40523
          ],
          [
            -111.48013,
            34.40536
          ],
          [
            -111.48023,
            34.40542
          ],
          [
            -111.48038,
            34.4055
          ],
          [
            -111.48049,
            34.40556
          ],
          [
            -111.4806,
            34.40562
          ],
          [
            -111.48079,
            34.40571
          ],
          [
            -111.48093,
            34.40577
          ],
          [
            -111.48108,
            34.40583
          ],
          [
            -111.48124,
            34.40589
          ],
          [
            -111.48139,
            34.40595
          ],
          [
            -111.48154,
            34.406
          ],
          [
            -111.48168,
            34.40604
          ],
          [
            -111.48192,
            34.40611
          ],
          [
            -111.48204,
            34.40613
          ],
          [
            -111.48218,
            34.40616
          ],
          [
            -111.48257,
            34.40623
          ],
          [
            -111.48264,
            34.40624
          ],
          [
            -111.48268,
            34.40624
          ],
          [
            -111.48273,
            34.40625
          ],
          [
            -111.48281,
            34.40626
          ],
          [
            -111.48289,
            34.40627
          ],
          [
            -111.48294,
            34.40627
          ],
          [
            -111.48296,
            34.40628
          ],
          [
            -111.48299,
            34.40628
          ],
          [
            -111.48314,
            34.40629
          ],
          [
            -111.48338,
            34.40629
          ],
          [
            -111.48382,
            34.40629
          ],
          [
            -111.48389,
            34.4063
          ],
          [
            -111.48404,
            34.4063
          ],
          [
            -111.48447,
            34.40631
          ],
          [
            -111.48454,
            34.40631
          ],
          [
            -111.48469,
            34.40631
          ],
          [
            -111.48483,
            34.40632
          ],
          [
            -111.48622,
            34.40635
          ],
          [
            -111.48756,
            34.40638
          ],
          [
            -111.48808,
            34.4064
          ],
          [
            -111.48894,
            34.40641
          ],
          [
            -111.48912,
            34.40642
          ],
          [
            -111.48917,
            34.40642
          ],
          [
            -111.48972,
            34.40643
          ],
          [
            -111.48985,
            34.40644
          ],
          [
            -111.48989,
            34.40644
          ],
          [
            -111.49032,
            34.40645
          ],
          [
            -111.49038,
            34.40645
          ],
          [
            -111.49072,
            34.40646
          ],
          [
            -111.49087,
            34.40646
          ],
          [
            -111.49094,
            34.40646
          ],
          [
            -111.49125,
            34.40647
          ],
          [
            -111.49147,
            34.40647
          ],
          [
            -111.49156,
            34.40648
          ],
          [
            -111.49173,
            34.40649
          ],
          [
            -111.49182,
            34.4065
          ],
          [
            -111.49192,
            34.40651
          ],
          [
            -111.49198,
            34.40652
          ],
          [
            -111.49205,
            34.40654
          ],
          [
            -111.49217,
            34.40657
          ],
          [
            -111.49228,
            34.40661
          ],
          [
            -111.49238,
            34.40666
          ],
          [
            -111.49268,
            34.40683
          ],
          [
            -111.49278,
            34.40691
          ],
          [
            -111.49287,
            34.407
          ],
          [
            -111.49295,
            34.40709
          ],
          [
            -111.49302,
            34.40717
          ],
          [
            -111.49307,
            34.40726
          ],
          [
            -111.49312,
            34.40735
          ],
          [
            -111.49314,
            34.40738
          ],
          [
            -111.49317,
            34.40747
          ],
          [
            -111.49319,
            34.40752
          ],
          [
            -111.4932,
            34.40754
          ],
          [
            -111.4932,
            34.40755
          ],
          [
            -111.4932,
            34.40756
          ],
          [
            -111.49322,
            34.40764
          ],
          [
            -111.49325,
            34.40779
          ],
          [
            -111.49325,
            34.40792
          ],
          [
            -111.493254,
            34.407921
          ],
          [
            -111.49339,
            34.40786
          ],
          [
            -111.49352,
            34.40785
          ],
          [
            -111.49407,
            34.40762
          ],
          [
            -111.49411,
            34.4076
          ],
          [
            -111.49418,
            34.40757
          ],
          [
            -111.49444,
            34.40747
          ],
          [
            -111.49458,
            34.40742
          ],
          [
            -111.49462,
            34.40741
          ],
          [
            -111.49481,
            34.40735
          ],
          [
            -111.49484,
            34.40735
          ],
          [
            -111.495,
            34.40731
          ],
          [
            -111.49503,
            34.40731
          ],
          [
            -111.49535,
            34.40724
          ],
          [
            -111.49563,
            34.40719
          ],
          [
            -111.49567,
            34.40719
          ],
          [
            -111.49568,
            34.40718
          ],
          [
            -111.49585,
            34.40716
          ],
          [
            -111.49606,
            34.40712
          ],
          [
            -111.4961,
            34.40711
          ],
          [
            -111.49611,
            34.40711
          ],
          [
            -111.49621,
            34.40709
          ],
          [
            -111.49669,
            34.40701
          ],
          [
            -111.4967,
            34.40701
          ],
          [
            -111.49712,
            34.40691
          ],
          [
            -111.49733,
            34.40686
          ],
          [
            -111.49737,
            34.40685
          ],
          [
            -111.49738,
            34.40685
          ],
          [
            -111.49775,
            34.40676
          ],
          [
            -111.49796,
            34.40671
          ],
          [
            -111.49842,
            34.40659
          ],
          [
            -111.4989,
            34.40646
          ],
          [
            -111.49941,
            34.40633
          ],
          [
            -111.49949,
            34.40631
          ],
          [
            -111.49983,
            34.40626
          ],
          [
            -111.49991,
            34.40626
          ],
          [
            -111.50001,
            34.40626
          ],
          [
            -111.50044,
            34.40636
          ],
          [
            -111.50066,
            34.40643
          ],
          [
            -111.50098,
            34.40657
          ],
          [
            -111.50117,
            34.40666
          ],
          [
            -111.50138,
            34.40675
          ],
          [
            -111.50165,
            34.40683
          ],
          [
            -111.50198,
            34.40687
          ],
          [
            -111.50207,
            34.40688
          ],
          [
            -111.50223,
            34.4069
          ],
          [
            -111.50287,
            34.40697
          ],
          [
            -111.50303,
            34.40698
          ],
          [
            -111.5034,
            34.40701
          ],
          [
            -111.50363,
            34.40702
          ],
          [
            -111.50365,
            34.40702
          ],
          [
            -111.50368,
            34.40702
          ],
          [
            -111.50393,
            34.407
          ],
          [
            -111.50413,
            34.40697
          ],
          [
            -111.50422,
            34.40696
          ],
          [
            -111.50428,
            34.40695
          ],
          [
            -111.50463,
            34.4069
          ],
          [
            -111.50492,
            34.40686
          ],
          [
            -111.50495,
            34.40685
          ],
          [
            -111.50518,
            34.40681
          ],
          [
            -111.50531,
            34.40679
          ],
          [
            -111.50569,
            34.4067
          ],
          [
            -111.50589,
            34.40666
          ],
          [
            -111.50591,
            34.40665
          ],
          [
            -111.50632,
            34.40647
          ],
          [
            -111.50646,
            34.40638
          ],
          [
            -111.50653,
            34.40632
          ],
          [
            -111.50667,
            34.40618
          ],
          [
            -111.50674,
            34.4061
          ],
          [
            -111.5068,
            34.40602
          ],
          [
            -111.50689,
            34.40592
          ],
          [
            -111.507,
            34.40579
          ],
          [
            -111.5071,
            34.40569
          ],
          [
            -111.50715,
            34.40565
          ],
          [
            -111.50725,
            34.40559
          ],
          [
            -111.50737,
            34.40552
          ],
          [
            -111.50758,
            34.40544
          ],
          [
            -111.50761,
            34.40543
          ],
          [
            -111.50782,
            34.40538
          ],
          [
            -111.50788,
            34.40536
          ],
          [
            -111.50812,
            34.40534
          ],
          [
            -111.50825,
            34.40532
          ],
          [
            -111.50846,
            34.4053
          ],
          [
            -111.50861,
            34.40529
          ],
          [
            -111.50868,
            34.40529
          ],
          [
            -111.5088,
            34.40529
          ],
          [
            -111.50901,
            34.4053
          ],
          [
            -111.50911,
            34.40532
          ],
          [
            -111.50933,
            34.40535
          ],
          [
            -111.50959,
            34.40538
          ],
          [
            -111.50975,
            34.4054
          ],
          [
            -111.50984,
            34.40541
          ],
          [
            -111.51009,
            34.40542
          ],
          [
            -111.51018,
            34.40543
          ],
          [
            -111.51028,
            34.40543
          ],
          [
            -111.51041,
            34.40544
          ],
          [
            -111.51043,
            34.40544
          ],
          [
            -111.51061,
            34.40544
          ],
          [
            -111.51089,
            34.40544
          ],
          [
            -111.51096,
            34.40543
          ],
          [
            -111.51115,
            34.40543
          ],
          [
            -111.51143,
            34.40543
          ],
          [
            -111.51165,
            34.40542
          ],
          [
            -111.51189,
            34.4054
          ],
          [
            -111.51208,
            34.40537
          ],
          [
            -111.51247,
            34.40529
          ],
          [
            -111.51296,
            34.40519
          ],
          [
            -111.5136,
            34.40508
          ],
          [
            -111.51373,
            34.40506
          ],
          [
            -111.51393,
            34.40502
          ],
          [
            -111.51414,
            34.40501
          ],
          [
            -111.5144,
            34.40499
          ],
          [
            -111.51465,
            34.40498
          ],
          [
            -111.51485,
            34.40497
          ],
          [
            -111.51494,
            34.40497
          ],
          [
            -111.51507,
            34.40498
          ],
          [
            -111.51513,
            34.40498
          ],
          [
            -111.51526,
            34.405
          ],
          [
            -111.51538,
            34.40502
          ],
          [
            -111.51579,
            34.40509
          ],
          [
            -111.51589,
            34.40511
          ],
          [
            -111.51607,
            34.40514
          ],
          [
            -111.51647,
            34.40521
          ],
          [
            -111.51649,
            34.40521
          ],
          [
            -111.51668,
            34.40525
          ],
          [
            -111.5173,
            34.40538
          ],
          [
            -111.51752,
            34.40543
          ],
          [
            -111.51823,
            34.40558
          ],
          [
            -111.51842,
            34.40562
          ],
          [
            -111.51877,
            34.40564
          ],
          [
            -111.51899,
            34.40566
          ],
          [
            -111.51901,
            34.40566
          ],
          [
            -111.51934,
            34.40571
          ],
          [
            -111.51946,
            34.40573
          ],
          [
            -111.51968,
            34.40578
          ],
          [
            -111.52,
            34.40587
          ],
          [
            -111.52042,
            34.40598
          ],
          [
            -111.52051,
            34.406
          ],
          [
            -111.52073,
            34.40606
          ],
          [
            -111.52109,
            34.40613
          ],
          [
            -111.52134,
            34.4062
          ],
          [
            -111.52151,
            34.40627
          ],
          [
            -111.52188,
            34.40647
          ],
          [
            -111.52202,
            34.40654
          ],
          [
            -111.5222,
            34.40663
          ],
          [
            -111.52235,
            34.40669
          ],
          [
            -111.52247,
            34.40672
          ],
          [
            -111.52253,
            34.40674
          ],
          [
            -111.523,
            34.40681
          ],
          [
            -111.52372,
            34.40689
          ],
          [
            -111.52446,
            34.40697
          ],
          [
            -111.52466,
            34.40699
          ],
          [
            -111.52476,
            34.40701
          ],
          [
            -111.52482,
            34.40701
          ],
          [
            -111.52497,
            34.40703
          ],
          [
            -111.52509,
            34.40705
          ],
          [
            -111.52546,
            34.40712
          ],
          [
            -111.52559,
            34.40714
          ],
          [
            -111.52564,
            34.40715
          ],
          [
            -111.52567,
            34.40716
          ],
          [
            -111.52573,
            34.40717
          ],
          [
            -111.52608,
            34.40722
          ],
          [
            -111.5261,
            34.40722
          ],
          [
            -111.52666,
            34.40728
          ],
          [
            -111.52672,
            34.40728
          ],
          [
            -111.52674,
            34.40728
          ],
          [
            -111.52681,
            34.40729
          ],
          [
            -111.52732,
            34.40734
          ],
          [
            -111.52739,
            34.40735
          ],
          [
            -111.52746,
            34.40735
          ],
          [
            -111.52747,
            34.40735
          ],
          [
            -111.52768,
            34.40738
          ],
          [
            -111.52804,
            34.40741
          ],
          [
            -111.52811,
            34.40742
          ],
          [
            -111.52854,
            34.40746
          ],
          [
            -111.52876,
            34.40748
          ],
          [
            -111.52886,
            34.40749
          ],
          [
            -111.52896,
            34.4075
          ],
          [
            -111.52921,
            34.40755
          ],
          [
            -111.52928,
            34.40756
          ],
          [
            -111.52949,
            34.40762
          ],
          [
            -111.52953,
            34.40763
          ],
          [
            -111.52977,
            34.4077
          ],
          [
            -111.52985,
            34.40772
          ],
          [
            -111.53004,
            34.40777
          ],
          [
            -111.53009,
            34.40778
          ],
          [
            -111.53033,
            34.40779
          ],
          [
            -111.53042,
            34.40779
          ],
          [
            -111.5306,
            34.40778
          ],
          [
            -111.53065,
            34.40778
          ],
          [
            -111.53082,
            34.40777
          ],
          [
            -111.53103,
            34.40773
          ],
          [
            -111.53125,
            34.40772
          ],
          [
            -111.5313,
            34.40772
          ],
          [
            -111.53151,
            34.40772
          ],
          [
            -111.53171,
            34.40772
          ],
          [
            -111.53173,
            34.40772
          ],
          [
            -111.53194,
            34.40774
          ],
          [
            -111.53195,
            34.40774
          ],
          [
            -111.53216,
            34.40776
          ],
          [
            -111.53238,
            34.40776
          ],
          [
            -111.533,
            34.40768
          ],
          [
            -111.53324,
            34.40764
          ],
          [
            -111.53327,
            34.40764
          ],
          [
            -111.53346,
            34.40761
          ],
          [
            -111.53363,
            34.40759
          ],
          [
            -111.53388,
            34.40758
          ],
          [
            -111.53395,
            34.40757
          ],
          [
            -111.53404,
            34.40756
          ],
          [
            -111.53459,
            34.40749
          ],
          [
            -111.53471,
            34.40748
          ],
          [
            -111.53481,
            34.40747
          ],
          [
            -111.53491,
            34.40745
          ],
          [
            -111.53496,
            34.40745
          ],
          [
            -111.53503,
            34.40744
          ],
          [
            -111.53512,
            34.40743
          ],
          [
            -111.53517,
            34.40742
          ],
          [
            -111.53524,
            34.40741
          ],
          [
            -111.53539,
            34.40739
          ],
          [
            -111.53541,
            34.40739
          ],
          [
            -111.53543,
            34.40739
          ],
          [
            -111.53554,
            34.40735
          ],
          [
            -111.53564,
            34.40729
          ],
          [
            -111.53566,
            34.40728
          ],
          [
            -111.53571,
            34.40724
          ],
          [
            -111.53573,
            34.40719
          ],
          [
            -111.53575,
            34.40717
          ],
          [
            -111.53578,
            34.4071
          ],
          [
            -111.53578,
            34.40703
          ],
          [
            -111.53575,
            34.40677
          ],
          [
            -111.53574,
            34.40666
          ],
          [
            -111.53573,
            34.40659
          ],
          [
            -111.53571,
            34.40648
          ],
          [
            -111.53568,
            34.40631
          ],
          [
            -111.53565,
            34.40615
          ],
          [
            -111.53563,
            34.40595
          ],
          [
            -111.53562,
            34.40593
          ],
          [
            -111.53562,
            34.4059
          ],
          [
            -111.53557,
            34.40576
          ],
          [
            -111.53552,
            34.40558
          ],
          [
            -111.5355,
            34.4055
          ],
          [
            -111.53545,
            34.40528
          ],
          [
            -111.53544,
            34.40522
          ],
          [
            -111.53544,
            34.40504
          ],
          [
            -111.53545,
            34.40486
          ],
          [
            -111.53546,
            34.40474
          ],
          [
            -111.53551,
            34.40438
          ],
          [
            -111.53552,
            34.40433
          ],
          [
            -111.53556,
            34.40415
          ],
          [
            -111.53556,
            34.40414
          ],
          [
            -111.53563,
            34.40392
          ],
          [
            -111.53567,
            34.40383
          ],
          [
            -111.53574,
            34.4037
          ],
          [
            -111.53584,
            34.40354
          ],
          [
            -111.53594,
            34.40343
          ],
          [
            -111.53601,
            34.40335
          ],
          [
            -111.53608,
            34.40329
          ],
          [
            -111.53624,
            34.40316
          ],
          [
            -111.53641,
            34.40305
          ],
          [
            -111.53643,
            34.40304
          ],
          [
            -111.53647,
            34.40301
          ],
          [
            -111.53661,
            34.40293
          ],
          [
            -111.53671,
            34.40287
          ],
          [
            -111.53675,
            34.40286
          ],
          [
            -111.53677,
            34.40284
          ],
          [
            -111.53679,
            34.40283
          ],
          [
            -111.53713,
            34.40266
          ],
          [
            -111.53733,
            34.40257
          ],
          [
            -111.53736,
            34.40256
          ],
          [
            -111.53751,
            34.4025
          ],
          [
            -111.53752,
            34.40249
          ],
          [
            -111.53773,
            34.40243
          ],
          [
            -111.53776,
            34.40242
          ],
          [
            -111.53795,
            34.40239
          ],
          [
            -111.53818,
            34.40238
          ],
          [
            -111.53842,
            34.40241
          ],
          [
            -111.53871,
            34.40249
          ],
          [
            -111.53881,
            34.40251
          ],
          [
            -111.53923,
            34.40263
          ],
          [
            -111.53925,
            34.40264
          ],
          [
            -111.53964,
            34.40276
          ],
          [
            -111.53965,
            34.40277
          ],
          [
            -111.53985,
            34.40282
          ],
          [
            -111.53998,
            34.40285
          ],
          [
            -111.54026,
            34.40287
          ],
          [
            -111.54028,
            34.40287
          ],
          [
            -111.54032,
            34.40287
          ],
          [
            -111.54044,
            34.40286
          ],
          [
            -111.54047,
            34.40286
          ],
          [
            -111.54049,
            34.40285
          ],
          [
            -111.5406,
            34.40284
          ],
          [
            -111.54069,
            34.40283
          ],
          [
            -111.54071,
            34.40283
          ],
          [
            -111.54086,
            34.40282
          ],
          [
            -111.54114,
            34.40283
          ],
          [
            -111.5412,
            34.40283
          ],
          [
            -111.54135,
            34.40284
          ],
          [
            -111.54137,
            34.40285
          ],
          [
            -111.54142,
            34.40285
          ],
          [
            -111.54149,
            34.40285
          ],
          [
            -111.54161,
            34.40284
          ],
          [
            -111.54164,
            34.40284
          ],
          [
            -111.54181,
            34.40281
          ],
          [
            -111.54204,
            34.40276
          ],
          [
            -111.54218,
            34.40274
          ],
          [
            -111.54225,
            34.40273
          ],
          [
            -111.54246,
            34.4027
          ],
          [
            -111.54265,
            34.40268
          ],
          [
            -111.54268,
            34.40268
          ],
          [
            -111.54269,
            34.40268
          ],
          [
            -111.5427,
            34.40268
          ],
          [
            -111.54271,
            34.40268
          ],
          [
            -111.54272,
            34.40268
          ],
          [
            -111.54274,
            34.40268
          ],
          [
            -111.54277,
            34.40268
          ],
          [
            -111.54284,
            34.40267
          ],
          [
            -111.5429,
            34.40268
          ],
          [
            -111.54307,
            34.40269
          ],
          [
            -111.54331,
            34.40272
          ],
          [
            -111.54358,
            34.40276
          ],
          [
            -111.54363,
            34.40278
          ],
          [
            -111.54377,
            34.40284
          ],
          [
            -111.54389,
            34.40289
          ],
          [
            -111.54419,
            34.40303
          ],
          [
            -111.54442,
            34.40314
          ],
          [
            -111.54446,
            34.40316
          ],
          [
            -111.54465,
            34.40325
          ],
          [
            -111.54467,
            34.40325
          ],
          [
            -111.54502,
            34.40341
          ],
          [
            -111.54503,
            34.40342
          ],
          [
            -111.54509,
            34.40345
          ],
          [
            -111.54542,
            34.40361
          ],
          [
            -111.54585,
            34.40382
          ],
          [
            -111.54603,
            34.40391
          ],
          [
            -111.5463,
            34.40407
          ],
          [
            -111.54647,
            34.40419
          ],
          [
            -111.54654,
            34.40425
          ],
          [
            -111.54669,
            34.40438
          ],
          [
            -111.54677,
            34.40445
          ],
          [
            -111.54684,
            34.40451
          ],
          [
            -111.54698,
            34.40464
          ],
          [
            -111.54713,
            34.40478
          ],
          [
            -111.54724,
            34.40488
          ],
          [
            -111.54756,
            34.40518
          ],
          [
            -111.54756,
            34.40519
          ],
          [
            -111.54768,
            34.4053
          ],
          [
            -111.54785,
            34.40545
          ],
          [
            -111.54789,
            34.40549
          ],
          [
            -111.54802,
            34.40556
          ],
          [
            -111.54803,
            34.40556
          ],
          [
            -111.54805,
            34.40557
          ],
          [
            -111.54827,
            34.40567
          ],
          [
            -111.54855,
            34.40574
          ],
          [
            -111.54863,
            34.40576
          ],
          [
            -111.54872,
            34.40577
          ],
          [
            -111.54885,
            34.40579
          ],
          [
            -111.54886,
            34.40579
          ],
          [
            -111.54906,
            34.40578
          ],
          [
            -111.54934,
            34.40573
          ],
          [
            -111.55011,
            34.40553
          ],
          [
            -111.55032,
            34.40547
          ],
          [
            -111.55092,
            34.40527
          ],
          [
            -111.55098,
            34.40525
          ],
          [
            -111.55134,
            34.40515
          ],
          [
            -111.55154,
            34.40509
          ],
          [
            -111.55216,
            34.4049
          ],
          [
            -111.55251,
            34.4048
          ],
          [
            -111.55298,
            34.40467
          ],
          [
            -111.55356,
            34.4045
          ],
          [
            -111.5538,
            34.40444
          ],
          [
            -111.55381,
            34.40444
          ],
          [
            -111.55385,
            34.40443
          ],
          [
            -111.55409,
            34.40438
          ],
          [
            -111.55445,
            34.40437
          ],
          [
            -111.55479,
            34.40435
          ],
          [
            -111.5551,
            34.40436
          ],
          [
            -111.55598,
            34.40437
          ],
          [
            -111.55637,
            34.40437
          ],
          [
            -111.55641,
            34.40437
          ],
          [
            -111.5575,
            34.40437
          ],
          [
            -111.55772,
            34.40438
          ],
          [
            -111.55794,
            34.40438
          ],
          [
            -111.55881,
            34.40439
          ],
          [
            -111.55902,
            34.4044
          ],
          [
            -111.55903,
            34.4044
          ],
          [
            -111.55924,
            34.40439
          ],
          [
            -111.55973,
            34.40437
          ],
          [
            -111.56009,
            34.40439
          ],
          [
            -111.56029,
            34.40444
          ],
          [
            -111.56032,
            34.40444
          ],
          [
            -111.56033,
            34.40445
          ],
          [
            -111.56048,
            34.4045
          ],
          [
            -111.56051,
            34.40452
          ],
          [
            -111.56064,
            34.40459
          ],
          [
            -111.56085,
            34.40473
          ],
          [
            -111.56086,
            34.40474
          ],
          [
            -111.56106,
            34.4049
          ],
          [
            -111.56116,
            34.40498
          ],
          [
            -111.56118,
            34.40499
          ],
          [
            -111.56134,
            34.40512
          ],
          [
            -111.56141,
            34.40517
          ],
          [
            -111.56158,
            34.40529
          ],
          [
            -111.56177,
            34.40538
          ],
          [
            -111.56196,
            34.40542
          ],
          [
            -111.56216,
            34.40546
          ],
          [
            -111.56233,
            34.40551
          ],
          [
            -111.5625,
            34.40558
          ],
          [
            -111.56255,
            34.4056
          ],
          [
            -111.56305,
            34.40585
          ],
          [
            -111.56323,
            34.40594
          ],
          [
            -111.56324,
            34.40595
          ],
          [
            -111.56335,
            34.406
          ],
          [
            -111.56349,
            34.40604
          ],
          [
            -111.56365,
            34.40605
          ],
          [
            -111.56366,
            34.40605
          ],
          [
            -111.56382,
            34.40602
          ],
          [
            -111.56394,
            34.40598
          ],
          [
            -111.56412,
            34.40591
          ],
          [
            -111.56424,
            34.40583
          ],
          [
            -111.56428,
            34.40581
          ],
          [
            -111.5644,
            34.40571
          ],
          [
            -111.56467,
            34.40551
          ],
          [
            -111.56488,
            34.4054
          ],
          [
            -111.56507,
            34.40534
          ],
          [
            -111.56539,
            34.40526
          ],
          [
            -111.56575,
            34.40516
          ],
          [
            -111.56582,
            34.40514
          ],
          [
            -111.56596,
            34.40511
          ],
          [
            -111.56616,
            34.40505
          ],
          [
            -111.56652,
            34.40492
          ],
          [
            -111.56656,
            34.4049
          ],
          [
            -111.56679,
            34.40481
          ],
          [
            -111.56696,
            34.40476
          ],
          [
            -111.5669632,
            34.4047585
          ],
          [
            -111.56701,
            34.40483
          ],
          [
            -111.56703,
            34.40489
          ],
          [
            -111.56703,
            34.40496
          ],
          [
            -111.56701,
            34.40503
          ],
          [
            -111.56698,
            34.40511
          ],
          [
            -111.56697,
            34.40514
          ],
          [
            -111.56694,
            34.4052
          ],
          [
            -111.56693,
            34.40527
          ],
          [
            -111.56693,
            34.40528
          ],
          [
            -111.56693,
            34.40533
          ],
          [
            -111.56695,
            34.40541
          ],
          [
            -111.56697,
            34.40545
          ],
          [
            -111.56698,
            34.40546
          ],
          [
            -111.567,
            34.40549
          ],
          [
            -111.56703,
            34.40553
          ],
          [
            -111.56721,
            34.40575
          ],
          [
            -111.56722,
            34.40576
          ],
          [
            -111.56733,
            34.40593
          ],
          [
            -111.56744,
            34.40605
          ],
          [
            -111.5675,
            34.40613
          ],
          [
            -111.56756,
            34.40622
          ],
          [
            -111.56766,
            34.40637
          ],
          [
            -111.5677,
            34.40643
          ],
          [
            -111.56778,
            34.40652
          ],
          [
            -111.56781,
            34.40656
          ],
          [
            -111.56785,
            34.40659
          ],
          [
            -111.56788,
            34.40661
          ],
          [
            -111.56792,
            34.40662
          ],
          [
            -111.56796,
            34.40661
          ],
          [
            -111.56818,
            34.40657
          ],
          [
            -111.5681769,
            34.4065687
          ],
          [
            -111.56829,
            34.40673
          ],
          [
            -111.5682904,
            34.406735
          ],
          [
            -111.5682904,
            34.406735
          ],
          [
            -111.5682904,
            34.406735
          ]
        ]
      }
    }
  ]
}