{
  "type": "FeatureCollection",
  "features": [
    {
      "type": "Feature",
      "properties": {
        "_gpxType": "trk",
        "name": "Tempe Town Lake Rural Road Bridge to Lone Pine Trailhead",
        "coordinateProperties": {}
      },
      "geometry": {
        "type": "LineString",
        "coordinates": [
          [
            -111.926207,
            33.4313444
          ],
          [
            -111.92621,
            33.43166
          ],
          [
            -111.92621,
            33.43185
          ],
          [
            -111.92621,
            33.43207
          ],
          [
            -111.92621,
            33.43238
          ],
          [
            -111.92621,
            33.43257
          ],
          [
            -111.9262,
            33.43268
          ],
          [
            -111.92619,
            33.43285
          ],
          [
            -111.92617,
            33.43338
          ],
          [
            -111.92616,
            33.43379
          ],
          [
            -111.92616,
            33.43399
          ],
          [
            -111.92616,
            33.43409
          ],
          [
            -111.92616,
            33.43471
          ],
          [
            -111.92616,
            33.43484
          ],
          [
            -111.92616,
            33.43507
          ],
          [
            -111.92616,
            33.4353
          ],
          [
            -111.9261602,
            33.4353028
          ],
          [
            -111.92615,
            33.43531
          ],
          [
            -111.9261,
            33.43537
          ],
          [
            -111.92608,
            33.43539
          ],
          [
            -111.92606,
            33.43543
          ],
          [
            -111.92604,
            33.43545
          ],
          [
            -111.92602,
            33.43547
          ],
          [
            -111.926,
            33.43549
          ],
          [
            -111.92597,
            33.4355
          ],
          [
            -111.92594,
            33.43552
          ],
          [
            -111.92591,
            33.43552
          ],
          [
            -111.92589,
            33.43553
          ],
          [
            -111.92587,
            33.43553
          ],
          [
            -111.92585,
            33.43553
          ],
          [
            -111.92583,
            33.43553
          ],
          [
            -111.92581,
            33.43553
          ],
          [
            -111.9258,
            33.43553
          ],
          [
            -111.92577,
            33.43552
          ],
          [
            -111.92575,
            33.43552
          ],
          [
            -111.92572,
            33.43552
          ],
          [
            -111.92569,
            33.43552
          ],
          [
            -111.92568,
            33.43552
          ],
          [
            -111.92566,
            33.43552
          ],
          [
            -111.92565,
            33.43552
          ],
          [
            -111.92563,
            33.43553
          ],
          [
            -111.92562,
            33.43554
          ],
          [
            -111.9256,
            33.43555
          ],
          [
            -111.9256,
            33.43556
          ],
          [
            -111.92556,
            33.43555
          ],
          [
            -111.92553,
            33.43555
          ],
          [
            -111.92549,
            33.43555
          ],
          [
            -111.92546,
            33.43555
          ],
          [
            -111.9254,
            33.43555
          ],
          [
            -111.92527,
            33.43556
          ],
          [
            -111.92503,
            33.43558
          ],
          [
            -111.92465,
            33.43562
          ],
          [
            -111.92445,
            33.43563
          ],
          [
            -111.9244,
            33.43564
          ],
          [
            -111.92425,
            33.43565
          ],
          [
            -111.92409,
            33.43566
          ],
          [
            -111.92389,
            33.43568
          ],
          [
            -111.92374,
            33.4357
          ],
          [
            -111.92373,
            33.4357
          ],
          [
            -111.92363,
            33.43571
          ],
          [
            -111.92355,
            33.43571
          ],
          [
            -111.92347,
            33.43572
          ],
          [
            -111.92332,
            33.43574
          ],
          [
            -111.92324,
            33.43574
          ],
          [
            -111.92319,
            33.43574
          ],
          [
            -111.92307,
            33.43575
          ],
          [
            -111.92282,
            33.43576
          ],
          [
            -111.92259,
            33.43578
          ],
          [
            -111.92244,
            33.43579
          ],
          [
            -111.92216,
            33.4358
          ],
          [
            -111.92191,
            33.43581
          ],
          [
            -111.92166,
            33.43582
          ],
          [
            -111.92159,
            33.43582
          ],
          [
            -111.92158,
            33.43582
          ],
          [
            -111.92135,
            33.43594
          ],
          [
            -111.92101,
            33.43594
          ],
          [
            -111.92004,
            33.43594
          ],
          [
            -111.91961,
            33.43594
          ],
          [
            -111.91903,
            33.43594
          ],
          [
            -111.91878,
            33.43594
          ],
          [
            -111.91848,
            33.43594
          ],
          [
            -111.91839,
            33.43594
          ],
          [
            -111.91812,
            33.43593
          ],
          [
            -111.91714,
            33.43593
          ],
          [
            -111.91683,
            33.43593
          ],
          [
            -111.91641,
            33.43593
          ],
          [
            -111.9155,
            33.43593
          ],
          [
            -111.91546,
            33.43593
          ],
          [
            -111.91528,
            33.43593
          ],
          [
            -111.91465,
            33.43593
          ],
          [
            -111.91393,
            33.43592
          ],
          [
            -111.91343,
            33.43592
          ],
          [
            -111.9133,
            33.43592
          ],
          [
            -111.91306,
            33.43592
          ],
          [
            -111.9125,
            33.43592
          ],
          [
            -111.91227,
            33.43592
          ],
          [
            -111.91204,
            33.43592
          ],
          [
            -111.91197,
            33.43592
          ],
          [
            -111.91177,
            33.43591
          ],
          [
            -111.91135,
            33.43591
          ],
          [
            -111.91038,
            33.43591
          ],
          [
            -111.91019,
            33.4359
          ],
          [
            -111.90994,
            33.4359
          ],
          [
            -111.90957,
            33.43591
          ],
          [
            -111.90917,
            33.43591
          ],
          [
            -111.90899,
            33.43591
          ],
          [
            -111.90881,
            33.43591
          ],
          [
            -111.90843,
            33.43591
          ],
          [
            -111.90804,
            33.43591
          ],
          [
            -111.90691,
            33.43591
          ],
          [
            -111.90604,
            33.4359
          ],
          [
            -111.90547,
            33.4359
          ],
          [
            -111.90481,
            33.4359
          ],
          [
            -111.90396,
            33.43589
          ],
          [
            -111.9017,
            33.43587
          ],
          [
            -111.90169,
            33.43587
          ],
          [
            -111.90105,
            33.43587
          ],
          [
            -111.90094,
            33.43586
          ],
          [
            -111.90089,
            33.43586
          ],
          [
            -111.90082,
            33.43586
          ],
          [
            -111.90075,
            33.43586
          ],
          [
            -111.90064,
            33.43586
          ],
          [
            -111.90043,
            33.43585
          ],
          [
            -111.90035,
            33.43585
          ],
          [
            -111.90029,
            33.43585
          ],
          [
            -111.90009,
            33.43584
          ],
          [
            -111.89997,
            33.43584
          ],
          [
            -111.89988,
            33.43583
          ],
          [
            -111.89981,
            33.43583
          ],
          [
            -111.89972,
            33.43582
          ],
          [
            -111.89965,
            33.43582
          ],
          [
            -111.89956,
            33.43581
          ],
          [
            -111.89949,
            33.43581
          ],
          [
            -111.89944,
            33.4358
          ],
          [
            -111.89937,
            33.43579
          ],
          [
            -111.89928,
            33.43579
          ],
          [
            -111.89917,
            33.43578
          ],
          [
            -111.89901,
            33.43576
          ],
          [
            -111.89891,
            33.43575
          ],
          [
            -111.89882,
            33.43573
          ],
          [
            -111.89862,
            33.4357
          ],
          [
            -111.89843,
            33.43568
          ],
          [
            -111.89835,
            33.43566
          ],
          [
            -111.8982,
            33.43564
          ],
          [
            -111.89797,
            33.4356
          ],
          [
            -111.89765,
            33.43553
          ],
          [
            -111.89759,
            33.43552
          ],
          [
            -111.89743,
            33.43548
          ],
          [
            -111.89721,
            33.43543
          ],
          [
            -111.89701,
            33.43538
          ],
          [
            -111.89681,
            33.43534
          ],
          [
            -111.89663,
            33.4353
          ],
          [
            -111.89648,
            33.43526
          ],
          [
            -111.89619,
            33.43519
          ],
          [
            -111.89596,
            33.43514
          ],
          [
            -111.8958,
            33.4351
          ],
          [
            -111.89567,
            33.43506
          ],
          [
            -111.89559,
            33.43505
          ],
          [
            -111.89555,
            33.43503
          ],
          [
            -111.89542,
            33.435
          ],
          [
            -111.8953,
            33.43498
          ],
          [
            -111.89515,
            33.43494
          ],
          [
            -111.89493,
            33.43488
          ],
          [
            -111.8948,
            33.43485
          ],
          [
            -111.89443,
            33.43476
          ],
          [
            -111.89419,
            33.43471
          ],
          [
            -111.89405,
            33.43467
          ],
          [
            -111.89397,
            33.43465
          ],
          [
            -111.8935,
            33.43454
          ],
          [
            -111.89332,
            33.4345
          ],
          [
            -111.89301,
            33.43442
          ],
          [
            -111.89299,
            33.43442
          ],
          [
            -111.89297,
            33.43441
          ],
          [
            -111.89292,
            33.4344
          ],
          [
            -111.89271,
            33.43435
          ],
          [
            -111.89217,
            33.43422
          ],
          [
            -111.89179,
            33.43412
          ],
          [
            -111.89161,
            33.43408
          ],
          [
            -111.89145,
            33.43404
          ],
          [
            -111.89124,
            33.43399
          ],
          [
            -111.89115,
            33.43397
          ],
          [
            -111.89106,
            33.43395
          ],
          [
            -111.89098,
            33.43393
          ],
          [
            -111.89085,
            33.4339
          ],
          [
            -111.8907,
            33.43386
          ],
          [
            -111.89047,
            33.43381
          ],
          [
            -111.8904,
            33.43379
          ],
          [
            -111.8903,
            33.43376
          ],
          [
            -111.89025,
            33.43375
          ],
          [
            -111.89018,
            33.43373
          ],
          [
            -111.89007,
            33.43371
          ],
          [
            -111.88991,
            33.43367
          ],
          [
            -111.88981,
            33.43365
          ],
          [
            -111.88968,
            33.43361
          ],
          [
            -111.88954,
            33.43358
          ],
          [
            -111.88945,
            33.43356
          ],
          [
            -111.88935,
            33.43354
          ],
          [
            -111.88924,
            33.43352
          ],
          [
            -111.88915,
            33.43351
          ],
          [
            -111.88903,
            33.43349
          ],
          [
            -111.88889,
            33.43346
          ],
          [
            -111.88867,
            33.43343
          ],
          [
            -111.88855,
            33.43342
          ],
          [
            -111.88842,
            33.43341
          ],
          [
            -111.88829,
            33.4334
          ],
          [
            -111.88814,
            33.43339
          ],
          [
            -111.88802,
            33.43338
          ],
          [
            -111.88801,
            33.43338
          ],
          [
            -111.88776,
            33.43338
          ],
          [
            -111.88755,
            33.43338
          ],
          [
            -111.88746,
            33.43338
          ],
          [
            -111.88736,
            33.43338
          ],
          [
            -111.88732,
            33.43338
          ],
          [
            -111.88723,
            33.43338
          ],
          [
            -111.8871,
            33.43339
          ],
          [
            -111.88696,
            33.4334
          ],
          [
            -111.88691,
            33.4334
          ],
          [
            -111.8868,
            33.43341
          ],
          [
            -111.88676,
            33.43341
          ],
          [
            -111.88674,
            33.43341
          ],
          [
            -111.88659,
            33.43343
          ],
          [
            -111.8865,
            33.43344
          ],
          [
            -111.88642,
            33.43345
          ],
          [
            -111.88632,
            33.43346
          ],
          [
            -111.88618,
            33.43349
          ],
          [
            -111.88613,
            33.43349
          ],
          [
            -111.88595,
            33.43353
          ],
          [
            -111.88585,
            33.43354
          ],
          [
            -111.88564,
            33.43359
          ],
          [
            -111.88485,
            33.43376
          ],
          [
            -111.88392,
            33.43398
          ],
          [
            -111.88363,
            33.43405
          ],
          [
            -111.88326,
            33.43414
          ],
          [
            -111.88277,
            33.43425
          ],
          [
            -111.88228,
            33.43437
          ],
          [
            -111.88091,
            33.4347
          ],
          [
            -111.88075,
            33.43474
          ],
          [
            -111.88065,
            33.43476
          ],
          [
            -111.88048,
            33.4348
          ],
          [
            -111.88025,
            33.43486
          ],
          [
            -111.87976,
            33.43497
          ],
          [
            -111.87938,
            33.43506
          ],
          [
            -111.87901,
            33.43515
          ],
          [
            -111.87864,
            33.43524
          ],
          [
            -111.87828,
            33.43533
          ],
          [
            -111.87816,
            33.43536
          ],
          [
            -111.87804,
            33.43539
          ],
          [
            -111.87786,
            33.43543
          ],
          [
            -111.87777,
            33.43545
          ],
          [
            -111.87752,
            33.43551
          ],
          [
            -111.87724,
            33.43558
          ],
          [
            -111.87703,
            33.43563
          ],
          [
            -111.87702,
            33.43563
          ],
          [
            -111.87682,
            33.43568
          ],
          [
            -111.87654,
            33.43574
          ],
          [
            -111.87634,
            33.43579
          ],
          [
            -111.87615,
            33.43584
          ],
          [
            -111.87608,
            33.43586
          ],
          [
            -111.87599,
            33.43588
          ],
          [
            -111.87583,
            33.43591
          ],
          [
            -111.87571,
            33.43594
          ],
          [
            -111.87541,
            33.43601
          ],
          [
            -111.87508,
            33.4361
          ],
          [
            -111.87489,
            33.43614
          ],
          [
            -111.87481,
            33.43616
          ],
          [
            -111.87466,
            33.43619
          ],
          [
            -111.87458,
            33.43621
          ],
          [
            -111.87444,
            33.43625
          ],
          [
            -111.87426,
            33.43629
          ],
          [
            -111.87368,
            33.43643
          ],
          [
            -111.8735,
            33.43647
          ],
          [
            -111.87325,
            33.43654
          ],
          [
            -111.87297,
            33.4366
          ],
          [
            -111.87296,
            33.43661
          ],
          [
            -111.87262,
            33.43669
          ],
          [
            -111.87239,
            33.43674
          ],
          [
            -111.87225,
            33.43677
          ],
          [
            -111.8719,
            33.43686
          ],
          [
            -111.87184,
            33.43687
          ],
          [
            -111.87137,
            33.43698
          ],
          [
            -111.87124,
            33.43702
          ],
          [
            -111.87096,
            33.43709
          ],
          [
            -111.87081,
            33.43712
          ],
          [
            -111.87069,
            33.43716
          ],
          [
            -111.87045,
            33.43723
          ],
          [
            -111.87021,
            33.43731
          ],
          [
            -111.87009,
            33.43735
          ],
          [
            -111.86995,
            33.4374
          ],
          [
            -111.86985,
            33.43744
          ],
          [
            -111.86952,
            33.43758
          ],
          [
            -111.86951,
            33.43758
          ],
          [
            -111.86946,
            33.43761
          ],
          [
            -111.86935,
            33.43766
          ],
          [
            -111.86928,
            33.43769
          ],
          [
            -111.8691,
            33.43779
          ],
          [
            -111.8688,
            33.43794
          ],
          [
            -111.86845,
            33.43816
          ],
          [
            -111.86838,
            33.43821
          ],
          [
            -111.86824,
            33.4383
          ],
          [
            -111.86813,
            33.43838
          ],
          [
            -111.86808,
            33.43842
          ],
          [
            -111.86778,
            33.43864
          ],
          [
            -111.86763,
            33.43877
          ],
          [
            -111.86759,
            33.4388
          ],
          [
            -111.86746,
            33.43891
          ],
          [
            -111.86736,
            33.439
          ],
          [
            -111.8673,
            33.43905
          ],
          [
            -111.86722,
            33.43915
          ],
          [
            -111.86713,
            33.43924
          ],
          [
            -111.86701,
            33.43935
          ],
          [
            -111.86699,
            33.43938
          ],
          [
            -111.86675,
            33.43962
          ],
          [
            -111.86658,
            33.4398
          ],
          [
            -111.86653,
            33.43986
          ],
          [
            -111.86643,
            33.43996
          ],
          [
            -111.86634,
            33.44005
          ],
          [
            -111.86626,
            33.44013
          ],
          [
            -111.8661,
            33.4403
          ],
          [
            -111.86602,
            33.44039
          ],
          [
            -111.86586,
            33.44056
          ],
          [
            -111.86577,
            33.44064
          ],
          [
            -111.86562,
            33.44081
          ],
          [
            -111.8654,
            33.44103
          ],
          [
            -111.86512,
            33.44133
          ],
          [
            -111.86506,
            33.44139
          ],
          [
            -111.86487,
            33.44159
          ],
          [
            -111.86472,
            33.44175
          ],
          [
            -111.86471,
            33.44175
          ],
          [
            -111.86463,
            33.44184
          ],
          [
            -111.86456,
            33.44192
          ],
          [
            -111.86447,
            33.442
          ],
          [
            -111.86439,
            33.44209
          ],
          [
            -111.86438,
            33.44209
          ],
          [
            -111.86435,
            33.44212
          ],
          [
            -111.8643,
            33.44217
          ],
          [
            -111.86422,
            33.44225
          ],
          [
            -111.86413,
            33.44233
          ],
          [
            -111.86404,
            33.44241
          ],
          [
            -111.86395,
            33.44249
          ],
          [
            -111.86385,
            33.44257
          ],
          [
            -111.86376,
            33.44265
          ],
          [
            -111.86366,
            33.44273
          ],
          [
            -111.86357,
            33.4428
          ],
          [
            -111.86349,
            33.44287
          ],
          [
            -111.86348,
            33.44287
          ],
          [
            -111.86338,
            33.44294
          ],
          [
            -111.86328,
            33.44301
          ],
          [
            -111.86319,
            33.44308
          ],
          [
            -111.86312,
            33.44313
          ],
          [
            -111.86297,
            33.44323
          ],
          [
            -111.86286,
            33.44329
          ],
          [
            -111.86275,
            33.44336
          ],
          [
            -111.86265,
            33.44342
          ],
          [
            -111.86254,
            33.44349
          ],
          [
            -111.86244,
            33.44354
          ],
          [
            -111.86233,
            33.4436
          ],
          [
            -111.86222,
            33.44366
          ],
          [
            -111.86211,
            33.44372
          ],
          [
            -111.86206,
            33.44374
          ],
          [
            -111.86199,
            33.44378
          ],
          [
            -111.86177,
            33.44389
          ],
          [
            -111.86165,
            33.44395
          ],
          [
            -111.86145,
            33.44404
          ],
          [
            -111.86128,
            33.44411
          ],
          [
            -111.86107,
            33.44419
          ],
          [
            -111.86086,
            33.44426
          ],
          [
            -111.8607,
            33.44432
          ],
          [
            -111.86045,
            33.44439
          ],
          [
            -111.86022,
            33.44447
          ],
          [
            -111.85993,
            33.44455
          ],
          [
            -111.85992,
            33.44455
          ],
          [
            -111.8598,
            33.44458
          ],
          [
            -111.85963,
            33.44462
          ],
          [
            -111.85938,
            33.44467
          ],
          [
            -111.85913,
            33.44471
          ],
          [
            -111.85892,
            33.44474
          ],
          [
            -111.85871,
            33.44478
          ],
          [
            -111.85844,
            33.44482
          ],
          [
            -111.85803,
            33.44488
          ],
          [
            -111.85778,
            33.44492
          ],
          [
            -111.85756,
            33.44496
          ],
          [
            -111.85736,
            33.445
          ],
          [
            -111.85715,
            33.44505
          ],
          [
            -111.85689,
            33.44511
          ],
          [
            -111.85669,
            33.44516
          ],
          [
            -111.85657,
            33.44519
          ],
          [
            -111.85636,
            33.44526
          ],
          [
            -111.85615,
            33.44533
          ],
          [
            -111.85605,
            33.44537
          ],
          [
            -111.85589,
            33.44543
          ],
          [
            -111.8557,
            33.44551
          ],
          [
            -111.85551,
            33.4456
          ],
          [
            -111.8554,
            33.44565
          ],
          [
            -111.85528,
            33.44572
          ],
          [
            -111.85509,
            33.44583
          ],
          [
            -111.85501,
            33.44587
          ],
          [
            -111.85496,
            33.44591
          ],
          [
            -111.85483,
            33.44599
          ],
          [
            -111.8546,
            33.44615
          ],
          [
            -111.85448,
            33.44623
          ],
          [
            -111.85443,
            33.44627
          ],
          [
            -111.85423,
            33.44642
          ],
          [
            -111.85418,
            33.44646
          ],
          [
            -111.85388,
            33.4467
          ],
          [
            -111.85358,
            33.44695
          ],
          [
            -111.85353,
            33.44699
          ],
          [
            -111.85347,
            33.44703
          ],
          [
            -111.85341,
            33.44708
          ],
          [
            -111.85334,
            33.44714
          ],
          [
            -111.85325,
            33.44721
          ],
          [
            -111.8532,
            33.44725
          ],
          [
            -111.85297,
            33.44744
          ],
          [
            -111.85279,
            33.44758
          ],
          [
            -111.85264,
            33.4477
          ],
          [
            -111.85259,
            33.44774
          ],
          [
            -111.85249,
            33.44782
          ],
          [
            -111.85247,
            33.44783
          ],
          [
            -111.8524,
            33.44789
          ],
          [
            -111.8523,
            33.44797
          ],
          [
            -111.85215,
            33.4481
          ],
          [
            -111.85213,
            33.44812
          ],
          [
            -111.85198,
            33.44824
          ],
          [
            -111.85193,
            33.44828
          ],
          [
            -111.85186,
            33.44833
          ],
          [
            -111.85159,
            33.44855
          ],
          [
            -111.85138,
            33.44873
          ],
          [
            -111.85125,
            33.44883
          ],
          [
            -111.85117,
            33.44889
          ],
          [
            -111.85112,
            33.44894
          ],
          [
            -111.85103,
            33.44902
          ],
          [
            -111.851,
            33.44904
          ],
          [
            -111.85045,
            33.44951
          ],
          [
            -111.85018,
            33.44973
          ],
          [
            -111.84994,
            33.44991
          ],
          [
            -111.84968,
            33.45011
          ],
          [
            -111.8496,
            33.45017
          ],
          [
            -111.84952,
            33.45024
          ],
          [
            -111.84933,
            33.45039
          ],
          [
            -111.84923,
            33.45046
          ],
          [
            -111.84921,
            33.45048
          ],
          [
            -111.84913,
            33.45054
          ],
          [
            -111.84905,
            33.45061
          ],
          [
            -111.84895,
            33.45068
          ],
          [
            -111.84885,
            33.45075
          ],
          [
            -111.84875,
            33.45082
          ],
          [
            -111.84866,
            33.45089
          ],
          [
            -111.84846,
            33.45103
          ],
          [
            -111.84836,
            33.4511
          ],
          [
            -111.84826,
            33.45117
          ],
          [
            -111.84815,
            33.45124
          ],
          [
            -111.84805,
            33.4513
          ],
          [
            -111.84795,
            33.45137
          ],
          [
            -111.84779,
            33.45148
          ],
          [
            -111.84774,
            33.45151
          ],
          [
            -111.84765,
            33.45157
          ],
          [
            -111.84756,
            33.45163
          ],
          [
            -111.84752,
            33.45166
          ],
          [
            -111.84744,
            33.45171
          ],
          [
            -111.84727,
            33.45181
          ],
          [
            -111.84706,
            33.45194
          ],
          [
            -111.84701,
            33.45197
          ],
          [
            -111.84691,
            33.45203
          ],
          [
            -111.84661,
            33.45221
          ],
          [
            -111.84628,
            33.45239
          ],
          [
            -111.84616,
            33.45246
          ],
          [
            -111.84601,
            33.45255
          ],
          [
            -111.84594,
            33.45258
          ],
          [
            -111.84583,
            33.45264
          ],
          [
            -111.8455,
            33.45281
          ],
          [
            -111.8454972,
            33.452809
          ],
          [
            -111.84533,
            33.4528
          ],
          [
            -111.84532,
            33.4528
          ],
          [
            -111.84531,
            33.4528
          ],
          [
            -111.84523,
            33.45285
          ],
          [
            -111.84501,
            33.45296
          ],
          [
            -111.84477,
            33.45307
          ],
          [
            -111.84458,
            33.45315
          ],
          [
            -111.84452,
            33.45318
          ],
          [
            -111.84446,
            33.45321
          ],
          [
            -111.84443,
            33.45322
          ],
          [
            -111.84436,
            33.45325
          ],
          [
            -111.84434,
            33.45326
          ],
          [
            -111.84431,
            33.45327
          ],
          [
            -111.84429,
            33.45328
          ],
          [
            -111.84428,
            33.45328
          ],
          [
            -111.84423,
            33.4533
          ],
          [
            -111.84416,
            33.45333
          ],
          [
            -111.8441,
            33.45335
          ],
          [
            -111.84387,
            33.45344
          ],
          [
            -111.84359,
            33.45354
          ],
          [
            -111.84355,
            33.45356
          ],
          [
            -111.84351,
            33.45357
          ],
          [
            -111.84324,
            33.45367
          ],
          [
            -111.84311,
            33.45371
          ],
          [
            -111.84297,
            33.45376
          ],
          [
            -111.84287,
            33.4538
          ],
          [
            -111.84281,
            33.45382
          ],
          [
            -111.84248,
            33.45393
          ],
          [
            -111.84222,
            33.454
          ],
          [
            -111.84176,
            33.45414
          ],
          [
            -111.84118,
            33.45431
          ],
          [
            -111.84075,
            33.45445
          ],
          [
            -111.84036,
            33.45457
          ],
          [
            -111.84027,
            33.45459
          ],
          [
            -111.8398,
            33.45473
          ],
          [
            -111.8397975,
            33.4547278
          ],
          [
            -111.83956,
            33.45478
          ],
          [
            -111.83956,
            33.45482
          ],
          [
            -111.83956,
            33.45485
          ],
          [
            -111.83956,
            33.45487
          ],
          [
            -111.83956,
            33.45489
          ],
          [
            -111.83956,
            33.45492
          ],
          [
            -111.83956,
            33.45501
          ],
          [
            -111.83954,
            33.45574
          ],
          [
            -111.83953,
            33.45595
          ],
          [
            -111.83953,
            33.4561
          ],
          [
            -111.83954,
            33.45647
          ],
          [
            -111.83955,
            33.45663
          ],
          [
            -111.83955,
            33.45664
          ],
          [
            -111.83965,
            33.45673
          ],
          [
            -111.83965,
            33.45688
          ],
          [
            -111.83965,
            33.45697
          ],
          [
            -111.83965,
            33.45709
          ],
          [
            -111.83966,
            33.45722
          ],
          [
            -111.83967,
            33.45732
          ],
          [
            -111.83968,
            33.45738
          ],
          [
            -111.83969,
            33.45745
          ],
          [
            -111.83971,
            33.45751
          ],
          [
            -111.83973,
            33.45759
          ],
          [
            -111.83975,
            33.45764
          ],
          [
            -111.83976,
            33.45769
          ],
          [
            -111.83978,
            33.45773
          ],
          [
            -111.8398,
            33.45776
          ],
          [
            -111.83983,
            33.45781
          ],
          [
            -111.83985,
            33.45786
          ],
          [
            -111.8399,
            33.45792
          ],
          [
            -111.84006,
            33.45816
          ],
          [
            -111.84019,
            33.45836
          ],
          [
            -111.84036,
            33.45861
          ],
          [
            -111.84037,
            33.45862
          ],
          [
            -111.84047,
            33.45877
          ],
          [
            -111.84048,
            33.45878
          ],
          [
            -111.84051,
            33.45882
          ],
          [
            -111.84058,
            33.45893
          ],
          [
            -111.84074,
            33.45916
          ],
          [
            -111.8409,
            33.4594
          ],
          [
            -111.84099,
            33.45952
          ],
          [
            -111.84101,
            33.45956
          ],
          [
            -111.84111,
            33.45971
          ],
          [
            -111.84112,
            33.45971
          ],
          [
            -111.84114,
            33.45975
          ],
          [
            -111.84122,
            33.45986
          ],
          [
            -111.84122,
            33.45987
          ],
          [
            -111.84129,
            33.45997
          ],
          [
            -111.84131,
            33.45999
          ],
          [
            -111.84132,
            33.46001
          ],
          [
            -111.84133,
            33.46002
          ],
          [
            -111.84133,
            33.46003
          ],
          [
            -111.84144,
            33.46018
          ],
          [
            -111.84154,
            33.46034
          ],
          [
            -111.84155,
            33.46035
          ],
          [
            -111.84173,
            33.46061
          ],
          [
            -111.84186,
            33.4608
          ],
          [
            -111.8419,
            33.46086
          ],
          [
            -111.84197,
            33.46096
          ],
          [
            -111.84207,
            33.46111
          ],
          [
            -111.84211,
            33.46117
          ],
          [
            -111.84239,
            33.46158
          ],
          [
            -111.84244,
            33.46166
          ],
          [
            -111.84265,
            33.46196
          ],
          [
            -111.84282,
            33.46221
          ],
          [
            -111.84287,
            33.46228
          ],
          [
            -111.84292,
            33.46237
          ],
          [
            -111.84298,
            33.4625
          ],
          [
            -111.84302,
            33.46257
          ],
          [
            -111.84307,
            33.46266
          ],
          [
            -111.84312,
            33.46279
          ],
          [
            -111.84315,
            33.46285
          ],
          [
            -111.84319,
            33.46296
          ],
          [
            -111.84325,
            33.46312
          ],
          [
            -111.84327,
            33.4632
          ],
          [
            -111.84329,
            33.46327
          ],
          [
            -111.84334,
            33.46346
          ],
          [
            -111.84334,
            33.46347
          ],
          [
            -111.84336,
            33.46355
          ],
          [
            -111.84337,
            33.46365
          ],
          [
            -111.84338,
            33.46374
          ],
          [
            -111.84339,
            33.46384
          ],
          [
            -111.8434,
            33.46403
          ],
          [
            -111.8434,
            33.46418
          ],
          [
            -111.8434,
            33.46423
          ],
          [
            -111.84339,
            33.46443
          ],
          [
            -111.84336,
            33.4648
          ],
          [
            -111.84333,
            33.46517
          ],
          [
            -111.84331,
            33.46553
          ],
          [
            -111.8433,
            33.46565
          ],
          [
            -111.84327,
            33.46595
          ],
          [
            -111.84325,
            33.46629
          ],
          [
            -111.84324,
            33.46638
          ],
          [
            -111.84322,
            33.46675
          ],
          [
            -111.84321,
            33.46686
          ],
          [
            -111.84315,
            33.46692
          ],
          [
            -111.84314,
            33.46692
          ],
          [
            -111.84314,
            33.46693
          ],
          [
            -111.84312,
            33.46719
          ],
          [
            -111.84307,
            33.4675
          ],
          [
            -111.843,
            33.46775
          ],
          [
            -111.84286,
            33.46806
          ],
          [
            -111.84267,
            33.46834
          ],
          [
            -111.8425,
            33.46855
          ],
          [
            -111.84226,
            33.46878
          ],
          [
            -111.84177,
            33.46919
          ],
          [
            -111.84098,
            33.46986
          ],
          [
            -111.84066,
            33.47014
          ],
          [
            -111.84065,
            33.47014
          ],
          [
            -111.83973,
            33.47093
          ],
          [
            -111.83947,
            33.47114
          ],
          [
            -111.83922,
            33.47136
          ],
          [
            -111.83882,
            33.47171
          ],
          [
            -111.83842,
            33.47204
          ],
          [
            -111.83766,
            33.47269
          ],
          [
            -111.83609,
            33.474
          ],
          [
            -111.83602,
            33.47406
          ],
          [
            -111.83468,
            33.4751
          ],
          [
            -111.8346,
            33.47517
          ],
          [
            -111.83181,
            33.47711
          ],
          [
            -111.83163,
            33.47724
          ],
          [
            -111.83144,
            33.47736
          ],
          [
            -111.83042,
            33.47807
          ],
          [
            -111.83009,
            33.4783
          ],
          [
            -111.82994,
            33.47839
          ],
          [
            -111.82913,
            33.47896
          ],
          [
            -111.82909,
            33.47898
          ],
          [
            -111.82745,
            33.48012
          ],
          [
            -111.82447,
            33.48218
          ],
          [
            -111.8229,
            33.48327
          ],
          [
            -111.82232,
            33.48367
          ],
          [
            -111.82127,
            33.4844
          ],
          [
            -111.82106,
            33.48454
          ],
          [
            -111.82031,
            33.48506
          ],
          [
            -111.81911,
            33.48589
          ],
          [
            -111.81745,
            33.48704
          ],
          [
            -111.81712,
            33.48727
          ],
          [
            -111.81564,
            33.4883
          ],
          [
            -111.81399,
            33.48944
          ],
          [
            -111.81251,
            33.49045
          ],
          [
            -111.81042,
            33.4919
          ],
          [
            -111.80824,
            33.49342
          ],
          [
            -111.80806,
            33.49354
          ],
          [
            -111.8064,
            33.49468
          ],
          [
            -111.80562,
            33.49522
          ],
          [
            -111.80487,
            33.49574
          ],
          [
            -111.80271,
            33.49723
          ],
          [
            -111.80138,
            33.49816
          ],
          [
            -111.80005,
            33.49905
          ],
          [
            -111.79914,
            33.49961
          ],
          [
            -111.79865,
            33.4999
          ],
          [
            -111.79809,
            33.50022
          ],
          [
            -111.79736,
            33.50062
          ],
          [
            -111.79671,
            33.50096
          ],
          [
            -111.79621,
            33.50121
          ],
          [
            -111.79542,
            33.50158
          ],
          [
            -111.79491,
            33.50181
          ],
          [
            -111.79478,
            33.50188
          ],
          [
            -111.79429,
            33.50208
          ],
          [
            -111.79365,
            33.50235
          ],
          [
            -111.79339,
            33.50245
          ],
          [
            -111.79289,
            33.50264
          ],
          [
            -111.79238,
            33.50284
          ],
          [
            -111.79182,
            33.50304
          ],
          [
            -111.79155,
            33.50313
          ],
          [
            -111.79135,
            33.5032
          ],
          [
            -111.79089,
            33.50335
          ],
          [
            -111.79014,
            33.50359
          ],
          [
            -111.7896,
            33.50373
          ],
          [
            -111.78941,
            33.50378
          ],
          [
            -111.78792,
            33.50417
          ],
          [
            -111.78773,
            33.50422
          ],
          [
            -111.78669,
            33.50447
          ],
          [
            -111.78649,
            33.50452
          ],
          [
            -111.78558,
            33.50474
          ],
          [
            -111.78486,
            33.50491
          ],
          [
            -111.78458,
            33.50497
          ],
          [
            -111.78416,
            33.50507
          ],
          [
            -111.78229,
            33.50551
          ],
          [
            -111.78224,
            33.50552
          ],
          [
            -111.78181,
            33.50562
          ],
          [
            -111.77915,
            33.50623
          ],
          [
            -111.77766,
            33.50657
          ],
          [
            -111.77759,
            33.50659
          ],
          [
            -111.77745,
            33.50662
          ],
          [
            -111.77682,
            33.50676
          ],
          [
            -111.77366,
            33.50749
          ],
          [
            -111.77162,
            33.50795
          ],
          [
            -111.77013,
            33.50829
          ],
          [
            -111.76932,
            33.50848
          ],
          [
            -111.76823,
            33.50873
          ],
          [
            -111.76725,
            33.50898
          ],
          [
            -111.76716,
            33.509
          ],
          [
            -111.76656,
            33.50917
          ],
          [
            -111.76643,
            33.50921
          ],
          [
            -111.76606,
            33.50932
          ],
          [
            -111.76562,
            33.50945
          ],
          [
            -111.76545,
            33.5095
          ],
          [
            -111.76542,
            33.50951
          ],
          [
            -111.76436,
            33.50986
          ],
          [
            -111.76342,
            33.51019
          ],
          [
            -111.76245,
            33.51057
          ],
          [
            -111.76186,
            33.5108
          ],
          [
            -111.76073,
            33.5113
          ],
          [
            -111.75977,
            33.51176
          ],
          [
            -111.75939,
            33.51194
          ],
          [
            -111.75908,
            33.51209
          ],
          [
            -111.75864,
            33.5123
          ],
          [
            -111.75827,
            33.51248
          ],
          [
            -111.75783,
            33.51269
          ],
          [
            -111.75744,
            33.51288
          ],
          [
            -111.75721,
            33.51299
          ],
          [
            -111.7565,
            33.51333
          ],
          [
            -111.75614,
            33.51351
          ],
          [
            -111.75554,
            33.5138
          ],
          [
            -111.7554,
            33.51387
          ],
          [
            -111.75491,
            33.51411
          ],
          [
            -111.75464,
            33.51424
          ],
          [
            -111.75445,
            33.51434
          ],
          [
            -111.75426,
            33.51443
          ],
          [
            -111.75401,
            33.51455
          ],
          [
            -111.75379,
            33.51465
          ],
          [
            -111.75373,
            33.51468
          ],
          [
            -111.753,
            33.51503
          ],
          [
            -111.75234,
            33.51536
          ],
          [
            -111.75203,
            33.51551
          ],
          [
            -111.75181,
            33.51561
          ],
          [
            -111.75137,
            33.51583
          ],
          [
            -111.75107,
            33.51598
          ],
          [
            -111.75094,
            33.51604
          ],
          [
            -111.75049,
            33.51626
          ],
          [
            -111.74994,
            33.51649
          ],
          [
            -111.74862,
            33.51713
          ],
          [
            -111.74706,
            33.51789
          ],
          [
            -111.74631,
            33.51825
          ],
          [
            -111.7461,
            33.51835
          ],
          [
            -111.74576,
            33.51853
          ],
          [
            -111.74533,
            33.51876
          ],
          [
            -111.74438,
            33.51929
          ],
          [
            -111.74414,
            33.51944
          ],
          [
            -111.74347,
            33.51985
          ],
          [
            -111.74277,
            33.52031
          ],
          [
            -111.74213,
            33.52076
          ],
          [
            -111.74185,
            33.52098
          ],
          [
            -111.74184,
            33.52098
          ],
          [
            -111.74179,
            33.52101
          ],
          [
            -111.74168,
            33.5211
          ],
          [
            -111.74166,
            33.52111
          ],
          [
            -111.74137,
            33.52134
          ],
          [
            -111.74102,
            33.52162
          ],
          [
            -111.74085,
            33.52175
          ],
          [
            -111.74055,
            33.522
          ],
          [
            -111.74039,
            33.52214
          ],
          [
            -111.73978,
            33.52268
          ],
          [
            -111.7397,
            33.52275
          ],
          [
            -111.73896,
            33.52343
          ],
          [
            -111.73893,
            33.52346
          ],
          [
            -111.73797,
            33.52435
          ],
          [
            -111.73719,
            33.52506
          ],
          [
            -111.73669,
            33.52551
          ],
          [
            -111.73644,
            33.52576
          ],
          [
            -111.73551,
            33.52662
          ],
          [
            -111.73503,
            33.52706
          ],
          [
            -111.73427,
            33.52773
          ],
          [
            -111.73354,
            33.5284
          ],
          [
            -111.73251,
            33.52933
          ],
          [
            -111.73194,
            33.52986
          ],
          [
            -111.73145,
            33.53034
          ],
          [
            -111.73122,
            33.53054
          ],
          [
            -111.73121,
            33.53056
          ],
          [
            -111.73108,
            33.53068
          ],
          [
            -111.73106,
            33.53069
          ],
          [
            -111.731,
            33.53074
          ],
          [
            -111.73064,
            33.53107
          ],
          [
            -111.73064,
            33.53108
          ],
          [
            -111.73058,
            33.53113
          ],
          [
            -111.7305,
            33.53121
          ],
          [
            -111.73048,
            33.53122
          ],
          [
            -111.73039,
            33.53131
          ],
          [
            -111.72915,
            33.53244
          ],
          [
            -111.7287,
            33.53287
          ],
          [
            -111.72838,
            33.5332
          ],
          [
            -111.72835,
            33.53323
          ],
          [
            -111.72828,
            33.5333
          ],
          [
            -111.7282,
            33.53338
          ],
          [
            -111.72809,
            33.53351
          ],
          [
            -111.72808,
            33.53351
          ],
          [
            -111.72791,
            33.5337
          ],
          [
            -111.7279,
            33.53372
          ],
          [
            -111.72772,
            33.53392
          ],
          [
            -111.72744,
            33.53426
          ],
          [
            -111.72722,
            33.53454
          ],
          [
            -111.72688,
            33.535
          ],
          [
            -111.72665,
            33.53533
          ],
          [
            -111.72643,
            33.53564
          ],
          [
            -111.72633,
            33.5358
          ],
          [
            -111.72623,
            33.53596
          ],
          [
            -111.72601,
            33.53635
          ],
          [
            -111.72584,
            33.53667
          ],
          [
            -111.72567,
            33.53698
          ],
          [
            -111.72544,
            33.53745
          ],
          [
            -111.72542,
            33.5375
          ],
          [
            -111.72535,
            33.53766
          ],
          [
            -111.72527,
            33.53783
          ],
          [
            -111.7252,
            33.538
          ],
          [
            -111.72518,
            33.53806
          ],
          [
            -111.72513,
            33.53817
          ],
          [
            -111.72501,
            33.53852
          ],
          [
            -111.72496,
            33.53865
          ],
          [
            -111.72479,
            33.53917
          ],
          [
            -111.7246,
            33.5398
          ],
          [
            -111.72434,
            33.54074
          ],
          [
            -111.72401,
            33.54199
          ],
          [
            -111.72383,
            33.54274
          ],
          [
            -111.72375,
            33.54305
          ],
          [
            -111.72371,
            33.54323
          ],
          [
            -111.72369,
            33.54335
          ],
          [
            -111.72363,
            33.54358
          ],
          [
            -111.72355,
            33.54393
          ],
          [
            -111.72351,
            33.54411
          ],
          [
            -111.72347,
            33.54429
          ],
          [
            -111.72344,
            33.54447
          ],
          [
            -111.72333,
            33.54496
          ],
          [
            -111.72305,
            33.5464
          ],
          [
            -111.72304,
            33.54642
          ],
          [
            -111.72301,
            33.54659
          ],
          [
            -111.72296,
            33.54683
          ],
          [
            -111.72289,
            33.54713
          ],
          [
            -111.72286,
            33.54728
          ],
          [
            -111.72285,
            33.5473
          ],
          [
            -111.72271,
            33.54781
          ],
          [
            -111.72259,
            33.5482
          ],
          [
            -111.72252,
            33.54843
          ],
          [
            -111.72239,
            33.5488
          ],
          [
            -111.72224,
            33.54917
          ],
          [
            -111.72215,
            33.54938
          ],
          [
            -111.72213,
            33.54945
          ],
          [
            -111.72208,
            33.54955
          ],
          [
            -111.72197,
            33.54981
          ],
          [
            -111.72168,
            33.55048
          ],
          [
            -111.72153,
            33.55082
          ],
          [
            -111.72123,
            33.55151
          ],
          [
            -111.72091,
            33.55226
          ],
          [
            -111.72067,
            33.5528
          ],
          [
            -111.72043,
            33.55336
          ],
          [
            -111.72042,
            33.55337
          ],
          [
            -111.72032,
            33.55361
          ],
          [
            -111.72006,
            33.55422
          ],
          [
            -111.71999,
            33.55437
          ],
          [
            -111.71998,
            33.55439
          ],
          [
            -111.71994,
            33.55449
          ],
          [
            -111.71991,
            33.55456
          ],
          [
            -111.71963,
            33.55522
          ],
          [
            -111.71923,
            33.55613
          ],
          [
            -111.71896,
            33.55676
          ],
          [
            -111.71881,
            33.5571
          ],
          [
            -111.71875,
            33.55725
          ],
          [
            -111.71874,
            33.55727
          ],
          [
            -111.71863,
            33.55751
          ],
          [
            -111.71852,
            33.55777
          ],
          [
            -111.71845,
            33.55794
          ],
          [
            -111.71828,
            33.55832
          ],
          [
            -111.71803,
            33.55884
          ],
          [
            -111.7179,
            33.5591
          ],
          [
            -111.71759,
            33.55963
          ],
          [
            -111.7174,
            33.55993
          ],
          [
            -111.71715,
            33.56031
          ],
          [
            -111.71689,
            33.56067
          ],
          [
            -111.71659,
            33.56104
          ],
          [
            -111.71643,
            33.56123
          ],
          [
            -111.71634,
            33.56133
          ],
          [
            -111.7163,
            33.56138
          ],
          [
            -111.71627,
            33.56141
          ],
          [
            -111.71618,
            33.56152
          ],
          [
            -111.71595,
            33.56176
          ],
          [
            -111.71577,
            33.56194
          ],
          [
            -111.71568,
            33.56204
          ],
          [
            -111.71563,
            33.56208
          ],
          [
            -111.71563,
            33.56209
          ],
          [
            -111.71554,
            33.56217
          ],
          [
            -111.71549,
            33.56222
          ],
          [
            -111.71535,
            33.56235
          ],
          [
            -111.71527,
            33.56242
          ],
          [
            -111.71502,
            33.56264
          ],
          [
            -111.71489,
            33.56275
          ],
          [
            -111.7148,
            33.56283
          ],
          [
            -111.71475,
            33.56287
          ],
          [
            -111.71459,
            33.563
          ],
          [
            -111.7144,
            33.56315
          ],
          [
            -111.71412,
            33.56336
          ],
          [
            -111.71401,
            33.56344
          ],
          [
            -111.71395,
            33.56348
          ],
          [
            -111.71362,
            33.56371
          ],
          [
            -111.71352,
            33.56377
          ],
          [
            -111.71311,
            33.56404
          ],
          [
            -111.71299,
            33.56411
          ],
          [
            -111.71293,
            33.56414
          ],
          [
            -111.71258,
            33.56435
          ],
          [
            -111.71242,
            33.56443
          ],
          [
            -111.71202,
            33.56464
          ],
          [
            -111.71177,
            33.56477
          ],
          [
            -111.71147,
            33.56491
          ],
          [
            -111.71132,
            33.56498
          ],
          [
            -111.71087,
            33.56517
          ],
          [
            -111.70991,
            33.56552
          ],
          [
            -111.70927,
            33.56577
          ],
          [
            -111.70846,
            33.56609
          ],
          [
            -111.70828,
            33.56616
          ],
          [
            -111.7081,
            33.56622
          ],
          [
            -111.70786,
            33.56631
          ],
          [
            -111.70784,
            33.56632
          ],
          [
            -111.70782,
            33.56632
          ],
          [
            -111.70744,
            33.56647
          ],
          [
            -111.70733,
            33.56651
          ],
          [
            -111.70709,
            33.5666
          ],
          [
            -111.70693,
            33.56666
          ],
          [
            -111.70626,
            33.56692
          ],
          [
            -111.7062,
            33.56694
          ],
          [
            -111.70573,
            33.56713
          ],
          [
            -111.70559,
            33.5672
          ],
          [
            -111.70547,
            33.56726
          ],
          [
            -111.70523,
            33.56738
          ],
          [
            -111.70496,
            33.56752
          ],
          [
            -111.70493,
            33.56753
          ],
          [
            -111.70447,
            33.56776
          ],
          [
            -111.70433,
            33.56782
          ],
          [
            -111.70386,
            33.56806
          ],
          [
            -111.70376,
            33.56811
          ],
          [
            -111.70326,
            33.56841
          ],
          [
            -111.70297,
            33.56859
          ],
          [
            -111.70243,
            33.56894
          ],
          [
            -111.70236,
            33.56899
          ],
          [
            -111.70157,
            33.56951
          ],
          [
            -111.70138,
            33.56964
          ],
          [
            -111.70115,
            33.5698
          ],
          [
            -111.70107,
            33.56985
          ],
          [
            -111.70016,
            33.57045
          ],
          [
            -111.6995,
            33.57089
          ],
          [
            -111.69932,
            33.57101
          ],
          [
            -111.69908,
            33.57118
          ],
          [
            -111.69831,
            33.57169
          ],
          [
            -111.69797,
            33.57191
          ],
          [
            -111.69741,
            33.57228
          ],
          [
            -111.69709,
            33.5725
          ],
          [
            -111.69669,
            33.57276
          ],
          [
            -111.69621,
            33.57305
          ],
          [
            -111.69594,
            33.57322
          ],
          [
            -111.6956,
            33.57343
          ],
          [
            -111.69483,
            33.57388
          ],
          [
            -111.69409,
            33.5743
          ],
          [
            -111.69393,
            33.57439
          ],
          [
            -111.69297,
            33.57493
          ],
          [
            -111.69276,
            33.57502
          ],
          [
            -111.69231,
            33.57523
          ],
          [
            -111.69204,
            33.57537
          ],
          [
            -111.69156,
            33.5756
          ],
          [
            -111.69108,
            33.57583
          ],
          [
            -111.69087,
            33.57593
          ],
          [
            -111.69045,
            33.57612
          ],
          [
            -111.68985,
            33.57638
          ],
          [
            -111.68935,
            33.5766
          ],
          [
            -111.68864,
            33.57689
          ],
          [
            -111.68859,
            33.57691
          ],
          [
            -111.68818,
            33.57707
          ],
          [
            -111.68798,
            33.57715
          ],
          [
            -111.68778,
            33.57722
          ],
          [
            -111.68759,
            33.5773
          ],
          [
            -111.68754,
            33.57732
          ],
          [
            -111.68674,
            33.57761
          ],
          [
            -111.68666,
            33.57764
          ],
          [
            -111.68574,
            33.57797
          ],
          [
            -111.68505,
            33.57817
          ],
          [
            -111.68431,
            33.57841
          ],
          [
            -111.68426,
            33.57842
          ],
          [
            -111.68421,
            33.57844
          ],
          [
            -111.68393,
            33.57852
          ],
          [
            -111.68302,
            33.57878
          ],
          [
            -111.68218,
            33.57901
          ],
          [
            -111.68137,
            33.57921
          ],
          [
            -111.68069,
            33.57937
          ],
          [
            -111.67982,
            33.57956
          ],
          [
            -111.67929,
            33.57966
          ],
          [
            -111.67926,
            33.57967
          ],
          [
            -111.67827,
            33.57985
          ],
          [
            -111.67798,
            33.57991
          ],
          [
            -111.67779,
            33.57995
          ],
          [
            -111.67692,
            33.58009
          ],
          [
            -111.67681,
            33.58011
          ],
          [
            -111.67677,
            33.58011
          ],
          [
            -111.67671,
            33.58012
          ],
          [
            -111.6765,
            33.58015
          ],
          [
            -111.67649,
            33.58016
          ],
          [
            -111.67615,
            33.5802
          ],
          [
            -111.6757,
            33.58027
          ],
          [
            -111.67448,
            33.58044
          ],
          [
            -111.67396,
            33.58051
          ],
          [
            -111.67351,
            33.58057
          ],
          [
            -111.67317,
            33.58062
          ],
          [
            -111.67292,
            33.58066
          ],
          [
            -111.67251,
            33.58072
          ],
          [
            -111.67208,
            33.58079
          ],
          [
            -111.67152,
            33.58088
          ],
          [
            -111.67097,
            33.58096
          ],
          [
            -111.66919,
            33.58124
          ],
          [
            -111.66792,
            33.58144
          ],
          [
            -111.66745,
            33.58152
          ],
          [
            -111.66698,
            33.58159
          ],
          [
            -111.66615,
            33.58172
          ],
          [
            -111.66507,
            33.58189
          ],
          [
            -111.66493,
            33.58191
          ],
          [
            -111.66486,
            33.58192
          ],
          [
            -111.66395,
            33.58206
          ],
          [
            -111.66353,
            33.58212
          ],
          [
            -111.66344,
            33.58213
          ],
          [
            -111.66286,
            33.58218
          ],
          [
            -111.66277,
            33.58219
          ],
          [
            -111.66231,
            33.58223
          ],
          [
            -111.66219,
            33.58224
          ],
          [
            -111.66168,
            33.58229
          ],
          [
            -111.66106,
            33.58233
          ],
          [
            -111.66081,
            33.58234
          ],
          [
            -111.66059,
            33.58235
          ],
          [
            -111.66053,
            33.58236
          ],
          [
            -111.66032,
            33.58237
          ],
          [
            -111.66016,
            33.58238
          ],
          [
            -111.65995,
            33.58239
          ],
          [
            -111.65986,
            33.58239
          ],
          [
            -111.65936,
            33.5824
          ],
          [
            -111.6584,
            33.58242
          ],
          [
            -111.65803,
            33.58242
          ],
          [
            -111.65791,
            33.58241
          ],
          [
            -111.65754,
            33.58244
          ],
          [
            -111.65687,
            33.58242
          ],
          [
            -111.6563,
            33.58238
          ],
          [
            -111.65549,
            33.58233
          ],
          [
            -111.65483,
            33.58228
          ],
          [
            -111.65449,
            33.58226
          ],
          [
            -111.65399,
            33.58221
          ],
          [
            -111.65379,
            33.58219
          ],
          [
            -111.65372,
            33.58218
          ],
          [
            -111.65358,
            33.58217
          ],
          [
            -111.65347,
            33.58216
          ],
          [
            -111.65295,
            33.5821
          ],
          [
            -111.65246,
            33.58204
          ],
          [
            -111.65201,
            33.58198
          ],
          [
            -111.65194,
            33.58197
          ],
          [
            -111.65187,
            33.58195
          ],
          [
            -111.6518,
            33.58194
          ],
          [
            -111.65166,
            33.58192
          ],
          [
            -111.65144,
            33.58189
          ],
          [
            -111.64937,
            33.58156
          ],
          [
            -111.64903,
            33.58151
          ],
          [
            -111.64862,
            33.58145
          ],
          [
            -111.64834,
            33.58141
          ],
          [
            -111.64804,
            33.58137
          ],
          [
            -111.648,
            33.58136
          ],
          [
            -111.64793,
            33.58136
          ],
          [
            -111.64783,
            33.58135
          ],
          [
            -111.64776,
            33.58134
          ],
          [
            -111.64755,
            33.58131
          ],
          [
            -111.64733,
            33.58128
          ],
          [
            -111.64712,
            33.58126
          ],
          [
            -111.64709,
            33.58126
          ],
          [
            -111.64684,
            33.58123
          ],
          [
            -111.64656,
            33.5812
          ],
          [
            -111.64633,
            33.58118
          ],
          [
            -111.64614,
            33.58117
          ],
          [
            -111.64592,
            33.58115
          ],
          [
            -111.64571,
            33.58113
          ],
          [
            -111.64553,
            33.58111
          ],
          [
            -111.64534,
            33.5811
          ],
          [
            -111.64513,
            33.58109
          ],
          [
            -111.64492,
            33.58107
          ],
          [
            -111.64463,
            33.58106
          ],
          [
            -111.64435,
            33.58104
          ],
          [
            -111.64409,
            33.58103
          ],
          [
            -111.64378,
            33.58102
          ],
          [
            -111.64336,
            33.58101
          ],
          [
            -111.64301,
            33.581
          ],
          [
            -111.64284,
            33.581
          ],
          [
            -111.64237,
            33.58099
          ],
          [
            -111.64082,
            33.58097
          ],
          [
            -111.6404,
            33.58096
          ],
          [
            -111.63983,
            33.58095
          ],
          [
            -111.63941,
            33.58095
          ],
          [
            -111.63915,
            33.58094
          ],
          [
            -111.63885,
            33.58094
          ],
          [
            -111.63828,
            33.58093
          ],
          [
            -111.63787,
            33.58093
          ],
          [
            -111.63728,
            33.58092
          ],
          [
            -111.63692,
            33.58091
          ],
          [
            -111.63548,
            33.58089
          ],
          [
            -111.63538,
            33.58089
          ],
          [
            -111.6349,
            33.58088
          ],
          [
            -111.63483,
            33.58088
          ],
          [
            -111.63438,
            33.58087
          ],
          [
            -111.63375,
            33.58086
          ],
          [
            -111.63231,
            33.58084
          ],
          [
            -111.63188,
            33.58084
          ],
          [
            -111.62916,
            33.58079
          ],
          [
            -111.62819,
            33.58078
          ],
          [
            -111.62792,
            33.58078
          ],
          [
            -111.62775,
            33.58078
          ],
          [
            -111.62771,
            33.58078
          ],
          [
            -111.62768,
            33.58078
          ],
          [
            -111.62716,
            33.58078
          ],
          [
            -111.62667,
            33.58078
          ],
          [
            -111.62645,
            33.58079
          ],
          [
            -111.62641,
            33.58079
          ],
          [
            -111.6263,
            33.58079
          ],
          [
            -111.62622,
            33.58079
          ],
          [
            -111.6262,
            33.58079
          ],
          [
            -111.62556,
            33.58081
          ],
          [
            -111.62523,
            33.58082
          ],
          [
            -111.62468,
            33.58085
          ],
          [
            -111.62426,
            33.58087
          ],
          [
            -111.62381,
            33.5809
          ],
          [
            -111.62342,
            33.58093
          ],
          [
            -111.62283,
            33.58098
          ],
          [
            -111.62236,
            33.58102
          ],
          [
            -111.62232,
            33.58102
          ],
          [
            -111.62218,
            33.58104
          ],
          [
            -111.62215,
            33.58104
          ],
          [
            -111.62143,
            33.58111
          ],
          [
            -111.6208,
            33.58119
          ],
          [
            -111.62049,
            33.58122
          ],
          [
            -111.62044,
            33.58123
          ],
          [
            -111.61947,
            33.58136
          ],
          [
            -111.61891,
            33.58145
          ],
          [
            -111.61804,
            33.5816
          ],
          [
            -111.61774,
            33.58165
          ],
          [
            -111.61749,
            33.5817
          ],
          [
            -111.61709,
            33.58178
          ],
          [
            -111.61693,
            33.58181
          ],
          [
            -111.61687,
            33.58182
          ],
          [
            -111.61684,
            33.58183
          ],
          [
            -111.61655,
            33.58189
          ],
          [
            -111.61613,
            33.58198
          ],
          [
            -111.61582,
            33.58205
          ],
          [
            -111.61561,
            33.5821
          ],
          [
            -111.6156,
            33.5821
          ],
          [
            -111.61527,
            33.58218
          ],
          [
            -111.61463,
            33.58233
          ],
          [
            -111.61375,
            33.58256
          ],
          [
            -111.61369,
            33.58258
          ],
          [
            -111.61357,
            33.58261
          ],
          [
            -111.61354,
            33.58262
          ],
          [
            -111.61352,
            33.58262
          ],
          [
            -111.61346,
            33.58264
          ],
          [
            -111.61341,
            33.58265
          ],
          [
            -111.61334,
            33.58267
          ],
          [
            -111.61313,
            33.58273
          ],
          [
            -111.61293,
            33.58279
          ],
          [
            -111.61277,
            33.58283
          ],
          [
            -111.61244,
            33.58293
          ],
          [
            -111.61238,
            33.58295
          ],
          [
            -111.61225,
            33.58299
          ],
          [
            -111.61191,
            33.58309
          ],
          [
            -111.61185,
            33.58311
          ],
          [
            -111.61157,
            33.5832
          ],
          [
            -111.61143,
            33.58324
          ],
          [
            -111.61137,
            33.58326
          ],
          [
            -111.61123,
            33.5833
          ],
          [
            -111.61094,
            33.5834
          ],
          [
            -111.61091,
            33.58341
          ],
          [
            -111.6107,
            33.58348
          ],
          [
            -111.61043,
            33.58357
          ],
          [
            -111.61029,
            33.58362
          ],
          [
            -111.61003,
            33.58371
          ],
          [
            -111.60946,
            33.58391
          ],
          [
            -111.60908,
            33.58405
          ],
          [
            -111.60892,
            33.58411
          ],
          [
            -111.60884,
            33.58414
          ],
          [
            -111.60878,
            33.58416
          ],
          [
            -111.60872,
            33.58419
          ],
          [
            -111.60862,
            33.58423
          ],
          [
            -111.60816,
            33.5844
          ],
          [
            -111.60761,
            33.58462
          ],
          [
            -111.60748,
            33.58467
          ],
          [
            -111.60722,
            33.58477
          ],
          [
            -111.60719,
            33.58478
          ],
          [
            -111.60658,
            33.58505
          ],
          [
            -111.6063,
            33.58517
          ],
          [
            -111.60552,
            33.58552
          ],
          [
            -111.60552,
            33.58553
          ],
          [
            -111.60549,
            33.58555
          ],
          [
            -111.60547,
            33.58558
          ],
          [
            -111.60491,
            33.58585
          ],
          [
            -111.6046,
            33.586
          ],
          [
            -111.60448,
            33.58605
          ],
          [
            -111.60429,
            33.58614
          ],
          [
            -111.6041,
            33.58623
          ],
          [
            -111.604,
            33.58628
          ],
          [
            -111.60385,
            33.58636
          ],
          [
            -111.60349,
            33.58655
          ],
          [
            -111.60316,
            33.58672
          ],
          [
            -111.60312,
            33.58674
          ],
          [
            -111.60271,
            33.58697
          ],
          [
            -111.60258,
            33.58704
          ],
          [
            -111.60254,
            33.58706
          ],
          [
            -111.60249,
            33.58709
          ],
          [
            -111.60233,
            33.58718
          ],
          [
            -111.60203,
            33.58735
          ],
          [
            -111.60202,
            33.58735
          ],
          [
            -111.60165,
            33.58757
          ],
          [
            -111.60152,
            33.58765
          ],
          [
            -111.6015,
            33.58766
          ],
          [
            -111.60088,
            33.58803
          ],
          [
            -111.60036,
            33.58835
          ],
          [
            -111.60019,
            33.58846
          ],
          [
            -111.5998,
            33.58871
          ],
          [
            -111.59974,
            33.58875
          ],
          [
            -111.5996,
            33.58884
          ],
          [
            -111.59947,
            33.58893
          ],
          [
            -111.59926,
            33.58906
          ],
          [
            -111.59923,
            33.58908
          ],
          [
            -111.59919,
            33.58911
          ],
          [
            -111.59904,
            33.58921
          ],
          [
            -111.59883,
            33.58936
          ],
          [
            -111.59876,
            33.58941
          ],
          [
            -111.59869,
            33.58946
          ],
          [
            -111.59864,
            33.58949
          ],
          [
            -111.59859,
            33.58952
          ],
          [
            -111.59843,
            33.58964
          ],
          [
            -111.59826,
            33.58975
          ],
          [
            -111.59791,
            33.59001
          ],
          [
            -111.59762,
            33.59022
          ],
          [
            -111.59713,
            33.59059
          ],
          [
            -111.59695,
            33.59073
          ],
          [
            -111.59631,
            33.59123
          ],
          [
            -111.59574,
            33.5917
          ],
          [
            -111.59573,
            33.5917
          ],
          [
            -111.59518,
            33.59216
          ],
          [
            -111.59469,
            33.59259
          ],
          [
            -111.59465,
            33.59262
          ],
          [
            -111.59439,
            33.59285
          ],
          [
            -111.59436,
            33.59288
          ],
          [
            -111.59413,
            33.59309
          ],
          [
            -111.59381,
            33.59339
          ],
          [
            -111.59367,
            33.59352
          ],
          [
            -111.59363,
            33.59356
          ],
          [
            -111.59353,
            33.59366
          ],
          [
            -111.59307,
            33.59409
          ],
          [
            -111.59295,
            33.59421
          ],
          [
            -111.59283,
            33.59433
          ],
          [
            -111.59256,
            33.5946
          ],
          [
            -111.59222,
            33.59495
          ],
          [
            -111.59204,
            33.59515
          ],
          [
            -111.59135,
            33.5959
          ],
          [
            -111.59113,
            33.59615
          ],
          [
            -111.59097,
            33.59633
          ],
          [
            -111.59087,
            33.59644
          ],
          [
            -111.59081,
            33.59652
          ],
          [
            -111.5908,
            33.59653
          ],
          [
            -111.59047,
            33.59692
          ],
          [
            -111.59018,
            33.59725
          ],
          [
            -111.59014,
            33.5973
          ],
          [
            -111.58994,
            33.59756
          ],
          [
            -111.58979,
            33.59774
          ],
          [
            -111.58943,
            33.59816
          ],
          [
            -111.58928,
            33.59833
          ],
          [
            -111.5891,
            33.59854
          ],
          [
            -111.58905,
            33.5986
          ],
          [
            -111.58884,
            33.59884
          ],
          [
            -111.58847,
            33.59927
          ],
          [
            -111.58834,
            33.59943
          ],
          [
            -111.58827,
            33.5995
          ],
          [
            -111.58792,
            33.5999
          ],
          [
            -111.58748,
            33.6004
          ],
          [
            -111.58709,
            33.60085
          ],
          [
            -111.58698,
            33.60098
          ],
          [
            -111.58671,
            33.6013
          ],
          [
            -111.58665,
            33.60136
          ],
          [
            -111.58654,
            33.6015
          ],
          [
            -111.58653,
            33.6015
          ],
          [
            -111.58653,
            33.60151
          ],
          [
            -111.5865,
            33.60153
          ],
          [
            -111.58631,
            33.60174
          ],
          [
            -111.586,
            33.60208
          ],
          [
            -111.58587,
            33.60222
          ],
          [
            -111.58574,
            33.60235
          ],
          [
            -111.58573,
            33.60236
          ],
          [
            -111.58571,
            33.60238
          ],
          [
            -111.58569,
            33.6024
          ],
          [
            -111.58561,
            33.60248
          ],
          [
            -111.58559,
            33.6025
          ],
          [
            -111.58557,
            33.60252
          ],
          [
            -111.58546,
            33.60263
          ],
          [
            -111.58544,
            33.60265
          ],
          [
            -111.58543,
            33.60266
          ],
          [
            -111.58541,
            33.60268
          ],
          [
            -111.5851,
            33.60297
          ],
          [
            -111.58491,
            33.60314
          ],
          [
            -111.58458,
            33.60344
          ],
          [
            -111.58456,
            33.60346
          ],
          [
            -111.5843,
            33.60369
          ],
          [
            -111.58378,
            33.60411
          ],
          [
            -111.58358,
            33.60427
          ],
          [
            -111.58351,
            33.60432
          ],
          [
            -111.58329,
            33.60449
          ],
          [
            -111.58317,
            33.60459
          ],
          [
            -111.58311,
            33.60463
          ],
          [
            -111.58302,
            33.6047
          ],
          [
            -111.58301,
            33.6047
          ],
          [
            -111.58281,
            33.60485
          ],
          [
            -111.58251,
            33.60507
          ],
          [
            -111.58241,
            33.60513
          ],
          [
            -111.58229,
            33.60521
          ],
          [
            -111.58221,
            33.60527
          ],
          [
            -111.58185,
            33.60551
          ],
          [
            -111.58161,
            33.60566
          ],
          [
            -111.58094,
            33.60608
          ],
          [
            -111.58059,
            33.60629
          ],
          [
            -111.58031,
            33.60644
          ],
          [
            -111.58003,
            33.60659
          ],
          [
            -111.57987,
            33.60668
          ],
          [
            -111.57969,
            33.60678
          ],
          [
            -111.57956,
            33.60685
          ],
          [
            -111.57933,
            33.60698
          ],
          [
            -111.57853,
            33.60742
          ],
          [
            -111.57807,
            33.60768
          ],
          [
            -111.57791,
            33.60777
          ],
          [
            -111.57762,
            33.60795
          ],
          [
            -111.57718,
            33.60823
          ],
          [
            -111.57698,
            33.60836
          ],
          [
            -111.57649,
            33.60871
          ],
          [
            -111.57604,
            33.60904
          ],
          [
            -111.57561,
            33.60938
          ],
          [
            -111.57524,
            33.60969
          ],
          [
            -111.57494,
            33.60996
          ],
          [
            -111.5745,
            33.61038
          ],
          [
            -111.57416,
            33.61072
          ],
          [
            -111.57387,
            33.61103
          ],
          [
            -111.57376,
            33.61115
          ],
          [
            -111.57374,
            33.61117
          ],
          [
            -111.57361,
            33.61131
          ],
          [
            -111.57349,
            33.61146
          ],
          [
            -111.5734,
            33.61156
          ],
          [
            -111.5732,
            33.6118
          ],
          [
            -111.573,
            33.61205
          ],
          [
            -111.57298,
            33.61208
          ],
          [
            -111.5729,
            33.61219
          ],
          [
            -111.57289,
            33.61221
          ],
          [
            -111.57259,
            33.61262
          ],
          [
            -111.57239,
            33.6129
          ],
          [
            -111.57234,
            33.61298
          ],
          [
            -111.57224,
            33.61313
          ],
          [
            -111.57201,
            33.61351
          ],
          [
            -111.57184,
            33.6138
          ],
          [
            -111.5717,
            33.61404
          ],
          [
            -111.57145,
            33.61453
          ],
          [
            -111.57125,
            33.61494
          ],
          [
            -111.57117,
            33.61511
          ],
          [
            -111.57092,
            33.61564
          ],
          [
            -111.57058,
            33.61632
          ],
          [
            -111.57052,
            33.61644
          ],
          [
            -111.57046,
            33.61655
          ],
          [
            -111.57043,
            33.6166
          ],
          [
            -111.57043,
            33.61661
          ],
          [
            -111.57036,
            33.61674
          ],
          [
            -111.57015,
            33.6171
          ],
          [
            -111.5701,
            33.61719
          ],
          [
            -111.57007,
            33.61724
          ],
          [
            -111.57006,
            33.61726
          ],
          [
            -111.56996,
            33.61742
          ],
          [
            -111.56991,
            33.6175
          ],
          [
            -111.56981,
            33.61766
          ],
          [
            -111.5696,
            33.61798
          ],
          [
            -111.56946,
            33.61819
          ],
          [
            -111.56914,
            33.61863
          ],
          [
            -111.56898,
            33.61883
          ],
          [
            -111.56892,
            33.61891
          ],
          [
            -111.56872,
            33.61915
          ],
          [
            -111.56858,
            33.61932
          ],
          [
            -111.56844,
            33.61948
          ],
          [
            -111.56832,
            33.61962
          ],
          [
            -111.56801,
            33.61996
          ],
          [
            -111.56777,
            33.6202
          ],
          [
            -111.56726,
            33.6207
          ],
          [
            -111.56717,
            33.62078
          ],
          [
            -111.567,
            33.62093
          ],
          [
            -111.56648,
            33.62138
          ],
          [
            -111.56592,
            33.62183
          ],
          [
            -111.56562,
            33.62209
          ],
          [
            -111.56516,
            33.62246
          ],
          [
            -111.56501,
            33.62259
          ],
          [
            -111.56487,
            33.6227
          ],
          [
            -111.5645,
            33.62301
          ],
          [
            -111.56379,
            33.62359
          ],
          [
            -111.56367,
            33.62369
          ],
          [
            -111.56262,
            33.62454
          ],
          [
            -111.56182,
            33.6252
          ],
          [
            -111.5615,
            33.62546
          ],
          [
            -111.56074,
            33.62608
          ],
          [
            -111.56059,
            33.62621
          ],
          [
            -111.56043,
            33.62633
          ],
          [
            -111.55997,
            33.62671
          ],
          [
            -111.55981,
            33.62684
          ],
          [
            -111.5598,
            33.62685
          ],
          [
            -111.55966,
            33.62696
          ],
          [
            -111.55951,
            33.62709
          ],
          [
            -111.55904,
            33.62747
          ],
          [
            -111.55889,
            33.62759
          ],
          [
            -111.55883,
            33.62764
          ],
          [
            -111.55874,
            33.62772
          ],
          [
            -111.55858,
            33.62784
          ],
          [
            -111.55827,
            33.6281
          ],
          [
            -111.55812,
            33.62822
          ],
          [
            -111.55784,
            33.62845
          ],
          [
            -111.55748,
            33.62874
          ],
          [
            -111.55726,
            33.62891
          ],
          [
            -111.55718,
            33.62897
          ],
          [
            -111.55689,
            33.62919
          ],
          [
            -111.55686,
            33.62921
          ],
          [
            -111.55659,
            33.62941
          ],
          [
            -111.55654,
            33.62944
          ],
          [
            -111.55637,
            33.62956
          ],
          [
            -111.5562,
            33.62968
          ],
          [
            -111.55587,
            33.62991
          ],
          [
            -111.55574,
            33.62996
          ],
          [
            -111.55493,
            33.6305
          ],
          [
            -111.55476,
            33.63061
          ],
          [
            -111.55441,
            33.63082
          ],
          [
            -111.5539,
            33.63115
          ],
          [
            -111.55373,
            33.63126
          ],
          [
            -111.55368,
            33.63129
          ],
          [
            -111.55341,
            33.63147
          ],
          [
            -111.55339,
            33.63148
          ],
          [
            -111.55299,
            33.63173
          ],
          [
            -111.55132,
            33.63279
          ],
          [
            -111.55128,
            33.63282
          ],
          [
            -111.55059,
            33.63326
          ],
          [
            -111.55046,
            33.63334
          ],
          [
            -111.54991,
            33.6337
          ],
          [
            -111.54977,
            33.63379
          ],
          [
            -111.54973,
            33.63382
          ],
          [
            -111.54939,
            33.63404
          ],
          [
            -111.54891,
            33.63437
          ],
          [
            -111.54876,
            33.63447
          ],
          [
            -111.5485,
            33.63464
          ],
          [
            -111.5481,
            33.63493
          ],
          [
            -111.54807,
            33.63495
          ],
          [
            -111.54802,
            33.63499
          ],
          [
            -111.54793,
            33.63504
          ],
          [
            -111.54777,
            33.63516
          ],
          [
            -111.54732,
            33.63548
          ],
          [
            -111.54728,
            33.63551
          ],
          [
            -111.54711,
            33.63563
          ],
          [
            -111.54695,
            33.63575
          ],
          [
            -111.54692,
            33.63577
          ],
          [
            -111.54679,
            33.63587
          ],
          [
            -111.54672,
            33.63591
          ],
          [
            -111.54663,
            33.63599
          ],
          [
            -111.54647,
            33.6361
          ],
          [
            -111.5463,
            33.63622
          ],
          [
            -111.54624,
            33.63627
          ],
          [
            -111.54509,
            33.63714
          ],
          [
            -111.54502,
            33.63719
          ],
          [
            -111.54486,
            33.63731
          ],
          [
            -111.54471,
            33.63743
          ],
          [
            -111.54455,
            33.63755
          ],
          [
            -111.5445,
            33.63759
          ],
          [
            -111.54439,
            33.63768
          ],
          [
            -111.54436,
            33.6377
          ],
          [
            -111.54423,
            33.6378
          ],
          [
            -111.54407,
            33.63792
          ],
          [
            -111.54384,
            33.63809
          ],
          [
            -111.54375,
            33.63816
          ],
          [
            -111.54359,
            33.63828
          ],
          [
            -111.54327,
            33.63852
          ],
          [
            -111.54315,
            33.63862
          ],
          [
            -111.54311,
            33.63864
          ],
          [
            -111.54247,
            33.63913
          ],
          [
            -111.54231,
            33.63925
          ],
          [
            -111.54227,
            33.63928
          ],
          [
            -111.54215,
            33.63937
          ],
          [
            -111.54135,
            33.63998
          ],
          [
            -111.54132,
            33.64
          ],
          [
            -111.54013,
            33.64091
          ],
          [
            -111.53993,
            33.64105
          ],
          [
            -111.53928,
            33.64155
          ],
          [
            -111.53914,
            33.64166
          ],
          [
            -111.53898,
            33.64178
          ],
          [
            -111.53893,
            33.64182
          ],
          [
            -111.53879,
            33.64192
          ],
          [
            -111.53848,
            33.64216
          ],
          [
            -111.53834,
            33.64227
          ],
          [
            -111.53829,
            33.6423
          ],
          [
            -111.53818,
            33.64239
          ],
          [
            -111.53802,
            33.64251
          ],
          [
            -111.53797,
            33.64254
          ],
          [
            -111.53784,
            33.64264
          ],
          [
            -111.53781,
            33.64266
          ],
          [
            -111.5377,
            33.64275
          ],
          [
            -111.53768,
            33.64276
          ],
          [
            -111.53754,
            33.64287
          ],
          [
            -111.53637,
            33.64376
          ],
          [
            -111.53589,
            33.64412
          ],
          [
            -111.53578,
            33.6442
          ],
          [
            -111.53576,
            33.64422
          ],
          [
            -111.53573,
            33.64424
          ],
          [
            -111.53562,
            33.64432
          ],
          [
            -111.5353,
            33.64457
          ],
          [
            -111.53501,
            33.64479
          ],
          [
            -111.53443,
            33.64523
          ],
          [
            -111.53406,
            33.64552
          ],
          [
            -111.5332,
            33.64618
          ],
          [
            -111.53229,
            33.6469
          ],
          [
            -111.53228,
            33.64691
          ],
          [
            -111.53151,
            33.64749
          ],
          [
            -111.531,
            33.64788
          ],
          [
            -111.53081,
            33.64802
          ],
          [
            -111.53028,
            33.64843
          ],
          [
            -111.52979,
            33.64883
          ],
          [
            -111.52971,
            33.64889
          ],
          [
            -111.52967,
            33.64892
          ],
          [
            -111.52958,
            33.64899
          ],
          [
            -111.52943,
            33.64912
          ],
          [
            -111.52923,
            33.64928
          ],
          [
            -111.52894,
            33.64954
          ],
          [
            -111.52891,
            33.64956
          ],
          [
            -111.52883,
            33.64963
          ],
          [
            -111.52868,
            33.64976
          ],
          [
            -111.52831,
            33.6501
          ],
          [
            -111.52818,
            33.65022
          ],
          [
            -111.5281,
            33.6503
          ],
          [
            -111.52807,
            33.65032
          ],
          [
            -111.52804,
            33.65036
          ],
          [
            -111.52789,
            33.65049
          ],
          [
            -111.52781,
            33.65056
          ],
          [
            -111.52771,
            33.65066
          ],
          [
            -111.52747,
            33.6509
          ],
          [
            -111.52719,
            33.65118
          ],
          [
            -111.5268,
            33.65158
          ],
          [
            -111.52654,
            33.65185
          ],
          [
            -111.52622,
            33.6522
          ],
          [
            -111.52618,
            33.65224
          ],
          [
            -111.52612,
            33.65231
          ],
          [
            -111.52599,
            33.65246
          ],
          [
            -111.52583,
            33.65264
          ],
          [
            -111.52567,
            33.65282
          ],
          [
            -111.52561,
            33.65288
          ],
          [
            -111.52526,
            33.65327
          ],
          [
            -111.52522,
            33.65332
          ],
          [
            -111.52515,
            33.65339
          ],
          [
            -111.52504,
            33.65352
          ],
          [
            -111.52464,
            33.65395
          ],
          [
            -111.52409,
            33.65457
          ],
          [
            -111.52398,
            33.65469
          ],
          [
            -111.52396,
            33.65471
          ],
          [
            -111.52392,
            33.65475
          ],
          [
            -111.52383,
            33.65485
          ],
          [
            -111.52382,
            33.65487
          ],
          [
            -111.52319,
            33.65557
          ],
          [
            -111.52242,
            33.65641
          ],
          [
            -111.52186,
            33.65706
          ],
          [
            -111.52159,
            33.65735
          ],
          [
            -111.52114,
            33.65786
          ],
          [
            -111.52101,
            33.65801
          ],
          [
            -111.52088,
            33.65815
          ],
          [
            -111.51993,
            33.65919
          ],
          [
            -111.51971,
            33.65944
          ],
          [
            -111.51957,
            33.65958
          ],
          [
            -111.51946,
            33.65972
          ],
          [
            -111.51932,
            33.65987
          ],
          [
            -111.51919,
            33.66002
          ],
          [
            -111.51906,
            33.66016
          ],
          [
            -111.51893,
            33.66031
          ],
          [
            -111.51884,
            33.6604
          ],
          [
            -111.51845,
            33.66084
          ],
          [
            -111.51805,
            33.66128
          ],
          [
            -111.51789,
            33.66146
          ],
          [
            -111.51776,
            33.6616
          ],
          [
            -111.51767,
            33.66171
          ],
          [
            -111.51764,
            33.66175
          ],
          [
            -111.51735,
            33.66206
          ],
          [
            -111.51725,
            33.66218
          ],
          [
            -111.51712,
            33.66233
          ],
          [
            -111.51699,
            33.66247
          ],
          [
            -111.51686,
            33.66261
          ],
          [
            -111.5166,
            33.6629
          ],
          [
            -111.51635,
            33.66319
          ],
          [
            -111.51622,
            33.66333
          ],
          [
            -111.51609,
            33.66348
          ],
          [
            -111.51576,
            33.66384
          ],
          [
            -111.5157,
            33.66391
          ],
          [
            -111.51557,
            33.66405
          ],
          [
            -111.5148,
            33.6649
          ],
          [
            -111.51457,
            33.66515
          ],
          [
            -111.51417,
            33.66559
          ],
          [
            -111.51414,
            33.66562
          ],
          [
            -111.51401,
            33.66575
          ],
          [
            -111.51338,
            33.66643
          ],
          [
            -111.51299,
            33.66687
          ],
          [
            -111.51286,
            33.66702
          ],
          [
            -111.51283,
            33.66705
          ],
          [
            -111.51234,
            33.66759
          ],
          [
            -111.51228,
            33.66766
          ],
          [
            -111.51221,
            33.66774
          ],
          [
            -111.51208,
            33.66788
          ],
          [
            -111.51205,
            33.66791
          ],
          [
            -111.51195,
            33.66802
          ],
          [
            -111.51182,
            33.66817
          ],
          [
            -111.5115,
            33.66852
          ],
          [
            -111.5111,
            33.66897
          ],
          [
            -111.5105,
            33.66964
          ],
          [
            -111.5104,
            33.66975
          ],
          [
            -111.51025,
            33.66991
          ],
          [
            -111.50967,
            33.67057
          ],
          [
            -111.50924,
            33.67104
          ],
          [
            -111.50862,
            33.67173
          ],
          [
            -111.5083,
            33.67209
          ],
          [
            -111.50807,
            33.67235
          ],
          [
            -111.5072,
            33.67332
          ],
          [
            -111.50627,
            33.67435
          ],
          [
            -111.50622,
            33.67441
          ],
          [
            -111.50613,
            33.67451
          ],
          [
            -111.50516,
            33.67558
          ],
          [
            -111.50509,
            33.67566
          ],
          [
            -111.50438,
            33.67645
          ],
          [
            -111.50383,
            33.67707
          ],
          [
            -111.50347,
            33.67748
          ],
          [
            -111.50274,
            33.67829
          ],
          [
            -111.5021,
            33.67901
          ],
          [
            -111.50197,
            33.67916
          ],
          [
            -111.50188,
            33.67926
          ],
          [
            -111.50173,
            33.67944
          ],
          [
            -111.50159,
            33.67962
          ],
          [
            -111.50145,
            33.67981
          ],
          [
            -111.50131,
            33.68
          ],
          [
            -111.50117,
            33.6802
          ],
          [
            -111.50098,
            33.68049
          ],
          [
            -111.50081,
            33.68079
          ],
          [
            -111.50068,
            33.68102
          ],
          [
            -111.50066,
            33.68107
          ],
          [
            -111.50054,
            33.68128
          ],
          [
            -111.50044,
            33.68149
          ],
          [
            -111.50043,
            33.68152
          ],
          [
            -111.50029,
            33.68185
          ],
          [
            -111.50013,
            33.68225
          ],
          [
            -111.50005,
            33.68246
          ],
          [
            -111.50003,
            33.68254
          ],
          [
            -111.49999,
            33.68266
          ],
          [
            -111.49997,
            33.68271
          ],
          [
            -111.49989,
            33.68299
          ],
          [
            -111.49984,
            33.68319
          ],
          [
            -111.49978,
            33.68341
          ],
          [
            -111.49978,
            33.68345
          ],
          [
            -111.49972,
            33.68372
          ],
          [
            -111.4997,
            33.68389
          ],
          [
            -111.49968,
            33.68396
          ],
          [
            -111.49968,
            33.68398
          ],
          [
            -111.49966,
            33.6841
          ],
          [
            -111.49966,
            33.68414
          ],
          [
            -111.49965,
            33.68417
          ],
          [
            -111.49965,
            33.68423
          ],
          [
            -111.49963,
            33.68443
          ],
          [
            -111.49962,
            33.68448
          ],
          [
            -111.49962,
            33.68452
          ],
          [
            -111.4996,
            33.68472
          ],
          [
            -111.49959,
            33.68484
          ],
          [
            -111.49959,
            33.68489
          ],
          [
            -111.49959,
            33.68502
          ],
          [
            -111.49959,
            33.68504
          ],
          [
            -111.49959,
            33.68515
          ],
          [
            -111.49959,
            33.6853
          ],
          [
            -111.49959,
            33.68531
          ],
          [
            -111.49959,
            33.68535
          ],
          [
            -111.49959,
            33.68557
          ],
          [
            -111.4996,
            33.68574
          ],
          [
            -111.4996,
            33.68578
          ],
          [
            -111.49961,
            33.68592
          ],
          [
            -111.49961,
            33.68594
          ],
          [
            -111.49962,
            33.68599
          ],
          [
            -111.49964,
            33.68619
          ],
          [
            -111.49964,
            33.6862
          ],
          [
            -111.49964,
            33.68623
          ],
          [
            -111.49968,
            33.68657
          ],
          [
            -111.4997,
            33.68665
          ],
          [
            -111.49978,
            33.68712
          ],
          [
            -111.49986,
            33.68743
          ],
          [
            -111.49995,
            33.68776
          ],
          [
            -111.5,
            33.68794
          ],
          [
            -111.50015,
            33.68828
          ],
          [
            -111.50039,
            33.68881
          ],
          [
            -111.50052,
            33.68912
          ],
          [
            -111.50065,
            33.68939
          ],
          [
            -111.50082,
            33.68973
          ],
          [
            -111.50097,
            33.69
          ],
          [
            -111.50115,
            33.69029
          ],
          [
            -111.50131,
            33.69054
          ],
          [
            -111.50133,
            33.69058
          ],
          [
            -111.50158,
            33.69092
          ],
          [
            -111.50186,
            33.69132
          ],
          [
            -111.50207,
            33.69162
          ],
          [
            -111.50216,
            33.69176
          ],
          [
            -111.50225,
            33.69192
          ],
          [
            -111.50233,
            33.69209
          ],
          [
            -111.5024,
            33.69229
          ],
          [
            -111.50249,
            33.69262
          ],
          [
            -111.50249,
            33.69263
          ],
          [
            -111.50251,
            33.69279
          ],
          [
            -111.50253,
            33.69294
          ],
          [
            -111.50254,
            33.69312
          ],
          [
            -111.50254,
            33.69329
          ],
          [
            -111.50253,
            33.69344
          ],
          [
            -111.50252,
            33.69351
          ],
          [
            -111.5025,
            33.69362
          ],
          [
            -111.50249,
            33.69369
          ],
          [
            -111.50248,
            33.69374
          ],
          [
            -111.50246,
            33.69385
          ],
          [
            -111.5024,
            33.69405
          ],
          [
            -111.50228,
            33.69439
          ],
          [
            -111.50222,
            33.69456
          ],
          [
            -111.50221,
            33.69458
          ],
          [
            -111.50215,
            33.69473
          ],
          [
            -111.50202,
            33.69507
          ],
          [
            -111.50195,
            33.69525
          ],
          [
            -111.50188,
            33.69541
          ],
          [
            -111.50188,
            33.69542
          ],
          [
            -111.50184,
            33.69553
          ],
          [
            -111.50182,
            33.69559
          ],
          [
            -111.50177,
            33.69573
          ],
          [
            -111.50177,
            33.69576
          ],
          [
            -111.50171,
            33.69593
          ],
          [
            -111.50167,
            33.69611
          ],
          [
            -111.50166,
            33.69613
          ],
          [
            -111.50163,
            33.69629
          ],
          [
            -111.50163,
            33.69631
          ],
          [
            -111.50162,
            33.69636
          ],
          [
            -111.5016,
            33.69647
          ],
          [
            -111.50157,
            33.69664
          ],
          [
            -111.50156,
            33.6967
          ],
          [
            -111.50154,
            33.697
          ],
          [
            -111.50154,
            33.69706
          ],
          [
            -111.50153,
            33.69718
          ],
          [
            -111.50153,
            33.6972
          ],
          [
            -111.50153,
            33.69724
          ],
          [
            -111.50153,
            33.69736
          ],
          [
            -111.50153,
            33.69745
          ],
          [
            -111.50154,
            33.69754
          ],
          [
            -111.50154,
            33.69767
          ],
          [
            -111.50157,
            33.6979
          ],
          [
            -111.50158,
            33.69802
          ],
          [
            -111.50159,
            33.69808
          ],
          [
            -111.50162,
            33.69826
          ],
          [
            -111.50164,
            33.69836
          ],
          [
            -111.50168,
            33.69857
          ],
          [
            -111.50173,
            33.69875
          ],
          [
            -111.50174,
            33.69879
          ],
          [
            -111.5018,
            33.69896
          ],
          [
            -111.5018,
            33.69898
          ],
          [
            -111.50185,
            33.69913
          ],
          [
            -111.50186,
            33.69916
          ],
          [
            -111.50201,
            33.69953
          ],
          [
            -111.50207,
            33.69964
          ],
          [
            -111.5021,
            33.69971
          ],
          [
            -111.50215,
            33.69981
          ],
          [
            -111.5022,
            33.69991
          ],
          [
            -111.50224,
            33.69997
          ],
          [
            -111.50232,
            33.70012
          ],
          [
            -111.50243,
            33.70029
          ],
          [
            -111.5025,
            33.70041
          ],
          [
            -111.50253,
            33.70045
          ],
          [
            -111.50256,
            33.7005
          ],
          [
            -111.50264,
            33.70061
          ],
          [
            -111.50265,
            33.70061
          ],
          [
            -111.50268,
            33.70066
          ],
          [
            -111.50277,
            33.70077
          ],
          [
            -111.50293,
            33.70097
          ],
          [
            -111.503,
            33.70106
          ],
          [
            -111.50312,
            33.70121
          ],
          [
            -111.50315,
            33.70124
          ],
          [
            -111.50325,
            33.70136
          ],
          [
            -111.50362,
            33.7018
          ],
          [
            -111.50366,
            33.70185
          ],
          [
            -111.50374,
            33.70194
          ],
          [
            -111.50386,
            33.70209
          ],
          [
            -111.50397,
            33.70223
          ],
          [
            -111.50414,
            33.70245
          ],
          [
            -111.50421,
            33.70254
          ],
          [
            -111.50428,
            33.70263
          ],
          [
            -111.50433,
            33.7027
          ],
          [
            -111.50442,
            33.70283
          ],
          [
            -111.50444,
            33.70286
          ],
          [
            -111.50459,
            33.70309
          ],
          [
            -111.50472,
            33.70328
          ],
          [
            -111.50474,
            33.70333
          ],
          [
            -111.50484,
            33.70349
          ],
          [
            -111.50493,
            33.70365
          ],
          [
            -111.505,
            33.70377
          ],
          [
            -111.50511,
            33.70398
          ],
          [
            -111.50517,
            33.7041
          ],
          [
            -111.5052,
            33.70414
          ],
          [
            -111.50532,
            33.70439
          ],
          [
            -111.50544,
            33.70462
          ],
          [
            -111.50556,
            33.70489
          ],
          [
            -111.50565,
            33.70512
          ],
          [
            -111.5057,
            33.70526
          ],
          [
            -111.50574,
            33.70537
          ],
          [
            -111.50579,
            33.70557
          ],
          [
            -111.5058,
            33.70564
          ],
          [
            -111.50583,
            33.70579
          ],
          [
            -111.50585,
            33.70599
          ],
          [
            -111.50586,
            33.70621
          ],
          [
            -111.50586,
            33.70638
          ],
          [
            -111.50585,
            33.70655
          ],
          [
            -111.50583,
            33.70679
          ],
          [
            -111.50578,
            33.70724
          ],
          [
            -111.50576,
            33.70757
          ],
          [
            -111.50575,
            33.70773
          ],
          [
            -111.50576,
            33.7079
          ],
          [
            -111.50578,
            33.70812
          ],
          [
            -111.5058,
            33.70823
          ],
          [
            -111.50581,
            33.70833
          ],
          [
            -111.50583,
            33.70838
          ],
          [
            -111.50584,
            33.70844
          ],
          [
            -111.50586,
            33.70852
          ],
          [
            -111.50587,
            33.70856
          ],
          [
            -111.5059,
            33.70866
          ],
          [
            -111.50594,
            33.70876
          ],
          [
            -111.50598,
            33.70886
          ],
          [
            -111.506,
            33.7089
          ],
          [
            -111.50603,
            33.70897
          ],
          [
            -111.50608,
            33.70908
          ],
          [
            -111.50619,
            33.70928
          ],
          [
            -111.50631,
            33.70947
          ],
          [
            -111.50641,
            33.7096
          ],
          [
            -111.50651,
            33.70973
          ],
          [
            -111.50662,
            33.70985
          ],
          [
            -111.50688,
            33.71011
          ],
          [
            -111.50708,
            33.71026
          ],
          [
            -111.50736,
            33.71047
          ],
          [
            -111.50739,
            33.71048
          ],
          [
            -111.50798,
            33.71087
          ],
          [
            -111.5082,
            33.71101
          ],
          [
            -111.50851,
            33.71122
          ],
          [
            -111.50856,
            33.71126
          ],
          [
            -111.50857,
            33.71127
          ],
          [
            -111.5087,
            33.71136
          ],
          [
            -111.50873,
            33.71139
          ],
          [
            -111.5089,
            33.71153
          ],
          [
            -111.50916,
            33.71178
          ],
          [
            -111.50933,
            33.71197
          ],
          [
            -111.50942,
            33.71207
          ],
          [
            -111.50947,
            33.71215
          ],
          [
            -111.50957,
            33.71227
          ],
          [
            -111.50964,
            33.71238
          ],
          [
            -111.50967,
            33.71243
          ],
          [
            -111.50977,
            33.7126
          ],
          [
            -111.50987,
            33.71279
          ],
          [
            -111.50993,
            33.7129
          ],
          [
            -111.50998,
            33.71303
          ],
          [
            -111.51006,
            33.71325
          ],
          [
            -111.5101,
            33.71338
          ],
          [
            -111.51012,
            33.71346
          ],
          [
            -111.51015,
            33.71356
          ],
          [
            -111.51019,
            33.71378
          ],
          [
            -111.51022,
            33.71399
          ],
          [
            -111.51025,
            33.71423
          ],
          [
            -111.51029,
            33.71456
          ],
          [
            -111.51032,
            33.71491
          ],
          [
            -111.51035,
            33.71513
          ],
          [
            -111.51038,
            33.71546
          ],
          [
            -111.51043,
            33.71585
          ],
          [
            -111.51048,
            33.71634
          ],
          [
            -111.51053,
            33.71678
          ],
          [
            -111.51054,
            33.71688
          ],
          [
            -111.51058,
            33.71732
          ],
          [
            -111.51063,
            33.71777
          ],
          [
            -111.51064,
            33.71785
          ],
          [
            -111.51069,
            33.7183
          ],
          [
            -111.51076,
            33.71897
          ],
          [
            -111.5108,
            33.71929
          ],
          [
            -111.51083,
            33.71965
          ],
          [
            -111.51085,
            33.71983
          ],
          [
            -111.51087,
            33.71998
          ],
          [
            -111.51091,
            33.72036
          ],
          [
            -111.51092,
            33.7204
          ],
          [
            -111.51099,
            33.72108
          ],
          [
            -111.51106,
            33.72172
          ],
          [
            -111.51107,
            33.72177
          ],
          [
            -111.51107,
            33.72181
          ],
          [
            -111.51117,
            33.72272
          ],
          [
            -111.5112,
            33.72305
          ],
          [
            -111.51128,
            33.72374
          ],
          [
            -111.51128,
            33.72378
          ],
          [
            -111.51129,
            33.72389
          ],
          [
            -111.51129,
            33.72392
          ],
          [
            -111.5113,
            33.72393
          ],
          [
            -111.5113,
            33.72396
          ],
          [
            -111.51131,
            33.72418
          ],
          [
            -111.51132,
            33.72438
          ],
          [
            -111.51133,
            33.7247
          ],
          [
            -111.51132,
            33.72514
          ],
          [
            -111.51129,
            33.72548
          ],
          [
            -111.51127,
            33.72573
          ],
          [
            -111.51124,
            33.72596
          ],
          [
            -111.5112,
            33.72617
          ],
          [
            -111.51116,
            33.72639
          ],
          [
            -111.51114,
            33.72649
          ],
          [
            -111.51112,
            33.72656
          ],
          [
            -111.51112,
            33.72658
          ],
          [
            -111.51111,
            33.7266
          ],
          [
            -111.51109,
            33.72671
          ],
          [
            -111.51106,
            33.72682
          ],
          [
            -111.51102,
            33.72697
          ],
          [
            -111.51098,
            33.72709
          ],
          [
            -111.51097,
            33.72714
          ],
          [
            -111.51093,
            33.72726
          ],
          [
            -111.51092,
            33.72728
          ],
          [
            -111.51091,
            33.7273
          ],
          [
            -111.5109,
            33.72736
          ],
          [
            -111.51082,
            33.72757
          ],
          [
            -111.51068,
            33.728
          ],
          [
            -111.51059,
            33.72824
          ],
          [
            -111.51052,
            33.72839
          ],
          [
            -111.51048,
            33.72849
          ],
          [
            -111.51039,
            33.72867
          ],
          [
            -111.51038,
            33.72868
          ],
          [
            -111.51038,
            33.72869
          ],
          [
            -111.51037,
            33.72871
          ],
          [
            -111.51027,
            33.72891
          ],
          [
            -111.51011,
            33.7292
          ],
          [
            -111.50999,
            33.7294
          ],
          [
            -111.50979,
            33.72973
          ],
          [
            -111.50917,
            33.73069
          ],
          [
            -111.50897,
            33.731
          ],
          [
            -111.50866,
            33.73147
          ],
          [
            -111.50866,
            33.73148
          ],
          [
            -111.50856,
            33.73163
          ],
          [
            -111.50815,
            33.73226
          ],
          [
            -111.50815,
            33.73227
          ],
          [
            -111.50805,
            33.73242
          ],
          [
            -111.50785,
            33.73274
          ],
          [
            -111.50784,
            33.73275
          ],
          [
            -111.50774,
            33.7329
          ],
          [
            -111.50762,
            33.73308
          ],
          [
            -111.50708,
            33.73393
          ],
          [
            -111.5067,
            33.73452
          ],
          [
            -111.50662,
            33.73464
          ],
          [
            -111.50661,
            33.73465
          ],
          [
            -111.50652,
            33.7348
          ],
          [
            -111.50644,
            33.73492
          ],
          [
            -111.50632,
            33.7351
          ],
          [
            -111.50595,
            33.73568
          ],
          [
            -111.50551,
            33.73636
          ],
          [
            -111.50514,
            33.73694
          ],
          [
            -111.50496,
            33.73722
          ],
          [
            -111.50484,
            33.73741
          ],
          [
            -111.50472,
            33.73762
          ],
          [
            -111.50459,
            33.73785
          ],
          [
            -111.50451,
            33.73801
          ],
          [
            -111.50441,
            33.73821
          ],
          [
            -111.50431,
            33.73844
          ],
          [
            -111.50422,
            33.73864
          ],
          [
            -111.50415,
            33.73881
          ],
          [
            -111.5041,
            33.73893
          ],
          [
            -111.50402,
            33.73915
          ],
          [
            -111.504,
            33.7392
          ],
          [
            -111.50396,
            33.73932
          ],
          [
            -111.50395,
            33.73937
          ],
          [
            -111.50388,
            33.73958
          ],
          [
            -111.50386,
            33.73967
          ],
          [
            -111.50383,
            33.73976
          ],
          [
            -111.50382,
            33.73981
          ],
          [
            -111.50377,
            33.73999
          ],
          [
            -111.50371,
            33.74023
          ],
          [
            -111.5037,
            33.74028
          ],
          [
            -111.50368,
            33.74037
          ],
          [
            -111.50367,
            33.74045
          ],
          [
            -111.50365,
            33.74055
          ],
          [
            -111.50363,
            33.74064
          ],
          [
            -111.50362,
            33.7407
          ],
          [
            -111.5036,
            33.74082
          ],
          [
            -111.50359,
            33.74089
          ],
          [
            -111.50358,
            33.741
          ],
          [
            -111.50357,
            33.74108
          ],
          [
            -111.50356,
            33.74118
          ],
          [
            -111.50354,
            33.74129
          ],
          [
            -111.50353,
            33.74145
          ],
          [
            -111.50353,
            33.74148
          ],
          [
            -111.50352,
            33.74153
          ],
          [
            -111.50351,
            33.74171
          ],
          [
            -111.50351,
            33.74177
          ],
          [
            -111.50351,
            33.74189
          ],
          [
            -111.50351,
            33.74195
          ],
          [
            -111.50351,
            33.74198
          ],
          [
            -111.5035,
            33.74238
          ],
          [
            -111.5035,
            33.74284
          ],
          [
            -111.5035,
            33.74315
          ],
          [
            -111.5035,
            33.7436
          ],
          [
            -111.5035,
            33.74387
          ],
          [
            -111.5035,
            33.74414
          ],
          [
            -111.5035,
            33.74415
          ],
          [
            -111.5035,
            33.74441
          ],
          [
            -111.5035,
            33.74459
          ],
          [
            -111.50351,
            33.74504
          ],
          [
            -111.50351,
            33.74513
          ],
          [
            -111.50351,
            33.74522
          ],
          [
            -111.50351,
            33.74531
          ],
          [
            -111.50351,
            33.74549
          ],
          [
            -111.50351,
            33.74584
          ],
          [
            -111.50351,
            33.7463
          ],
          [
            -111.50351,
            33.74638
          ],
          [
            -111.50351,
            33.74639
          ],
          [
            -111.50351,
            33.74641
          ],
          [
            -111.50351,
            33.74643
          ],
          [
            -111.5035,
            33.74653
          ],
          [
            -111.5035,
            33.74657
          ],
          [
            -111.50349,
            33.74672
          ],
          [
            -111.50347,
            33.74695
          ],
          [
            -111.50344,
            33.74717
          ],
          [
            -111.5034,
            33.74739
          ],
          [
            -111.50338,
            33.74746
          ],
          [
            -111.50336,
            33.74755
          ],
          [
            -111.50335,
            33.74756
          ],
          [
            -111.50333,
            33.74764
          ],
          [
            -111.50332,
            33.74769
          ],
          [
            -111.50324,
            33.74792
          ],
          [
            -111.50316,
            33.74813
          ],
          [
            -111.50307,
            33.74834
          ],
          [
            -111.50303,
            33.74841
          ],
          [
            -111.50297,
            33.74854
          ],
          [
            -111.5028,
            33.74883
          ],
          [
            -111.5027,
            33.74899
          ],
          [
            -111.50268,
            33.74901
          ],
          [
            -111.50266,
            33.74905
          ],
          [
            -111.50265,
            33.74905
          ],
          [
            -111.50259,
            33.74915
          ],
          [
            -111.50258,
            33.74916
          ],
          [
            -111.50248,
            33.74928
          ],
          [
            -111.50241,
            33.74936
          ],
          [
            -111.50232,
            33.74945
          ],
          [
            -111.50229,
            33.74948
          ],
          [
            -111.50227,
            33.7495
          ],
          [
            -111.50224,
            33.74954
          ],
          [
            -111.50222,
            33.74956
          ],
          [
            -111.5022,
            33.74958
          ],
          [
            -111.50215,
            33.74962
          ],
          [
            -111.50214,
            33.74963
          ],
          [
            -111.50205,
            33.74971
          ],
          [
            -111.5019,
            33.74985
          ],
          [
            -111.50178,
            33.74995
          ],
          [
            -111.5017,
            33.75001
          ],
          [
            -111.50168,
            33.75002
          ],
          [
            -111.50164,
            33.75006
          ],
          [
            -111.50161,
            33.75008
          ],
          [
            -111.50152,
            33.75014
          ],
          [
            -111.50129,
            33.7503
          ],
          [
            -111.50064,
            33.75078
          ],
          [
            -111.50005,
            33.75121
          ],
          [
            -111.49999,
            33.75126
          ],
          [
            -111.49987,
            33.75135
          ],
          [
            -111.49983,
            33.75138
          ],
          [
            -111.49974,
            33.75145
          ],
          [
            -111.49957,
            33.75158
          ],
          [
            -111.49948,
            33.75167
          ],
          [
            -111.49938,
            33.75175
          ],
          [
            -111.4993,
            33.75184
          ],
          [
            -111.49921,
            33.75193
          ],
          [
            -111.49906,
            33.75209
          ],
          [
            -111.49893,
            33.75223
          ],
          [
            -111.49883,
            33.75235
          ],
          [
            -111.49869,
            33.75254
          ],
          [
            -111.49867,
            33.75256
          ],
          [
            -111.49865,
            33.7526
          ],
          [
            -111.49862,
            33.75264
          ],
          [
            -111.4986,
            33.75266
          ],
          [
            -111.49859,
            33.75269
          ],
          [
            -111.49856,
            33.75273
          ],
          [
            -111.49844,
            33.75292
          ],
          [
            -111.49833,
            33.75313
          ],
          [
            -111.49828,
            33.75321
          ],
          [
            -111.49827,
            33.75323
          ],
          [
            -111.49826,
            33.75325
          ],
          [
            -111.49825,
            33.75329
          ],
          [
            -111.49824,
            33.75331
          ],
          [
            -111.49823,
            33.75332
          ],
          [
            -111.49822,
            33.75334
          ],
          [
            -111.49817,
            33.75344
          ],
          [
            -111.49802,
            33.75378
          ],
          [
            -111.49795,
            33.75392
          ],
          [
            -111.49772,
            33.75443
          ],
          [
            -111.49744,
            33.75505
          ],
          [
            -111.49717,
            33.75566
          ],
          [
            -111.49715,
            33.75571
          ],
          [
            -111.49714,
            33.75573
          ],
          [
            -111.49645,
            33.75726
          ],
          [
            -111.4963,
            33.75758
          ],
          [
            -111.49623,
            33.75775
          ],
          [
            -111.49611,
            33.75802
          ],
          [
            -111.49603,
            33.75818
          ],
          [
            -111.49596,
            33.75835
          ],
          [
            -111.49593,
            33.75841
          ],
          [
            -111.49593,
            33.75842
          ],
          [
            -111.49588,
            33.75853
          ],
          [
            -111.49586,
            33.75859
          ],
          [
            -111.49567,
            33.75903
          ],
          [
            -111.49556,
            33.75933
          ],
          [
            -111.49549,
            33.7595
          ],
          [
            -111.49543,
            33.75967
          ],
          [
            -111.49524,
            33.76018
          ],
          [
            -111.49514,
            33.76047
          ],
          [
            -111.49512,
            33.76053
          ],
          [
            -111.49507,
            33.76068
          ],
          [
            -111.49507,
            33.76069
          ],
          [
            -111.49506,
            33.76071
          ],
          [
            -111.49493,
            33.76111
          ],
          [
            -111.49492,
            33.76117
          ],
          [
            -111.4949,
            33.76123
          ],
          [
            -111.49486,
            33.76136
          ],
          [
            -111.49478,
            33.76163
          ],
          [
            -111.49471,
            33.76187
          ],
          [
            -111.49469,
            33.76193
          ],
          [
            -111.49466,
            33.76204
          ],
          [
            -111.49458,
            33.76235
          ],
          [
            -111.49453,
            33.76255
          ],
          [
            -111.49452,
            33.76259
          ],
          [
            -111.4944,
            33.7631
          ],
          [
            -111.4943,
            33.76352
          ],
          [
            -111.49425,
            33.76374
          ],
          [
            -111.49404,
            33.76498
          ],
          [
            -111.49362,
            33.76746
          ],
          [
            -111.49335,
            33.76909
          ],
          [
            -111.49319,
            33.77002
          ],
          [
            -111.49315,
            33.7703
          ],
          [
            -111.49314,
            33.77032
          ],
          [
            -111.49308,
            33.77073
          ],
          [
            -111.49305,
            33.77101
          ],
          [
            -111.49303,
            33.77119
          ],
          [
            -111.49299,
            33.77149
          ],
          [
            -111.49299,
            33.77158
          ],
          [
            -111.49292,
            33.77227
          ],
          [
            -111.49288,
            33.77291
          ],
          [
            -111.49287,
            33.77328
          ],
          [
            -111.49285,
            33.77381
          ],
          [
            -111.49285,
            33.77424
          ],
          [
            -111.49285,
            33.77447
          ],
          [
            -111.49285,
            33.77503
          ],
          [
            -111.49285,
            33.77696
          ],
          [
            -111.49285,
            33.7782
          ],
          [
            -111.49285,
            33.77823
          ],
          [
            -111.49285,
            33.77877
          ],
          [
            -111.49285,
            33.77913
          ],
          [
            -111.49285,
            33.78009
          ],
          [
            -111.49285,
            33.78076
          ],
          [
            -111.49285,
            33.78153
          ],
          [
            -111.49285,
            33.78187
          ],
          [
            -111.49285,
            33.78241
          ],
          [
            -111.49285,
            33.78259
          ],
          [
            -111.49285,
            33.78295
          ],
          [
            -111.49285,
            33.78331
          ],
          [
            -111.49285,
            33.7834
          ],
          [
            -111.49285,
            33.78349
          ],
          [
            -111.49285,
            33.78367
          ],
          [
            -111.49286,
            33.78421
          ],
          [
            -111.49286,
            33.7843
          ],
          [
            -111.49286,
            33.78439
          ],
          [
            -111.49286,
            33.78449
          ],
          [
            -111.49287,
            33.78457
          ],
          [
            -111.49288,
            33.78482
          ],
          [
            -111.4929,
            33.78504
          ],
          [
            -111.49292,
            33.78527
          ],
          [
            -111.49293,
            33.78529
          ],
          [
            -111.49295,
            33.78547
          ],
          [
            -111.49296,
            33.78551
          ],
          [
            -111.49299,
            33.78565
          ],
          [
            -111.49302,
            33.7858
          ],
          [
            -111.49309,
            33.7861
          ],
          [
            -111.49318,
            33.78645
          ],
          [
            -111.49321,
            33.78653
          ],
          [
            -111.49325,
            33.78667
          ],
          [
            -111.49326,
            33.7867
          ],
          [
            -111.49332,
            33.78687
          ],
          [
            -111.49348,
            33.7873
          ],
          [
            -111.49365,
            33.78773
          ],
          [
            -111.49371,
            33.7879
          ],
          [
            -111.49382,
            33.78818
          ],
          [
            -111.49404,
            33.78876
          ],
          [
            -111.49411,
            33.78893
          ],
          [
            -111.49437,
            33.78962
          ],
          [
            -111.49442,
            33.78979
          ],
          [
            -111.49444,
            33.78983
          ],
          [
            -111.49447,
            33.78996
          ],
          [
            -111.49447,
            33.78997
          ],
          [
            -111.49449,
            33.79002
          ],
          [
            -111.49451,
            33.79012
          ],
          [
            -111.49455,
            33.79029
          ],
          [
            -111.4946,
            33.79061
          ],
          [
            -111.49461,
            33.79084
          ],
          [
            -111.49462,
            33.79105
          ],
          [
            -111.49462,
            33.79129
          ],
          [
            -111.4946,
            33.79149
          ],
          [
            -111.49457,
            33.79172
          ],
          [
            -111.49454,
            33.79194
          ],
          [
            -111.49449,
            33.79215
          ],
          [
            -111.49445,
            33.7923
          ],
          [
            -111.49444,
            33.79233
          ],
          [
            -111.4944,
            33.79247
          ],
          [
            -111.49439,
            33.7925
          ],
          [
            -111.49432,
            33.7927
          ],
          [
            -111.49425,
            33.79286
          ],
          [
            -111.4942,
            33.79298
          ],
          [
            -111.49418,
            33.79303
          ],
          [
            -111.49408,
            33.79321
          ],
          [
            -111.49376,
            33.7938
          ],
          [
            -111.49374,
            33.79383
          ],
          [
            -111.49366,
            33.79397
          ],
          [
            -111.49357,
            33.79413
          ],
          [
            -111.49348,
            33.79429
          ],
          [
            -111.49346,
            33.79432
          ],
          [
            -111.49339,
            33.79446
          ],
          [
            -111.49319,
            33.79482
          ],
          [
            -111.49312,
            33.79495
          ],
          [
            -111.49303,
            33.79511
          ],
          [
            -111.49291,
            33.79531
          ],
          [
            -111.49266,
            33.79576
          ],
          [
            -111.4926,
            33.79587
          ],
          [
            -111.49257,
            33.79593
          ],
          [
            -111.49232,
            33.79636
          ],
          [
            -111.49229,
            33.79641
          ],
          [
            -111.49218,
            33.79662
          ],
          [
            -111.49214,
            33.79669
          ],
          [
            -111.49202,
            33.7969
          ],
          [
            -111.49173,
            33.79741
          ],
          [
            -111.49142,
            33.79793
          ],
          [
            -111.49118,
            33.79832
          ],
          [
            -111.49094,
            33.79869
          ],
          [
            -111.49093,
            33.7987
          ],
          [
            -111.49066,
            33.79909
          ],
          [
            -111.49062,
            33.79915
          ],
          [
            -111.49061,
            33.79916
          ],
          [
            -111.4905,
            33.79932
          ],
          [
            -111.49039,
            33.79947
          ],
          [
            -111.49004,
            33.79993
          ],
          [
            -111.4898,
            33.80025
          ],
          [
            -111.48959,
            33.8005
          ],
          [
            -111.48918,
            33.80099
          ],
          [
            -111.48907,
            33.80112
          ],
          [
            -111.48897,
            33.80123
          ],
          [
            -111.48881,
            33.80141
          ],
          [
            -111.48877,
            33.80146
          ],
          [
            -111.48861,
            33.80163
          ],
          [
            -111.48822,
            33.80205
          ],
          [
            -111.48803,
            33.80226
          ],
          [
            -111.48786,
            33.80244
          ],
          [
            -111.48761,
            33.80271
          ],
          [
            -111.48737,
            33.80296
          ],
          [
            -111.48705,
            33.80332
          ],
          [
            -111.48693,
            33.80346
          ],
          [
            -111.48683,
            33.8036
          ],
          [
            -111.48669,
            33.80382
          ],
          [
            -111.48659,
            33.80401
          ],
          [
            -111.48651,
            33.8042
          ],
          [
            -111.48644,
            33.80441
          ],
          [
            -111.4864,
            33.80457
          ],
          [
            -111.48638,
            33.80472
          ],
          [
            -111.48636,
            33.80497
          ],
          [
            -111.48636,
            33.80513
          ],
          [
            -111.48637,
            33.8053
          ],
          [
            -111.4864,
            33.8055
          ],
          [
            -111.48645,
            33.80571
          ],
          [
            -111.48653,
            33.80595
          ],
          [
            -111.48662,
            33.80615
          ],
          [
            -111.48665,
            33.80621
          ],
          [
            -111.48668,
            33.80626
          ],
          [
            -111.48678,
            33.80644
          ],
          [
            -111.4869,
            33.80659
          ],
          [
            -111.48694,
            33.80665
          ],
          [
            -111.48708,
            33.80682
          ],
          [
            -111.48728,
            33.80702
          ],
          [
            -111.48744,
            33.80718
          ],
          [
            -111.48756,
            33.8073
          ],
          [
            -111.48768,
            33.80743
          ],
          [
            -111.48783,
            33.80758
          ],
          [
            -111.48792,
            33.8077
          ],
          [
            -111.48798,
            33.80776
          ],
          [
            -111.48801,
            33.8078
          ],
          [
            -111.48804,
            33.80784
          ],
          [
            -111.4881,
            33.80794
          ],
          [
            -111.48815,
            33.80802
          ],
          [
            -111.48822,
            33.80815
          ],
          [
            -111.48825,
            33.80821
          ],
          [
            -111.48827,
            33.80824
          ],
          [
            -111.48827,
            33.80826
          ],
          [
            -111.48828,
            33.80826
          ],
          [
            -111.48828,
            33.80827
          ],
          [
            -111.48833,
            33.80838
          ],
          [
            -111.48837,
            33.8085
          ],
          [
            -111.48839,
            33.80859
          ],
          [
            -111.48841,
            33.80867
          ],
          [
            -111.48843,
            33.80875
          ],
          [
            -111.48844,
            33.80881
          ],
          [
            -111.48845,
            33.80887
          ],
          [
            -111.48845,
            33.80891
          ],
          [
            -111.48846,
            33.80894
          ],
          [
            -111.48846,
            33.80897
          ],
          [
            -111.48847,
            33.80907
          ],
          [
            -111.48847,
            33.80912
          ],
          [
            -111.48847,
            33.80914
          ],
          [
            -111.48847,
            33.80916
          ],
          [
            -111.48847,
            33.8092
          ],
          [
            -111.48847,
            33.80928
          ],
          [
            -111.48846,
            33.80936
          ],
          [
            -111.48846,
            33.80942
          ],
          [
            -111.48845,
            33.80951
          ],
          [
            -111.48844,
            33.80953
          ],
          [
            -111.48843,
            33.8096
          ],
          [
            -111.48843,
            33.80963
          ],
          [
            -111.48842,
            33.80965
          ],
          [
            -111.48841,
            33.80969
          ],
          [
            -111.4884,
            33.80972
          ],
          [
            -111.48839,
            33.80978
          ],
          [
            -111.48838,
            33.8098
          ],
          [
            -111.48836,
            33.80986
          ],
          [
            -111.48832,
            33.80997
          ],
          [
            -111.4883,
            33.81003
          ],
          [
            -111.48829,
            33.81005
          ],
          [
            -111.48823,
            33.81016
          ],
          [
            -111.48819,
            33.81025
          ],
          [
            -111.48813,
            33.81035
          ],
          [
            -111.4881,
            33.81041
          ],
          [
            -111.48805,
            33.81048
          ],
          [
            -111.488,
            33.81055
          ],
          [
            -111.48791,
            33.81066
          ],
          [
            -111.48777,
            33.81082
          ],
          [
            -111.48769,
            33.8109
          ],
          [
            -111.48762,
            33.81097
          ],
          [
            -111.4875,
            33.81107
          ],
          [
            -111.48743,
            33.81114
          ],
          [
            -111.48737,
            33.81119
          ],
          [
            -111.4871,
            33.81142
          ],
          [
            -111.48709,
            33.81143
          ],
          [
            -111.487,
            33.81152
          ],
          [
            -111.4869,
            33.81161
          ],
          [
            -111.48686,
            33.81164
          ],
          [
            -111.4868,
            33.8117
          ],
          [
            -111.48677,
            33.81173
          ],
          [
            -111.48674,
            33.81176
          ],
          [
            -111.48668,
            33.81182
          ],
          [
            -111.48662,
            33.81189
          ],
          [
            -111.48656,
            33.81196
          ],
          [
            -111.48651,
            33.81202
          ],
          [
            -111.48645,
            33.81211
          ],
          [
            -111.4864,
            33.81219
          ],
          [
            -111.48636,
            33.81226
          ],
          [
            -111.48633,
            33.8123
          ],
          [
            -111.48632,
            33.81233
          ],
          [
            -111.48631,
            33.81235
          ],
          [
            -111.4863,
            33.81235
          ],
          [
            -111.4863,
            33.81236
          ],
          [
            -111.48627,
            33.81243
          ],
          [
            -111.48625,
            33.81247
          ],
          [
            -111.48624,
            33.8125
          ],
          [
            -111.48623,
            33.81252
          ],
          [
            -111.48622,
            33.81253
          ],
          [
            -111.48619,
            33.81261
          ],
          [
            -111.48616,
            33.8127
          ],
          [
            -111.48614,
            33.81279
          ],
          [
            -111.48611,
            33.81289
          ],
          [
            -111.4861,
            33.81296
          ],
          [
            -111.48609,
            33.813
          ],
          [
            -111.48609,
            33.81302
          ],
          [
            -111.48608,
            33.81303
          ],
          [
            -111.48608,
            33.81304
          ],
          [
            -111.48608,
            33.81305
          ],
          [
            -111.48607,
            33.81311
          ],
          [
            -111.48606,
            33.81317
          ],
          [
            -111.48606,
            33.81321
          ],
          [
            -111.48606,
            33.81322
          ],
          [
            -111.48606,
            33.81324
          ],
          [
            -111.48605,
            33.81333
          ],
          [
            -111.48605,
            33.81343
          ],
          [
            -111.48605,
            33.81348
          ],
          [
            -111.48605,
            33.81355
          ],
          [
            -111.48605,
            33.81358
          ],
          [
            -111.48606,
            33.81371
          ],
          [
            -111.48607,
            33.81376
          ],
          [
            -111.48607,
            33.81378
          ],
          [
            -111.48609,
            33.81397
          ],
          [
            -111.48614,
            33.81434
          ],
          [
            -111.48615,
            33.81449
          ],
          [
            -111.48616,
            33.81459
          ],
          [
            -111.48615,
            33.81467
          ],
          [
            -111.48615,
            33.81474
          ],
          [
            -111.48614,
            33.81483
          ],
          [
            -111.48614,
            33.81484
          ],
          [
            -111.48612,
            33.81493
          ],
          [
            -111.48611,
            33.81496
          ],
          [
            -111.4861,
            33.81502
          ],
          [
            -111.48609,
            33.81504
          ],
          [
            -111.48607,
            33.81511
          ],
          [
            -111.48606,
            33.81513
          ],
          [
            -111.48604,
            33.8152
          ],
          [
            -111.48599,
            33.81532
          ],
          [
            -111.48594,
            33.81542
          ],
          [
            -111.48588,
            33.81552
          ],
          [
            -111.48582,
            33.81563
          ],
          [
            -111.48581,
            33.81563
          ],
          [
            -111.48577,
            33.81569
          ],
          [
            -111.48573,
            33.81576
          ],
          [
            -111.4857,
            33.81579
          ],
          [
            -111.48568,
            33.81581
          ],
          [
            -111.48565,
            33.81585
          ],
          [
            -111.4856,
            33.8159
          ],
          [
            -111.48552,
            33.81599
          ],
          [
            -111.48551,
            33.81599
          ],
          [
            -111.48545,
            33.81606
          ],
          [
            -111.48541,
            33.8161
          ],
          [
            -111.48539,
            33.81611
          ],
          [
            -111.48538,
            33.81612
          ],
          [
            -111.48537,
            33.81613
          ],
          [
            -111.48536,
            33.81614
          ],
          [
            -111.48525,
            33.81622
          ],
          [
            -111.48512,
            33.81632
          ],
          [
            -111.48504,
            33.81637
          ],
          [
            -111.48496,
            33.81641
          ],
          [
            -111.4849,
            33.81645
          ],
          [
            -111.48486,
            33.81647
          ],
          [
            -111.4848,
            33.8165
          ],
          [
            -111.4847,
            33.81654
          ],
          [
            -111.48464,
            33.81657
          ],
          [
            -111.48458,
            33.81659
          ],
          [
            -111.48443,
            33.81664
          ],
          [
            -111.48437,
            33.81666
          ],
          [
            -111.48429,
            33.81668
          ],
          [
            -111.48417,
            33.81671
          ],
          [
            -111.48401,
            33.81674
          ],
          [
            -111.48385,
            33.81676
          ],
          [
            -111.48377,
            33.81677
          ],
          [
            -111.48351,
            33.81679
          ],
          [
            -111.48335,
            33.81679
          ],
          [
            -111.48317,
            33.81677
          ],
          [
            -111.48295,
            33.81674
          ],
          [
            -111.48278,
            33.81671
          ],
          [
            -111.48268,
            33.81669
          ],
          [
            -111.48266,
            33.81669
          ],
          [
            -111.48238,
            33.81663
          ],
          [
            -111.48205,
            33.81657
          ],
          [
            -111.48173,
            33.81653
          ],
          [
            -111.48156,
            33.81652
          ],
          [
            -111.48141,
            33.81651
          ],
          [
            -111.48126,
            33.81652
          ],
          [
            -111.48115,
            33.81652
          ],
          [
            -111.48106,
            33.81653
          ],
          [
            -111.48097,
            33.81654
          ],
          [
            -111.48087,
            33.81656
          ],
          [
            -111.48079,
            33.81657
          ],
          [
            -111.48073,
            33.81658
          ],
          [
            -111.48065,
            33.8166
          ],
          [
            -111.48062,
            33.81661
          ],
          [
            -111.48049,
            33.81664
          ],
          [
            -111.48041,
            33.81667
          ],
          [
            -111.48033,
            33.81669
          ],
          [
            -111.48028,
            33.81671
          ],
          [
            -111.48025,
            33.81672
          ],
          [
            -111.48019,
            33.81674
          ],
          [
            -111.4801,
            33.81678
          ],
          [
            -111.48007,
            33.81679
          ],
          [
            -111.48005,
            33.8168
          ],
          [
            -111.48002,
            33.81682
          ],
          [
            -111.47994,
            33.81685
          ],
          [
            -111.47991,
            33.81687
          ],
          [
            -111.47986,
            33.81689
          ],
          [
            -111.47978,
            33.81694
          ],
          [
            -111.47971,
            33.81698
          ],
          [
            -111.47965,
            33.81702
          ],
          [
            -111.47956,
            33.81707
          ],
          [
            -111.47949,
            33.81712
          ],
          [
            -111.47938,
            33.8172
          ],
          [
            -111.47928,
            33.81729
          ],
          [
            -111.47919,
            33.81738
          ],
          [
            -111.47909,
            33.81748
          ],
          [
            -111.47904,
            33.81754
          ],
          [
            -111.47899,
            33.8176
          ],
          [
            -111.47893,
            33.81768
          ],
          [
            -111.47879,
            33.81787
          ],
          [
            -111.47868,
            33.81806
          ],
          [
            -111.47859,
            33.81821
          ],
          [
            -111.47859,
            33.81822
          ],
          [
            -111.47855,
            33.81828
          ],
          [
            -111.47849,
            33.81839
          ],
          [
            -111.47846,
            33.81845
          ],
          [
            -111.47842,
            33.81853
          ],
          [
            -111.47837,
            33.81864
          ],
          [
            -111.47833,
            33.81871
          ],
          [
            -111.47832,
            33.81873
          ],
          [
            -111.4783,
            33.81878
          ],
          [
            -111.47826,
            33.81886
          ],
          [
            -111.47818,
            33.81907
          ],
          [
            -111.47812,
            33.81923
          ],
          [
            -111.47806,
            33.81943
          ],
          [
            -111.47803,
            33.81953
          ],
          [
            -111.47801,
            33.81959
          ],
          [
            -111.478,
            33.81964
          ],
          [
            -111.47799,
            33.81969
          ],
          [
            -111.47796,
            33.81984
          ],
          [
            -111.47794,
            33.81998
          ],
          [
            -111.47791,
            33.82019
          ],
          [
            -111.4779,
            33.82036
          ],
          [
            -111.4779,
            33.82044
          ],
          [
            -111.4779,
            33.82054
          ],
          [
            -111.47789,
            33.82055
          ],
          [
            -111.47789,
            33.82065
          ],
          [
            -111.47789,
            33.82075
          ],
          [
            -111.4779,
            33.82082
          ],
          [
            -111.4779,
            33.82108
          ],
          [
            -111.47791,
            33.82121
          ],
          [
            -111.47791,
            33.82146
          ],
          [
            -111.4779,
            33.82156
          ],
          [
            -111.4779,
            33.82162
          ],
          [
            -111.47788,
            33.82175
          ],
          [
            -111.47786,
            33.8219
          ],
          [
            -111.47783,
            33.822
          ],
          [
            -111.47781,
            33.82207
          ],
          [
            -111.47778,
            33.82217
          ],
          [
            -111.47774,
            33.8223
          ],
          [
            -111.47763,
            33.82253
          ],
          [
            -111.47757,
            33.82265
          ],
          [
            -111.4774,
            33.82291
          ],
          [
            -111.4773,
            33.82303
          ],
          [
            -111.47721,
            33.82313
          ],
          [
            -111.47715,
            33.82319
          ],
          [
            -111.47707,
            33.82327
          ],
          [
            -111.47701,
            33.82333
          ],
          [
            -111.477,
            33.82335
          ],
          [
            -111.47687,
            33.82347
          ],
          [
            -111.47666,
            33.82366
          ],
          [
            -111.47644,
            33.82387
          ],
          [
            -111.47643,
            33.82388
          ],
          [
            -111.47638,
            33.82393
          ],
          [
            -111.47626,
            33.82405
          ],
          [
            -111.47624,
            33.82407
          ],
          [
            -111.47617,
            33.82415
          ],
          [
            -111.47616,
            33.82417
          ],
          [
            -111.47612,
            33.82422
          ],
          [
            -111.47602,
            33.82434
          ],
          [
            -111.476,
            33.82436
          ],
          [
            -111.476,
            33.82437
          ],
          [
            -111.47595,
            33.82443
          ],
          [
            -111.47589,
            33.82451
          ],
          [
            -111.47582,
            33.82461
          ],
          [
            -111.47577,
            33.82469
          ],
          [
            -111.47569,
            33.82482
          ],
          [
            -111.47568,
            33.82483
          ],
          [
            -111.47568,
            33.82484
          ],
          [
            -111.47563,
            33.82493
          ],
          [
            -111.4756,
            33.825
          ],
          [
            -111.47551,
            33.82516
          ],
          [
            -111.47549,
            33.82521
          ],
          [
            -111.47545,
            33.82532
          ],
          [
            -111.4754,
            33.82544
          ],
          [
            -111.47533,
            33.82564
          ],
          [
            -111.47529,
            33.82577
          ],
          [
            -111.47526,
            33.82586
          ],
          [
            -111.47524,
            33.82596
          ],
          [
            -111.47522,
            33.82607
          ],
          [
            -111.4752,
            33.82617
          ],
          [
            -111.47519,
            33.82624
          ],
          [
            -111.47518,
            33.82629
          ],
          [
            -111.47517,
            33.82639
          ],
          [
            -111.47513,
            33.82673
          ],
          [
            -111.47512,
            33.82684
          ],
          [
            -111.47511,
            33.82692
          ],
          [
            -111.47511,
            33.82703
          ],
          [
            -111.4751,
            33.82705
          ],
          [
            -111.4751,
            33.8271
          ],
          [
            -111.4751,
            33.82711
          ],
          [
            -111.47508,
            33.82728
          ],
          [
            -111.47508,
            33.82739
          ],
          [
            -111.47507,
            33.8274
          ],
          [
            -111.47507,
            33.82746
          ],
          [
            -111.47507,
            33.82748
          ],
          [
            -111.47506,
            33.82753
          ],
          [
            -111.47506,
            33.82758
          ],
          [
            -111.47505,
            33.82762
          ],
          [
            -111.47505,
            33.82764
          ],
          [
            -111.47503,
            33.82773
          ],
          [
            -111.47502,
            33.82782
          ],
          [
            -111.47501,
            33.82784
          ],
          [
            -111.475,
            33.82793
          ],
          [
            -111.47498,
            33.82799
          ],
          [
            -111.47498,
            33.828
          ],
          [
            -111.47496,
            33.8281
          ],
          [
            -111.47495,
            33.82816
          ],
          [
            -111.47492,
            33.82826
          ],
          [
            -111.4749,
            33.82835
          ],
          [
            -111.47489,
            33.82837
          ],
          [
            -111.47488,
            33.82842
          ],
          [
            -111.47487,
            33.82846
          ],
          [
            -111.47483,
            33.82859
          ],
          [
            -111.47482,
            33.82863
          ],
          [
            -111.4748,
            33.8287
          ],
          [
            -111.47479,
            33.8287
          ],
          [
            -111.47476,
            33.82879
          ],
          [
            -111.47474,
            33.82887
          ],
          [
            -111.47471,
            33.82892
          ],
          [
            -111.47467,
            33.82904
          ],
          [
            -111.47463,
            33.82911
          ],
          [
            -111.47454,
            33.82931
          ],
          [
            -111.47453,
            33.82932
          ],
          [
            -111.47447,
            33.82944
          ],
          [
            -111.47436,
            33.82963
          ],
          [
            -111.4743,
            33.82974
          ],
          [
            -111.47413,
            33.83
          ],
          [
            -111.47406,
            33.83011
          ],
          [
            -111.47392,
            33.8303
          ],
          [
            -111.47389,
            33.83034
          ],
          [
            -111.47384,
            33.83041
          ],
          [
            -111.47377,
            33.83049
          ],
          [
            -111.47348,
            33.83086
          ],
          [
            -111.47347,
            33.83087
          ],
          [
            -111.47338,
            33.83098
          ],
          [
            -111.47331,
            33.83108
          ],
          [
            -111.47326,
            33.83115
          ],
          [
            -111.47321,
            33.83123
          ],
          [
            -111.4732,
            33.83124
          ],
          [
            -111.47319,
            33.83126
          ],
          [
            -111.4731,
            33.8314
          ],
          [
            -111.47307,
            33.83146
          ],
          [
            -111.47305,
            33.8315
          ],
          [
            -111.47304,
            33.83153
          ],
          [
            -111.47302,
            33.83156
          ],
          [
            -111.47299,
            33.83163
          ],
          [
            -111.47297,
            33.83167
          ],
          [
            -111.47295,
            33.83173
          ],
          [
            -111.47293,
            33.83178
          ],
          [
            -111.47291,
            33.83185
          ],
          [
            -111.4729,
            33.83188
          ],
          [
            -111.47289,
            33.8319
          ],
          [
            -111.47288,
            33.83196
          ],
          [
            -111.47286,
            33.832
          ],
          [
            -111.47284,
            33.83208
          ],
          [
            -111.47282,
            33.83218
          ],
          [
            -111.47281,
            33.83228
          ],
          [
            -111.4728,
            33.83237
          ],
          [
            -111.4728,
            33.83242
          ],
          [
            -111.47279,
            33.83252
          ],
          [
            -111.47279,
            33.83259
          ],
          [
            -111.4728,
            33.83263
          ],
          [
            -111.4728,
            33.83272
          ],
          [
            -111.47281,
            33.8328
          ],
          [
            -111.47282,
            33.83286
          ],
          [
            -111.47283,
            33.83291
          ],
          [
            -111.47286,
            33.83306
          ],
          [
            -111.47288,
            33.83315
          ],
          [
            -111.47295,
            33.83336
          ],
          [
            -111.47317,
            33.83391
          ],
          [
            -111.47323,
            33.83408
          ],
          [
            -111.47329,
            33.83424
          ],
          [
            -111.47331,
            33.83434
          ],
          [
            -111.47334,
            33.83446
          ],
          [
            -111.47334,
            33.83447
          ],
          [
            -111.47335,
            33.83456
          ],
          [
            -111.47336,
            33.83468
          ],
          [
            -111.47336,
            33.8348
          ],
          [
            -111.47336,
            33.83492
          ],
          [
            -111.47335,
            33.83502
          ],
          [
            -111.47334,
            33.83505
          ],
          [
            -111.47334,
            33.83507
          ],
          [
            -111.47333,
            33.83513
          ],
          [
            -111.47332,
            33.83521
          ],
          [
            -111.47331,
            33.83525
          ],
          [
            -111.47329,
            33.83535
          ],
          [
            -111.47326,
            33.83543
          ],
          [
            -111.47326,
            33.83546
          ],
          [
            -111.47322,
            33.83557
          ],
          [
            -111.47318,
            33.83568
          ],
          [
            -111.47315,
            33.83575
          ],
          [
            -111.47313,
            33.83579
          ],
          [
            -111.47308,
            33.83588
          ],
          [
            -111.47302,
            33.83598
          ],
          [
            -111.47297,
            33.83606
          ],
          [
            -111.47289,
            33.83618
          ],
          [
            -111.47283,
            33.83626
          ],
          [
            -111.47276,
            33.83634
          ],
          [
            -111.47272,
            33.83639
          ],
          [
            -111.4727,
            33.83641
          ],
          [
            -111.47261,
            33.8365
          ],
          [
            -111.47256,
            33.83655
          ],
          [
            -111.47249,
            33.83661
          ],
          [
            -111.47241,
            33.83668
          ],
          [
            -111.47236,
            33.83672
          ],
          [
            -111.47229,
            33.83677
          ],
          [
            -111.47219,
            33.83684
          ],
          [
            -111.47211,
            33.8369
          ],
          [
            -111.47203,
            33.83695
          ],
          [
            -111.47193,
            33.837
          ],
          [
            -111.47188,
            33.83702
          ],
          [
            -111.47181,
            33.83706
          ],
          [
            -111.47174,
            33.83709
          ],
          [
            -111.47172,
            33.8371
          ],
          [
            -111.4717,
            33.83711
          ],
          [
            -111.47167,
            33.83712
          ],
          [
            -111.47159,
            33.83716
          ],
          [
            -111.47155,
            33.83717
          ],
          [
            -111.47152,
            33.83718
          ],
          [
            -111.47136,
            33.83724
          ],
          [
            -111.47127,
            33.83726
          ],
          [
            -111.47117,
            33.83729
          ],
          [
            -111.47091,
            33.83736
          ],
          [
            -111.47075,
            33.8374
          ],
          [
            -111.47053,
            33.83746
          ],
          [
            -111.47038,
            33.8375
          ],
          [
            -111.4703,
            33.83753
          ],
          [
            -111.4702,
            33.83756
          ],
          [
            -111.4701,
            33.8376
          ],
          [
            -111.46997,
            33.83765
          ],
          [
            -111.46993,
            33.83766
          ],
          [
            -111.46992,
            33.83767
          ],
          [
            -111.46991,
            33.83767
          ],
          [
            -111.46989,
            33.83768
          ],
          [
            -111.46987,
            33.83769
          ],
          [
            -111.46977,
            33.83773
          ],
          [
            -111.46972,
            33.83776
          ],
          [
            -111.46964,
            33.8378
          ],
          [
            -111.46954,
            33.83786
          ],
          [
            -111.46944,
            33.83792
          ],
          [
            -111.46938,
            33.83796
          ],
          [
            -111.46931,
            33.838
          ],
          [
            -111.46922,
            33.83807
          ],
          [
            -111.46922,
            33.83808
          ],
          [
            -111.46914,
            33.83814
          ],
          [
            -111.46907,
            33.8382
          ],
          [
            -111.46903,
            33.83824
          ],
          [
            -111.46886,
            33.83841
          ],
          [
            -111.46876,
            33.83853
          ],
          [
            -111.46869,
            33.83861
          ],
          [
            -111.46868,
            33.83863
          ],
          [
            -111.46867,
            33.83863
          ],
          [
            -111.46865,
            33.83867
          ],
          [
            -111.46859,
            33.83875
          ],
          [
            -111.46856,
            33.83879
          ],
          [
            -111.46853,
            33.83885
          ],
          [
            -111.4685,
            33.8389
          ],
          [
            -111.46846,
            33.83897
          ],
          [
            -111.46841,
            33.83907
          ],
          [
            -111.46837,
            33.83917
          ],
          [
            -111.46833,
            33.83926
          ],
          [
            -111.46829,
            33.83938
          ],
          [
            -111.46827,
            33.83948
          ],
          [
            -111.46825,
            33.83957
          ],
          [
            -111.46823,
            33.83968
          ],
          [
            -111.46821,
            33.8398
          ],
          [
            -111.46819,
            33.83999
          ],
          [
            -111.46817,
            33.84014
          ],
          [
            -111.46817,
            33.84017
          ],
          [
            -111.46817,
            33.84018
          ],
          [
            -111.46817,
            33.84019
          ],
          [
            -111.46816,
            33.84023
          ],
          [
            -111.46815,
            33.84035
          ],
          [
            -111.46814,
            33.84041
          ],
          [
            -111.46813,
            33.84053
          ],
          [
            -111.46813,
            33.84054
          ],
          [
            -111.46813,
            33.84055
          ],
          [
            -111.46812,
            33.84059
          ],
          [
            -111.46811,
            33.84071
          ],
          [
            -111.46809,
            33.84092
          ],
          [
            -111.46806,
            33.84114
          ],
          [
            -111.46805,
            33.84122
          ],
          [
            -111.46805,
            33.84128
          ],
          [
            -111.46804,
            33.84133
          ],
          [
            -111.46803,
            33.84146
          ],
          [
            -111.46802,
            33.84151
          ],
          [
            -111.46801,
            33.84159
          ],
          [
            -111.468,
            33.84178
          ],
          [
            -111.46799,
            33.84182
          ],
          [
            -111.46798,
            33.84192
          ],
          [
            -111.46798,
            33.842
          ],
          [
            -111.46796,
            33.84214
          ],
          [
            -111.46795,
            33.84225
          ],
          [
            -111.46795,
            33.84231
          ],
          [
            -111.46795,
            33.84235
          ],
          [
            -111.46794,
            33.84239
          ],
          [
            -111.46794,
            33.84247
          ],
          [
            -111.46794,
            33.84257
          ],
          [
            -111.46794,
            33.84265
          ],
          [
            -111.46794,
            33.84271
          ],
          [
            -111.46794,
            33.84278
          ],
          [
            -111.46794,
            33.84288
          ],
          [
            -111.46794,
            33.84293
          ],
          [
            -111.46794,
            33.84302
          ],
          [
            -111.46794,
            33.84307
          ],
          [
            -111.46795,
            33.84314
          ],
          [
            -111.46796,
            33.84332
          ],
          [
            -111.46797,
            33.84343
          ],
          [
            -111.46798,
            33.84355
          ],
          [
            -111.46799,
            33.84361
          ],
          [
            -111.46799,
            33.84364
          ],
          [
            -111.468,
            33.84368
          ],
          [
            -111.46801,
            33.84379
          ],
          [
            -111.46802,
            33.84383
          ],
          [
            -111.46803,
            33.84391
          ],
          [
            -111.46804,
            33.84397
          ],
          [
            -111.46805,
            33.84401
          ],
          [
            -111.46807,
            33.84411
          ],
          [
            -111.46807,
            33.84414
          ],
          [
            -111.46807,
            33.84415
          ],
          [
            -111.46809,
            33.84421
          ],
          [
            -111.46811,
            33.84432
          ],
          [
            -111.46812,
            33.84437
          ],
          [
            -111.46815,
            33.84447
          ],
          [
            -111.46819,
            33.84464
          ],
          [
            -111.46821,
            33.84477
          ],
          [
            -111.46825,
            33.84496
          ],
          [
            -111.46828,
            33.84508
          ],
          [
            -111.46829,
            33.84515
          ],
          [
            -111.46833,
            33.84538
          ],
          [
            -111.46836,
            33.84555
          ],
          [
            -111.46836,
            33.84557
          ],
          [
            -111.46837,
            33.84562
          ],
          [
            -111.46838,
            33.84574
          ],
          [
            -111.46839,
            33.84574
          ],
          [
            -111.46839,
            33.84579
          ],
          [
            -111.46841,
            33.84592
          ],
          [
            -111.46844,
            33.84622
          ],
          [
            -111.46845,
            33.84628
          ],
          [
            -111.46846,
            33.84646
          ],
          [
            -111.46847,
            33.84652
          ],
          [
            -111.46848,
            33.84664
          ],
          [
            -111.4685,
            33.84678
          ],
          [
            -111.4685,
            33.84682
          ],
          [
            -111.46853,
            33.847
          ],
          [
            -111.46855,
            33.84717
          ],
          [
            -111.46855,
            33.84718
          ],
          [
            -111.46856,
            33.84722
          ],
          [
            -111.46859,
            33.84744
          ],
          [
            -111.4686,
            33.84753
          ],
          [
            -111.46862,
            33.84765
          ],
          [
            -111.46864,
            33.84771
          ],
          [
            -111.46865,
            33.84777
          ],
          [
            -111.46867,
            33.84789
          ],
          [
            -111.46868,
            33.84792
          ],
          [
            -111.46869,
            33.848
          ],
          [
            -111.46873,
            33.8482
          ],
          [
            -111.46874,
            33.84824
          ],
          [
            -111.46878,
            33.84842
          ],
          [
            -111.46883,
            33.84859
          ],
          [
            -111.46884,
            33.84863
          ],
          [
            -111.46885,
            33.84868
          ],
          [
            -111.46887,
            33.84874
          ],
          [
            -111.46896,
            33.84906
          ],
          [
            -111.46897,
            33.84912
          ],
          [
            -111.46904,
            33.84938
          ],
          [
            -111.46907,
            33.8495
          ],
          [
            -111.46909,
            33.84955
          ],
          [
            -111.46912,
            33.84964
          ],
          [
            -111.46913,
            33.84967
          ],
          [
            -111.46913,
            33.84968
          ],
          [
            -111.46914,
            33.84972
          ],
          [
            -111.46918,
            33.84982
          ],
          [
            -111.46919,
            33.84987
          ],
          [
            -111.46924,
            33.85003
          ],
          [
            -111.46928,
            33.85015
          ],
          [
            -111.46936,
            33.85036
          ],
          [
            -111.46952,
            33.85079
          ],
          [
            -111.46962,
            33.85107
          ],
          [
            -111.46964,
            33.85111
          ],
          [
            -111.46967,
            33.85119
          ],
          [
            -111.46968,
            33.85121
          ],
          [
            -111.46969,
            33.85123
          ],
          [
            -111.46971,
            33.85128
          ],
          [
            -111.46972,
            33.85132
          ],
          [
            -111.46974,
            33.85136
          ],
          [
            -111.46981,
            33.85151
          ],
          [
            -111.46991,
            33.85173
          ],
          [
            -111.46999,
            33.8519
          ],
          [
            -111.47005,
            33.85201
          ],
          [
            -111.47008,
            33.85205
          ],
          [
            -111.47011,
            33.85211
          ],
          [
            -111.47012,
            33.85213
          ],
          [
            -111.47015,
            33.85219
          ],
          [
            -111.47017,
            33.85224
          ],
          [
            -111.47018,
            33.85225
          ],
          [
            -111.47019,
            33.85228
          ],
          [
            -111.47024,
            33.85236
          ],
          [
            -111.47025,
            33.85239
          ],
          [
            -111.47035,
            33.85258
          ],
          [
            -111.4704,
            33.85269
          ],
          [
            -111.47047,
            33.85281
          ],
          [
            -111.47054,
            33.85294
          ],
          [
            -111.47058,
            33.85301
          ],
          [
            -111.47058,
            33.85302
          ],
          [
            -111.47061,
            33.85306
          ],
          [
            -111.47063,
            33.8531
          ],
          [
            -111.47068,
            33.85318
          ],
          [
            -111.47075,
            33.85331
          ],
          [
            -111.47102,
            33.85375
          ],
          [
            -111.47132,
            33.85422
          ],
          [
            -111.47137,
            33.8543
          ],
          [
            -111.4714,
            33.85434
          ],
          [
            -111.47142,
            33.85438
          ],
          [
            -111.47152,
            33.85454
          ],
          [
            -111.47163,
            33.8547
          ],
          [
            -111.4717,
            33.85481
          ],
          [
            -111.47173,
            33.85485
          ],
          [
            -111.47181,
            33.85497
          ],
          [
            -111.47183,
            33.85501
          ],
          [
            -111.47187,
            33.85507
          ],
          [
            -111.47208,
            33.85539
          ],
          [
            -111.47209,
            33.8554
          ],
          [
            -111.47226,
            33.85567
          ],
          [
            -111.47239,
            33.85588
          ],
          [
            -111.47249,
            33.85602
          ],
          [
            -111.47257,
            33.85616
          ],
          [
            -111.47283,
            33.85655
          ],
          [
            -111.47299,
            33.85679
          ],
          [
            -111.47302,
            33.85683
          ],
          [
            -111.47317,
            33.85706
          ],
          [
            -111.47329,
            33.85725
          ],
          [
            -111.47336,
            33.85735
          ],
          [
            -111.47336,
            33.85736
          ],
          [
            -111.47351,
            33.85763
          ],
          [
            -111.47362,
            33.85784
          ],
          [
            -111.47367,
            33.85794
          ],
          [
            -111.47375,
            33.85814
          ],
          [
            -111.47377,
            33.85818
          ],
          [
            -111.47379,
            33.85825
          ],
          [
            -111.47387,
            33.85847
          ],
          [
            -111.4739,
            33.85858
          ],
          [
            -111.47397,
            33.85888
          ],
          [
            -111.47397,
            33.8589
          ],
          [
            -111.474,
            33.85904
          ],
          [
            -111.47402,
            33.85913
          ],
          [
            -111.47405,
            33.85937
          ],
          [
            -111.47406,
            33.85949
          ],
          [
            -111.47406,
            33.8596
          ],
          [
            -111.47407,
            33.8597
          ],
          [
            -111.47407,
            33.85988
          ],
          [
            -111.47406,
            33.86005
          ],
          [
            -111.47405,
            33.86013
          ],
          [
            -111.47403,
            33.86027
          ],
          [
            -111.47402,
            33.86039
          ],
          [
            -111.474,
            33.8605
          ],
          [
            -111.47398,
            33.8606
          ],
          [
            -111.47397,
            33.86067
          ],
          [
            -111.47396,
            33.86072
          ],
          [
            -111.47393,
            33.86082
          ],
          [
            -111.47393,
            33.86085
          ],
          [
            -111.47391,
            33.86093
          ],
          [
            -111.47385,
            33.86113
          ],
          [
            -111.47377,
            33.86135
          ],
          [
            -111.47366,
            33.8616
          ],
          [
            -111.47359,
            33.86175
          ],
          [
            -111.47354,
            33.86186
          ],
          [
            -111.47346,
            33.86201
          ],
          [
            -111.47337,
            33.86216
          ],
          [
            -111.47325,
            33.86235
          ],
          [
            -111.47311,
            33.86254
          ],
          [
            -111.47304,
            33.86264
          ],
          [
            -111.47296,
            33.86272
          ],
          [
            -111.47292,
            33.86279
          ],
          [
            -111.47273,
            33.863
          ],
          [
            -111.47257,
            33.86315
          ],
          [
            -111.47246,
            33.86326
          ],
          [
            -111.47239,
            33.86332
          ],
          [
            -111.47219,
            33.8635
          ],
          [
            -111.47202,
            33.86365
          ],
          [
            -111.47189,
            33.86376
          ],
          [
            -111.47176,
            33.86386
          ],
          [
            -111.47173,
            33.86388
          ],
          [
            -111.47157,
            33.864
          ],
          [
            -111.47141,
            33.86412
          ],
          [
            -111.47141,
            33.86413
          ],
          [
            -111.47132,
            33.8642
          ],
          [
            -111.47117,
            33.86432
          ],
          [
            -111.47094,
            33.86449
          ],
          [
            -111.47078,
            33.86461
          ],
          [
            -111.47077,
            33.86462
          ],
          [
            -111.47056,
            33.86478
          ],
          [
            -111.4703,
            33.86498
          ],
          [
            -111.47014,
            33.8651
          ],
          [
            -111.47014,
            33.86511
          ],
          [
            -111.47005,
            33.86518
          ],
          [
            -111.46999,
            33.86523
          ],
          [
            -111.46994,
            33.86527
          ],
          [
            -111.46985,
            33.86534
          ],
          [
            -111.4697,
            33.86547
          ],
          [
            -111.46955,
            33.86559
          ],
          [
            -111.46941,
            33.86571
          ],
          [
            -111.46929,
            33.86581
          ],
          [
            -111.4689,
            33.86616
          ],
          [
            -111.46874,
            33.8663
          ],
          [
            -111.46856,
            33.86648
          ],
          [
            -111.46854,
            33.86649
          ],
          [
            -111.46847,
            33.86656
          ],
          [
            -111.46841,
            33.86661
          ],
          [
            -111.46827,
            33.86675
          ],
          [
            -111.4677,
            33.86732
          ],
          [
            -111.46734,
            33.86769
          ],
          [
            -111.46714,
            33.86788
          ],
          [
            -111.46695,
            33.86808
          ],
          [
            -111.46559,
            33.86941
          ],
          [
            -111.46488,
            33.87013
          ],
          [
            -111.46426,
            33.87078
          ],
          [
            -111.46421,
            33.87082
          ],
          [
            -111.4642,
            33.87083
          ],
          [
            -111.46408,
            33.87096
          ],
          [
            -111.46394,
            33.8711
          ],
          [
            -111.46344,
            33.87161
          ],
          [
            -111.4634,
            33.87164
          ],
          [
            -111.46305,
            33.872
          ],
          [
            -111.46295,
            33.8721
          ],
          [
            -111.46254,
            33.87253
          ],
          [
            -111.46231,
            33.8728
          ],
          [
            -111.46202,
            33.87317
          ],
          [
            -111.46186,
            33.8734
          ],
          [
            -111.46182,
            33.87345
          ],
          [
            -111.46164,
            33.87371
          ],
          [
            -111.46163,
            33.87373
          ],
          [
            -111.46155,
            33.87384
          ],
          [
            -111.46143,
            33.87402
          ],
          [
            -111.46136,
            33.87413
          ],
          [
            -111.46134,
            33.87417
          ],
          [
            -111.46097,
            33.87471
          ],
          [
            -111.46089,
            33.87483
          ],
          [
            -111.4606,
            33.87526
          ],
          [
            -111.46047,
            33.87545
          ],
          [
            -111.46039,
            33.87557
          ],
          [
            -111.46036,
            33.87561
          ],
          [
            -111.46036,
            33.87562
          ],
          [
            -111.46025,
            33.87577
          ],
          [
            -111.46012,
            33.87596
          ],
          [
            -111.45993,
            33.87623
          ],
          [
            -111.45985,
            33.87636
          ],
          [
            -111.45971,
            33.87655
          ],
          [
            -111.45951,
            33.87686
          ],
          [
            -111.4595,
            33.87688
          ],
          [
            -111.45948,
            33.8769
          ],
          [
            -111.4594,
            33.87702
          ],
          [
            -111.45932,
            33.87712
          ],
          [
            -111.45919,
            33.8773
          ],
          [
            -111.45911,
            33.87742
          ],
          [
            -111.45901,
            33.87752
          ],
          [
            -111.45892,
            33.87762
          ],
          [
            -111.4589,
            33.87764
          ],
          [
            -111.45878,
            33.87775
          ],
          [
            -111.45863,
            33.87788
          ],
          [
            -111.45851,
            33.87798
          ],
          [
            -111.45831,
            33.87812
          ],
          [
            -111.45798,
            33.87835
          ],
          [
            -111.4577,
            33.87853
          ],
          [
            -111.45741,
            33.87873
          ],
          [
            -111.45717,
            33.87888
          ],
          [
            -111.457,
            33.87899
          ],
          [
            -111.45658,
            33.87925
          ],
          [
            -111.45576,
            33.87981
          ],
          [
            -111.45557,
            33.87993
          ],
          [
            -111.45509,
            33.88025
          ],
          [
            -111.4549,
            33.88038
          ],
          [
            -111.45473,
            33.8805
          ],
          [
            -111.45469,
            33.88053
          ],
          [
            -111.45457,
            33.88062
          ],
          [
            -111.45448,
            33.88068
          ],
          [
            -111.45443,
            33.88072
          ],
          [
            -111.45439,
            33.88075
          ],
          [
            -111.45429,
            33.88083
          ],
          [
            -111.45425,
            33.88086
          ],
          [
            -111.45419,
            33.88091
          ],
          [
            -111.45411,
            33.881
          ],
          [
            -111.45404,
            33.88106
          ],
          [
            -111.45399,
            33.88111
          ],
          [
            -111.45397,
            33.88114
          ],
          [
            -111.45386,
            33.88126
          ],
          [
            -111.4538,
            33.88133
          ],
          [
            -111.45372,
            33.88143
          ],
          [
            -111.45372,
            33.88144
          ],
          [
            -111.45365,
            33.88154
          ],
          [
            -111.45362,
            33.88159
          ],
          [
            -111.45359,
            33.88163
          ],
          [
            -111.45353,
            33.88172
          ],
          [
            -111.45353,
            33.88173
          ],
          [
            -111.45352,
            33.88175
          ],
          [
            -111.45347,
            33.88183
          ],
          [
            -111.45343,
            33.88193
          ],
          [
            -111.45338,
            33.88202
          ],
          [
            -111.45329,
            33.88225
          ],
          [
            -111.45325,
            33.88236
          ],
          [
            -111.45324,
            33.8824
          ],
          [
            -111.45323,
            33.88243
          ],
          [
            -111.45322,
            33.88246
          ],
          [
            -111.4532,
            33.88258
          ],
          [
            -111.45319,
            33.8826
          ],
          [
            -111.45317,
            33.88268
          ],
          [
            -111.45315,
            33.88278
          ],
          [
            -111.45312,
            33.8829
          ],
          [
            -111.45308,
            33.88312
          ],
          [
            -111.45304,
            33.88331
          ],
          [
            -111.45302,
            33.88344
          ],
          [
            -111.453,
            33.88349
          ],
          [
            -111.45297,
            33.88367
          ],
          [
            -111.45288,
            33.88409
          ],
          [
            -111.45283,
            33.88438
          ],
          [
            -111.4528,
            33.88452
          ],
          [
            -111.45267,
            33.88517
          ],
          [
            -111.45265,
            33.88526
          ],
          [
            -111.45254,
            33.88579
          ],
          [
            -111.45254,
            33.88582
          ],
          [
            -111.45251,
            33.88595
          ],
          [
            -111.45246,
            33.88619
          ],
          [
            -111.45243,
            33.88633
          ],
          [
            -111.45242,
            33.8864
          ],
          [
            -111.4524,
            33.88649
          ],
          [
            -111.45239,
            33.88657
          ],
          [
            -111.45236,
            33.88674
          ],
          [
            -111.45234,
            33.88691
          ],
          [
            -111.45233,
            33.88702
          ],
          [
            -111.45232,
            33.88722
          ],
          [
            -111.45232,
            33.88737
          ],
          [
            -111.45233,
            33.88758
          ],
          [
            -111.45234,
            33.88777
          ],
          [
            -111.45234,
            33.88785
          ],
          [
            -111.45237,
            33.88799
          ],
          [
            -111.45242,
            33.88821
          ],
          [
            -111.45245,
            33.88833
          ],
          [
            -111.45249,
            33.88843
          ],
          [
            -111.45253,
            33.88855
          ],
          [
            -111.45254,
            33.88859
          ],
          [
            -111.45259,
            33.88873
          ],
          [
            -111.45269,
            33.88897
          ],
          [
            -111.45285,
            33.88928
          ],
          [
            -111.45287,
            33.88934
          ],
          [
            -111.45293,
            33.88945
          ],
          [
            -111.45298,
            33.88956
          ],
          [
            -111.45301,
            33.88962
          ],
          [
            -111.45306,
            33.88973
          ],
          [
            -111.45314,
            33.8899
          ],
          [
            -111.45322,
            33.89006
          ],
          [
            -111.4533,
            33.89023
          ],
          [
            -111.45333,
            33.89029
          ],
          [
            -111.45335,
            33.89032
          ],
          [
            -111.45338,
            33.8904
          ],
          [
            -111.45341,
            33.89045
          ],
          [
            -111.45345,
            33.89055
          ],
          [
            -111.45354,
            33.89073
          ],
          [
            -111.45362,
            33.8909
          ],
          [
            -111.45366,
            33.89099
          ],
          [
            -111.45373,
            33.89112
          ],
          [
            -111.45375,
            33.89118
          ],
          [
            -111.45381,
            33.89129
          ],
          [
            -111.45396,
            33.89156
          ],
          [
            -111.45409,
            33.89177
          ],
          [
            -111.45411,
            33.89181
          ],
          [
            -111.45412,
            33.89183
          ],
          [
            -111.45416,
            33.89188
          ],
          [
            -111.45423,
            33.89199
          ],
          [
            -111.45433,
            33.89213
          ],
          [
            -111.45442,
            33.89227
          ],
          [
            -111.45468,
            33.89262
          ],
          [
            -111.4547,
            33.89264
          ],
          [
            -111.45475,
            33.8927
          ],
          [
            -111.45482,
            33.8928
          ],
          [
            -111.45495,
            33.89294
          ],
          [
            -111.45502,
            33.89304
          ],
          [
            -111.45516,
            33.8932
          ],
          [
            -111.45531,
            33.89336
          ],
          [
            -111.45534,
            33.89339
          ],
          [
            -111.45557,
            33.89364
          ],
          [
            -111.45574,
            33.89381
          ],
          [
            -111.45597,
            33.89404
          ],
          [
            -111.45636,
            33.89438
          ],
          [
            -111.45663,
            33.89461
          ],
          [
            -111.45676,
            33.89473
          ],
          [
            -111.45689,
            33.89485
          ],
          [
            -111.45704,
            33.89499
          ],
          [
            -111.45714,
            33.89508
          ],
          [
            -111.4572,
            33.89516
          ],
          [
            -111.4573,
            33.89526
          ],
          [
            -111.45735,
            33.89533
          ],
          [
            -111.45744,
            33.89544
          ],
          [
            -111.45749,
            33.89551
          ],
          [
            -111.45753,
            33.89557
          ],
          [
            -111.45755,
            33.8956
          ],
          [
            -111.45762,
            33.8957
          ],
          [
            -111.45763,
            33.89572
          ],
          [
            -111.45765,
            33.89576
          ],
          [
            -111.45768,
            33.89581
          ],
          [
            -111.45773,
            33.8959
          ],
          [
            -111.45778,
            33.896
          ],
          [
            -111.45783,
            33.8961
          ],
          [
            -111.45784,
            33.89614
          ],
          [
            -111.45787,
            33.8962
          ],
          [
            -111.45789,
            33.89626
          ],
          [
            -111.4579,
            33.89629
          ],
          [
            -111.45794,
            33.89639
          ],
          [
            -111.45797,
            33.89649
          ],
          [
            -111.458,
            33.89661
          ],
          [
            -111.45801,
            33.89671
          ],
          [
            -111.45802,
            33.89679
          ],
          [
            -111.45804,
            33.8969
          ],
          [
            -111.45805,
            33.89701
          ],
          [
            -111.45805,
            33.89712
          ],
          [
            -111.45805,
            33.89724
          ],
          [
            -111.45805,
            33.89734
          ],
          [
            -111.45804,
            33.89743
          ],
          [
            -111.45803,
            33.89749
          ],
          [
            -111.45802,
            33.89757
          ],
          [
            -111.45801,
            33.89765
          ],
          [
            -111.458,
            33.89768
          ],
          [
            -111.45799,
            33.89774
          ],
          [
            -111.45799,
            33.89775
          ],
          [
            -111.45796,
            33.89785
          ],
          [
            -111.45792,
            33.898
          ],
          [
            -111.45789,
            33.89808
          ],
          [
            -111.45787,
            33.89815
          ],
          [
            -111.45785,
            33.89819
          ],
          [
            -111.45778,
            33.89836
          ],
          [
            -111.45768,
            33.89856
          ],
          [
            -111.45758,
            33.89873
          ],
          [
            -111.45745,
            33.89892
          ],
          [
            -111.45732,
            33.89909
          ],
          [
            -111.45709,
            33.89935
          ],
          [
            -111.457,
            33.89945
          ],
          [
            -111.45696,
            33.8995
          ],
          [
            -111.45688,
            33.89959
          ],
          [
            -111.45678,
            33.89969
          ],
          [
            -111.45648,
            33.90003
          ],
          [
            -111.45644,
            33.90007
          ],
          [
            -111.45638,
            33.90014
          ],
          [
            -111.45563,
            33.901
          ],
          [
            -111.45546,
            33.90118
          ],
          [
            -111.4554,
            33.90125
          ],
          [
            -111.45533,
            33.90132
          ],
          [
            -111.45524,
            33.90142
          ],
          [
            -111.45519,
            33.90146
          ],
          [
            -111.45508,
            33.90158
          ],
          [
            -111.45505,
            33.9016
          ],
          [
            -111.45504,
            33.90161
          ],
          [
            -111.455,
            33.90165
          ],
          [
            -111.45499,
            33.90165
          ],
          [
            -111.45492,
            33.90172
          ],
          [
            -111.45477,
            33.90185
          ],
          [
            -111.45464,
            33.90195
          ],
          [
            -111.45458,
            33.902
          ],
          [
            -111.45436,
            33.90216
          ],
          [
            -111.45409,
            33.90234
          ],
          [
            -111.45408,
            33.90234
          ],
          [
            -111.45405,
            33.90236
          ],
          [
            -111.45404,
            33.90237
          ],
          [
            -111.45385,
            33.90249
          ],
          [
            -111.45356,
            33.90268
          ],
          [
            -111.45353,
            33.9027
          ],
          [
            -111.45322,
            33.9029
          ],
          [
            -111.45305,
            33.90301
          ],
          [
            -111.45302,
            33.90303
          ],
          [
            -111.45288,
            33.90312
          ],
          [
            -111.45253,
            33.90335
          ],
          [
            -111.45242,
            33.90343
          ],
          [
            -111.45239,
            33.90345
          ],
          [
            -111.45238,
            33.90346
          ],
          [
            -111.45234,
            33.90349
          ],
          [
            -111.45222,
            33.90358
          ],
          [
            -111.45221,
            33.90358
          ],
          [
            -111.45209,
            33.90368
          ],
          [
            -111.45206,
            33.90371
          ],
          [
            -111.45205,
            33.90371
          ],
          [
            -111.45202,
            33.90374
          ],
          [
            -111.45191,
            33.90383
          ],
          [
            -111.45183,
            33.9039
          ],
          [
            -111.45166,
            33.90406
          ],
          [
            -111.45149,
            33.90423
          ],
          [
            -111.45145,
            33.90428
          ],
          [
            -111.45144,
            33.90429
          ],
          [
            -111.45135,
            33.9044
          ],
          [
            -111.45111,
            33.90469
          ],
          [
            -111.45107,
            33.90475
          ],
          [
            -111.45082,
            33.90512
          ],
          [
            -111.4507,
            33.90533
          ],
          [
            -111.45062,
            33.90548
          ],
          [
            -111.45058,
            33.90557
          ],
          [
            -111.45048,
            33.9058
          ],
          [
            -111.45042,
            33.90595
          ],
          [
            -111.45041,
            33.906
          ],
          [
            -111.45035,
            33.90617
          ],
          [
            -111.45034,
            33.90622
          ],
          [
            -111.4503,
            33.90634
          ],
          [
            -111.45028,
            33.90642
          ],
          [
            -111.45023,
            33.90664
          ],
          [
            -111.45022,
            33.9067
          ],
          [
            -111.45019,
            33.90687
          ],
          [
            -111.45018,
            33.90693
          ],
          [
            -111.45017,
            33.90705
          ],
          [
            -111.45016,
            33.90716
          ],
          [
            -111.45016,
            33.90723
          ],
          [
            -111.45015,
            33.90741
          ],
          [
            -111.45015,
            33.9075
          ],
          [
            -111.45015,
            33.90759
          ],
          [
            -111.45015,
            33.90762
          ],
          [
            -111.45015,
            33.90773
          ],
          [
            -111.45016,
            33.90777
          ],
          [
            -111.45017,
            33.90795
          ],
          [
            -111.45019,
            33.90813
          ],
          [
            -111.4502,
            33.90817
          ],
          [
            -111.45024,
            33.90839
          ],
          [
            -111.45025,
            33.90849
          ],
          [
            -111.45028,
            33.90861
          ],
          [
            -111.45031,
            33.90881
          ],
          [
            -111.45032,
            33.90885
          ],
          [
            -111.45035,
            33.90902
          ],
          [
            -111.45036,
            33.90905
          ],
          [
            -111.45038,
            33.90915
          ],
          [
            -111.45038,
            33.90919
          ],
          [
            -111.45039,
            33.9092
          ],
          [
            -111.45039,
            33.90922
          ],
          [
            -111.4504,
            33.90926
          ],
          [
            -111.45042,
            33.90937
          ],
          [
            -111.45043,
            33.90942
          ],
          [
            -111.45044,
            33.90952
          ],
          [
            -111.45049,
            33.90974
          ],
          [
            -111.4505,
            33.90981
          ],
          [
            -111.45052,
            33.90991
          ],
          [
            -111.45055,
            33.91008
          ],
          [
            -111.45062,
            33.91045
          ],
          [
            -111.45065,
            33.91063
          ],
          [
            -111.45072,
            33.91098
          ],
          [
            -111.45075,
            33.91114
          ],
          [
            -111.4508,
            33.91144
          ],
          [
            -111.45084,
            33.91164
          ],
          [
            -111.45084,
            33.91166
          ],
          [
            -111.45085,
            33.91168
          ],
          [
            -111.45085,
            33.91169
          ],
          [
            -111.45088,
            33.91188
          ],
          [
            -111.45093,
            33.9121
          ],
          [
            -111.45096,
            33.91225
          ],
          [
            -111.45103,
            33.91252
          ],
          [
            -111.45109,
            33.91274
          ],
          [
            -111.45115,
            33.91294
          ],
          [
            -111.45122,
            33.91316
          ],
          [
            -111.45127,
            33.9133
          ],
          [
            -111.4513,
            33.91338
          ],
          [
            -111.45133,
            33.91347
          ],
          [
            -111.45138,
            33.9136
          ],
          [
            -111.4514,
            33.91364
          ],
          [
            -111.45147,
            33.9138
          ],
          [
            -111.4515,
            33.91388
          ],
          [
            -111.45157,
            33.91403
          ],
          [
            -111.45159,
            33.91408
          ],
          [
            -111.45162,
            33.91414
          ],
          [
            -111.4517,
            33.91431
          ],
          [
            -111.45171,
            33.91433
          ],
          [
            -111.45179,
            33.91448
          ],
          [
            -111.45186,
            33.91462
          ],
          [
            -111.45188,
            33.91464
          ],
          [
            -111.45198,
            33.91483
          ],
          [
            -111.45206,
            33.91497
          ],
          [
            -111.45215,
            33.91511
          ],
          [
            -111.45223,
            33.91523
          ],
          [
            -111.45227,
            33.9153
          ],
          [
            -111.4524,
            33.91548
          ],
          [
            -111.45248,
            33.9156
          ],
          [
            -111.45261,
            33.91578
          ],
          [
            -111.45276,
            33.91599
          ],
          [
            -111.45289,
            33.91616
          ],
          [
            -111.45303,
            33.91634
          ],
          [
            -111.45304,
            33.91636
          ],
          [
            -111.45317,
            33.91653
          ],
          [
            -111.45332,
            33.91672
          ],
          [
            -111.45346,
            33.91689
          ],
          [
            -111.45349,
            33.91694
          ],
          [
            -111.45358,
            33.91706
          ],
          [
            -111.45361,
            33.9171
          ],
          [
            -111.45374,
            33.91728
          ],
          [
            -111.45389,
            33.91747
          ],
          [
            -111.45405,
            33.91767
          ],
          [
            -111.45419,
            33.91786
          ],
          [
            -111.45431,
            33.91804
          ],
          [
            -111.45437,
            33.91813
          ],
          [
            -111.45455,
            33.9184
          ],
          [
            -111.45466,
            33.91859
          ],
          [
            -111.45471,
            33.91868
          ],
          [
            -111.45477,
            33.91881
          ],
          [
            -111.45482,
            33.9189
          ],
          [
            -111.45483,
            33.91894
          ],
          [
            -111.45485,
            33.91898
          ],
          [
            -111.45486,
            33.91902
          ],
          [
            -111.45489,
            33.9191
          ],
          [
            -111.45492,
            33.91919
          ],
          [
            -111.45496,
            33.91931
          ],
          [
            -111.45498,
            33.91936
          ],
          [
            -111.45502,
            33.91953
          ],
          [
            -111.45507,
            33.91974
          ],
          [
            -111.45508,
            33.91982
          ],
          [
            -111.45508,
            33.91986
          ],
          [
            -111.45509,
            33.91989
          ],
          [
            -111.4551,
            33.91994
          ],
          [
            -111.4551,
            33.92007
          ],
          [
            -111.45511,
            33.92018
          ],
          [
            -111.4551,
            33.9204
          ],
          [
            -111.45508,
            33.92063
          ],
          [
            -111.45506,
            33.92076
          ],
          [
            -111.45504,
            33.92082
          ],
          [
            -111.45502,
            33.92092
          ],
          [
            -111.455,
            33.92103
          ],
          [
            -111.45493,
            33.92124
          ],
          [
            -111.45486,
            33.92139
          ],
          [
            -111.45478,
            33.92154
          ],
          [
            -111.45473,
            33.92164
          ],
          [
            -111.45463,
            33.92181
          ],
          [
            -111.45451,
            33.92202
          ],
          [
            -111.4544,
            33.92216
          ],
          [
            -111.45438,
            33.92219
          ],
          [
            -111.45434,
            33.92224
          ],
          [
            -111.45429,
            33.9223
          ],
          [
            -111.45425,
            33.92234
          ],
          [
            -111.45417,
            33.92243
          ],
          [
            -111.45406,
            33.92255
          ],
          [
            -111.45396,
            33.92265
          ],
          [
            -111.45384,
            33.92275
          ],
          [
            -111.4538,
            33.92279
          ],
          [
            -111.45379,
            33.9228
          ],
          [
            -111.45369,
            33.92288
          ],
          [
            -111.45363,
            33.92292
          ],
          [
            -111.45353,
            33.923
          ],
          [
            -111.45346,
            33.92304
          ],
          [
            -111.45334,
            33.92313
          ],
          [
            -111.4532,
            33.92321
          ],
          [
            -111.45302,
            33.92331
          ],
          [
            -111.45286,
            33.92339
          ],
          [
            -111.45275,
            33.92345
          ],
          [
            -111.45265,
            33.92349
          ],
          [
            -111.45264,
            33.9235
          ],
          [
            -111.45263,
            33.9235
          ],
          [
            -111.45244,
            33.92358
          ],
          [
            -111.4524,
            33.92359
          ],
          [
            -111.45214,
            33.92369
          ],
          [
            -111.4519,
            33.92378
          ],
          [
            -111.45177,
            33.92383
          ],
          [
            -111.45165,
            33.92387
          ],
          [
            -111.45153,
            33.92392
          ],
          [
            -111.45126,
            33.92402
          ],
          [
            -111.45091,
            33.92415
          ],
          [
            -111.45071,
            33.92422
          ],
          [
            -111.45067,
            33.92424
          ],
          [
            -111.45054,
            33.92429
          ],
          [
            -111.45035,
            33.92437
          ],
          [
            -111.45033,
            33.92438
          ],
          [
            -111.45009,
            33.92448
          ],
          [
            -111.44992,
            33.92456
          ],
          [
            -111.44988,
            33.92458
          ],
          [
            -111.44965,
            33.92469
          ],
          [
            -111.44942,
            33.9248
          ],
          [
            -111.44919,
            33.92492
          ],
          [
            -111.44918,
            33.92493
          ],
          [
            -111.44904,
            33.925
          ],
          [
            -111.44902,
            33.92502
          ],
          [
            -111.449,
            33.92503
          ],
          [
            -111.44899,
            33.92503
          ],
          [
            -111.44897,
            33.92504
          ],
          [
            -111.44884,
            33.92512
          ],
          [
            -111.44882,
            33.92513
          ],
          [
            -111.44874,
            33.92517
          ],
          [
            -111.44853,
            33.9253
          ],
          [
            -111.44831,
            33.92543
          ],
          [
            -111.44829,
            33.92544
          ],
          [
            -111.44807,
            33.92557
          ],
          [
            -111.44787,
            33.92569
          ],
          [
            -111.44766,
            33.92582
          ],
          [
            -111.44748,
            33.92592
          ],
          [
            -111.44729,
            33.92604
          ],
          [
            -111.44708,
            33.92617
          ],
          [
            -111.44693,
            33.92625
          ],
          [
            -111.4469,
            33.92627
          ],
          [
            -111.44688,
            33.92628
          ],
          [
            -111.44684,
            33.92631
          ],
          [
            -111.44677,
            33.92635
          ],
          [
            -111.44672,
            33.92638
          ],
          [
            -111.4467,
            33.92639
          ],
          [
            -111.44666,
            33.92641
          ],
          [
            -111.44658,
            33.92646
          ],
          [
            -111.44651,
            33.9265
          ],
          [
            -111.44635,
            33.9266
          ],
          [
            -111.44622,
            33.92668
          ],
          [
            -111.4462,
            33.9267
          ],
          [
            -111.44619,
            33.9267
          ],
          [
            -111.44618,
            33.92671
          ],
          [
            -111.44603,
            33.92681
          ],
          [
            -111.44601,
            33.92682
          ],
          [
            -111.44599,
            33.92684
          ],
          [
            -111.44586,
            33.92692
          ],
          [
            -111.44584,
            33.92693
          ],
          [
            -111.44579,
            33.92697
          ],
          [
            -111.44569,
            33.92704
          ],
          [
            -111.44556,
            33.92714
          ],
          [
            -111.44551,
            33.92717
          ],
          [
            -111.44548,
            33.9272
          ],
          [
            -111.44535,
            33.92729
          ],
          [
            -111.44529,
            33.92734
          ],
          [
            -111.44522,
            33.9274
          ],
          [
            -111.4452,
            33.92742
          ],
          [
            -111.44516,
            33.92745
          ],
          [
            -111.44509,
            33.9275
          ],
          [
            -111.44506,
            33.92753
          ],
          [
            -111.44504,
            33.92754
          ],
          [
            -111.44493,
            33.92764
          ],
          [
            -111.44491,
            33.92766
          ],
          [
            -111.44478,
            33.92777
          ],
          [
            -111.44474,
            33.9278
          ],
          [
            -111.44473,
            33.92782
          ],
          [
            -111.44462,
            33.92792
          ],
          [
            -111.4446,
            33.92794
          ],
          [
            -111.44454,
            33.92799
          ],
          [
            -111.44446,
            33.92807
          ],
          [
            -111.44429,
            33.92824
          ],
          [
            -111.44405,
            33.9285
          ],
          [
            -111.44405,
            33.92851
          ],
          [
            -111.44394,
            33.92863
          ],
          [
            -111.44393,
            33.92864
          ],
          [
            -111.44387,
            33.92871
          ],
          [
            -111.44382,
            33.92877
          ],
          [
            -111.4438,
            33.92879
          ],
          [
            -111.44378,
            33.92882
          ],
          [
            -111.44372,
            33.92888
          ],
          [
            -111.44371,
            33.9289
          ],
          [
            -111.4437,
            33.92892
          ],
          [
            -111.44357,
            33.92908
          ],
          [
            -111.44345,
            33.92925
          ],
          [
            -111.44339,
            33.92934
          ],
          [
            -111.44334,
            33.9294
          ],
          [
            -111.44325,
            33.92953
          ],
          [
            -111.44325,
            33.92954
          ],
          [
            -111.44324,
            33.92956
          ],
          [
            -111.44321,
            33.92961
          ],
          [
            -111.44315,
            33.9297
          ],
          [
            -111.44313,
            33.92972
          ],
          [
            -111.44311,
            33.92975
          ],
          [
            -111.44306,
            33.92983
          ],
          [
            -111.44305,
            33.92986
          ],
          [
            -111.44304,
            33.92988
          ],
          [
            -111.44295,
            33.93003
          ],
          [
            -111.44285,
            33.9302
          ],
          [
            -111.44282,
            33.93026
          ],
          [
            -111.44279,
            33.93032
          ],
          [
            -111.44278,
            33.93035
          ],
          [
            -111.44272,
            33.93046
          ],
          [
            -111.4427,
            33.93049
          ],
          [
            -111.44269,
            33.93051
          ],
          [
            -111.44268,
            33.93054
          ],
          [
            -111.44258,
            33.93076
          ],
          [
            -111.44246,
            33.93104
          ],
          [
            -111.4424,
            33.93118
          ],
          [
            -111.44223,
            33.9316
          ],
          [
            -111.44197,
            33.93223
          ],
          [
            -111.44189,
            33.93243
          ],
          [
            -111.44183,
            33.93258
          ],
          [
            -111.44164,
            33.93307
          ],
          [
            -111.44156,
            33.93326
          ],
          [
            -111.44151,
            33.93337
          ],
          [
            -111.44139,
            33.93368
          ],
          [
            -111.44128,
            33.93394
          ],
          [
            -111.44127,
            33.93397
          ],
          [
            -111.44117,
            33.93421
          ],
          [
            -111.44116,
            33.93423
          ],
          [
            -111.44115,
            33.93426
          ],
          [
            -111.44114,
            33.93428
          ],
          [
            -111.44111,
            33.93435
          ],
          [
            -111.44105,
            33.93449
          ],
          [
            -111.441,
            33.93462
          ],
          [
            -111.44096,
            33.93473
          ],
          [
            -111.44087,
            33.93494
          ],
          [
            -111.44079,
            33.93515
          ],
          [
            -111.44073,
            33.9353
          ],
          [
            -111.44067,
            33.93544
          ],
          [
            -111.44059,
            33.93565
          ],
          [
            -111.4405,
            33.93587
          ],
          [
            -111.44045,
            33.93599
          ],
          [
            -111.44042,
            33.93609
          ],
          [
            -111.44035,
            33.93629
          ],
          [
            -111.4403,
            33.93646
          ],
          [
            -111.44029,
            33.93651
          ],
          [
            -111.44027,
            33.93659
          ],
          [
            -111.44026,
            33.93664
          ],
          [
            -111.44024,
            33.93674
          ],
          [
            -111.44022,
            33.93686
          ],
          [
            -111.44019,
            33.93704
          ],
          [
            -111.44019,
            33.93707
          ],
          [
            -111.44017,
            33.93728
          ],
          [
            -111.44016,
            33.93749
          ],
          [
            -111.44017,
            33.93768
          ],
          [
            -111.44019,
            33.93793
          ],
          [
            -111.44021,
            33.93811
          ],
          [
            -111.44022,
            33.93817
          ],
          [
            -111.44024,
            33.93829
          ],
          [
            -111.4403,
            33.93856
          ],
          [
            -111.44038,
            33.93883
          ],
          [
            -111.44038,
            33.93884
          ],
          [
            -111.44045,
            33.93901
          ],
          [
            -111.44046,
            33.93903
          ],
          [
            -111.4405,
            33.93914
          ],
          [
            -111.44058,
            33.93933
          ],
          [
            -111.44059,
            33.93935
          ],
          [
            -111.44067,
            33.93952
          ],
          [
            -111.44069,
            33.93955
          ],
          [
            -111.44081,
            33.93979
          ],
          [
            -111.44084,
            33.93985
          ],
          [
            -111.44089,
            33.93995
          ],
          [
            -111.44092,
            33.94001
          ],
          [
            -111.44093,
            33.94004
          ],
          [
            -111.44104,
            33.94025
          ],
          [
            -111.44109,
            33.94035
          ],
          [
            -111.44119,
            33.94055
          ],
          [
            -111.4413,
            33.94077
          ],
          [
            -111.44134,
            33.94085
          ],
          [
            -111.4414,
            33.94096
          ],
          [
            -111.44151,
            33.9412
          ],
          [
            -111.44159,
            33.94134
          ],
          [
            -111.44161,
            33.94138
          ],
          [
            -111.44171,
            33.9416
          ],
          [
            -111.44185,
            33.94188
          ],
          [
            -111.44189,
            33.94195
          ],
          [
            -111.44192,
            33.94201
          ],
          [
            -111.44196,
            33.94209
          ],
          [
            -111.442,
            33.94218
          ],
          [
            -111.44204,
            33.94228
          ],
          [
            -111.44209,
            33.9424
          ],
          [
            -111.44216,
            33.94258
          ],
          [
            -111.44218,
            33.94266
          ],
          [
            -111.44219,
            33.94269
          ],
          [
            -111.44222,
            33.94283
          ],
          [
            -111.44226,
            33.94303
          ],
          [
            -111.44229,
            33.94324
          ],
          [
            -111.4423,
            33.9434
          ],
          [
            -111.4423,
            33.94345
          ],
          [
            -111.44229,
            33.9437
          ],
          [
            -111.44227,
            33.94383
          ],
          [
            -111.44224,
            33.944
          ],
          [
            -111.44222,
            33.94411
          ],
          [
            -111.44218,
            33.94425
          ],
          [
            -111.44212,
            33.94443
          ],
          [
            -111.44204,
            33.94463
          ],
          [
            -111.44195,
            33.9448
          ],
          [
            -111.44194,
            33.94483
          ],
          [
            -111.44182,
            33.94503
          ],
          [
            -111.44168,
            33.94522
          ],
          [
            -111.44152,
            33.94541
          ],
          [
            -111.44143,
            33.94551
          ],
          [
            -111.44128,
            33.94565
          ],
          [
            -111.44109,
            33.94581
          ],
          [
            -111.4409,
            33.94595
          ],
          [
            -111.44059,
            33.94615
          ],
          [
            -111.44036,
            33.94627
          ],
          [
            -111.44022,
            33.94633
          ],
          [
            -111.44001,
            33.94642
          ],
          [
            -111.43976,
            33.94651
          ],
          [
            -111.4395,
            33.94658
          ],
          [
            -111.43925,
            33.94663
          ],
          [
            -111.43902,
            33.94667
          ],
          [
            -111.43901,
            33.94667
          ],
          [
            -111.439,
            33.94667
          ],
          [
            -111.43897,
            33.94668
          ],
          [
            -111.43879,
            33.94669
          ],
          [
            -111.43876,
            33.9467
          ],
          [
            -111.43851,
            33.94671
          ],
          [
            -111.43825,
            33.94671
          ],
          [
            -111.43797,
            33.94669
          ],
          [
            -111.43771,
            33.94667
          ],
          [
            -111.43745,
            33.94662
          ],
          [
            -111.4373,
            33.94659
          ],
          [
            -111.43726,
            33.94659
          ],
          [
            -111.4367,
            33.94647
          ],
          [
            -111.43629,
            33.94639
          ],
          [
            -111.43604,
            33.94634
          ],
          [
            -111.436,
            33.94633
          ],
          [
            -111.43583,
            33.94629
          ],
          [
            -111.4355,
            33.94623
          ],
          [
            -111.43499,
            33.94612
          ],
          [
            -111.43485,
            33.94609
          ],
          [
            -111.4346,
            33.94604
          ],
          [
            -111.43457,
            33.94603
          ],
          [
            -111.43454,
            33.94603
          ],
          [
            -111.43452,
            33.94602
          ],
          [
            -111.43437,
            33.946
          ],
          [
            -111.43435,
            33.94599
          ],
          [
            -111.43412,
            33.94595
          ],
          [
            -111.43402,
            33.94593
          ],
          [
            -111.43384,
            33.94591
          ],
          [
            -111.43357,
            33.94587
          ],
          [
            -111.4333,
            33.94583
          ],
          [
            -111.43263,
            33.94577
          ],
          [
            -111.43213,
            33.94574
          ],
          [
            -111.43184,
            33.94573
          ],
          [
            -111.43144,
            33.94572
          ],
          [
            -111.43109,
            33.94572
          ],
          [
            -111.43068,
            33.94573
          ],
          [
            -111.43045,
            33.94574
          ],
          [
            -111.43029,
            33.94575
          ],
          [
            -111.42999,
            33.94577
          ],
          [
            -111.4299,
            33.94578
          ],
          [
            -111.42964,
            33.9458
          ],
          [
            -111.42923,
            33.94585
          ],
          [
            -111.42903,
            33.94588
          ],
          [
            -111.42882,
            33.94591
          ],
          [
            -111.42856,
            33.94595
          ],
          [
            -111.42779,
            33.94608
          ],
          [
            -111.42732,
            33.94616
          ],
          [
            -111.42697,
            33.94623
          ],
          [
            -111.42634,
            33.94637
          ],
          [
            -111.42602,
            33.94646
          ],
          [
            -111.42557,
            33.94659
          ],
          [
            -111.42536,
            33.94665
          ],
          [
            -111.42512,
            33.94673
          ],
          [
            -111.42502,
            33.94677
          ],
          [
            -111.42498,
            33.94678
          ],
          [
            -111.42489,
            33.94681
          ],
          [
            -111.42482,
            33.94684
          ],
          [
            -111.42462,
            33.94691
          ],
          [
            -111.42428,
            33.94704
          ],
          [
            -111.42367,
            33.9473
          ],
          [
            -111.42303,
            33.94761
          ],
          [
            -111.42236,
            33.94797
          ],
          [
            -111.42214,
            33.94811
          ],
          [
            -111.42166,
            33.94841
          ],
          [
            -111.42149,
            33.94852
          ],
          [
            -111.42133,
            33.94864
          ],
          [
            -111.42116,
            33.94875
          ],
          [
            -111.42082,
            33.94897
          ],
          [
            -111.42054,
            33.94914
          ],
          [
            -111.42047,
            33.94919
          ],
          [
            -111.42037,
            33.94925
          ],
          [
            -111.4202,
            33.94936
          ],
          [
            -111.42016,
            33.94939
          ],
          [
            -111.42002,
            33.94946
          ],
          [
            -111.41995,
            33.9495
          ],
          [
            -111.41975,
            33.94961
          ],
          [
            -111.41966,
            33.94965
          ],
          [
            -111.41953,
            33.94971
          ],
          [
            -111.41949,
            33.94973
          ],
          [
            -111.41939,
            33.94978
          ],
          [
            -111.41928,
            33.94982
          ],
          [
            -111.41925,
            33.94983
          ],
          [
            -111.41923,
            33.94984
          ],
          [
            -111.41919,
            33.94986
          ],
          [
            -111.4191,
            33.94989
          ],
          [
            -111.41909,
            33.9499
          ],
          [
            -111.41902,
            33.94992
          ],
          [
            -111.41888,
            33.94997
          ],
          [
            -111.41848,
            33.95011
          ],
          [
            -111.41809,
            33.95026
          ],
          [
            -111.41803,
            33.95028
          ],
          [
            -111.41748,
            33.9505
          ],
          [
            -111.41712,
            33.95066
          ],
          [
            -111.41696,
            33.95073
          ],
          [
            -111.41684,
            33.95079
          ],
          [
            -111.41678,
            33.95081
          ],
          [
            -111.41677,
            33.95082
          ],
          [
            -111.41664,
            33.95088
          ],
          [
            -111.41637,
            33.951
          ],
          [
            -111.41617,
            33.95109
          ],
          [
            -111.41612,
            33.95111
          ],
          [
            -111.41608,
            33.95113
          ],
          [
            -111.41579,
            33.95126
          ],
          [
            -111.41504,
            33.95161
          ],
          [
            -111.41466,
            33.95179
          ],
          [
            -111.41371,
            33.95223
          ],
          [
            -111.41352,
            33.95231
          ],
          [
            -111.41315,
            33.95249
          ],
          [
            -111.41239,
            33.95284
          ],
          [
            -111.41236,
            33.95285
          ],
          [
            -111.41229,
            33.95289
          ],
          [
            -111.4122,
            33.95293
          ],
          [
            -111.41217,
            33.95294
          ],
          [
            -111.41164,
            33.95319
          ],
          [
            -111.41158,
            33.95322
          ],
          [
            -111.41146,
            33.95328
          ],
          [
            -111.4112,
            33.95341
          ],
          [
            -111.411,
            33.95352
          ],
          [
            -111.4109,
            33.95358
          ],
          [
            -111.41077,
            33.95367
          ],
          [
            -111.41074,
            33.95369
          ],
          [
            -111.41073,
            33.9537
          ],
          [
            -111.41065,
            33.95376
          ],
          [
            -111.41063,
            33.95377
          ],
          [
            -111.41057,
            33.95382
          ],
          [
            -111.41048,
            33.95388
          ],
          [
            -111.41043,
            33.95394
          ],
          [
            -111.41027,
            33.95408
          ],
          [
            -111.41023,
            33.95412
          ],
          [
            -111.41008,
            33.9543
          ],
          [
            -111.40999,
            33.95442
          ],
          [
            -111.40998,
            33.95444
          ],
          [
            -111.40992,
            33.95453
          ],
          [
            -111.40991,
            33.95455
          ],
          [
            -111.4099,
            33.95457
          ],
          [
            -111.40988,
            33.95461
          ],
          [
            -111.40987,
            33.95462
          ],
          [
            -111.40982,
            33.95472
          ],
          [
            -111.40976,
            33.95483
          ],
          [
            -111.40971,
            33.95494
          ],
          [
            -111.40966,
            33.95508
          ],
          [
            -111.40958,
            33.95529
          ],
          [
            -111.40954,
            33.95539
          ],
          [
            -111.40946,
            33.9556
          ],
          [
            -111.40934,
            33.95583
          ],
          [
            -111.40919,
            33.95613
          ],
          [
            -111.4091,
            33.95635
          ],
          [
            -111.40908,
            33.95637
          ],
          [
            -111.409,
            33.95653
          ],
          [
            -111.40893,
            33.95668
          ],
          [
            -111.40892,
            33.95669
          ],
          [
            -111.40887,
            33.95678
          ],
          [
            -111.40882,
            33.95684
          ],
          [
            -111.4088,
            33.95686
          ],
          [
            -111.40871,
            33.95697
          ],
          [
            -111.40869,
            33.95699
          ],
          [
            -111.40861,
            33.95707
          ],
          [
            -111.40852,
            33.95717
          ],
          [
            -111.40841,
            33.95728
          ],
          [
            -111.40828,
            33.95738
          ],
          [
            -111.40816,
            33.95746
          ],
          [
            -111.40803,
            33.95754
          ],
          [
            -111.40786,
            33.95763
          ],
          [
            -111.40766,
            33.95773
          ],
          [
            -111.40738,
            33.95784
          ],
          [
            -111.40715,
            33.95792
          ],
          [
            -111.40676,
            33.95803
          ],
          [
            -111.40611,
            33.95822
          ],
          [
            -111.40537,
            33.95842
          ],
          [
            -111.40469,
            33.95861
          ],
          [
            -111.40447,
            33.95866
          ],
          [
            -111.40441,
            33.95867
          ],
          [
            -111.40426,
            33.9587
          ],
          [
            -111.40425,
            33.9587
          ],
          [
            -111.40424,
            33.9587
          ],
          [
            -111.40411,
            33.95872
          ],
          [
            -111.40405,
            33.95873
          ],
          [
            -111.40404,
            33.95873
          ],
          [
            -111.40383,
            33.95875
          ],
          [
            -111.40379,
            33.95876
          ],
          [
            -111.4034,
            33.95879
          ],
          [
            -111.40332,
            33.9588
          ],
          [
            -111.40317,
            33.95881
          ],
          [
            -111.40315,
            33.95881
          ],
          [
            -111.403,
            33.95883
          ],
          [
            -111.40297,
            33.95883
          ],
          [
            -111.40286,
            33.95884
          ],
          [
            -111.40264,
            33.95886
          ],
          [
            -111.40253,
            33.95887
          ],
          [
            -111.4025,
            33.95887
          ],
          [
            -111.40236,
            33.95888
          ],
          [
            -111.40232,
            33.95889
          ],
          [
            -111.40229,
            33.95889
          ],
          [
            -111.40223,
            33.9589
          ],
          [
            -111.40211,
            33.95892
          ],
          [
            -111.40195,
            33.95894
          ],
          [
            -111.40186,
            33.95896
          ],
          [
            -111.40168,
            33.959
          ],
          [
            -111.40165,
            33.959
          ],
          [
            -111.40147,
            33.95905
          ],
          [
            -111.40139,
            33.95908
          ],
          [
            -111.40127,
            33.95911
          ],
          [
            -111.40124,
            33.95912
          ],
          [
            -111.40113,
            33.95917
          ],
          [
            -111.40108,
            33.95919
          ],
          [
            -111.40107,
            33.95919
          ],
          [
            -111.40105,
            33.9592
          ],
          [
            -111.40091,
            33.95926
          ],
          [
            -111.40088,
            33.95927
          ],
          [
            -111.40071,
            33.95935
          ],
          [
            -111.40051,
            33.95946
          ],
          [
            -111.40045,
            33.95949
          ],
          [
            -111.4002,
            33.95962
          ],
          [
            -111.39999,
            33.95973
          ],
          [
            -111.39996,
            33.95975
          ],
          [
            -111.39994,
            33.95976
          ],
          [
            -111.39984,
            33.95981
          ],
          [
            -111.39978,
            33.95985
          ],
          [
            -111.39976,
            33.95986
          ],
          [
            -111.39965,
            33.95992
          ],
          [
            -111.39948,
            33.96
          ],
          [
            -111.39929,
            33.96009
          ],
          [
            -111.3991,
            33.96017
          ],
          [
            -111.399,
            33.96021
          ],
          [
            -111.39894,
            33.96023
          ],
          [
            -111.39883,
            33.96026
          ],
          [
            -111.39877,
            33.96028
          ],
          [
            -111.39859,
            33.96033
          ],
          [
            -111.39852,
            33.96035
          ],
          [
            -111.39819,
            33.96041
          ],
          [
            -111.39807,
            33.96042
          ],
          [
            -111.39799,
            33.96043
          ],
          [
            -111.39788,
            33.96044
          ],
          [
            -111.39765,
            33.96045
          ],
          [
            -111.3974,
            33.96046
          ],
          [
            -111.39734,
            33.96046
          ],
          [
            -111.39727,
            33.96046
          ],
          [
            -111.39714,
            33.96046
          ],
          [
            -111.39704,
            33.96046
          ],
          [
            -111.39686,
            33.96045
          ],
          [
            -111.39648,
            33.96045
          ],
          [
            -111.39647,
            33.96045
          ],
          [
            -111.39643,
            33.96045
          ],
          [
            -111.39635,
            33.96045
          ],
          [
            -111.39626,
            33.96045
          ],
          [
            -111.39607,
            33.96045
          ],
          [
            -111.39583,
            33.96045
          ],
          [
            -111.39582,
            33.96045
          ],
          [
            -111.39575,
            33.96044
          ],
          [
            -111.39561,
            33.96044
          ],
          [
            -111.39553,
            33.96044
          ],
          [
            -111.39541,
            33.96044
          ],
          [
            -111.39492,
            33.96043
          ],
          [
            -111.39445,
            33.96044
          ],
          [
            -111.39431,
            33.96044
          ],
          [
            -111.39426,
            33.96045
          ],
          [
            -111.39409,
            33.96046
          ],
          [
            -111.39406,
            33.96046
          ],
          [
            -111.39402,
            33.96047
          ],
          [
            -111.39383,
            33.9605
          ],
          [
            -111.39368,
            33.96052
          ],
          [
            -111.39345,
            33.96058
          ],
          [
            -111.39325,
            33.96064
          ],
          [
            -111.39319,
            33.96066
          ],
          [
            -111.39297,
            33.96075
          ],
          [
            -111.39283,
            33.96081
          ],
          [
            -111.39266,
            33.9609
          ],
          [
            -111.39252,
            33.96099
          ],
          [
            -111.39243,
            33.96105
          ],
          [
            -111.39236,
            33.9611
          ],
          [
            -111.39229,
            33.96116
          ],
          [
            -111.39222,
            33.96121
          ],
          [
            -111.39212,
            33.9613
          ],
          [
            -111.39202,
            33.96139
          ],
          [
            -111.39189,
            33.96152
          ],
          [
            -111.39178,
            33.96165
          ],
          [
            -111.3917,
            33.96175
          ],
          [
            -111.39158,
            33.96193
          ],
          [
            -111.39146,
            33.96211
          ],
          [
            -111.39137,
            33.96224
          ],
          [
            -111.39134,
            33.96229
          ],
          [
            -111.39126,
            33.96241
          ],
          [
            -111.39124,
            33.96244
          ],
          [
            -111.39118,
            33.96252
          ],
          [
            -111.39113,
            33.9626
          ],
          [
            -111.39107,
            33.96269
          ],
          [
            -111.39103,
            33.96276
          ],
          [
            -111.391,
            33.9628
          ],
          [
            -111.39092,
            33.96291
          ],
          [
            -111.3908,
            33.96307
          ],
          [
            -111.39072,
            33.96317
          ],
          [
            -111.39063,
            33.96326
          ],
          [
            -111.39057,
            33.96334
          ],
          [
            -111.39055,
            33.96335
          ],
          [
            -111.39043,
            33.96348
          ],
          [
            -111.39039,
            33.96351
          ],
          [
            -111.39029,
            33.9636
          ],
          [
            -111.38997,
            33.96386
          ],
          [
            -111.38963,
            33.9641
          ],
          [
            -111.38948,
            33.96422
          ],
          [
            -111.38944,
            33.96425
          ],
          [
            -111.38924,
            33.9644
          ],
          [
            -111.38912,
            33.9645
          ],
          [
            -111.38902,
            33.96459
          ],
          [
            -111.38896,
            33.96464
          ],
          [
            -111.38887,
            33.96473
          ],
          [
            -111.38886,
            33.96475
          ],
          [
            -111.38884,
            33.96477
          ],
          [
            -111.38877,
            33.96483
          ],
          [
            -111.38874,
            33.96487
          ],
          [
            -111.38864,
            33.96499
          ],
          [
            -111.38861,
            33.96502
          ],
          [
            -111.38854,
            33.96511
          ],
          [
            -111.3885,
            33.96517
          ],
          [
            -111.38843,
            33.96528
          ],
          [
            -111.38831,
            33.96548
          ],
          [
            -111.3883,
            33.96549
          ],
          [
            -111.38823,
            33.96563
          ],
          [
            -111.38822,
            33.96566
          ],
          [
            -111.38817,
            33.96579
          ],
          [
            -111.38811,
            33.96593
          ],
          [
            -111.38809,
            33.96601
          ],
          [
            -111.38806,
            33.96614
          ],
          [
            -111.38801,
            33.96634
          ],
          [
            -111.388,
            33.96641
          ],
          [
            -111.38798,
            33.96653
          ],
          [
            -111.38798,
            33.96654
          ],
          [
            -111.38798,
            33.96656
          ],
          [
            -111.38794,
            33.9669
          ],
          [
            -111.38792,
            33.96707
          ],
          [
            -111.38792,
            33.96712
          ],
          [
            -111.38789,
            33.96738
          ],
          [
            -111.38783,
            33.96777
          ],
          [
            -111.38782,
            33.96778
          ],
          [
            -111.38781,
            33.96788
          ],
          [
            -111.38779,
            33.96796
          ],
          [
            -111.38776,
            33.96809
          ],
          [
            -111.38773,
            33.96821
          ],
          [
            -111.38772,
            33.96827
          ],
          [
            -111.38769,
            33.96833
          ],
          [
            -111.38768,
            33.96837
          ],
          [
            -111.38765,
            33.96847
          ],
          [
            -111.38753,
            33.96878
          ],
          [
            -111.38742,
            33.96905
          ],
          [
            -111.38737,
            33.96917
          ],
          [
            -111.38731,
            33.96929
          ],
          [
            -111.38729,
            33.96933
          ],
          [
            -111.38728,
            33.96935
          ],
          [
            -111.38722,
            33.96946
          ],
          [
            -111.38721,
            33.96948
          ],
          [
            -111.3872,
            33.96949
          ],
          [
            -111.38719,
            33.96951
          ],
          [
            -111.38717,
            33.96955
          ],
          [
            -111.38713,
            33.96962
          ],
          [
            -111.3871,
            33.96967
          ],
          [
            -111.38699,
            33.96984
          ],
          [
            -111.38691,
            33.96996
          ],
          [
            -111.38687,
            33.97002
          ],
          [
            -111.38682,
            33.97009
          ],
          [
            -111.38681,
            33.97011
          ],
          [
            -111.3868,
            33.97013
          ],
          [
            -111.38678,
            33.97015
          ],
          [
            -111.38675,
            33.97019
          ],
          [
            -111.38671,
            33.97025
          ],
          [
            -111.38665,
            33.97032
          ],
          [
            -111.38656,
            33.97043
          ],
          [
            -111.3865,
            33.9705
          ],
          [
            -111.38634,
            33.97067
          ],
          [
            -111.38633,
            33.97069
          ],
          [
            -111.38631,
            33.9707
          ],
          [
            -111.3863,
            33.97072
          ],
          [
            -111.38609,
            33.97093
          ],
          [
            -111.38598,
            33.97104
          ],
          [
            -111.38568,
            33.97132
          ],
          [
            -111.38553,
            33.97146
          ],
          [
            -111.38541,
            33.97157
          ],
          [
            -111.38529,
            33.97168
          ],
          [
            -111.38515,
            33.97182
          ],
          [
            -111.38498,
            33.97199
          ],
          [
            -111.38493,
            33.97206
          ],
          [
            -111.38486,
            33.97214
          ],
          [
            -111.38476,
            33.97227
          ],
          [
            -111.38464,
            33.97244
          ],
          [
            -111.38454,
            33.9726
          ],
          [
            -111.38449,
            33.97268
          ],
          [
            -111.38444,
            33.97277
          ],
          [
            -111.3844,
            33.97285
          ],
          [
            -111.38435,
            33.97297
          ],
          [
            -111.38431,
            33.97302
          ],
          [
            -111.38425,
            33.97317
          ],
          [
            -111.3842,
            33.97331
          ],
          [
            -111.38416,
            33.97348
          ],
          [
            -111.38411,
            33.97368
          ],
          [
            -111.38407,
            33.9739
          ],
          [
            -111.38406,
            33.97402
          ],
          [
            -111.38406,
            33.97407
          ],
          [
            -111.38405,
            33.97413
          ],
          [
            -111.38405,
            33.97424
          ],
          [
            -111.38404,
            33.97439
          ],
          [
            -111.38405,
            33.97461
          ],
          [
            -111.38407,
            33.97482
          ],
          [
            -111.38411,
            33.97503
          ],
          [
            -111.38416,
            33.97524
          ],
          [
            -111.38422,
            33.97543
          ],
          [
            -111.38428,
            33.97559
          ],
          [
            -111.38434,
            33.97574
          ],
          [
            -111.38444,
            33.97596
          ],
          [
            -111.38446,
            33.976
          ],
          [
            -111.38465,
            33.97642
          ],
          [
            -111.38482,
            33.97681
          ],
          [
            -111.38484,
            33.97684
          ],
          [
            -111.3849,
            33.97697
          ],
          [
            -111.38492,
            33.97703
          ],
          [
            -111.38501,
            33.97722
          ],
          [
            -111.38507,
            33.97734
          ],
          [
            -111.3851,
            33.97742
          ],
          [
            -111.38515,
            33.97751
          ],
          [
            -111.3852,
            33.97763
          ],
          [
            -111.38522,
            33.97768
          ],
          [
            -111.38529,
            33.97783
          ],
          [
            -111.38538,
            33.97802
          ],
          [
            -111.38539,
            33.97804
          ],
          [
            -111.38548,
            33.97825
          ],
          [
            -111.38556,
            33.97845
          ],
          [
            -111.38564,
            33.97866
          ],
          [
            -111.3857,
            33.97887
          ],
          [
            -111.38575,
            33.97909
          ],
          [
            -111.38578,
            33.9793
          ],
          [
            -111.38579,
            33.97945
          ],
          [
            -111.3858,
            33.97963
          ],
          [
            -111.38579,
            33.97985
          ],
          [
            -111.38579,
            33.97995
          ],
          [
            -111.38578,
            33.98
          ],
          [
            -111.38576,
            33.98021
          ],
          [
            -111.3857,
            33.98052
          ],
          [
            -111.38564,
            33.98072
          ],
          [
            -111.38556,
            33.98093
          ],
          [
            -111.38546,
            33.98115
          ],
          [
            -111.38545,
            33.98117
          ],
          [
            -111.38537,
            33.98133
          ],
          [
            -111.38525,
            33.98153
          ],
          [
            -111.38512,
            33.98172
          ],
          [
            -111.38505,
            33.98181
          ],
          [
            -111.38504,
            33.98183
          ],
          [
            -111.38502,
            33.98185
          ],
          [
            -111.38498,
            33.98189
          ],
          [
            -111.38496,
            33.98192
          ],
          [
            -111.38493,
            33.98195
          ],
          [
            -111.38483,
            33.98207
          ],
          [
            -111.3848,
            33.9821
          ],
          [
            -111.38467,
            33.98224
          ],
          [
            -111.38466,
            33.98224
          ],
          [
            -111.38462,
            33.98228
          ],
          [
            -111.38452,
            33.98237
          ],
          [
            -111.38448,
            33.98241
          ],
          [
            -111.38438,
            33.9825
          ],
          [
            -111.38436,
            33.98252
          ],
          [
            -111.38433,
            33.98255
          ],
          [
            -111.38423,
            33.98264
          ],
          [
            -111.38421,
            33.98265
          ],
          [
            -111.38411,
            33.98274
          ],
          [
            -111.38394,
            33.98289
          ],
          [
            -111.38393,
            33.9829
          ],
          [
            -111.38378,
            33.98303
          ],
          [
            -111.38368,
            33.98313
          ],
          [
            -111.38364,
            33.98317
          ],
          [
            -111.38351,
            33.9833
          ],
          [
            -111.38338,
            33.98345
          ],
          [
            -111.38337,
            33.98346
          ],
          [
            -111.38336,
            33.98348
          ],
          [
            -111.38333,
            33.98351
          ],
          [
            -111.38326,
            33.98361
          ],
          [
            -111.3832,
            33.98369
          ],
          [
            -111.38309,
            33.98386
          ],
          [
            -111.38298,
            33.98405
          ],
          [
            -111.38296,
            33.98409
          ],
          [
            -111.38288,
            33.98426
          ],
          [
            -111.38281,
            33.98448
          ],
          [
            -111.38275,
            33.98471
          ],
          [
            -111.38272,
            33.98492
          ],
          [
            -111.3827,
            33.98514
          ],
          [
            -111.38269,
            33.98535
          ],
          [
            -111.3827,
            33.98548
          ],
          [
            -111.38271,
            33.98558
          ],
          [
            -111.38274,
            33.98581
          ],
          [
            -111.38286,
            33.98636
          ],
          [
            -111.38297,
            33.98686
          ],
          [
            -111.38302,
            33.9871
          ],
          [
            -111.38307,
            33.98731
          ],
          [
            -111.3831,
            33.98752
          ],
          [
            -111.38312,
            33.98765
          ],
          [
            -111.38314,
            33.98786
          ],
          [
            -111.38314,
            33.98807
          ],
          [
            -111.38313,
            33.98829
          ],
          [
            -111.3831,
            33.98851
          ],
          [
            -111.38308,
            33.98864
          ],
          [
            -111.38303,
            33.98885
          ],
          [
            -111.38297,
            33.98904
          ],
          [
            -111.38289,
            33.98924
          ],
          [
            -111.38284,
            33.98937
          ],
          [
            -111.38274,
            33.98957
          ],
          [
            -111.38264,
            33.98975
          ],
          [
            -111.3825,
            33.98995
          ],
          [
            -111.38235,
            33.99014
          ],
          [
            -111.38213,
            33.99039
          ],
          [
            -111.38196,
            33.99055
          ],
          [
            -111.38176,
            33.99072
          ],
          [
            -111.38166,
            33.99081
          ],
          [
            -111.38149,
            33.99093
          ],
          [
            -111.38137,
            33.99101
          ],
          [
            -111.38116,
            33.99113
          ],
          [
            -111.38097,
            33.99124
          ],
          [
            -111.38094,
            33.99125
          ],
          [
            -111.38074,
            33.99134
          ],
          [
            -111.3805,
            33.99144
          ],
          [
            -111.38009,
            33.99158
          ],
          [
            -111.37987,
            33.99164
          ],
          [
            -111.37978,
            33.99166
          ],
          [
            -111.37976,
            33.99166
          ],
          [
            -111.37971,
            33.99167
          ],
          [
            -111.37957,
            33.9917
          ],
          [
            -111.3794,
            33.99172
          ],
          [
            -111.37931,
            33.99173
          ],
          [
            -111.37916,
            33.99174
          ],
          [
            -111.37888,
            33.99176
          ],
          [
            -111.37884,
            33.99176
          ],
          [
            -111.37878,
            33.99176
          ],
          [
            -111.37869,
            33.99176
          ],
          [
            -111.37866,
            33.99176
          ],
          [
            -111.37841,
            33.99174
          ],
          [
            -111.37805,
            33.99171
          ],
          [
            -111.37802,
            33.99171
          ],
          [
            -111.37745,
            33.99163
          ],
          [
            -111.37707,
            33.99158
          ],
          [
            -111.37696,
            33.99156
          ],
          [
            -111.37675,
            33.99151
          ],
          [
            -111.37652,
            33.99147
          ],
          [
            -111.37633,
            33.99143
          ],
          [
            -111.37632,
            33.99143
          ],
          [
            -111.37614,
            33.9914
          ],
          [
            -111.37591,
            33.99137
          ],
          [
            -111.37561,
            33.99135
          ],
          [
            -111.37524,
            33.99135
          ],
          [
            -111.37503,
            33.99135
          ],
          [
            -111.37494,
            33.99136
          ],
          [
            -111.37482,
            33.99137
          ],
          [
            -111.37481,
            33.99137
          ],
          [
            -111.37451,
            33.99138
          ],
          [
            -111.37397,
            33.99141
          ],
          [
            -111.37373,
            33.99143
          ],
          [
            -111.37309,
            33.99146
          ],
          [
            -111.37274,
            33.99148
          ],
          [
            -111.37235,
            33.99151
          ],
          [
            -111.37196,
            33.99156
          ],
          [
            -111.37179,
            33.99159
          ],
          [
            -111.37159,
            33.99163
          ],
          [
            -111.37147,
            33.99166
          ],
          [
            -111.37139,
            33.99169
          ],
          [
            -111.37132,
            33.99171
          ],
          [
            -111.3712,
            33.99175
          ],
          [
            -111.37107,
            33.99179
          ],
          [
            -111.37096,
            33.99184
          ],
          [
            -111.37083,
            33.9919
          ],
          [
            -111.37073,
            33.99194
          ],
          [
            -111.37062,
            33.992
          ],
          [
            -111.37052,
            33.99205
          ],
          [
            -111.37043,
            33.99211
          ],
          [
            -111.37029,
            33.9922
          ],
          [
            -111.37018,
            33.99227
          ],
          [
            -111.37003,
            33.99238
          ],
          [
            -111.36992,
            33.99248
          ],
          [
            -111.36982,
            33.99257
          ],
          [
            -111.36976,
            33.99262
          ],
          [
            -111.36961,
            33.99278
          ],
          [
            -111.36956,
            33.99284
          ],
          [
            -111.36948,
            33.99293
          ],
          [
            -111.36941,
            33.99303
          ],
          [
            -111.36935,
            33.99312
          ],
          [
            -111.36928,
            33.99322
          ],
          [
            -111.36924,
            33.99329
          ],
          [
            -111.36921,
            33.99336
          ],
          [
            -111.36918,
            33.9934
          ],
          [
            -111.36911,
            33.99354
          ],
          [
            -111.36902,
            33.99374
          ],
          [
            -111.36896,
            33.99388
          ],
          [
            -111.36884,
            33.99416
          ],
          [
            -111.36875,
            33.99437
          ],
          [
            -111.36858,
            33.99473
          ],
          [
            -111.36849,
            33.99488
          ],
          [
            -111.36848,
            33.9949
          ],
          [
            -111.36844,
            33.99498
          ],
          [
            -111.3684,
            33.99503
          ],
          [
            -111.36836,
            33.99509
          ],
          [
            -111.36828,
            33.9952
          ],
          [
            -111.36821,
            33.99528
          ],
          [
            -111.36814,
            33.99537
          ],
          [
            -111.36807,
            33.99544
          ],
          [
            -111.36797,
            33.99554
          ],
          [
            -111.3679,
            33.99561
          ],
          [
            -111.36783,
            33.99567
          ],
          [
            -111.36775,
            33.99574
          ],
          [
            -111.36772,
            33.99576
          ],
          [
            -111.36762,
            33.99584
          ],
          [
            -111.36753,
            33.9959
          ],
          [
            -111.36744,
            33.99596
          ],
          [
            -111.36735,
            33.99601
          ],
          [
            -111.36721,
            33.99609
          ],
          [
            -111.36705,
            33.99618
          ],
          [
            -111.36686,
            33.99627
          ],
          [
            -111.36668,
            33.99634
          ],
          [
            -111.36648,
            33.99641
          ],
          [
            -111.36629,
            33.99647
          ],
          [
            -111.36617,
            33.99651
          ],
          [
            -111.36586,
            33.99658
          ],
          [
            -111.36575,
            33.99661
          ],
          [
            -111.36565,
            33.99663
          ],
          [
            -111.36525,
            33.99673
          ],
          [
            -111.36501,
            33.99679
          ],
          [
            -111.36488,
            33.99682
          ],
          [
            -111.36482,
            33.99684
          ],
          [
            -111.36479,
            33.99685
          ],
          [
            -111.36459,
            33.99691
          ],
          [
            -111.3645,
            33.99695
          ],
          [
            -111.3644,
            33.99698
          ],
          [
            -111.36427,
            33.99704
          ],
          [
            -111.36416,
            33.99709
          ],
          [
            -111.36404,
            33.99715
          ],
          [
            -111.36403,
            33.99715
          ],
          [
            -111.364,
            33.99717
          ],
          [
            -111.36388,
            33.99723
          ],
          [
            -111.36359,
            33.99741
          ],
          [
            -111.36335,
            33.99756
          ],
          [
            -111.36318,
            33.99767
          ],
          [
            -111.36297,
            33.9978
          ],
          [
            -111.36266,
            33.998
          ],
          [
            -111.3623,
            33.99823
          ],
          [
            -111.36229,
            33.99823
          ],
          [
            -111.3622,
            33.99829
          ],
          [
            -111.36213,
            33.99834
          ],
          [
            -111.36212,
            33.99834
          ],
          [
            -111.36191,
            33.99847
          ],
          [
            -111.3617,
            33.99861
          ],
          [
            -111.3614,
            33.9988
          ],
          [
            -111.36121,
            33.99893
          ],
          [
            -111.36105,
            33.99903
          ],
          [
            -111.36076,
            33.99925
          ],
          [
            -111.36066,
            33.99932
          ],
          [
            -111.36057,
            33.99941
          ],
          [
            -111.36048,
            33.99948
          ],
          [
            -111.3603,
            33.99964
          ],
          [
            -111.36015,
            33.99979
          ],
          [
            -111.36003,
            33.99992
          ],
          [
            -111.35992,
            34.00004
          ],
          [
            -111.35989,
            34.00008
          ],
          [
            -111.35984,
            34.00014
          ],
          [
            -111.35979,
            34.00021
          ],
          [
            -111.35975,
            34.00025
          ],
          [
            -111.3596,
            34.00046
          ],
          [
            -111.35946,
            34.00065
          ],
          [
            -111.35943,
            34.00069
          ],
          [
            -111.35938,
            34.00076
          ],
          [
            -111.35925,
            34.00095
          ],
          [
            -111.35923,
            34.00098
          ],
          [
            -111.35913,
            34.00112
          ],
          [
            -111.3591,
            34.00116
          ],
          [
            -111.35905,
            34.00123
          ],
          [
            -111.35901,
            34.00129
          ],
          [
            -111.35889,
            34.00144
          ],
          [
            -111.35869,
            34.00171
          ],
          [
            -111.35867,
            34.00173
          ],
          [
            -111.35862,
            34.00179
          ],
          [
            -111.35854,
            34.00189
          ],
          [
            -111.35847,
            34.00197
          ],
          [
            -111.35841,
            34.00204
          ],
          [
            -111.35829,
            34.00219
          ],
          [
            -111.35825,
            34.00224
          ],
          [
            -111.35815,
            34.00233
          ],
          [
            -111.35809,
            34.0024
          ],
          [
            -111.35796,
            34.00255
          ],
          [
            -111.3579,
            34.00261
          ],
          [
            -111.35783,
            34.00269
          ],
          [
            -111.3577,
            34.00283
          ],
          [
            -111.35763,
            34.0029
          ],
          [
            -111.3576,
            34.00294
          ],
          [
            -111.35758,
            34.00296
          ],
          [
            -111.35756,
            34.00298
          ],
          [
            -111.35743,
            34.00312
          ],
          [
            -111.35734,
            34.00322
          ],
          [
            -111.3573,
            34.00326
          ],
          [
            -111.35718,
            34.0034
          ],
          [
            -111.35705,
            34.00356
          ],
          [
            -111.35704,
            34.00357
          ],
          [
            -111.35689,
            34.00376
          ],
          [
            -111.35683,
            34.00384
          ],
          [
            -111.35682,
            34.00386
          ],
          [
            -111.35677,
            34.00394
          ],
          [
            -111.35675,
            34.00396
          ],
          [
            -111.3567,
            34.00405
          ],
          [
            -111.35664,
            34.00415
          ],
          [
            -111.35659,
            34.00424
          ],
          [
            -111.35658,
            34.00426
          ],
          [
            -111.35655,
            34.00431
          ],
          [
            -111.35654,
            34.00432
          ],
          [
            -111.35654,
            34.00433
          ],
          [
            -111.35653,
            34.00435
          ],
          [
            -111.35647,
            34.00447
          ],
          [
            -111.35639,
            34.00465
          ],
          [
            -111.35638,
            34.00468
          ],
          [
            -111.35635,
            34.00473
          ],
          [
            -111.35634,
            34.00477
          ],
          [
            -111.35628,
            34.00493
          ],
          [
            -111.35627,
            34.00497
          ],
          [
            -111.35626,
            34.005
          ],
          [
            -111.35625,
            34.00502
          ],
          [
            -111.35624,
            34.00506
          ],
          [
            -111.35621,
            34.00515
          ],
          [
            -111.3562,
            34.0052
          ],
          [
            -111.35617,
            34.0053
          ],
          [
            -111.35616,
            34.00537
          ],
          [
            -111.35615,
            34.0054
          ],
          [
            -111.35614,
            34.00546
          ],
          [
            -111.35613,
            34.00549
          ],
          [
            -111.35612,
            34.00552
          ],
          [
            -111.35612,
            34.00553
          ],
          [
            -111.35612,
            34.00555
          ],
          [
            -111.35611,
            34.00563
          ],
          [
            -111.35609,
            34.00572
          ],
          [
            -111.35608,
            34.00585
          ],
          [
            -111.35607,
            34.0059
          ],
          [
            -111.35607,
            34.006
          ],
          [
            -111.35606,
            34.00608
          ],
          [
            -111.35606,
            34.00616
          ],
          [
            -111.35606,
            34.00617
          ],
          [
            -111.35606,
            34.00623
          ],
          [
            -111.35606,
            34.00625
          ],
          [
            -111.35606,
            34.00627
          ],
          [
            -111.35606,
            34.00637
          ],
          [
            -111.35606,
            34.00648
          ],
          [
            -111.35606,
            34.00652
          ],
          [
            -111.35607,
            34.00658
          ],
          [
            -111.35607,
            34.00661
          ],
          [
            -111.35609,
            34.00683
          ],
          [
            -111.35611,
            34.00692
          ],
          [
            -111.35612,
            34.00696
          ],
          [
            -111.35612,
            34.00697
          ],
          [
            -111.35613,
            34.00705
          ],
          [
            -111.35614,
            34.00707
          ],
          [
            -111.35615,
            34.00715
          ],
          [
            -111.35617,
            34.00723
          ],
          [
            -111.35618,
            34.00725
          ],
          [
            -111.35622,
            34.0074
          ],
          [
            -111.35623,
            34.00746
          ],
          [
            -111.35631,
            34.00767
          ],
          [
            -111.35635,
            34.00777
          ],
          [
            -111.3564,
            34.0079
          ],
          [
            -111.35644,
            34.00799
          ],
          [
            -111.35647,
            34.00805
          ],
          [
            -111.35648,
            34.00808
          ],
          [
            -111.35653,
            34.00817
          ],
          [
            -111.35659,
            34.00829
          ],
          [
            -111.35662,
            34.00834
          ],
          [
            -111.35664,
            34.00838
          ],
          [
            -111.35678,
            34.0086
          ],
          [
            -111.3569,
            34.00878
          ],
          [
            -111.35705,
            34.00897
          ],
          [
            -111.35715,
            34.00909
          ],
          [
            -111.3573,
            34.00925
          ],
          [
            -111.35738,
            34.00934
          ],
          [
            -111.35744,
            34.0094
          ],
          [
            -111.3576,
            34.00955
          ],
          [
            -111.35784,
            34.00976
          ],
          [
            -111.35804,
            34.00993
          ],
          [
            -111.35834,
            34.01019
          ],
          [
            -111.35844,
            34.01028
          ],
          [
            -111.35852,
            34.01035
          ],
          [
            -111.3586,
            34.01044
          ],
          [
            -111.35874,
            34.01059
          ],
          [
            -111.35887,
            34.01074
          ],
          [
            -111.35905,
            34.01098
          ],
          [
            -111.35912,
            34.01108
          ],
          [
            -111.35923,
            34.01127
          ],
          [
            -111.35928,
            34.01136
          ],
          [
            -111.35935,
            34.0115
          ],
          [
            -111.35938,
            34.01158
          ],
          [
            -111.35943,
            34.01168
          ],
          [
            -111.35947,
            34.01178
          ],
          [
            -111.35951,
            34.01189
          ],
          [
            -111.35954,
            34.01201
          ],
          [
            -111.35956,
            34.01206
          ],
          [
            -111.35957,
            34.01212
          ],
          [
            -111.3596,
            34.01222
          ],
          [
            -111.3596,
            34.01223
          ],
          [
            -111.3596,
            34.01227
          ],
          [
            -111.35962,
            34.01234
          ],
          [
            -111.35964,
            34.01246
          ],
          [
            -111.35965,
            34.01256
          ],
          [
            -111.35965,
            34.01258
          ],
          [
            -111.35966,
            34.01269
          ],
          [
            -111.35967,
            34.01279
          ],
          [
            -111.35967,
            34.01291
          ],
          [
            -111.35967,
            34.01301
          ],
          [
            -111.35966,
            34.01313
          ],
          [
            -111.35966,
            34.01314
          ],
          [
            -111.35965,
            34.01325
          ],
          [
            -111.35964,
            34.01335
          ],
          [
            -111.35963,
            34.01346
          ],
          [
            -111.3596,
            34.01358
          ],
          [
            -111.35958,
            34.0137
          ],
          [
            -111.35955,
            34.01381
          ],
          [
            -111.35954,
            34.01383
          ],
          [
            -111.35954,
            34.01384
          ],
          [
            -111.35949,
            34.01401
          ],
          [
            -111.35949,
            34.01402
          ],
          [
            -111.35945,
            34.01413
          ],
          [
            -111.35942,
            34.01418
          ],
          [
            -111.35942,
            34.01419
          ],
          [
            -111.35942,
            34.0142
          ],
          [
            -111.3594,
            34.01424
          ],
          [
            -111.35938,
            34.01428
          ],
          [
            -111.35936,
            34.01434
          ],
          [
            -111.35935,
            34.01436
          ],
          [
            -111.35931,
            34.01444
          ],
          [
            -111.35926,
            34.01456
          ],
          [
            -111.35921,
            34.01467
          ],
          [
            -111.35916,
            34.01477
          ],
          [
            -111.35912,
            34.01487
          ],
          [
            -111.35907,
            34.01498
          ],
          [
            -111.35899,
            34.01516
          ],
          [
            -111.35894,
            34.01529
          ],
          [
            -111.35885,
            34.01548
          ],
          [
            -111.35879,
            34.01561
          ],
          [
            -111.35875,
            34.01572
          ],
          [
            -111.3587,
            34.01582
          ],
          [
            -111.35865,
            34.01593
          ],
          [
            -111.35861,
            34.01604
          ],
          [
            -111.35856,
            34.01615
          ],
          [
            -111.35852,
            34.01626
          ],
          [
            -111.35849,
            34.01636
          ],
          [
            -111.35845,
            34.01647
          ],
          [
            -111.35842,
            34.01657
          ],
          [
            -111.3584,
            34.01668
          ],
          [
            -111.35836,
            34.01686
          ],
          [
            -111.35835,
            34.01691
          ],
          [
            -111.35833,
            34.017
          ],
          [
            -111.35832,
            34.01709
          ],
          [
            -111.35831,
            34.0171
          ],
          [
            -111.35831,
            34.01711
          ],
          [
            -111.3583,
            34.01723
          ],
          [
            -111.35829,
            34.01727
          ],
          [
            -111.35829,
            34.01733
          ],
          [
            -111.35828,
            34.01745
          ],
          [
            -111.35827,
            34.01766
          ],
          [
            -111.35827,
            34.01788
          ],
          [
            -111.35828,
            34.018
          ],
          [
            -111.35829,
            34.01812
          ],
          [
            -111.3583,
            34.01823
          ],
          [
            -111.35832,
            34.01833
          ],
          [
            -111.35833,
            34.01843
          ],
          [
            -111.35835,
            34.01854
          ],
          [
            -111.35836,
            34.01859
          ],
          [
            -111.35838,
            34.01868
          ],
          [
            -111.35841,
            34.01882
          ],
          [
            -111.35848,
            34.01907
          ],
          [
            -111.35853,
            34.01919
          ],
          [
            -111.35857,
            34.0193
          ],
          [
            -111.3586,
            34.0194
          ],
          [
            -111.35865,
            34.01952
          ],
          [
            -111.3587,
            34.01962
          ],
          [
            -111.35875,
            34.01972
          ],
          [
            -111.35887,
            34.01995
          ],
          [
            -111.35897,
            34.02013
          ],
          [
            -111.35904,
            34.02024
          ],
          [
            -111.3592,
            34.02051
          ],
          [
            -111.35951,
            34.02105
          ],
          [
            -111.35962,
            34.02123
          ],
          [
            -111.35976,
            34.02147
          ],
          [
            -111.35992,
            34.02172
          ],
          [
            -111.36013,
            34.02209
          ],
          [
            -111.36023,
            34.02226
          ],
          [
            -111.3603,
            34.02237
          ],
          [
            -111.36035,
            34.02246
          ],
          [
            -111.36042,
            34.02257
          ],
          [
            -111.36052,
            34.02275
          ],
          [
            -111.36066,
            34.02298
          ],
          [
            -111.36078,
            34.02317
          ],
          [
            -111.36084,
            34.02328
          ],
          [
            -111.36087,
            34.02334
          ],
          [
            -111.36094,
            34.02346
          ],
          [
            -111.36107,
            34.02367
          ],
          [
            -111.36123,
            34.02393
          ],
          [
            -111.36135,
            34.02414
          ],
          [
            -111.36158,
            34.02454
          ],
          [
            -111.3617,
            34.02474
          ],
          [
            -111.36175,
            34.02483
          ],
          [
            -111.36186,
            34.02502
          ],
          [
            -111.36218,
            34.02563
          ],
          [
            -111.36226,
            34.02579
          ],
          [
            -111.36233,
            34.02593
          ],
          [
            -111.36249,
            34.02624
          ],
          [
            -111.36259,
            34.02644
          ],
          [
            -111.36269,
            34.02663
          ],
          [
            -111.36274,
            34.02673
          ],
          [
            -111.36276,
            34.02677
          ],
          [
            -111.36286,
            34.02698
          ],
          [
            -111.36294,
            34.02713
          ],
          [
            -111.36317,
            34.0276
          ],
          [
            -111.36329,
            34.02785
          ],
          [
            -111.36332,
            34.02791
          ],
          [
            -111.36333,
            34.02793
          ],
          [
            -111.36341,
            34.0281
          ],
          [
            -111.36358,
            34.02843
          ],
          [
            -111.36366,
            34.0286
          ],
          [
            -111.36374,
            34.02877
          ],
          [
            -111.36391,
            34.0291
          ],
          [
            -111.36396,
            34.02921
          ],
          [
            -111.36399,
            34.02926
          ],
          [
            -111.36399,
            34.02927
          ],
          [
            -111.36407,
            34.02943
          ],
          [
            -111.36415,
            34.0296
          ],
          [
            -111.36432,
            34.02993
          ],
          [
            -111.36435,
            34.02998
          ],
          [
            -111.36438,
            34.03006
          ],
          [
            -111.3644,
            34.0301
          ],
          [
            -111.36443,
            34.03016
          ],
          [
            -111.36449,
            34.03026
          ],
          [
            -111.36451,
            34.03032
          ],
          [
            -111.36462,
            34.03053
          ],
          [
            -111.36465,
            34.0306
          ],
          [
            -111.36469,
            34.03068
          ],
          [
            -111.36474,
            34.03078
          ],
          [
            -111.36479,
            34.03087
          ],
          [
            -111.36481,
            34.03093
          ],
          [
            -111.36489,
            34.03107
          ],
          [
            -111.3649,
            34.03109
          ],
          [
            -111.36498,
            34.03126
          ],
          [
            -111.36508,
            34.03147
          ],
          [
            -111.36518,
            34.03167
          ],
          [
            -111.36522,
            34.03176
          ],
          [
            -111.36532,
            34.03196
          ],
          [
            -111.36537,
            34.03206
          ],
          [
            -111.36543,
            34.03217
          ],
          [
            -111.36562,
            34.03257
          ],
          [
            -111.36563,
            34.03259
          ],
          [
            -111.36577,
            34.03286
          ],
          [
            -111.3658,
            34.03293
          ],
          [
            -111.36599,
            34.0333
          ],
          [
            -111.36605,
            34.03343
          ],
          [
            -111.36613,
            34.03359
          ],
          [
            -111.36618,
            34.03369
          ],
          [
            -111.36621,
            34.03376
          ],
          [
            -111.36631,
            34.03395
          ],
          [
            -111.36639,
            34.03409
          ],
          [
            -111.36647,
            34.03425
          ],
          [
            -111.36672,
            34.03478
          ],
          [
            -111.36688,
            34.03509
          ],
          [
            -111.36695,
            34.03526
          ],
          [
            -111.36702,
            34.03539
          ],
          [
            -111.36712,
            34.03559
          ],
          [
            -111.3673,
            34.03595
          ],
          [
            -111.36743,
            34.03622
          ],
          [
            -111.3674279,
            34.0362213
          ],
          [
            -111.36743,
            34.03634
          ],
          [
            -111.36743,
            34.03637
          ],
          [
            -111.36743,
            34.03639
          ],
          [
            -111.36742,
            34.03641
          ],
          [
            -111.36741,
            34.03643
          ],
          [
            -111.3674,
            34.03645
          ],
          [
            -111.36739,
            34.03646
          ],
          [
            -111.36738,
            34.03647
          ],
          [
            -111.36735,
            34.0365
          ],
          [
            -111.36733,
            34.03652
          ],
          [
            -111.36725,
            34.03656
          ],
          [
            -111.36718,
            34.03658
          ],
          [
            -111.36713,
            34.03659
          ],
          [
            -111.36707,
            34.03661
          ],
          [
            -111.36704,
            34.03661
          ],
          [
            -111.367,
            34.03661
          ],
          [
            -111.36692,
            34.03661
          ],
          [
            -111.36684,
            34.03661
          ],
          [
            -111.36682,
            34.03661
          ],
          [
            -111.36681,
            34.03661
          ],
          [
            -111.36675,
            34.0366
          ],
          [
            -111.36667,
            34.0366
          ],
          [
            -111.3666,
            34.03659
          ],
          [
            -111.36654,
            34.03658
          ],
          [
            -111.36649,
            34.03657
          ],
          [
            -111.36644,
            34.03655
          ],
          [
            -111.36641,
            34.03654
          ],
          [
            -111.36636,
            34.03653
          ],
          [
            -111.36631,
            34.03651
          ],
          [
            -111.36625,
            34.03649
          ],
          [
            -111.36618,
            34.03645
          ],
          [
            -111.36591,
            34.03631
          ],
          [
            -111.36546,
            34.0361
          ],
          [
            -111.36534,
            34.03604
          ],
          [
            -111.36501,
            34.03591
          ],
          [
            -111.36497,
            34.03585
          ],
          [
            -111.36496,
            34.03585
          ],
          [
            -111.36496,
            34.03584
          ],
          [
            -111.36495,
            34.03583
          ],
          [
            -111.36483,
            34.03576
          ],
          [
            -111.36468,
            34.03569
          ],
          [
            -111.36467,
            34.03568
          ],
          [
            -111.36457,
            34.03564
          ],
          [
            -111.36441,
            34.03556
          ],
          [
            -111.36392,
            34.03532
          ],
          [
            -111.36381,
            34.03528
          ],
          [
            -111.36353,
            34.03515
          ],
          [
            -111.36305,
            34.03493
          ],
          [
            -111.36298,
            34.0349
          ],
          [
            -111.36286,
            34.03485
          ],
          [
            -111.36267,
            34.03476
          ],
          [
            -111.36253,
            34.03469
          ],
          [
            -111.36248,
            34.03467
          ],
          [
            -111.36229,
            34.03458
          ],
          [
            -111.36219,
            34.03454
          ],
          [
            -111.36172,
            34.03432
          ],
          [
            -111.36168,
            34.03431
          ],
          [
            -111.36153,
            34.03424
          ],
          [
            -111.36128,
            34.03412
          ],
          [
            -111.36123,
            34.0341
          ],
          [
            -111.3612,
            34.0341
          ],
          [
            -111.36117,
            34.03409
          ],
          [
            -111.36112,
            34.03409
          ],
          [
            -111.36096,
            34.03401
          ],
          [
            -111.36067,
            34.03387
          ],
          [
            -111.36055,
            34.03382
          ],
          [
            -111.36048,
            34.03378
          ],
          [
            -111.36036,
            34.03373
          ],
          [
            -111.36017,
            34.03364
          ],
          [
            -111.35998,
            34.03355
          ],
          [
            -111.35974,
            34.03344
          ],
          [
            -111.35954,
            34.03334
          ],
          [
            -111.35878,
            34.03299
          ],
          [
            -111.35873,
            34.03297
          ],
          [
            -111.35869,
            34.03294
          ],
          [
            -111.35864,
            34.03292
          ],
          [
            -111.35859,
            34.0329
          ],
          [
            -111.35757,
            34.03242
          ],
          [
            -111.35734,
            34.03231
          ],
          [
            -111.35677,
            34.03205
          ],
          [
            -111.35602,
            34.03169
          ],
          [
            -111.35598,
            34.03168
          ],
          [
            -111.35495,
            34.03119
          ],
          [
            -111.35261,
            34.0301
          ],
          [
            -111.35251,
            34.03006
          ],
          [
            -111.35205,
            34.02984
          ],
          [
            -111.35186,
            34.02975
          ],
          [
            -111.35167,
            34.02966
          ],
          [
            -111.35165,
            34.02965
          ],
          [
            -111.35156,
            34.02961
          ],
          [
            -111.35129,
            34.02948
          ],
          [
            -111.35075,
            34.02923
          ],
          [
            -111.35072,
            34.02922
          ],
          [
            -111.3507,
            34.02921
          ],
          [
            -111.35062,
            34.02917
          ],
          [
            -111.35043,
            34.02908
          ],
          [
            -111.35029,
            34.02902
          ],
          [
            -111.34954,
            34.02866
          ],
          [
            -111.34893,
            34.02836
          ],
          [
            -111.34847,
            34.02811
          ],
          [
            -111.34822,
            34.02798
          ],
          [
            -111.3482,
            34.02797
          ],
          [
            -111.34813,
            34.02793
          ],
          [
            -111.34802,
            34.02787
          ],
          [
            -111.3478,
            34.02775
          ],
          [
            -111.34766,
            34.02767
          ],
          [
            -111.34754,
            34.02761
          ],
          [
            -111.34747,
            34.02757
          ],
          [
            -111.34729,
            34.02747
          ],
          [
            -111.347,
            34.0273
          ],
          [
            -111.3466,
            34.02707
          ],
          [
            -111.34609,
            34.02676
          ],
          [
            -111.34534,
            34.0263
          ],
          [
            -111.34501,
            34.0261
          ],
          [
            -111.34472,
            34.02593
          ],
          [
            -111.34431,
            34.02568
          ],
          [
            -111.34413,
            34.02557
          ],
          [
            -111.34396,
            34.02546
          ],
          [
            -111.34378,
            34.02536
          ],
          [
            -111.34361,
            34.02525
          ],
          [
            -111.34344,
            34.02514
          ],
          [
            -111.34319,
            34.02499
          ],
          [
            -111.34291,
            34.02482
          ],
          [
            -111.34221,
            34.0244
          ],
          [
            -111.34186,
            34.02418
          ],
          [
            -111.34169,
            34.02408
          ],
          [
            -111.34151,
            34.02397
          ],
          [
            -111.34134,
            34.02386
          ],
          [
            -111.34127,
            34.02383
          ],
          [
            -111.34116,
            34.02376
          ],
          [
            -111.34099,
            34.02365
          ],
          [
            -111.34081,
            34.02354
          ],
          [
            -111.33994,
            34.02301
          ],
          [
            -111.33932,
            34.02263
          ],
          [
            -111.33907,
            34.02248
          ],
          [
            -111.33889,
            34.02237
          ],
          [
            -111.33872,
            34.02226
          ],
          [
            -111.33854,
            34.02216
          ],
          [
            -111.33788,
            34.02176
          ],
          [
            -111.33784,
            34.02173
          ],
          [
            -111.33767,
            34.02163
          ],
          [
            -111.33749,
            34.02152
          ],
          [
            -111.33714,
            34.02131
          ],
          [
            -111.337,
            34.02122
          ],
          [
            -111.33679,
            34.02109
          ],
          [
            -111.33662,
            34.02099
          ],
          [
            -111.33657,
            34.02096
          ],
          [
            -111.33644,
            34.02088
          ],
          [
            -111.33616,
            34.02071
          ],
          [
            -111.33574,
            34.02046
          ],
          [
            -111.33559,
            34.02037
          ],
          [
            -111.33556,
            34.02035
          ],
          [
            -111.33539,
            34.02024
          ],
          [
            -111.33478,
            34.01988
          ],
          [
            -111.33415,
            34.01949
          ],
          [
            -111.33371,
            34.01922
          ],
          [
            -111.33322,
            34.01892
          ],
          [
            -111.33253,
            34.01851
          ],
          [
            -111.33172,
            34.01801
          ],
          [
            -111.33158,
            34.01793
          ],
          [
            -111.33119,
            34.01769
          ],
          [
            -111.33102,
            34.01758
          ],
          [
            -111.33093,
            34.01753
          ],
          [
            -111.33084,
            34.01748
          ],
          [
            -111.33065,
            34.01736
          ],
          [
            -111.33049,
            34.01726
          ],
          [
            -111.33016,
            34.01706
          ],
          [
            -111.33009,
            34.01702
          ],
          [
            -111.32997,
            34.01695
          ],
          [
            -111.32979,
            34.01684
          ],
          [
            -111.32962,
            34.01673
          ],
          [
            -111.32955,
            34.01669
          ],
          [
            -111.32927,
            34.01652
          ],
          [
            -111.32909,
            34.01641
          ],
          [
            -111.32892,
            34.01631
          ],
          [
            -111.32874,
            34.0162
          ],
          [
            -111.32857,
            34.01609
          ],
          [
            -111.32835,
            34.01596
          ],
          [
            -111.32804,
            34.01577
          ],
          [
            -111.32787,
            34.01567
          ],
          [
            -111.32782,
            34.01564
          ],
          [
            -111.32746,
            34.01542
          ],
          [
            -111.3273,
            34.01532
          ],
          [
            -111.32717,
            34.01524
          ],
          [
            -111.32681,
            34.01502
          ],
          [
            -111.32664,
            34.01492
          ],
          [
            -111.32649,
            34.01483
          ],
          [
            -111.32647,
            34.01481
          ],
          [
            -111.32595,
            34.0145
          ],
          [
            -111.32589,
            34.01446
          ],
          [
            -111.32577,
            34.01439
          ],
          [
            -111.32527,
            34.01408
          ],
          [
            -111.32475,
            34.01377
          ],
          [
            -111.32377,
            34.01317
          ],
          [
            -111.32362,
            34.01308
          ],
          [
            -111.32343,
            34.01296
          ],
          [
            -111.32274,
            34.01255
          ],
          [
            -111.32208,
            34.01216
          ],
          [
            -111.32115,
            34.01159
          ],
          [
            -111.32044,
            34.01116
          ],
          [
            -111.32009,
            34.01094
          ],
          [
            -111.32008,
            34.01094
          ],
          [
            -111.31956,
            34.01063
          ],
          [
            -111.31937,
            34.01052
          ],
          [
            -111.3193677,
            34.010517
          ],
          [
            -111.3193677,
            34.010517
          ],
          [
            -111.31885,
            34.01021
          ],
          [
            -111.31883,
            34.0102
          ],
          [
            -111.31813,
            34.00978
          ],
          [
            -111.31792,
            34.00965
          ],
          [
            -111.31754,
            34.0094
          ],
          [
            -111.31736,
            34.00928
          ],
          [
            -111.3168,
            34.0089
          ],
          [
            -111.31658,
            34.00873
          ],
          [
            -111.31632,
            34.00853
          ],
          [
            -111.31627,
            34.00849
          ],
          [
            -111.31604,
            34.00829
          ],
          [
            -111.31589,
            34.00815
          ],
          [
            -111.3157,
            34.00798
          ],
          [
            -111.31555,
            34.00782
          ],
          [
            -111.31537,
            34.00761
          ],
          [
            -111.31527,
            34.00749
          ],
          [
            -111.31517,
            34.00736
          ],
          [
            -111.31501,
            34.00715
          ],
          [
            -111.31491,
            34.00702
          ],
          [
            -111.31475,
            34.00676
          ],
          [
            -111.31474,
            34.00675
          ],
          [
            -111.31445,
            34.00628
          ],
          [
            -111.31428,
            34.00594
          ],
          [
            -111.31426,
            34.00591
          ],
          [
            -111.3141,
            34.00556
          ],
          [
            -111.31404,
            34.00542
          ],
          [
            -111.31395,
            34.00519
          ],
          [
            -111.31392,
            34.00509
          ],
          [
            -111.31388,
            34.00497
          ],
          [
            -111.31384,
            34.00485
          ],
          [
            -111.31381,
            34.00474
          ],
          [
            -111.3138,
            34.00471
          ],
          [
            -111.31376,
            34.00457
          ],
          [
            -111.31369,
            34.00425
          ],
          [
            -111.31365,
            34.00407
          ],
          [
            -111.31363,
            34.00394
          ],
          [
            -111.31362,
            34.00387
          ],
          [
            -111.31359,
            34.00365
          ],
          [
            -111.31358,
            34.00354
          ],
          [
            -111.31357,
            34.00343
          ],
          [
            -111.31355,
            34.00323
          ],
          [
            -111.31355,
            34.00307
          ],
          [
            -111.31354,
            34.00297
          ],
          [
            -111.31354,
            34.00288
          ],
          [
            -111.31355,
            34.0028
          ],
          [
            -111.31355,
            34.00271
          ],
          [
            -111.31355,
            34.00262
          ],
          [
            -111.31356,
            34.00251
          ],
          [
            -111.31356,
            34.00248
          ],
          [
            -111.31358,
            34.00233
          ],
          [
            -111.31359,
            34.00228
          ],
          [
            -111.3136,
            34.0022
          ],
          [
            -111.31361,
            34.00215
          ],
          [
            -111.31361,
            34.00211
          ],
          [
            -111.31364,
            34.00198
          ],
          [
            -111.31366,
            34.00184
          ],
          [
            -111.31371,
            34.00164
          ],
          [
            -111.31374,
            34.00144
          ],
          [
            -111.31378,
            34.00126
          ],
          [
            -111.31381,
            34.00109
          ],
          [
            -111.31383,
            34.00097
          ],
          [
            -111.3139,
            34.00062
          ],
          [
            -111.31391,
            34.00055
          ],
          [
            -111.31394,
            34.00037
          ],
          [
            -111.314,
            34.00004
          ],
          [
            -111.31403,
            33.99984
          ],
          [
            -111.31403,
            33.99981
          ],
          [
            -111.31406,
            33.99966
          ],
          [
            -111.31408,
            33.99948
          ],
          [
            -111.31412,
            33.99923
          ],
          [
            -111.31416,
            33.99903
          ],
          [
            -111.3142,
            33.99877
          ],
          [
            -111.31422,
            33.99866
          ],
          [
            -111.31423,
            33.99859
          ],
          [
            -111.31424,
            33.99855
          ],
          [
            -111.31426,
            33.99841
          ],
          [
            -111.31429,
            33.99824
          ],
          [
            -111.31431,
            33.9981
          ],
          [
            -111.31432,
            33.99806
          ],
          [
            -111.31434,
            33.99788
          ],
          [
            -111.31437,
            33.99773
          ],
          [
            -111.31438,
            33.9977
          ],
          [
            -111.31439,
            33.99762
          ],
          [
            -111.31441,
            33.99752
          ],
          [
            -111.31442,
            33.99748
          ],
          [
            -111.31446,
            33.99735
          ],
          [
            -111.31447,
            33.9973
          ],
          [
            -111.3145,
            33.99717
          ],
          [
            -111.31452,
            33.99708
          ],
          [
            -111.31453,
            33.99699
          ],
          [
            -111.31456,
            33.99685
          ],
          [
            -111.3146,
            33.99667
          ],
          [
            -111.31467,
            33.99634
          ],
          [
            -111.31471,
            33.99622
          ],
          [
            -111.31476,
            33.99603
          ],
          [
            -111.31491,
            33.99558
          ],
          [
            -111.31497,
            33.99533
          ],
          [
            -111.31509,
            33.99488
          ],
          [
            -111.31516,
            33.99452
          ],
          [
            -111.3152,
            33.99425
          ],
          [
            -111.3152,
            33.99412
          ],
          [
            -111.31522,
            33.99394
          ],
          [
            -111.31523,
            33.99373
          ],
          [
            -111.31522,
            33.9933
          ],
          [
            -111.31522,
            33.99318
          ],
          [
            -111.3152,
            33.99304
          ],
          [
            -111.3152,
            33.99292
          ],
          [
            -111.31517,
            33.99277
          ],
          [
            -111.31514,
            33.99259
          ],
          [
            -111.31507,
            33.99226
          ],
          [
            -111.31502,
            33.99201
          ],
          [
            -111.31497,
            33.99186
          ],
          [
            -111.31493,
            33.99171
          ],
          [
            -111.31488,
            33.99158
          ],
          [
            -111.31485,
            33.99147
          ],
          [
            -111.31477,
            33.99128
          ],
          [
            -111.31476,
            33.99128
          ],
          [
            -111.31469,
            33.99112
          ],
          [
            -111.31469,
            33.99111
          ],
          [
            -111.31462,
            33.99095
          ],
          [
            -111.31451,
            33.99076
          ],
          [
            -111.31443,
            33.99061
          ],
          [
            -111.31432,
            33.99042
          ],
          [
            -111.31413,
            33.99012
          ],
          [
            -111.31412,
            33.9901
          ],
          [
            -111.31403,
            33.98995
          ],
          [
            -111.31389,
            33.98972
          ],
          [
            -111.31377,
            33.98954
          ],
          [
            -111.31365,
            33.98935
          ],
          [
            -111.31356,
            33.98921
          ],
          [
            -111.31346,
            33.98904
          ],
          [
            -111.31333,
            33.98885
          ],
          [
            -111.31328,
            33.98875
          ],
          [
            -111.31324,
            33.9887
          ],
          [
            -111.31316,
            33.98856
          ],
          [
            -111.31304,
            33.98838
          ],
          [
            -111.31292,
            33.9882
          ],
          [
            -111.31284,
            33.98804
          ],
          [
            -111.31274,
            33.98789
          ],
          [
            -111.31266,
            33.98774
          ],
          [
            -111.31257,
            33.98757
          ],
          [
            -111.31256,
            33.98755
          ],
          [
            -111.31245,
            33.98735
          ],
          [
            -111.31235,
            33.98713
          ],
          [
            -111.3122,
            33.98673
          ],
          [
            -111.31215,
            33.98654
          ],
          [
            -111.31207,
            33.9862
          ],
          [
            -111.312,
            33.9858
          ],
          [
            -111.31198,
            33.98559
          ],
          [
            -111.31196,
            33.98525
          ],
          [
            -111.31196,
            33.98465
          ],
          [
            -111.31198,
            33.98451
          ],
          [
            -111.31203,
            33.9842
          ],
          [
            -111.31215,
            33.98365
          ],
          [
            -111.31221,
            33.98345
          ],
          [
            -111.31228,
            33.98325
          ],
          [
            -111.31242,
            33.98289
          ],
          [
            -111.31256,
            33.9826
          ],
          [
            -111.31263,
            33.98247
          ],
          [
            -111.3127,
            33.98234
          ],
          [
            -111.3128,
            33.98219
          ],
          [
            -111.31291,
            33.98204
          ],
          [
            -111.31298,
            33.98194
          ],
          [
            -111.31305,
            33.98185
          ],
          [
            -111.31312,
            33.98176
          ],
          [
            -111.31318,
            33.98168
          ],
          [
            -111.31323,
            33.98161
          ],
          [
            -111.31325,
            33.98159
          ],
          [
            -111.31325,
            33.98158
          ],
          [
            -111.31334,
            33.98147
          ],
          [
            -111.31337,
            33.98143
          ],
          [
            -111.31343,
            33.98136
          ],
          [
            -111.31355,
            33.98123
          ],
          [
            -111.3137,
            33.98104
          ],
          [
            -111.3139,
            33.98082
          ],
          [
            -111.31403,
            33.98067
          ],
          [
            -111.31415,
            33.98052
          ],
          [
            -111.31429,
            33.98034
          ],
          [
            -111.31441,
            33.98018
          ],
          [
            -111.31452,
            33.98005
          ],
          [
            -111.3146,
            33.97995
          ],
          [
            -111.31464,
            33.97991
          ],
          [
            -111.31477,
            33.97976
          ],
          [
            -111.31483,
            33.97969
          ],
          [
            -111.31488,
            33.97964
          ],
          [
            -111.31505,
            33.97944
          ],
          [
            -111.31514,
            33.97932
          ],
          [
            -111.31533,
            33.97911
          ],
          [
            -111.31541,
            33.97903
          ],
          [
            -111.31548,
            33.97895
          ],
          [
            -111.31552,
            33.97889
          ],
          [
            -111.31556,
            33.97885
          ],
          [
            -111.3156,
            33.9788
          ],
          [
            -111.31565,
            33.97873
          ],
          [
            -111.31572,
            33.97865
          ],
          [
            -111.31579,
            33.97857
          ],
          [
            -111.3159,
            33.97844
          ],
          [
            -111.31624,
            33.97803
          ],
          [
            -111.31661,
            33.9776
          ],
          [
            -111.31674,
            33.97744
          ],
          [
            -111.31689,
            33.97726
          ],
          [
            -111.31702,
            33.97712
          ],
          [
            -111.3171,
            33.97704
          ],
          [
            -111.31712,
            33.97702
          ],
          [
            -111.31724,
            33.97688
          ],
          [
            -111.31733,
            33.97676
          ],
          [
            -111.31738,
            33.9767
          ],
          [
            -111.31751,
            33.97653
          ],
          [
            -111.31751,
            33.97652
          ],
          [
            -111.31774,
            33.97625
          ],
          [
            -111.31784,
            33.97612
          ],
          [
            -111.31798,
            33.97596
          ],
          [
            -111.31806,
            33.97586
          ],
          [
            -111.31812,
            33.97579
          ],
          [
            -111.31812,
            33.97578
          ],
          [
            -111.31847,
            33.97532
          ],
          [
            -111.31857,
            33.97517
          ],
          [
            -111.31874,
            33.97494
          ],
          [
            -111.31877,
            33.9749
          ],
          [
            -111.31908,
            33.97446
          ],
          [
            -111.31919,
            33.97431
          ],
          [
            -111.31958,
            33.97371
          ],
          [
            -111.31966,
            33.97358
          ],
          [
            -111.31988,
            33.97325
          ],
          [
            -111.32009,
            33.97292
          ],
          [
            -111.32026,
            33.97264
          ],
          [
            -111.32034,
            33.9725
          ],
          [
            -111.32039,
            33.97241
          ],
          [
            -111.32043,
            33.97234
          ],
          [
            -111.32049,
            33.97225
          ],
          [
            -111.32053,
            33.97217
          ],
          [
            -111.32055,
            33.97214
          ],
          [
            -111.32072,
            33.97184
          ],
          [
            -111.32076,
            33.97176
          ],
          [
            -111.32108,
            33.97115
          ],
          [
            -111.32129,
            33.97077
          ],
          [
            -111.32132,
            33.9707
          ],
          [
            -111.32134,
            33.97066
          ],
          [
            -111.32137,
            33.9706
          ],
          [
            -111.32146,
            33.97044
          ],
          [
            -111.32165,
            33.97008
          ],
          [
            -111.32176,
            33.96987
          ],
          [
            -111.32178,
            33.96983
          ],
          [
            -111.32199,
            33.96944
          ],
          [
            -111.3223,
            33.96884
          ],
          [
            -111.32233,
            33.96879
          ],
          [
            -111.32235,
            33.96875
          ],
          [
            -111.32239,
            33.96868
          ],
          [
            -111.32274,
            33.96802
          ],
          [
            -111.32277,
            33.96797
          ],
          [
            -111.3228,
            33.96791
          ],
          [
            -111.32283,
            33.96786
          ],
          [
            -111.32286,
            33.9678
          ],
          [
            -111.32292,
            33.96769
          ],
          [
            -111.3232,
            33.96715
          ],
          [
            -111.32329,
            33.96698
          ],
          [
            -111.32335,
            33.96687
          ],
          [
            -111.32338,
            33.96682
          ],
          [
            -111.3234,
            33.96678
          ],
          [
            -111.32344,
            33.9667
          ],
          [
            -111.32355,
            33.96649
          ],
          [
            -111.32414,
            33.96538
          ],
          [
            -111.3247,
            33.9643
          ],
          [
            -111.32483,
            33.96401
          ],
          [
            -111.32491,
            33.96386
          ],
          [
            -111.32505,
            33.96356
          ],
          [
            -111.32507,
            33.96352
          ],
          [
            -111.32508,
            33.9635
          ],
          [
            -111.32509,
            33.96348
          ],
          [
            -111.32518,
            33.96329
          ],
          [
            -111.32529,
            33.96306
          ],
          [
            -111.32532,
            33.96297
          ],
          [
            -111.32539,
            33.96281
          ],
          [
            -111.32546,
            33.96262
          ],
          [
            -111.3255,
            33.9625
          ],
          [
            -111.32551,
            33.96245
          ],
          [
            -111.32554,
            33.96236
          ],
          [
            -111.32556,
            33.96228
          ],
          [
            -111.32562,
            33.96207
          ],
          [
            -111.32566,
            33.96192
          ],
          [
            -111.32569,
            33.96178
          ],
          [
            -111.32571,
            33.96165
          ],
          [
            -111.32572,
            33.96157
          ],
          [
            -111.32574,
            33.96145
          ],
          [
            -111.32575,
            33.96139
          ],
          [
            -111.32577,
            33.96119
          ],
          [
            -111.32579,
            33.96103
          ],
          [
            -111.32582,
            33.96073
          ],
          [
            -111.32583,
            33.96053
          ],
          [
            -111.32583,
            33.9604
          ],
          [
            -111.32583,
            33.96027
          ],
          [
            -111.32582,
            33.96003
          ],
          [
            -111.3258,
            33.95983
          ],
          [
            -111.32578,
            33.95965
          ],
          [
            -111.32577,
            33.95959
          ],
          [
            -111.32576,
            33.95954
          ],
          [
            -111.32573,
            33.95934
          ],
          [
            -111.3257,
            33.95918
          ],
          [
            -111.32566,
            33.95902
          ],
          [
            -111.32558,
            33.9587
          ],
          [
            -111.32551,
            33.9585
          ],
          [
            -111.32543,
            33.95827
          ],
          [
            -111.3253,
            33.95788
          ],
          [
            -111.32522,
            33.95762
          ],
          [
            -111.3252,
            33.95759
          ],
          [
            -111.32516,
            33.95746
          ],
          [
            -111.32512,
            33.95735
          ],
          [
            -111.3251,
            33.95729
          ],
          [
            -111.3251,
            33.95728
          ],
          [
            -111.32497,
            33.9569
          ],
          [
            -111.32493,
            33.95679
          ],
          [
            -111.32478,
            33.95633
          ],
          [
            -111.32433,
            33.95499
          ],
          [
            -111.32424,
            33.95473
          ],
          [
            -111.32416,
            33.95452
          ],
          [
            -111.32402,
            33.95412
          ],
          [
            -111.32381,
            33.95355
          ],
          [
            -111.32376,
            33.95341
          ],
          [
            -111.32372,
            33.95333
          ],
          [
            -111.32372,
            33.95332
          ],
          [
            -111.3237,
            33.95327
          ],
          [
            -111.32366,
            33.95316
          ],
          [
            -111.32365,
            33.95315
          ],
          [
            -111.32354,
            33.95287
          ],
          [
            -111.32342,
            33.95253
          ],
          [
            -111.32337,
            33.95239
          ],
          [
            -111.32332,
            33.95217
          ],
          [
            -111.32329,
            33.95203
          ],
          [
            -111.32328,
            33.95199
          ],
          [
            -111.32327,
            33.95194
          ],
          [
            -111.32327,
            33.95193
          ],
          [
            -111.32323,
            33.95176
          ],
          [
            -111.32322,
            33.95171
          ],
          [
            -111.3232,
            33.95164
          ],
          [
            -111.32319,
            33.95159
          ],
          [
            -111.32316,
            33.95146
          ],
          [
            -111.32315,
            33.95141
          ],
          [
            -111.32312,
            33.95124
          ],
          [
            -111.32309,
            33.95111
          ],
          [
            -111.32308,
            33.95105
          ],
          [
            -111.32308,
            33.95103
          ],
          [
            -111.32305,
            33.95088
          ],
          [
            -111.32302,
            33.95075
          ],
          [
            -111.32301,
            33.9507
          ],
          [
            -111.32298,
            33.95058
          ],
          [
            -111.32295,
            33.95045
          ],
          [
            -111.32294,
            33.9504
          ],
          [
            -111.32292,
            33.95035
          ],
          [
            -111.3229,
            33.95027
          ],
          [
            -111.32288,
            33.95023
          ],
          [
            -111.32285,
            33.95012
          ],
          [
            -111.32277,
            33.94993
          ],
          [
            -111.32267,
            33.94972
          ],
          [
            -111.32254,
            33.94949
          ],
          [
            -111.32245,
            33.94936
          ],
          [
            -111.32239,
            33.94926
          ],
          [
            -111.32233,
            33.94919
          ],
          [
            -111.3223,
            33.94915
          ],
          [
            -111.32225,
            33.94909
          ],
          [
            -111.32222,
            33.94906
          ],
          [
            -111.32221,
            33.94904
          ],
          [
            -111.32212,
            33.94894
          ],
          [
            -111.3221,
            33.94891
          ],
          [
            -111.32201,
            33.94882
          ],
          [
            -111.32193,
            33.94874
          ],
          [
            -111.32187,
            33.94868
          ],
          [
            -111.32171,
            33.94854
          ],
          [
            -111.32151,
            33.94839
          ],
          [
            -111.32136,
            33.94828
          ],
          [
            -111.3212,
            33.94817
          ],
          [
            -111.32102,
            33.94805
          ],
          [
            -111.3208,
            33.94794
          ],
          [
            -111.32071,
            33.9479
          ],
          [
            -111.32044,
            33.94778
          ],
          [
            -111.31998,
            33.94759
          ],
          [
            -111.31973,
            33.94749
          ],
          [
            -111.31947,
            33.94739
          ],
          [
            -111.31925,
            33.9473
          ],
          [
            -111.3191,
            33.94723
          ],
          [
            -111.31898,
            33.94717
          ],
          [
            -111.31889,
            33.94712
          ],
          [
            -111.31888,
            33.94712
          ],
          [
            -111.3187,
            33.94701
          ],
          [
            -111.31854,
            33.94692
          ],
          [
            -111.31835,
            33.94679
          ],
          [
            -111.31822,
            33.94669
          ],
          [
            -111.31804,
            33.94655
          ],
          [
            -111.31794,
            33.94646
          ],
          [
            -111.31781,
            33.94635
          ],
          [
            -111.31772,
            33.94625
          ],
          [
            -111.31754,
            33.94605
          ],
          [
            -111.31737,
            33.94584
          ],
          [
            -111.31729,
            33.94571
          ],
          [
            -111.31719,
            33.94557
          ],
          [
            -111.31714,
            33.94548
          ],
          [
            -111.31708,
            33.94538
          ],
          [
            -111.31707,
            33.94536
          ],
          [
            -111.31706,
            33.94533
          ],
          [
            -111.31699,
            33.94519
          ],
          [
            -111.31692,
            33.94503
          ],
          [
            -111.31687,
            33.94491
          ],
          [
            -111.31686,
            33.94485
          ],
          [
            -111.31682,
            33.94476
          ],
          [
            -111.31679,
            33.94468
          ],
          [
            -111.31676,
            33.94457
          ],
          [
            -111.31673,
            33.94442
          ],
          [
            -111.31668,
            33.94417
          ],
          [
            -111.31659,
            33.9436
          ],
          [
            -111.31658,
            33.94357
          ],
          [
            -111.31657,
            33.94349
          ],
          [
            -111.31656,
            33.94339
          ],
          [
            -111.31653,
            33.94314
          ],
          [
            -111.3165,
            33.94291
          ],
          [
            -111.31649,
            33.94286
          ],
          [
            -111.31647,
            33.94265
          ],
          [
            -111.31646,
            33.94253
          ],
          [
            -111.31645,
            33.94249
          ],
          [
            -111.31646,
            33.94245
          ],
          [
            -111.31647,
            33.94218
          ],
          [
            -111.31647,
            33.94215
          ],
          [
            -111.31647,
            33.94199
          ],
          [
            -111.31646,
            33.94188
          ],
          [
            -111.31646,
            33.94184
          ],
          [
            -111.31645,
            33.94178
          ],
          [
            -111.31645,
            33.9417
          ],
          [
            -111.31645,
            33.94146
          ],
          [
            -111.31645,
            33.94128
          ],
          [
            -111.31645,
            33.94087
          ],
          [
            -111.31648,
            33.94037
          ],
          [
            -111.31648,
            33.94034
          ],
          [
            -111.31649,
            33.94024
          ],
          [
            -111.3165,
            33.94004
          ],
          [
            -111.31651,
            33.93982
          ],
          [
            -111.31651,
            33.93963
          ],
          [
            -111.31651,
            33.93953
          ],
          [
            -111.31651,
            33.93945
          ],
          [
            -111.31651,
            33.93944
          ],
          [
            -111.31651,
            33.93941
          ],
          [
            -111.31651,
            33.93935
          ],
          [
            -111.31651,
            33.9393
          ],
          [
            -111.3165,
            33.93926
          ],
          [
            -111.3165,
            33.93919
          ],
          [
            -111.31648,
            33.93907
          ],
          [
            -111.31647,
            33.93896
          ],
          [
            -111.31645,
            33.93887
          ],
          [
            -111.31645,
            33.93882
          ],
          [
            -111.31642,
            33.93871
          ],
          [
            -111.3164,
            33.93863
          ],
          [
            -111.31638,
            33.93854
          ],
          [
            -111.31636,
            33.93848
          ],
          [
            -111.31633,
            33.93837
          ],
          [
            -111.31629,
            33.93827
          ],
          [
            -111.31623,
            33.93812
          ],
          [
            -111.31615,
            33.93791
          ],
          [
            -111.31612,
            33.93781
          ],
          [
            -111.31609,
            33.93773
          ],
          [
            -111.31604,
            33.93759
          ],
          [
            -111.31599,
            33.93749
          ],
          [
            -111.31595,
            33.93739
          ],
          [
            -111.3159,
            33.93728
          ],
          [
            -111.31586,
            33.93719
          ],
          [
            -111.31578,
            33.93704
          ],
          [
            -111.31571,
            33.93691
          ],
          [
            -111.31571,
            33.9369
          ],
          [
            -111.31554,
            33.9366
          ],
          [
            -111.3155,
            33.93653
          ],
          [
            -111.31544,
            33.93642
          ],
          [
            -111.3153,
            33.93616
          ],
          [
            -111.31526,
            33.93609
          ],
          [
            -111.31499,
            33.93561
          ],
          [
            -111.31493,
            33.9355
          ],
          [
            -111.31482,
            33.93527
          ],
          [
            -111.31473,
            33.93511
          ],
          [
            -111.31466,
            33.93497
          ],
          [
            -111.31465,
            33.93495
          ],
          [
            -111.31458,
            33.93482
          ],
          [
            -111.31452,
            33.93468
          ],
          [
            -111.31442,
            33.93442
          ],
          [
            -111.31439,
            33.93431
          ],
          [
            -111.31428,
            33.93391
          ],
          [
            -111.31426,
            33.9338
          ],
          [
            -111.31425,
            33.93374
          ],
          [
            -111.31422,
            33.93361
          ],
          [
            -111.31421,
            33.93356
          ],
          [
            -111.31421,
            33.93355
          ],
          [
            -111.3142,
            33.93341
          ],
          [
            -111.31419,
            33.93338
          ],
          [
            -111.31417,
            33.9332
          ],
          [
            -111.31416,
            33.93298
          ],
          [
            -111.31416,
            33.93284
          ],
          [
            -111.31416,
            33.93272
          ],
          [
            -111.31416,
            33.93266
          ],
          [
            -111.31417,
            33.93256
          ],
          [
            -111.31419,
            33.9323
          ],
          [
            -111.3142,
            33.93225
          ],
          [
            -111.31422,
            33.93212
          ],
          [
            -111.31427,
            33.93194
          ],
          [
            -111.31431,
            33.93178
          ],
          [
            -111.31442,
            33.93142
          ],
          [
            -111.31447,
            33.93127
          ],
          [
            -111.31448,
            33.93125
          ],
          [
            -111.31456,
            33.93108
          ],
          [
            -111.3146,
            33.93097
          ],
          [
            -111.3147,
            33.93074
          ],
          [
            -111.31487,
            33.93037
          ],
          [
            -111.31502,
            33.93004
          ],
          [
            -111.31509,
            33.9299
          ],
          [
            -111.31531,
            33.92939
          ],
          [
            -111.31533,
            33.92937
          ],
          [
            -111.31584,
            33.92822
          ],
          [
            -111.31584,
            33.92821
          ],
          [
            -111.31591,
            33.92804
          ],
          [
            -111.31598,
            33.92787
          ],
          [
            -111.31604,
            33.92774
          ],
          [
            -111.31606,
            33.9277
          ],
          [
            -111.31613,
            33.92753
          ],
          [
            -111.31621,
            33.92737
          ],
          [
            -111.31628,
            33.9272
          ],
          [
            -111.31635,
            33.92703
          ],
          [
            -111.3165,
            33.92669
          ],
          [
            -111.31657,
            33.92652
          ],
          [
            -111.31665,
            33.92635
          ],
          [
            -111.31672,
            33.92618
          ],
          [
            -111.31689,
            33.9258
          ],
          [
            -111.31713,
            33.92526
          ],
          [
            -111.31747,
            33.92449
          ],
          [
            -111.31772,
            33.92397
          ],
          [
            -111.31787,
            33.92363
          ],
          [
            -111.31792,
            33.92348
          ],
          [
            -111.31801,
            33.92324
          ],
          [
            -111.31804,
            33.92312
          ],
          [
            -111.31807,
            33.92299
          ],
          [
            -111.31812,
            33.9228
          ],
          [
            -111.31815,
            33.92257
          ],
          [
            -111.31816,
            33.92242
          ],
          [
            -111.31818,
            33.92228
          ],
          [
            -111.31817,
            33.92222
          ],
          [
            -111.31817,
            33.92198
          ],
          [
            -111.31816,
            33.92173
          ],
          [
            -111.31813,
            33.92153
          ],
          [
            -111.31813,
            33.92151
          ],
          [
            -111.31811,
            33.92137
          ],
          [
            -111.31811,
            33.92135
          ],
          [
            -111.3181,
            33.92133
          ],
          [
            -111.31805,
            33.92114
          ],
          [
            -111.31797,
            33.92089
          ],
          [
            -111.31789,
            33.92068
          ],
          [
            -111.31784,
            33.92055
          ],
          [
            -111.31776,
            33.9204
          ],
          [
            -111.31771,
            33.9203
          ],
          [
            -111.31769,
            33.92026
          ],
          [
            -111.31764,
            33.92018
          ],
          [
            -111.31762,
            33.92014
          ],
          [
            -111.31757,
            33.92004
          ],
          [
            -111.3174,
            33.91979
          ],
          [
            -111.31732,
            33.91968
          ],
          [
            -111.31731,
            33.91967
          ],
          [
            -111.31726,
            33.91961
          ],
          [
            -111.3172,
            33.91953
          ],
          [
            -111.31719,
            33.91952
          ],
          [
            -111.3171,
            33.91941
          ],
          [
            -111.31706,
            33.91937
          ],
          [
            -111.31697,
            33.91926
          ],
          [
            -111.31683,
            33.91909
          ],
          [
            -111.31681,
            33.91908
          ],
          [
            -111.31673,
            33.91898
          ],
          [
            -111.3167,
            33.91895
          ],
          [
            -111.31669,
            33.91893
          ],
          [
            -111.31657,
            33.9188
          ],
          [
            -111.31656,
            33.91879
          ],
          [
            -111.31652,
            33.91875
          ],
          [
            -111.31646,
            33.91868
          ],
          [
            -111.31632,
            33.91852
          ],
          [
            -111.31631,
            33.91851
          ],
          [
            -111.3163,
            33.9185
          ],
          [
            -111.31619,
            33.91837
          ],
          [
            -111.31617,
            33.91835
          ],
          [
            -111.31611,
            33.91828
          ],
          [
            -111.31606,
            33.91822
          ],
          [
            -111.31604,
            33.9182
          ],
          [
            -111.31595,
            33.9181
          ],
          [
            -111.31592,
            33.91806
          ],
          [
            -111.31581,
            33.91792
          ],
          [
            -111.31572,
            33.9178
          ],
          [
            -111.31561,
            33.91765
          ],
          [
            -111.31559,
            33.91762
          ],
          [
            -111.31548,
            33.91746
          ],
          [
            -111.31547,
            33.91745
          ],
          [
            -111.31546,
            33.91745
          ],
          [
            -111.31537,
            33.9173
          ],
          [
            -111.31536,
            33.91729
          ],
          [
            -111.31533,
            33.91723
          ],
          [
            -111.31527,
            33.91712
          ],
          [
            -111.31523,
            33.91705
          ],
          [
            -111.31519,
            33.91696
          ],
          [
            -111.31514,
            33.91687
          ],
          [
            -111.31504,
            33.91666
          ],
          [
            -111.31498,
            33.91652
          ],
          [
            -111.31492,
            33.91639
          ],
          [
            -111.31482,
            33.91618
          ],
          [
            -111.31473,
            33.91598
          ],
          [
            -111.31465,
            33.9158
          ],
          [
            -111.31454,
            33.91556
          ],
          [
            -111.31445,
            33.91539
          ],
          [
            -111.31438,
            33.91526
          ],
          [
            -111.31429,
            33.91509
          ],
          [
            -111.31424,
            33.915
          ],
          [
            -111.3142,
            33.91491
          ],
          [
            -111.31415,
            33.91481
          ],
          [
            -111.31409,
            33.9147
          ],
          [
            -111.31406,
            33.91464
          ],
          [
            -111.31402,
            33.91457
          ],
          [
            -111.31397,
            33.91448
          ],
          [
            -111.31392,
            33.91439
          ],
          [
            -111.3138,
            33.91418
          ],
          [
            -111.31379,
            33.91416
          ],
          [
            -111.31378,
            33.91415
          ],
          [
            -111.31367,
            33.91397
          ],
          [
            -111.31331,
            33.9134
          ],
          [
            -111.31318,
            33.91319
          ],
          [
            -111.31315,
            33.91315
          ],
          [
            -111.31313,
            33.91311
          ],
          [
            -111.31292,
            33.91278
          ],
          [
            -111.31283,
            33.91262
          ],
          [
            -111.31265,
            33.91235
          ],
          [
            -111.31255,
            33.91219
          ],
          [
            -111.31252,
            33.91215
          ],
          [
            -111.31242,
            33.91199
          ],
          [
            -111.31241,
            33.91196
          ],
          [
            -111.31212,
            33.91151
          ],
          [
            -111.31209,
            33.91146
          ],
          [
            -111.31202,
            33.91135
          ],
          [
            -111.31195,
            33.91123
          ],
          [
            -111.31192,
            33.91119
          ],
          [
            -111.31182,
            33.91103
          ],
          [
            -111.31162,
            33.91071
          ],
          [
            -111.31156,
            33.91062
          ],
          [
            -111.31109,
            33.90987
          ],
          [
            -111.31077,
            33.90937
          ],
          [
            -111.31053,
            33.90895
          ],
          [
            -111.31041,
            33.90871
          ],
          [
            -111.31032,
            33.90848
          ],
          [
            -111.31027,
            33.90832
          ],
          [
            -111.31021,
            33.90809
          ],
          [
            -111.31016,
            33.90785
          ],
          [
            -111.31014,
            33.90771
          ],
          [
            -111.31012,
            33.90756
          ],
          [
            -111.31012,
            33.90743
          ],
          [
            -111.31012,
            33.9074
          ],
          [
            -111.31012,
            33.90738
          ],
          [
            -111.31012,
            33.9072
          ],
          [
            -111.31012,
            33.90703
          ],
          [
            -111.31014,
            33.90684
          ],
          [
            -111.31014,
            33.90671
          ],
          [
            -111.31015,
            33.90664
          ],
          [
            -111.31017,
            33.90638
          ],
          [
            -111.31019,
            33.90612
          ],
          [
            -111.31023,
            33.90565
          ],
          [
            -111.31024,
            33.90558
          ],
          [
            -111.31025,
            33.90545
          ],
          [
            -111.31029,
            33.90495
          ],
          [
            -111.3103,
            33.90478
          ],
          [
            -111.3103,
            33.90469
          ],
          [
            -111.31031,
            33.90465
          ],
          [
            -111.31032,
            33.90451
          ],
          [
            -111.31034,
            33.90433
          ],
          [
            -111.31035,
            33.90417
          ],
          [
            -111.31035,
            33.90415
          ],
          [
            -111.31036,
            33.90402
          ],
          [
            -111.3104,
            33.90356
          ],
          [
            -111.3104,
            33.90347
          ],
          [
            -111.31041,
            33.90343
          ],
          [
            -111.31042,
            33.90328
          ],
          [
            -111.31042,
            33.90325
          ],
          [
            -111.31046,
            33.90285
          ],
          [
            -111.31047,
            33.90271
          ],
          [
            -111.3105,
            33.90227
          ],
          [
            -111.31054,
            33.90182
          ],
          [
            -111.31055,
            33.9017
          ],
          [
            -111.31056,
            33.90164
          ],
          [
            -111.31056,
            33.90154
          ],
          [
            -111.31057,
            33.90146
          ],
          [
            -111.31058,
            33.90133
          ],
          [
            -111.31059,
            33.90117
          ],
          [
            -111.31061,
            33.90092
          ],
          [
            -111.31062,
            33.90085
          ],
          [
            -111.31064,
            33.90058
          ],
          [
            -111.31067,
            33.90024
          ],
          [
            -111.31067,
            33.9002
          ],
          [
            -111.31068,
            33.9
          ],
          [
            -111.31067,
            33.89984
          ],
          [
            -111.31066,
            33.8996
          ],
          [
            -111.31063,
            33.89935
          ],
          [
            -111.3106,
            33.89909
          ],
          [
            -111.3105,
            33.89865
          ],
          [
            -111.3104,
            33.89824
          ],
          [
            -111.31037,
            33.89812
          ],
          [
            -111.31036,
            33.89806
          ],
          [
            -111.31028,
            33.89775
          ],
          [
            -111.31015,
            33.89724
          ],
          [
            -111.31014,
            33.89718
          ],
          [
            -111.3101,
            33.89701
          ],
          [
            -111.31007,
            33.89689
          ],
          [
            -111.31006,
            33.89688
          ],
          [
            -111.31005,
            33.89683
          ],
          [
            -111.31002,
            33.89671
          ],
          [
            -111.31001,
            33.89666
          ],
          [
            -111.31001,
            33.89665
          ],
          [
            -111.30994,
            33.8963
          ],
          [
            -111.30992,
            33.89623
          ],
          [
            -111.30991,
            33.89616
          ],
          [
            -111.30991,
            33.89612
          ],
          [
            -111.30989,
            33.89594
          ],
          [
            -111.30987,
            33.89576
          ],
          [
            -111.30986,
            33.89552
          ],
          [
            -111.30986,
            33.89523
          ],
          [
            -111.30987,
            33.89515
          ],
          [
            -111.30988,
            33.89505
          ],
          [
            -111.30989,
            33.89495
          ],
          [
            -111.3099,
            33.8949
          ],
          [
            -111.30992,
            33.89477
          ],
          [
            -111.30994,
            33.89466
          ],
          [
            -111.30999,
            33.89443
          ],
          [
            -111.31004,
            33.89424
          ],
          [
            -111.31013,
            33.89397
          ],
          [
            -111.31022,
            33.89368
          ],
          [
            -111.31028,
            33.89351
          ],
          [
            -111.31034,
            33.89334
          ],
          [
            -111.31045,
            33.89303
          ],
          [
            -111.31057,
            33.89264
          ],
          [
            -111.31068,
            33.89233
          ],
          [
            -111.3108,
            33.89196
          ],
          [
            -111.31102,
            33.89128
          ],
          [
            -111.31114,
            33.89091
          ],
          [
            -111.31123,
            33.89065
          ],
          [
            -111.31127,
            33.89052
          ],
          [
            -111.3113,
            33.89043
          ],
          [
            -111.31131,
            33.89039
          ],
          [
            -111.31137,
            33.89023
          ],
          [
            -111.31138,
            33.89019
          ],
          [
            -111.3114,
            33.89014
          ],
          [
            -111.31144,
            33.89001
          ],
          [
            -111.31151,
            33.88981
          ],
          [
            -111.31159,
            33.88959
          ],
          [
            -111.31166,
            33.88939
          ],
          [
            -111.31172,
            33.88917
          ],
          [
            -111.31178,
            33.88897
          ],
          [
            -111.31183,
            33.88874
          ],
          [
            -111.31186,
            33.88853
          ],
          [
            -111.31188,
            33.8884
          ],
          [
            -111.3119,
            33.8882
          ],
          [
            -111.31191,
            33.88807
          ],
          [
            -111.31191,
            33.88795
          ],
          [
            -111.31192,
            33.88777
          ],
          [
            -111.31191,
            33.88764
          ],
          [
            -111.31191,
            33.88753
          ],
          [
            -111.3119,
            33.88705
          ],
          [
            -111.31189,
            33.88674
          ],
          [
            -111.31189,
            33.88667
          ],
          [
            -111.31189,
            33.88659
          ],
          [
            -111.31188,
            33.88649
          ],
          [
            -111.31188,
            33.88641
          ],
          [
            -111.31188,
            33.88623
          ],
          [
            -111.31187,
            33.8859
          ],
          [
            -111.31187,
            33.88587
          ],
          [
            -111.31185,
            33.88551
          ],
          [
            -111.31185,
            33.88537
          ],
          [
            -111.31184,
            33.88519
          ],
          [
            -111.31185,
            33.88508
          ],
          [
            -111.31184,
            33.88488
          ],
          [
            -111.31183,
            33.8846
          ],
          [
            -111.31183,
            33.88439
          ],
          [
            -111.31183,
            33.88424
          ],
          [
            -111.31183,
            33.88404
          ],
          [
            -111.31184,
            33.88392
          ],
          [
            -111.31185,
            33.88375
          ],
          [
            -111.31187,
            33.88353
          ],
          [
            -111.3119,
            33.88339
          ],
          [
            -111.31192,
            33.88329
          ],
          [
            -111.31195,
            33.8832
          ],
          [
            -111.31195,
            33.88318
          ],
          [
            -111.31196,
            33.88313
          ],
          [
            -111.31199,
            33.88302
          ],
          [
            -111.31201,
            33.88296
          ],
          [
            -111.31205,
            33.88285
          ],
          [
            -111.31211,
            33.88266
          ],
          [
            -111.31217,
            33.88252
          ],
          [
            -111.31223,
            33.88239
          ],
          [
            -111.31231,
            33.8822
          ],
          [
            -111.31239,
            33.88204
          ],
          [
            -111.31248,
            33.88191
          ],
          [
            -111.31256,
            33.88179
          ],
          [
            -111.31264,
            33.88166
          ],
          [
            -111.31277,
            33.88148
          ],
          [
            -111.31314,
            33.88103
          ],
          [
            -111.31322,
            33.88093
          ],
          [
            -111.31326,
            33.88087
          ],
          [
            -111.31331,
            33.88076
          ],
          [
            -111.31335,
            33.88071
          ],
          [
            -111.31347,
            33.88055
          ],
          [
            -111.31356,
            33.88043
          ],
          [
            -111.31375,
            33.8802
          ],
          [
            -111.31378,
            33.88017
          ],
          [
            -111.31386,
            33.88006
          ],
          [
            -111.31395,
            33.87994
          ],
          [
            -111.31398,
            33.8799
          ],
          [
            -111.31403,
            33.87984
          ],
          [
            -111.31406,
            33.87981
          ],
          [
            -111.31434,
            33.87945
          ],
          [
            -111.31476,
            33.8789
          ],
          [
            -111.31491,
            33.87866
          ],
          [
            -111.31497,
            33.87858
          ],
          [
            -111.31512,
            33.87834
          ],
          [
            -111.31522,
            33.87819
          ],
          [
            -111.31525,
            33.87816
          ],
          [
            -111.31528,
            33.87811
          ],
          [
            -111.31538,
            33.8779
          ],
          [
            -111.31545,
            33.87774
          ],
          [
            -111.31552,
            33.87758
          ],
          [
            -111.31556,
            33.87746
          ],
          [
            -111.31558,
            33.87739
          ],
          [
            -111.3156,
            33.87732
          ],
          [
            -111.31562,
            33.87723
          ],
          [
            -111.31565,
            33.87713
          ],
          [
            -111.31567,
            33.87702
          ],
          [
            -111.3157,
            33.87686
          ],
          [
            -111.31571,
            33.87678
          ],
          [
            -111.31572,
            33.87672
          ],
          [
            -111.31577,
            33.87592
          ],
          [
            -111.31578,
            33.87577
          ],
          [
            -111.31578,
            33.87555
          ],
          [
            -111.31578,
            33.8753
          ],
          [
            -111.31579,
            33.87523
          ],
          [
            -111.31579,
            33.87512
          ],
          [
            -111.31579,
            33.87496
          ],
          [
            -111.31578,
            33.87477
          ],
          [
            -111.31577,
            33.87459
          ],
          [
            -111.31577,
            33.87426
          ],
          [
            -111.31577,
            33.87381
          ],
          [
            -111.31577,
            33.87355
          ],
          [
            -111.31577,
            33.87327
          ],
          [
            -111.31577,
            33.8731
          ],
          [
            -111.31577,
            33.87291
          ],
          [
            -111.31577,
            33.87283
          ],
          [
            -111.31577,
            33.87278
          ],
          [
            -111.31577,
            33.87259
          ],
          [
            -111.31577,
            33.87255
          ],
          [
            -111.31577,
            33.87246
          ],
          [
            -111.31575,
            33.87232
          ],
          [
            -111.31574,
            33.8722
          ],
          [
            -111.31569,
            33.87199
          ],
          [
            -111.31566,
            33.87187
          ],
          [
            -111.31563,
            33.87176
          ],
          [
            -111.3156,
            33.87168
          ],
          [
            -111.31556,
            33.87155
          ],
          [
            -111.31548,
            33.87136
          ],
          [
            -111.31541,
            33.87119
          ],
          [
            -111.31539,
            33.87113
          ],
          [
            -111.31538,
            33.87111
          ],
          [
            -111.31537,
            33.87108
          ],
          [
            -111.31532,
            33.87097
          ],
          [
            -111.31522,
            33.87073
          ],
          [
            -111.31508,
            33.87038
          ],
          [
            -111.31501,
            33.87018
          ],
          [
            -111.31498,
            33.87009
          ],
          [
            -111.31496,
            33.87002
          ],
          [
            -111.31496,
            33.87001
          ],
          [
            -111.31494,
            33.86995
          ],
          [
            -111.31494,
            33.86988
          ],
          [
            -111.31493,
            33.86975
          ],
          [
            -111.31492,
            33.86959
          ],
          [
            -111.31492,
            33.86944
          ],
          [
            -111.31492,
            33.86938
          ],
          [
            -111.31493,
            33.86924
          ],
          [
            -111.31494,
            33.8691
          ],
          [
            -111.31494,
            33.86904
          ],
          [
            -111.31496,
            33.86881
          ],
          [
            -111.31497,
            33.86864
          ],
          [
            -111.31499,
            33.86838
          ],
          [
            -111.31503,
            33.86766
          ],
          [
            -111.31502,
            33.86738
          ],
          [
            -111.31501,
            33.86722
          ],
          [
            -111.315,
            33.86711
          ],
          [
            -111.31498,
            33.86699
          ],
          [
            -111.31496,
            33.86691
          ],
          [
            -111.31488,
            33.86655
          ],
          [
            -111.3148,
            33.86628
          ],
          [
            -111.31476,
            33.86615
          ],
          [
            -111.31475,
            33.8661
          ],
          [
            -111.3147,
            33.86597
          ],
          [
            -111.31464,
            33.8658
          ],
          [
            -111.31456,
            33.86562
          ],
          [
            -111.31429,
            33.86501
          ],
          [
            -111.31422,
            33.86486
          ],
          [
            -111.31419,
            33.86479
          ],
          [
            -111.31417,
            33.86474
          ],
          [
            -111.31412,
            33.86464
          ],
          [
            -111.31411,
            33.86462
          ],
          [
            -111.31409,
            33.86456
          ],
          [
            -111.31405,
            33.86447
          ],
          [
            -111.31403,
            33.86444
          ],
          [
            -111.31402,
            33.86441
          ],
          [
            -111.31398,
            33.86432
          ],
          [
            -111.31397,
            33.86428
          ],
          [
            -111.31395,
            33.86425
          ],
          [
            -111.31392,
            33.86419
          ],
          [
            -111.31383,
            33.86397
          ],
          [
            -111.31382,
            33.86394
          ],
          [
            -111.31378,
            33.86385
          ],
          [
            -111.31376,
            33.86382
          ],
          [
            -111.31374,
            33.86376
          ],
          [
            -111.3137,
            33.86368
          ],
          [
            -111.31363,
            33.86354
          ],
          [
            -111.31362,
            33.86352
          ],
          [
            -111.3136,
            33.86346
          ],
          [
            -111.31357,
            33.8634
          ],
          [
            -111.31353,
            33.86329
          ],
          [
            -111.31352,
            33.86327
          ],
          [
            -111.31351,
            33.86326
          ],
          [
            -111.31348,
            33.86318
          ],
          [
            -111.31345,
            33.86311
          ],
          [
            -111.31344,
            33.86309
          ],
          [
            -111.3134,
            33.86301
          ],
          [
            -111.31337,
            33.86295
          ],
          [
            -111.31332,
            33.86284
          ],
          [
            -111.31328,
            33.86277
          ],
          [
            -111.31321,
            33.86264
          ],
          [
            -111.3132,
            33.86262
          ],
          [
            -111.31313,
            33.86252
          ],
          [
            -111.31311,
            33.86248
          ],
          [
            -111.31306,
            33.86241
          ],
          [
            -111.31302,
            33.86236
          ],
          [
            -111.313,
            33.86233
          ],
          [
            -111.31297,
            33.86229
          ],
          [
            -111.31296,
            33.86228
          ],
          [
            -111.31294,
            33.86225
          ],
          [
            -111.31293,
            33.86223
          ],
          [
            -111.31291,
            33.86221
          ],
          [
            -111.31285,
            33.86214
          ],
          [
            -111.31283,
            33.86211
          ],
          [
            -111.3128,
            33.86207
          ],
          [
            -111.31273,
            33.862
          ],
          [
            -111.31266,
            33.86192
          ],
          [
            -111.31262,
            33.86188
          ],
          [
            -111.31255,
            33.86181
          ],
          [
            -111.31252,
            33.86178
          ],
          [
            -111.31246,
            33.86174
          ],
          [
            -111.31243,
            33.86171
          ],
          [
            -111.31225,
            33.86155
          ],
          [
            -111.31214,
            33.86146
          ],
          [
            -111.31204,
            33.86139
          ],
          [
            -111.31186,
            33.86124
          ],
          [
            -111.3118,
            33.86119
          ],
          [
            -111.31174,
            33.86115
          ],
          [
            -111.31171,
            33.86112
          ],
          [
            -111.31159,
            33.86103
          ],
          [
            -111.3115,
            33.86096
          ],
          [
            -111.31129,
            33.86078
          ],
          [
            -111.31113,
            33.86064
          ],
          [
            -111.31109,
            33.8606
          ],
          [
            -111.31102,
            33.86053
          ],
          [
            -111.311,
            33.86051
          ],
          [
            -111.31087,
            33.86037
          ],
          [
            -111.31086,
            33.86036
          ],
          [
            -111.31083,
            33.86032
          ],
          [
            -111.31076,
            33.86024
          ],
          [
            -111.31075,
            33.86022
          ],
          [
            -111.31074,
            33.86022
          ],
          [
            -111.31069,
            33.86015
          ],
          [
            -111.31061,
            33.86004
          ],
          [
            -111.31052,
            33.8599
          ],
          [
            -111.31044,
            33.85976
          ],
          [
            -111.31043,
            33.85975
          ],
          [
            -111.31034,
            33.85959
          ],
          [
            -111.31028,
            33.85946
          ],
          [
            -111.31024,
            33.85936
          ],
          [
            -111.31018,
            33.85923
          ],
          [
            -111.31013,
            33.85909
          ],
          [
            -111.3101,
            33.85898
          ],
          [
            -111.31008,
            33.8589
          ],
          [
            -111.31004,
            33.85873
          ],
          [
            -111.31004,
            33.85871
          ],
          [
            -111.30999,
            33.85852
          ],
          [
            -111.30998,
            33.85839
          ],
          [
            -111.30997,
            33.85825
          ],
          [
            -111.30997,
            33.85824
          ],
          [
            -111.30996,
            33.85812
          ],
          [
            -111.30996,
            33.85797
          ],
          [
            -111.30996,
            33.85779
          ],
          [
            -111.30998,
            33.85759
          ],
          [
            -111.31001,
            33.85738
          ],
          [
            -111.31004,
            33.85712
          ],
          [
            -111.31008,
            33.85679
          ],
          [
            -111.31014,
            33.85638
          ],
          [
            -111.31016,
            33.85622
          ],
          [
            -111.31019,
            33.85605
          ],
          [
            -111.31023,
            33.85579
          ],
          [
            -111.31025,
            33.85565
          ],
          [
            -111.31032,
            33.85518
          ],
          [
            -111.31035,
            33.85495
          ],
          [
            -111.31038,
            33.8548
          ],
          [
            -111.31044,
            33.85434
          ],
          [
            -111.31047,
            33.85417
          ],
          [
            -111.31051,
            33.85389
          ],
          [
            -111.31054,
            33.85366
          ],
          [
            -111.31058,
            33.85336
          ],
          [
            -111.31065,
            33.85291
          ],
          [
            -111.31073,
            33.85236
          ],
          [
            -111.31077,
            33.85206
          ],
          [
            -111.31078,
            33.85192
          ],
          [
            -111.31078,
            33.85176
          ],
          [
            -111.31078,
            33.85175
          ],
          [
            -111.31079,
            33.85162
          ],
          [
            -111.31078,
            33.85144
          ],
          [
            -111.31076,
            33.85128
          ],
          [
            -111.31074,
            33.85113
          ],
          [
            -111.31072,
            33.85099
          ],
          [
            -111.31072,
            33.85097
          ],
          [
            -111.31069,
            33.85082
          ],
          [
            -111.31065,
            33.85069
          ],
          [
            -111.3106,
            33.85053
          ],
          [
            -111.31055,
            33.85038
          ],
          [
            -111.31048,
            33.85022
          ],
          [
            -111.3104,
            33.85006
          ],
          [
            -111.31034,
            33.84995
          ],
          [
            -111.31012,
            33.84959
          ],
          [
            -111.30998,
            33.84939
          ],
          [
            -111.30992,
            33.84929
          ],
          [
            -111.30979,
            33.8491
          ],
          [
            -111.30965,
            33.84888
          ],
          [
            -111.30934,
            33.84842
          ],
          [
            -111.30913,
            33.84809
          ],
          [
            -111.3091,
            33.84804
          ],
          [
            -111.3089,
            33.84773
          ],
          [
            -111.30883,
            33.84763
          ],
          [
            -111.30817,
            33.84661
          ],
          [
            -111.30807,
            33.84646
          ],
          [
            -111.30788,
            33.84617
          ],
          [
            -111.30775,
            33.84596
          ],
          [
            -111.30765,
            33.84581
          ],
          [
            -111.30741,
            33.84544
          ],
          [
            -111.30721,
            33.84515
          ],
          [
            -111.30686,
            33.8446
          ],
          [
            -111.30667,
            33.84432
          ],
          [
            -111.3066,
            33.84421
          ],
          [
            -111.30653,
            33.84409
          ],
          [
            -111.3062,
            33.84359
          ],
          [
            -111.30579,
            33.84296
          ],
          [
            -111.30541,
            33.84237
          ],
          [
            -111.30531,
            33.84223
          ],
          [
            -111.30477,
            33.8414
          ],
          [
            -111.3045,
            33.84098
          ],
          [
            -111.30429,
            33.84066
          ],
          [
            -111.30414,
            33.84043
          ],
          [
            -111.30402,
            33.84024
          ],
          [
            -111.30385,
            33.83998
          ],
          [
            -111.30329,
            33.83907
          ],
          [
            -111.30287,
            33.83833
          ],
          [
            -111.30279,
            33.83819
          ],
          [
            -111.30254,
            33.83774
          ],
          [
            -111.30226,
            33.83724
          ],
          [
            -111.30199,
            33.83675
          ],
          [
            -111.30173,
            33.83629
          ],
          [
            -111.3014,
            33.8357
          ],
          [
            -111.30129,
            33.83552
          ],
          [
            -111.30066,
            33.8344
          ],
          [
            -111.30038,
            33.83391
          ],
          [
            -111.30015,
            33.83354
          ],
          [
            -111.29999,
            33.83329
          ],
          [
            -111.29993,
            33.8332
          ],
          [
            -111.29985,
            33.83309
          ],
          [
            -111.29957,
            33.83267
          ],
          [
            -111.29927,
            33.83221
          ],
          [
            -111.29922,
            33.83214
          ],
          [
            -111.29919,
            33.8321
          ],
          [
            -111.29899,
            33.83179
          ],
          [
            -111.29895,
            33.83172
          ],
          [
            -111.29884,
            33.83156
          ],
          [
            -111.29869,
            33.83134
          ],
          [
            -111.29849,
            33.83103
          ],
          [
            -111.29826,
            33.83069
          ],
          [
            -111.29757,
            33.82965
          ],
          [
            -111.29722,
            33.8291
          ],
          [
            -111.29706,
            33.82886
          ],
          [
            -111.29684,
            33.82853
          ],
          [
            -111.29671,
            33.82833
          ],
          [
            -111.29644,
            33.82793
          ],
          [
            -111.29629,
            33.8277
          ],
          [
            -111.29621,
            33.82757
          ],
          [
            -111.29599,
            33.82722
          ],
          [
            -111.29548,
            33.82632
          ],
          [
            -111.29518,
            33.82577
          ],
          [
            -111.29502,
            33.82545
          ],
          [
            -111.29495,
            33.8253
          ],
          [
            -111.2948,
            33.82503
          ],
          [
            -111.29469,
            33.82484
          ],
          [
            -111.29461,
            33.8247
          ],
          [
            -111.29446,
            33.82446
          ],
          [
            -111.29433,
            33.82426
          ],
          [
            -111.2942,
            33.82406
          ],
          [
            -111.29402,
            33.82381
          ],
          [
            -111.29377,
            33.82348
          ],
          [
            -111.29346,
            33.82309
          ],
          [
            -111.29322,
            33.8228
          ],
          [
            -111.29299,
            33.82255
          ],
          [
            -111.29258,
            33.82212
          ],
          [
            -111.29236,
            33.82191
          ],
          [
            -111.29212,
            33.82169
          ],
          [
            -111.29164,
            33.82127
          ],
          [
            -111.29137,
            33.82103
          ],
          [
            -111.29127,
            33.82095
          ],
          [
            -111.29107,
            33.82078
          ],
          [
            -111.28998,
            33.81985
          ],
          [
            -111.28991,
            33.81978
          ],
          [
            -111.28972,
            33.8196
          ],
          [
            -111.28961,
            33.81949
          ],
          [
            -111.28955,
            33.81943
          ],
          [
            -111.28949,
            33.81936
          ],
          [
            -111.28939,
            33.81924
          ],
          [
            -111.28931,
            33.81915
          ],
          [
            -111.28905,
            33.81879
          ],
          [
            -111.28896,
            33.81865
          ],
          [
            -111.2889,
            33.81852
          ],
          [
            -111.28888,
            33.8185
          ],
          [
            -111.28887,
            33.81848
          ],
          [
            -111.28886,
            33.81844
          ],
          [
            -111.28882,
            33.81836
          ],
          [
            -111.28881,
            33.81835
          ],
          [
            -111.28881,
            33.81834
          ],
          [
            -111.28878,
            33.81828
          ],
          [
            -111.28874,
            33.81818
          ],
          [
            -111.28868,
            33.81801
          ],
          [
            -111.28865,
            33.81791
          ],
          [
            -111.28862,
            33.81782
          ],
          [
            -111.28859,
            33.81768
          ],
          [
            -111.28856,
            33.81753
          ],
          [
            -111.28854,
            33.81741
          ],
          [
            -111.28852,
            33.81717
          ],
          [
            -111.28851,
            33.81697
          ],
          [
            -111.28851,
            33.81677
          ],
          [
            -111.28854,
            33.81645
          ],
          [
            -111.28855,
            33.81633
          ],
          [
            -111.28857,
            33.81618
          ],
          [
            -111.28858,
            33.8161
          ],
          [
            -111.28859,
            33.81605
          ],
          [
            -111.28859,
            33.81601
          ],
          [
            -111.28874,
            33.815
          ],
          [
            -111.28878,
            33.81468
          ],
          [
            -111.2888,
            33.81455
          ],
          [
            -111.2888,
            33.8145
          ],
          [
            -111.28895,
            33.81343
          ],
          [
            -111.28897,
            33.81328
          ],
          [
            -111.289,
            33.81309
          ],
          [
            -111.28904,
            33.81274
          ],
          [
            -111.28905,
            33.81257
          ],
          [
            -111.28906,
            33.81233
          ],
          [
            -111.28905,
            33.81219
          ],
          [
            -111.28904,
            33.81206
          ],
          [
            -111.28902,
            33.81194
          ],
          [
            -111.28896,
            33.81169
          ],
          [
            -111.28885,
            33.81136
          ],
          [
            -111.28882,
            33.81131
          ],
          [
            -111.28877,
            33.8112
          ],
          [
            -111.28875,
            33.81116
          ],
          [
            -111.28874,
            33.81113
          ],
          [
            -111.28865,
            33.81098
          ],
          [
            -111.28855,
            33.81082
          ],
          [
            -111.28851,
            33.81076
          ],
          [
            -111.28846,
            33.81069
          ],
          [
            -111.28836,
            33.81057
          ],
          [
            -111.28817,
            33.81036
          ],
          [
            -111.28813,
            33.81032
          ],
          [
            -111.28811,
            33.81031
          ],
          [
            -111.28802,
            33.81023
          ],
          [
            -111.28787,
            33.8101
          ],
          [
            -111.28771,
            33.80998
          ],
          [
            -111.28754,
            33.80987
          ],
          [
            -111.2874,
            33.80978
          ],
          [
            -111.28729,
            33.80972
          ],
          [
            -111.2871,
            33.80963
          ],
          [
            -111.28687,
            33.80954
          ],
          [
            -111.28675,
            33.8095
          ],
          [
            -111.28663,
            33.80946
          ],
          [
            -111.28643,
            33.80939
          ],
          [
            -111.28626,
            33.80935
          ],
          [
            -111.28613,
            33.80932
          ],
          [
            -111.28511,
            33.80911
          ],
          [
            -111.28491,
            33.80907
          ],
          [
            -111.28487,
            33.80906
          ],
          [
            -111.28485,
            33.80905
          ],
          [
            -111.28483,
            33.80905
          ],
          [
            -111.28477,
            33.80903
          ],
          [
            -111.28464,
            33.809
          ],
          [
            -111.28451,
            33.80896
          ],
          [
            -111.28444,
            33.80894
          ],
          [
            -111.28437,
            33.80892
          ],
          [
            -111.28426,
            33.80888
          ],
          [
            -111.28425,
            33.80887
          ],
          [
            -111.28424,
            33.80887
          ],
          [
            -111.28421,
            33.80886
          ],
          [
            -111.28413,
            33.80882
          ],
          [
            -111.28401,
            33.80877
          ],
          [
            -111.28389,
            33.80872
          ],
          [
            -111.28388,
            33.80871
          ],
          [
            -111.28386,
            33.8087
          ],
          [
            -111.28372,
            33.80863
          ],
          [
            -111.28369,
            33.80861
          ],
          [
            -111.28368,
            33.80861
          ],
          [
            -111.28364,
            33.80858
          ],
          [
            -111.28356,
            33.80854
          ],
          [
            -111.28339,
            33.80843
          ],
          [
            -111.28333,
            33.80838
          ],
          [
            -111.28325,
            33.80832
          ],
          [
            -111.28317,
            33.80826
          ],
          [
            -111.28316,
            33.80825
          ],
          [
            -111.28303,
            33.80814
          ],
          [
            -111.28293,
            33.80804
          ],
          [
            -111.2829,
            33.80802
          ],
          [
            -111.28288,
            33.808
          ],
          [
            -111.28283,
            33.80794
          ],
          [
            -111.28276,
            33.80787
          ],
          [
            -111.28275,
            33.80787
          ],
          [
            -111.28271,
            33.80782
          ],
          [
            -111.28263,
            33.80774
          ],
          [
            -111.2825,
            33.8076
          ],
          [
            -111.28249,
            33.80759
          ],
          [
            -111.28247,
            33.80758
          ],
          [
            -111.28236,
            33.80746
          ],
          [
            -111.28235,
            33.80745
          ],
          [
            -111.28234,
            33.80744
          ],
          [
            -111.28231,
            33.80741
          ],
          [
            -111.28227,
            33.80736
          ],
          [
            -111.28212,
            33.80721
          ],
          [
            -111.28209,
            33.80717
          ],
          [
            -111.28207,
            33.80715
          ],
          [
            -111.28195,
            33.80703
          ],
          [
            -111.28193,
            33.80701
          ],
          [
            -111.28189,
            33.80697
          ],
          [
            -111.28181,
            33.80688
          ],
          [
            -111.28176,
            33.80683
          ],
          [
            -111.28168,
            33.80674
          ],
          [
            -111.28153,
            33.80659
          ],
          [
            -111.28152,
            33.80657
          ],
          [
            -111.28137,
            33.80641
          ],
          [
            -111.28127,
            33.8063
          ],
          [
            -111.28116,
            33.80618
          ],
          [
            -111.28115,
            33.80618
          ],
          [
            -111.28113,
            33.80616
          ],
          [
            -111.28111,
            33.80613
          ],
          [
            -111.28104,
            33.80606
          ],
          [
            -111.281,
            33.80602
          ],
          [
            -111.28088,
            33.80589
          ],
          [
            -111.28083,
            33.80584
          ],
          [
            -111.28075,
            33.80576
          ],
          [
            -111.28075,
            33.80575
          ],
          [
            -111.28074,
            33.80574
          ],
          [
            -111.28073,
            33.80574
          ],
          [
            -111.28072,
            33.80572
          ],
          [
            -111.2807,
            33.8057
          ],
          [
            -111.28062,
            33.80561
          ],
          [
            -111.2806,
            33.8056
          ],
          [
            -111.28036,
            33.80536
          ],
          [
            -111.28034,
            33.80533
          ],
          [
            -111.2802,
            33.80521
          ],
          [
            -111.28018,
            33.80519
          ],
          [
            -111.28013,
            33.80515
          ],
          [
            -111.28003,
            33.80507
          ],
          [
            -111.28001,
            33.80506
          ],
          [
            -111.27998,
            33.80503
          ],
          [
            -111.27983,
            33.80492
          ],
          [
            -111.27969,
            33.80484
          ],
          [
            -111.27962,
            33.8048
          ],
          [
            -111.27951,
            33.80474
          ],
          [
            -111.27942,
            33.80468
          ],
          [
            -111.27933,
            33.80464
          ],
          [
            -111.27925,
            33.80461
          ],
          [
            -111.27906,
            33.80453
          ],
          [
            -111.27891,
            33.80447
          ],
          [
            -111.27876,
            33.80442
          ],
          [
            -111.27875,
            33.80442
          ],
          [
            -111.27874,
            33.80441
          ],
          [
            -111.27872,
            33.80441
          ],
          [
            -111.2787,
            33.8044
          ],
          [
            -111.27866,
            33.80439
          ],
          [
            -111.27855,
            33.80436
          ],
          [
            -111.27854,
            33.80436
          ],
          [
            -111.27851,
            33.80435
          ],
          [
            -111.27834,
            33.80431
          ],
          [
            -111.27828,
            33.8043
          ],
          [
            -111.27818,
            33.80429
          ],
          [
            -111.27801,
            33.80426
          ],
          [
            -111.27772,
            33.80423
          ],
          [
            -111.27748,
            33.80422
          ],
          [
            -111.27725,
            33.80421
          ],
          [
            -111.27706,
            33.80421
          ],
          [
            -111.27671,
            33.8042
          ],
          [
            -111.27652,
            33.80419
          ],
          [
            -111.27637,
            33.80418
          ],
          [
            -111.27625,
            33.80418
          ],
          [
            -111.27617,
            33.80417
          ],
          [
            -111.27611,
            33.80416
          ],
          [
            -111.27596,
            33.80415
          ],
          [
            -111.27588,
            33.80414
          ],
          [
            -111.27574,
            33.80412
          ],
          [
            -111.27573,
            33.80412
          ],
          [
            -111.27571,
            33.80411
          ],
          [
            -111.27555,
            33.80408
          ],
          [
            -111.27551,
            33.80408
          ],
          [
            -111.27545,
            33.80406
          ],
          [
            -111.27533,
            33.80403
          ],
          [
            -111.27525,
            33.80401
          ],
          [
            -111.27507,
            33.80396
          ],
          [
            -111.27492,
            33.8039
          ],
          [
            -111.27491,
            33.8039
          ],
          [
            -111.2749,
            33.80389
          ],
          [
            -111.27488,
            33.80389
          ],
          [
            -111.27486,
            33.80388
          ],
          [
            -111.27482,
            33.80386
          ],
          [
            -111.27474,
            33.80383
          ],
          [
            -111.27473,
            33.80382
          ],
          [
            -111.27466,
            33.8038
          ],
          [
            -111.27455,
            33.80374
          ],
          [
            -111.27454,
            33.80374
          ],
          [
            -111.2744,
            33.80367
          ],
          [
            -111.27424,
            33.80357
          ],
          [
            -111.27408,
            33.80347
          ],
          [
            -111.27387,
            33.80332
          ],
          [
            -111.27385,
            33.8033
          ],
          [
            -111.2738,
            33.80326
          ],
          [
            -111.27371,
            33.80319
          ],
          [
            -111.27369,
            33.80317
          ],
          [
            -111.27362,
            33.80311
          ],
          [
            -111.27337,
            33.8029
          ],
          [
            -111.27312,
            33.80269
          ],
          [
            -111.27286,
            33.80247
          ],
          [
            -111.27226,
            33.80195
          ],
          [
            -111.27211,
            33.80182
          ],
          [
            -111.27204,
            33.80176
          ],
          [
            -111.27166,
            33.80143
          ],
          [
            -111.27162,
            33.80139
          ],
          [
            -111.27151,
            33.8013
          ],
          [
            -111.27146,
            33.80125
          ],
          [
            -111.27136,
            33.80117
          ],
          [
            -111.27132,
            33.80113
          ],
          [
            -111.27112,
            33.80096
          ],
          [
            -111.27107,
            33.80091
          ],
          [
            -111.27106,
            33.80091
          ],
          [
            -111.27084,
            33.8007
          ],
          [
            -111.27059,
            33.80044
          ],
          [
            -111.27031,
            33.8001
          ],
          [
            -111.27019,
            33.79995
          ],
          [
            -111.27016,
            33.79991
          ],
          [
            -111.27015,
            33.7999
          ],
          [
            -111.27008,
            33.7998
          ],
          [
            -111.27001,
            33.7997
          ],
          [
            -111.26978,
            33.79936
          ],
          [
            -111.26958,
            33.79902
          ],
          [
            -111.26941,
            33.79868
          ],
          [
            -111.26926,
            33.79837
          ],
          [
            -111.26918,
            33.79818
          ],
          [
            -111.26911,
            33.798
          ],
          [
            -111.26903,
            33.79778
          ],
          [
            -111.26895,
            33.7975
          ],
          [
            -111.26887,
            33.79725
          ],
          [
            -111.2688,
            33.79703
          ],
          [
            -111.26873,
            33.79678
          ],
          [
            -111.26865,
            33.79653
          ],
          [
            -111.26863,
            33.79645
          ],
          [
            -111.26862,
            33.79643
          ],
          [
            -111.26861,
            33.79639
          ],
          [
            -111.26858,
            33.79629
          ],
          [
            -111.26852,
            33.79609
          ],
          [
            -111.2684,
            33.7957
          ],
          [
            -111.26815,
            33.79489
          ],
          [
            -111.26807,
            33.79462
          ],
          [
            -111.26798,
            33.79432
          ],
          [
            -111.26789,
            33.79404
          ],
          [
            -111.26783,
            33.79385
          ],
          [
            -111.26778,
            33.7937
          ],
          [
            -111.26777,
            33.79368
          ],
          [
            -111.26776,
            33.79366
          ],
          [
            -111.26774,
            33.79358
          ],
          [
            -111.26773,
            33.79355
          ],
          [
            -111.26772,
            33.79353
          ],
          [
            -111.26772,
            33.79352
          ],
          [
            -111.26771,
            33.79351
          ],
          [
            -111.26765,
            33.79331
          ],
          [
            -111.26754,
            33.79299
          ],
          [
            -111.26753,
            33.79296
          ],
          [
            -111.26748,
            33.79282
          ],
          [
            -111.26739,
            33.79258
          ],
          [
            -111.2673,
            33.79231
          ],
          [
            -111.26729,
            33.7923
          ],
          [
            -111.26726,
            33.79222
          ],
          [
            -111.26725,
            33.79219
          ],
          [
            -111.26724,
            33.79216
          ],
          [
            -111.26724,
            33.79214
          ],
          [
            -111.26723,
            33.79213
          ],
          [
            -111.26712,
            33.79183
          ],
          [
            -111.26711,
            33.7918
          ],
          [
            -111.26706,
            33.79169
          ],
          [
            -111.26704,
            33.79164
          ],
          [
            -111.26703,
            33.79161
          ],
          [
            -111.26698,
            33.79149
          ],
          [
            -111.2669,
            33.79128
          ],
          [
            -111.26689,
            33.79127
          ],
          [
            -111.26682,
            33.79111
          ],
          [
            -111.26679,
            33.79102
          ],
          [
            -111.26676,
            33.79097
          ],
          [
            -111.26675,
            33.79094
          ],
          [
            -111.26667,
            33.79078
          ],
          [
            -111.2666,
            33.79062
          ],
          [
            -111.26647,
            33.79036
          ],
          [
            -111.26638,
            33.7902
          ],
          [
            -111.26631,
            33.79007
          ],
          [
            -111.26606,
            33.78963
          ],
          [
            -111.26599,
            33.7895
          ],
          [
            -111.26598,
            33.78948
          ],
          [
            -111.26597,
            33.78947
          ],
          [
            -111.2659,
            33.78936
          ],
          [
            -111.26587,
            33.78931
          ],
          [
            -111.26578,
            33.78917
          ],
          [
            -111.26577,
            33.78915
          ],
          [
            -111.26576,
            33.78914
          ],
          [
            -111.26571,
            33.78907
          ],
          [
            -111.26558,
            33.78888
          ],
          [
            -111.26544,
            33.78868
          ],
          [
            -111.26537,
            33.78859
          ],
          [
            -111.26529,
            33.78848
          ],
          [
            -111.2652946,
            33.788475
          ],
          [
            -111.26542,
            33.78839
          ],
          [
            -111.2655,
            33.78834
          ],
          [
            -111.26553,
            33.78829
          ],
          [
            -111.26554,
            33.78825
          ],
          [
            -111.26555,
            33.78821
          ],
          [
            -111.26551,
            33.78814
          ],
          [
            -111.26536,
            33.78793
          ],
          [
            -111.26525,
            33.78778
          ],
          [
            -111.26518,
            33.78768
          ],
          [
            -111.26514,
            33.78763
          ],
          [
            -111.2649,
            33.78732
          ],
          [
            -111.26473,
            33.7871
          ],
          [
            -111.26468,
            33.78702
          ],
          [
            -111.26462,
            33.78693
          ],
          [
            -111.26458,
            33.78681
          ],
          [
            -111.26461,
            33.78668
          ],
          [
            -111.2646137,
            33.7866763
          ],
          [
            -111.26469,
            33.78659
          ],
          [
            -111.2648,
            33.78654
          ],
          [
            -111.26495,
            33.78652
          ],
          [
            -111.26498,
            33.78652
          ],
          [
            -111.26506,
            33.78653
          ],
          [
            -111.2652,
            33.78653
          ],
          [
            -111.26563,
            33.78652
          ],
          [
            -111.26576,
            33.78652
          ],
          [
            -111.26588,
            33.78657
          ],
          [
            -111.26591,
            33.78657
          ],
          [
            -111.26601,
            33.7866
          ],
          [
            -111.26604,
            33.7866
          ],
          [
            -111.26617,
            33.78662
          ],
          [
            -111.26632,
            33.78662
          ],
          [
            -111.26641,
            33.78664
          ],
          [
            -111.26667,
            33.78671
          ],
          [
            -111.2667,
            33.78671
          ],
          [
            -111.26688,
            33.78675
          ],
          [
            -111.26694,
            33.78676
          ],
          [
            -111.26719,
            33.7868
          ],
          [
            -111.26734,
            33.78683
          ],
          [
            -111.26748,
            33.78683
          ],
          [
            -111.26752,
            33.78683
          ],
          [
            -111.26758,
            33.78681
          ],
          [
            -111.2676,
            33.7868
          ],
          [
            -111.26764,
            33.78679
          ],
          [
            -111.26774,
            33.78673
          ],
          [
            -111.26781,
            33.78666
          ],
          [
            -111.26785,
            33.78661
          ],
          [
            -111.26788,
            33.78657
          ],
          [
            -111.26794,
            33.78645
          ],
          [
            -111.26799,
            33.78639
          ],
          [
            -111.26801,
            33.78635
          ],
          [
            -111.26807,
            33.7863
          ],
          [
            -111.26812,
            33.78625
          ],
          [
            -111.26836,
            33.7861
          ],
          [
            -111.26846,
            33.78603
          ],
          [
            -111.26863,
            33.78593
          ],
          [
            -111.26876,
            33.78587
          ],
          [
            -111.26882,
            33.78584
          ],
          [
            -111.26883,
            33.78584
          ],
          [
            -111.26898,
            33.78579
          ],
          [
            -111.26912,
            33.78573
          ],
          [
            -111.26914,
            33.78571
          ],
          [
            -111.26923,
            33.78564
          ],
          [
            -111.2693,
            33.78556
          ],
          [
            -111.26942,
            33.78537
          ],
          [
            -111.26948,
            33.78526
          ],
          [
            -111.26951,
            33.78519
          ],
          [
            -111.26954,
            33.78512
          ],
          [
            -111.26964,
            33.78492
          ],
          [
            -111.26965,
            33.7849
          ],
          [
            -111.26976,
            33.78477
          ],
          [
            -111.2698,
            33.78472
          ],
          [
            -111.26988,
            33.78462
          ],
          [
            -111.27,
            33.78447
          ],
          [
            -111.27004,
            33.78442
          ],
          [
            -111.27006,
            33.7844
          ],
          [
            -111.27013,
            33.78433
          ],
          [
            -111.27026,
            33.78422
          ],
          [
            -111.27048,
            33.78388
          ],
          [
            -111.2705,
            33.78384
          ],
          [
            -111.27052,
            33.78382
          ],
          [
            -111.27061,
            33.78374
          ],
          [
            -111.27065,
            33.78371
          ],
          [
            -111.27072,
            33.78366
          ],
          [
            -111.2709,
            33.78358
          ],
          [
            -111.27122,
            33.78346
          ],
          [
            -111.27124,
            33.78344
          ],
          [
            -111.27136,
            33.78338
          ],
          [
            -111.27144,
            33.78334
          ],
          [
            -111.27161,
            33.7832
          ],
          [
            -111.27175,
            33.78302
          ],
          [
            -111.27186,
            33.78295
          ],
          [
            -111.27202,
            33.78288
          ],
          [
            -111.27218,
            33.78283
          ],
          [
            -111.2722,
            33.78282
          ],
          [
            -111.27225,
            33.78279
          ],
          [
            -111.27265,
            33.78255
          ],
          [
            -111.27293,
            33.78242
          ],
          [
            -111.27309,
            33.78238
          ],
          [
            -111.27326,
            33.78236
          ],
          [
            -111.27375,
            33.78233
          ],
          [
            -111.27378,
            33.78233
          ],
          [
            -111.27383,
            33.78232
          ],
          [
            -111.274,
            33.78228
          ],
          [
            -111.27417,
            33.78225
          ],
          [
            -111.27419,
            33.78225
          ],
          [
            -111.27449,
            33.78223
          ],
          [
            -111.27467,
            33.78222
          ],
          [
            -111.27483,
            33.78219
          ],
          [
            -111.27503,
            33.78214
          ],
          [
            -111.27508,
            33.78213
          ],
          [
            -111.2751,
            33.78212
          ],
          [
            -111.27523,
            33.78209
          ],
          [
            -111.27531,
            33.78208
          ],
          [
            -111.2755,
            33.78207
          ],
          [
            -111.27574,
            33.78204
          ],
          [
            -111.27587,
            33.78201
          ],
          [
            -111.27594,
            33.782
          ],
          [
            -111.27608,
            33.78196
          ],
          [
            -111.27613,
            33.78195
          ],
          [
            -111.27618,
            33.78193
          ],
          [
            -111.27627,
            33.78188
          ],
          [
            -111.2763,
            33.78187
          ],
          [
            -111.27633,
            33.78184
          ],
          [
            -111.27636,
            33.78181
          ],
          [
            -111.27639,
            33.78169
          ],
          [
            -111.27639,
            33.78142
          ],
          [
            -111.27641,
            33.78131
          ],
          [
            -111.27647,
            33.78124
          ],
          [
            -111.27649,
            33.78122
          ],
          [
            -111.27653,
            33.78118
          ],
          [
            -111.27654,
            33.78117
          ],
          [
            -111.27658,
            33.78112
          ],
          [
            -111.27664,
            33.78102
          ],
          [
            -111.27665,
            33.7809
          ],
          [
            -111.27665,
            33.78086
          ],
          [
            -111.27664,
            33.78083
          ],
          [
            -111.27664,
            33.7808
          ],
          [
            -111.27661,
            33.78067
          ],
          [
            -111.27656,
            33.78055
          ],
          [
            -111.27654,
            33.78049
          ],
          [
            -111.27654,
            33.78048
          ],
          [
            -111.27653,
            33.78045
          ],
          [
            -111.27651,
            33.78031
          ],
          [
            -111.27652,
            33.7802
          ],
          [
            -111.27654,
            33.78013
          ],
          [
            -111.27656,
            33.78007
          ],
          [
            -111.27659,
            33.78002
          ],
          [
            -111.27663,
            33.77995
          ],
          [
            -111.27679,
            33.77976
          ],
          [
            -111.27682,
            33.77972
          ],
          [
            -111.27691,
            33.77963
          ],
          [
            -111.27696,
            33.77959
          ],
          [
            -111.277,
            33.77956
          ],
          [
            -111.27703,
            33.77955
          ],
          [
            -111.27711,
            33.77953
          ],
          [
            -111.27719,
            33.77949
          ],
          [
            -111.27725,
            33.77944
          ],
          [
            -111.27729,
            33.77937
          ],
          [
            -111.27739,
            33.77925
          ],
          [
            -111.27744,
            33.77916
          ],
          [
            -111.27744,
            33.77908
          ],
          [
            -111.27744,
            33.77901
          ],
          [
            -111.27746,
            33.77895
          ],
          [
            -111.27753,
            33.77887
          ],
          [
            -111.27761,
            33.77881
          ],
          [
            -111.27768,
            33.77878
          ],
          [
            -111.27784,
            33.77878
          ],
          [
            -111.27797,
            33.77875
          ],
          [
            -111.27806,
            33.7787
          ],
          [
            -111.27814,
            33.77863
          ],
          [
            -111.27824,
            33.77852
          ],
          [
            -111.27831,
            33.77839
          ],
          [
            -111.27836,
            33.7782
          ],
          [
            -111.27839,
            33.77814
          ],
          [
            -111.27843,
            33.77803
          ],
          [
            -111.27845,
            33.77798
          ],
          [
            -111.27851,
            33.7779
          ],
          [
            -111.27853,
            33.77778
          ],
          [
            -111.27854,
            33.77767
          ],
          [
            -111.27858,
            33.77751
          ],
          [
            -111.27859,
            33.77751
          ],
          [
            -111.27889,
            33.77696
          ],
          [
            -111.2789,
            33.77696
          ],
          [
            -111.27896,
            33.77687
          ],
          [
            -111.27898,
            33.77683
          ],
          [
            -111.27905,
            33.77677
          ],
          [
            -111.27908,
            33.77667
          ],
          [
            -111.27908,
            33.77647
          ],
          [
            -111.27908,
            33.77636
          ],
          [
            -111.27908,
            33.77621
          ],
          [
            -111.27904,
            33.77604
          ],
          [
            -111.27902,
            33.77594
          ],
          [
            -111.27899,
            33.77583
          ],
          [
            -111.27899,
            33.77582
          ],
          [
            -111.27897,
            33.7757
          ],
          [
            -111.27892,
            33.77559
          ],
          [
            -111.27882,
            33.7755
          ],
          [
            -111.27874,
            33.7754
          ],
          [
            -111.27871,
            33.77532
          ],
          [
            -111.2787,
            33.77522
          ],
          [
            -111.27871,
            33.77517
          ],
          [
            -111.27872,
            33.77511
          ],
          [
            -111.27872,
            33.7751
          ],
          [
            -111.27874,
            33.77499
          ],
          [
            -111.27875,
            33.77493
          ],
          [
            -111.27875,
            33.77492
          ],
          [
            -111.27878,
            33.77482
          ],
          [
            -111.27878,
            33.7748
          ],
          [
            -111.27887,
            33.77469
          ],
          [
            -111.27891,
            33.77461
          ],
          [
            -111.27896,
            33.77451
          ],
          [
            -111.27896,
            33.7744
          ],
          [
            -111.27895,
            33.77432
          ],
          [
            -111.27895,
            33.77431
          ],
          [
            -111.27893,
            33.77425
          ],
          [
            -111.27892,
            33.77422
          ],
          [
            -111.27889,
            33.77415
          ],
          [
            -111.27889,
            33.77406
          ],
          [
            -111.27892,
            33.77398
          ],
          [
            -111.27902,
            33.77374
          ],
          [
            -111.27908,
            33.77356
          ],
          [
            -111.27912,
            33.77345
          ],
          [
            -111.27913,
            33.77343
          ],
          [
            -111.27915,
            33.77332
          ],
          [
            -111.27916,
            33.77318
          ],
          [
            -111.27918,
            33.77285
          ],
          [
            -111.27919,
            33.77273
          ],
          [
            -111.27921,
            33.77264
          ],
          [
            -111.27927,
            33.77257
          ],
          [
            -111.27933,
            33.77248
          ],
          [
            -111.27945,
            33.77232
          ],
          [
            -111.27954,
            33.77224
          ],
          [
            -111.27965,
            33.77217
          ],
          [
            -111.27967,
            33.77215
          ],
          [
            -111.27972,
            33.7721
          ],
          [
            -111.27975,
            33.77206
          ],
          [
            -111.27979,
            33.772
          ],
          [
            -111.27986,
            33.77191
          ],
          [
            -111.27988,
            33.77184
          ],
          [
            -111.27992,
            33.77176
          ],
          [
            -111.27996,
            33.77161
          ],
          [
            -111.27999,
            33.77143
          ],
          [
            -111.27999,
            33.77139
          ],
          [
            -111.28,
            33.77131
          ],
          [
            -111.28,
            33.77126
          ],
          [
            -111.27997,
            33.77115
          ],
          [
            -111.27997,
            33.77114
          ],
          [
            -111.27996,
            33.7711
          ],
          [
            -111.27995,
            33.77107
          ],
          [
            -111.27993,
            33.77102
          ],
          [
            -111.27994,
            33.77096
          ],
          [
            -111.27994,
            33.77088
          ],
          [
            -111.27997,
            33.77078
          ],
          [
            -111.28,
            33.77067
          ],
          [
            -111.28002,
            33.77054
          ],
          [
            -111.28001,
            33.77046
          ],
          [
            -111.27993,
            33.77028
          ],
          [
            -111.27993,
            33.77026
          ],
          [
            -111.27993,
            33.77019
          ],
          [
            -111.27993,
            33.77009
          ],
          [
            -111.2799,
            33.7699
          ],
          [
            -111.2799,
            33.76985
          ],
          [
            -111.2799,
            33.76983
          ],
          [
            -111.27989,
            33.76975
          ],
          [
            -111.2799,
            33.7696
          ],
          [
            -111.27993,
            33.76955
          ],
          [
            -111.27996,
            33.76951
          ],
          [
            -111.27997,
            33.76949
          ],
          [
            -111.28003,
            33.76934
          ],
          [
            -111.28008,
            33.76912
          ],
          [
            -111.28008,
            33.76903
          ],
          [
            -111.28009,
            33.76896
          ],
          [
            -111.28009,
            33.76891
          ],
          [
            -111.28008,
            33.76885
          ],
          [
            -111.28005,
            33.76857
          ],
          [
            -111.28006,
            33.76849
          ],
          [
            -111.28015,
            33.7682
          ],
          [
            -111.28017,
            33.76814
          ],
          [
            -111.28018,
            33.76808
          ],
          [
            -111.28022,
            33.76797
          ],
          [
            -111.28027,
            33.7678
          ],
          [
            -111.2803,
            33.76762
          ],
          [
            -111.28036,
            33.76748
          ],
          [
            -111.28037,
            33.76744
          ],
          [
            -111.28042,
            33.7673
          ],
          [
            -111.28042,
            33.76727
          ],
          [
            -111.28044,
            33.7672
          ],
          [
            -111.28045,
            33.76715
          ],
          [
            -111.28045,
            33.76709
          ],
          [
            -111.28045,
            33.76702
          ],
          [
            -111.28044,
            33.76691
          ],
          [
            -111.28044,
            33.76689
          ],
          [
            -111.28039,
            33.76655
          ],
          [
            -111.28039,
            33.76654
          ],
          [
            -111.2804,
            33.76637
          ],
          [
            -111.28041,
            33.76634
          ],
          [
            -111.28042,
            33.76631
          ],
          [
            -111.28044,
            33.76627
          ],
          [
            -111.28052,
            33.76618
          ],
          [
            -111.28065,
            33.76607
          ],
          [
            -111.2808,
            33.76597
          ],
          [
            -111.28084,
            33.76594
          ],
          [
            -111.28097,
            33.76585
          ],
          [
            -111.2811,
            33.76577
          ],
          [
            -111.28115,
            33.76575
          ],
          [
            -111.28122,
            33.76572
          ],
          [
            -111.28129,
            33.76569
          ],
          [
            -111.28133,
            33.76566
          ],
          [
            -111.28138,
            33.76562
          ],
          [
            -111.28145,
            33.76551
          ],
          [
            -111.28145,
            33.7655
          ],
          [
            -111.28151,
            33.76546
          ],
          [
            -111.28153,
            33.76544
          ],
          [
            -111.2816,
            33.76539
          ],
          [
            -111.2816,
            33.76538
          ],
          [
            -111.28167,
            33.76533
          ],
          [
            -111.28173,
            33.76525
          ],
          [
            -111.28176,
            33.76516
          ],
          [
            -111.28175,
            33.76509
          ],
          [
            -111.28176,
            33.76489
          ],
          [
            -111.28177,
            33.76472
          ],
          [
            -111.28177,
            33.76471
          ],
          [
            -111.28178,
            33.76464
          ],
          [
            -111.28182,
            33.76447
          ],
          [
            -111.28183,
            33.76435
          ],
          [
            -111.28182,
            33.76429
          ],
          [
            -111.28182,
            33.76428
          ],
          [
            -111.28181,
            33.76418
          ],
          [
            -111.28174,
            33.764
          ],
          [
            -111.28171,
            33.76394
          ],
          [
            -111.2817,
            33.7639
          ],
          [
            -111.28167,
            33.76376
          ],
          [
            -111.28166,
            33.76363
          ],
          [
            -111.28168,
            33.7635
          ],
          [
            -111.28174,
            33.7633
          ],
          [
            -111.28176,
            33.76319
          ],
          [
            -111.28178,
            33.76311
          ],
          [
            -111.28182,
            33.76294
          ],
          [
            -111.28184,
            33.76288
          ],
          [
            -111.28184,
            33.76286
          ],
          [
            -111.28188,
            33.76277
          ],
          [
            -111.28195,
            33.7626
          ],
          [
            -111.28198,
            33.76254
          ],
          [
            -111.28198,
            33.76253
          ],
          [
            -111.28207,
            33.76227
          ],
          [
            -111.28211,
            33.76212
          ],
          [
            -111.28215,
            33.76201
          ],
          [
            -111.28224,
            33.76192
          ],
          [
            -111.28242,
            33.76176
          ],
          [
            -111.28248,
            33.76169
          ],
          [
            -111.2825,
            33.76165
          ],
          [
            -111.28258,
            33.7615
          ],
          [
            -111.28259,
            33.76149
          ],
          [
            -111.28274,
            33.76122
          ],
          [
            -111.28278,
            33.76116
          ],
          [
            -111.28281,
            33.7611
          ],
          [
            -111.28282,
            33.76109
          ],
          [
            -111.28286,
            33.76099
          ],
          [
            -111.28286,
            33.76097
          ],
          [
            -111.28288,
            33.7608
          ],
          [
            -111.2829,
            33.76073
          ],
          [
            -111.28294,
            33.76064
          ],
          [
            -111.28299,
            33.76059
          ],
          [
            -111.28301,
            33.76056
          ],
          [
            -111.28305,
            33.76049
          ],
          [
            -111.28306,
            33.76046
          ],
          [
            -111.28306,
            33.76043
          ],
          [
            -111.28307,
            33.76028
          ],
          [
            -111.28307,
            33.76024
          ],
          [
            -111.28308,
            33.76019
          ],
          [
            -111.28313,
            33.76015
          ],
          [
            -111.28316,
            33.76013
          ],
          [
            -111.2832,
            33.76011
          ],
          [
            -111.28334,
            33.76003
          ],
          [
            -111.28338,
            33.76001
          ],
          [
            -111.28338,
            33.76
          ],
          [
            -111.28351,
            33.75991
          ],
          [
            -111.28352,
            33.75991
          ],
          [
            -111.28366,
            33.75979
          ],
          [
            -111.28376,
            33.75969
          ],
          [
            -111.28387,
            33.75954
          ],
          [
            -111.28397,
            33.75946
          ],
          [
            -111.2841,
            33.75943
          ],
          [
            -111.28411,
            33.75942
          ],
          [
            -111.28415,
            33.75942
          ],
          [
            -111.28416,
            33.75942
          ],
          [
            -111.28425,
            33.75941
          ],
          [
            -111.28432,
            33.75941
          ],
          [
            -111.28436,
            33.75942
          ],
          [
            -111.2845,
            33.75942
          ],
          [
            -111.28458,
            33.75941
          ],
          [
            -111.28466,
            33.75938
          ],
          [
            -111.28475,
            33.75932
          ],
          [
            -111.28484,
            33.75925
          ],
          [
            -111.28492,
            33.75916
          ],
          [
            -111.28498,
            33.75903
          ],
          [
            -111.28503,
            33.75896
          ],
          [
            -111.28507,
            33.75892
          ],
          [
            -111.2851,
            33.7589
          ],
          [
            -111.28513,
            33.75888
          ],
          [
            -111.28518,
            33.75886
          ],
          [
            -111.2853,
            33.75882
          ],
          [
            -111.28533,
            33.75882
          ],
          [
            -111.28542,
            33.75881
          ],
          [
            -111.28551,
            33.75882
          ],
          [
            -111.28555,
            33.75882
          ],
          [
            -111.28571,
            33.75883
          ],
          [
            -111.28577,
            33.75883
          ],
          [
            -111.28593,
            33.75883
          ],
          [
            -111.28609,
            33.75881
          ],
          [
            -111.28619,
            33.75878
          ],
          [
            -111.2862,
            33.75877
          ],
          [
            -111.28631,
            33.75868
          ],
          [
            -111.28634,
            33.75865
          ],
          [
            -111.28639,
            33.75861
          ],
          [
            -111.28648,
            33.75857
          ],
          [
            -111.28651,
            33.75856
          ],
          [
            -111.28652,
            33.75855
          ],
          [
            -111.28659,
            33.75852
          ],
          [
            -111.28692,
            33.75834
          ],
          [
            -111.28707,
            33.75828
          ],
          [
            -111.2872,
            33.75823
          ],
          [
            -111.28723,
            33.75823
          ],
          [
            -111.28728,
            33.75822
          ],
          [
            -111.28738,
            33.75821
          ],
          [
            -111.28744,
            33.75818
          ],
          [
            -111.28748,
            33.75816
          ],
          [
            -111.28753,
            33.75814
          ],
          [
            -111.2877,
            33.75804
          ],
          [
            -111.28788,
            33.75792
          ],
          [
            -111.288,
            33.75782
          ],
          [
            -111.2881,
            33.75772
          ],
          [
            -111.28812,
            33.75771
          ],
          [
            -111.28813,
            33.75769
          ],
          [
            -111.28825,
            33.75754
          ],
          [
            -111.28826,
            33.75752
          ],
          [
            -111.28837,
            33.75741
          ],
          [
            -111.28845,
            33.75737
          ],
          [
            -111.28853,
            33.75734
          ],
          [
            -111.28857,
            33.75732
          ],
          [
            -111.28867,
            33.75729
          ],
          [
            -111.28873,
            33.75727
          ],
          [
            -111.28878,
            33.75726
          ],
          [
            -111.28886,
            33.75724
          ],
          [
            -111.28897,
            33.7572
          ],
          [
            -111.28906,
            33.75716
          ],
          [
            -111.28913,
            33.75709
          ],
          [
            -111.28919,
            33.75699
          ],
          [
            -111.28924,
            33.75693
          ],
          [
            -111.28928,
            33.75689
          ],
          [
            -111.28933,
            33.75684
          ],
          [
            -111.28936,
            33.75682
          ],
          [
            -111.2894,
            33.7568
          ],
          [
            -111.28957,
            33.75673
          ],
          [
            -111.28968,
            33.75671
          ],
          [
            -111.28987,
            33.75668
          ],
          [
            -111.29006,
            33.75666
          ],
          [
            -111.29014,
            33.75663
          ],
          [
            -111.29019,
            33.75662
          ],
          [
            -111.29032,
            33.75654
          ],
          [
            -111.29045,
            33.75646
          ],
          [
            -111.29061,
            33.75639
          ],
          [
            -111.29072,
            33.75636
          ],
          [
            -111.29086,
            33.75634
          ],
          [
            -111.29105,
            33.7563
          ],
          [
            -111.29116,
            33.75628
          ],
          [
            -111.2912,
            33.75626
          ],
          [
            -111.29154,
            33.75618
          ],
          [
            -111.29157,
            33.75617
          ],
          [
            -111.29162,
            33.75616
          ],
          [
            -111.29203,
            33.75606
          ],
          [
            -111.29211,
            33.75604
          ],
          [
            -111.2922,
            33.75602
          ],
          [
            -111.29224,
            33.75601
          ],
          [
            -111.29259,
            33.75591
          ],
          [
            -111.29276,
            33.75585
          ],
          [
            -111.29286,
            33.75584
          ],
          [
            -111.29292,
            33.75584
          ],
          [
            -111.29299,
            33.75585
          ],
          [
            -111.29302,
            33.75587
          ],
          [
            -111.29303,
            33.75588
          ],
          [
            -111.29305,
            33.7559
          ],
          [
            -111.29313,
            33.75601
          ],
          [
            -111.29317,
            33.75607
          ],
          [
            -111.29322,
            33.75611
          ],
          [
            -111.29328,
            33.75612
          ],
          [
            -111.2934,
            33.75612
          ],
          [
            -111.29354,
            33.7561
          ],
          [
            -111.29355,
            33.75609
          ],
          [
            -111.29356,
            33.75609
          ],
          [
            -111.29366,
            33.75606
          ],
          [
            -111.29371,
            33.75603
          ],
          [
            -111.29375,
            33.75602
          ],
          [
            -111.29377,
            33.75601
          ],
          [
            -111.29407,
            33.75594
          ],
          [
            -111.29423,
            33.75591
          ],
          [
            -111.29434,
            33.7559
          ],
          [
            -111.29438,
            33.7559
          ],
          [
            -111.2944,
            33.7559
          ],
          [
            -111.29455,
            33.75588
          ],
          [
            -111.29459,
            33.75587
          ],
          [
            -111.29468,
            33.75586
          ],
          [
            -111.2948,
            33.75582
          ],
          [
            -111.2949,
            33.75579
          ],
          [
            -111.29496,
            33.75577
          ],
          [
            -111.29531,
            33.75566
          ],
          [
            -111.29546,
            33.75559
          ],
          [
            -111.29556,
            33.75557
          ],
          [
            -111.29559,
            33.75556
          ],
          [
            -111.29561,
            33.75555
          ],
          [
            -111.29571,
            33.75552
          ],
          [
            -111.29577,
            33.75548
          ],
          [
            -111.29579,
            33.75547
          ],
          [
            -111.29581,
            33.75546
          ],
          [
            -111.29594,
            33.75532
          ],
          [
            -111.29602,
            33.75529
          ],
          [
            -111.2961,
            33.75529
          ],
          [
            -111.29621,
            33.75532
          ],
          [
            -111.29651,
            33.75537
          ],
          [
            -111.29654,
            33.75537
          ],
          [
            -111.29655,
            33.75538
          ],
          [
            -111.29657,
            33.75538
          ],
          [
            -111.29667,
            33.75538
          ],
          [
            -111.29675,
            33.75535
          ],
          [
            -111.29684,
            33.75529
          ],
          [
            -111.29697,
            33.75519
          ],
          [
            -111.29705,
            33.75514
          ],
          [
            -111.29709,
            33.75511
          ],
          [
            -111.29712,
            33.75509
          ],
          [
            -111.29721,
            33.75504
          ],
          [
            -111.29723,
            33.75503
          ],
          [
            -111.29727,
            33.75502
          ],
          [
            -111.29733,
            33.755
          ],
          [
            -111.2975,
            33.75497
          ],
          [
            -111.29765,
            33.75486
          ],
          [
            -111.29774,
            33.75474
          ],
          [
            -111.29779,
            33.75459
          ],
          [
            -111.29779,
            33.75457
          ],
          [
            -111.2978,
            33.75453
          ],
          [
            -111.2978,
            33.75444
          ],
          [
            -111.29781,
            33.75435
          ],
          [
            -111.29781,
            33.75433
          ],
          [
            -111.29782,
            33.75426
          ],
          [
            -111.29787,
            33.75423
          ],
          [
            -111.29789,
            33.7542
          ],
          [
            -111.2979,
            33.7542
          ],
          [
            -111.29793,
            33.75416
          ],
          [
            -111.29799,
            33.7541
          ],
          [
            -111.29806,
            33.75409
          ],
          [
            -111.29806,
            33.75408
          ],
          [
            -111.2982,
            33.75409
          ],
          [
            -111.29823,
            33.75409
          ],
          [
            -111.29827,
            33.75409
          ],
          [
            -111.29832,
            33.75409
          ],
          [
            -111.29842,
            33.75411
          ],
          [
            -111.29844,
            33.75412
          ],
          [
            -111.29848,
            33.75414
          ],
          [
            -111.2985,
            33.75414
          ],
          [
            -111.29864,
            33.7542
          ],
          [
            -111.29878,
            33.75423
          ],
          [
            -111.29893,
            33.75425
          ],
          [
            -111.29909,
            33.75425
          ],
          [
            -111.2991,
            33.75426
          ],
          [
            -111.29911,
            33.75426
          ],
          [
            -111.29917,
            33.75428
          ],
          [
            -111.29922,
            33.75431
          ],
          [
            -111.29925,
            33.75432
          ],
          [
            -111.29929,
            33.75434
          ],
          [
            -111.29934,
            33.75437
          ],
          [
            -111.29946,
            33.75439
          ],
          [
            -111.29955,
            33.75439
          ],
          [
            -111.29971,
            33.75436
          ],
          [
            -111.29978,
            33.75434
          ],
          [
            -111.29988,
            33.75433
          ],
          [
            -111.29992,
            33.75433
          ],
          [
            -111.29998,
            33.75432
          ],
          [
            -111.30018,
            33.75431
          ],
          [
            -111.30034,
            33.75429
          ],
          [
            -111.30046,
            33.75427
          ],
          [
            -111.30052,
            33.75426
          ],
          [
            -111.30056,
            33.75425
          ],
          [
            -111.30069,
            33.75421
          ],
          [
            -111.30073,
            33.7542
          ],
          [
            -111.30077,
            33.75419
          ],
          [
            -111.30089,
            33.75417
          ],
          [
            -111.30095,
            33.75415
          ],
          [
            -111.30098,
            33.75415
          ],
          [
            -111.30112,
            33.75413
          ],
          [
            -111.30115,
            33.75412
          ],
          [
            -111.3012,
            33.75412
          ],
          [
            -111.30127,
            33.75414
          ],
          [
            -111.30146,
            33.75421
          ],
          [
            -111.30156,
            33.75425
          ],
          [
            -111.30159,
            33.75425
          ],
          [
            -111.30162,
            33.75425
          ],
          [
            -111.30168,
            33.75422
          ],
          [
            -111.30174,
            33.75418
          ],
          [
            -111.30176,
            33.75417
          ],
          [
            -111.30178,
            33.75416
          ],
          [
            -111.3019,
            33.75411
          ],
          [
            -111.30193,
            33.7541
          ],
          [
            -111.30197,
            33.75409
          ],
          [
            -111.30207,
            33.75409
          ],
          [
            -111.30214,
            33.75411
          ],
          [
            -111.30215,
            33.75411
          ],
          [
            -111.30218,
            33.75412
          ],
          [
            -111.30224,
            33.75413
          ],
          [
            -111.3023,
            33.75416
          ],
          [
            -111.30239,
            33.75421
          ],
          [
            -111.30245,
            33.75429
          ],
          [
            -111.30252,
            33.75435
          ],
          [
            -111.30257,
            33.75441
          ],
          [
            -111.30263,
            33.75444
          ],
          [
            -111.30268,
            33.75444
          ],
          [
            -111.30271,
            33.75444
          ],
          [
            -111.3028,
            33.75441
          ],
          [
            -111.30288,
            33.75438
          ],
          [
            -111.30329,
            33.75428
          ],
          [
            -111.30342,
            33.75424
          ],
          [
            -111.30346,
            33.75424
          ],
          [
            -111.30354,
            33.75422
          ],
          [
            -111.30365,
            33.75423
          ],
          [
            -111.30378,
            33.75426
          ],
          [
            -111.30392,
            33.75431
          ],
          [
            -111.30401,
            33.75434
          ],
          [
            -111.30408,
            33.75435
          ],
          [
            -111.3041,
            33.75436
          ],
          [
            -111.30412,
            33.75436
          ],
          [
            -111.30418,
            33.75435
          ],
          [
            -111.30426,
            33.75432
          ],
          [
            -111.30428,
            33.75431
          ],
          [
            -111.30432,
            33.7543
          ],
          [
            -111.30448,
            33.75423
          ],
          [
            -111.30451,
            33.75421
          ],
          [
            -111.30455,
            33.75418
          ],
          [
            -111.30459,
            33.75411
          ],
          [
            -111.30461,
            33.75405
          ],
          [
            -111.30463,
            33.75402
          ],
          [
            -111.30477,
            33.75394
          ],
          [
            -111.30488,
            33.75389
          ],
          [
            -111.30493,
            33.75388
          ],
          [
            -111.30499,
            33.75387
          ],
          [
            -111.30513,
            33.75386
          ],
          [
            -111.30537,
            33.75376
          ],
          [
            -111.30548,
            33.75375
          ],
          [
            -111.3056,
            33.75371
          ],
          [
            -111.30571,
            33.75364
          ],
          [
            -111.3058,
            33.7536
          ],
          [
            -111.30588,
            33.75359
          ],
          [
            -111.30594,
            33.75359
          ],
          [
            -111.30597,
            33.75359
          ],
          [
            -111.30608,
            33.75358
          ],
          [
            -111.30619,
            33.75358
          ],
          [
            -111.30624,
            33.75358
          ],
          [
            -111.30635,
            33.7536
          ],
          [
            -111.30636,
            33.7536
          ],
          [
            -111.3064,
            33.75362
          ],
          [
            -111.30642,
            33.75363
          ],
          [
            -111.30648,
            33.75368
          ],
          [
            -111.30652,
            33.75376
          ],
          [
            -111.30655,
            33.75385
          ],
          [
            -111.30659,
            33.75389
          ],
          [
            -111.30666,
            33.75391
          ],
          [
            -111.30676,
            33.75391
          ],
          [
            -111.30682,
            33.75389
          ],
          [
            -111.3069,
            33.75385
          ],
          [
            -111.30699,
            33.75375
          ],
          [
            -111.30705,
            33.75368
          ],
          [
            -111.30709,
            33.75364
          ],
          [
            -111.30712,
            33.75361
          ],
          [
            -111.30718,
            33.75355
          ],
          [
            -111.30721,
            33.75345
          ],
          [
            -111.30723,
            33.7534
          ],
          [
            -111.30728,
            33.75328
          ],
          [
            -111.3073,
            33.75323
          ],
          [
            -111.30737,
            33.75312
          ],
          [
            -111.30741,
            33.75304
          ],
          [
            -111.30748,
            33.75287
          ],
          [
            -111.30756,
            33.75262
          ],
          [
            -111.30759,
            33.75247
          ],
          [
            -111.30759,
            33.75244
          ],
          [
            -111.3076,
            33.75243
          ],
          [
            -111.30761,
            33.75229
          ],
          [
            -111.30761,
            33.75226
          ],
          [
            -111.30761,
            33.75225
          ],
          [
            -111.30759,
            33.75212
          ],
          [
            -111.30755,
            33.75208
          ],
          [
            -111.30751,
            33.75204
          ],
          [
            -111.30738,
            33.75197
          ],
          [
            -111.30732,
            33.75195
          ],
          [
            -111.30714,
            33.75179
          ],
          [
            -111.3071,
            33.75175
          ],
          [
            -111.30706,
            33.75173
          ],
          [
            -111.30701,
            33.75168
          ],
          [
            -111.30699,
            33.75165
          ],
          [
            -111.307,
            33.75164
          ],
          [
            -111.30702,
            33.75163
          ],
          [
            -111.30703,
            33.75163
          ],
          [
            -111.30706,
            33.75163
          ],
          [
            -111.30708,
            33.75163
          ],
          [
            -111.30709,
            33.75163
          ],
          [
            -111.30714,
            33.75164
          ],
          [
            -111.3072,
            33.75167
          ],
          [
            -111.30723,
            33.75169
          ],
          [
            -111.30727,
            33.75172
          ],
          [
            -111.30735,
            33.75178
          ],
          [
            -111.30743,
            33.75182
          ],
          [
            -111.3075,
            33.75184
          ],
          [
            -111.30757,
            33.75184
          ],
          [
            -111.3076,
            33.75185
          ],
          [
            -111.30763,
            33.75186
          ],
          [
            -111.30765,
            33.75187
          ],
          [
            -111.30778,
            33.75197
          ],
          [
            -111.3078,
            33.752
          ],
          [
            -111.30784,
            33.75205
          ],
          [
            -111.30786,
            33.75212
          ],
          [
            -111.30786,
            33.75215
          ],
          [
            -111.30788,
            33.75231
          ],
          [
            -111.30791,
            33.75245
          ],
          [
            -111.30798,
            33.75265
          ],
          [
            -111.308,
            33.75269
          ],
          [
            -111.30803,
            33.75275
          ],
          [
            -111.30809,
            33.7528
          ],
          [
            -111.30811,
            33.75282
          ],
          [
            -111.30813,
            33.75283
          ],
          [
            -111.30821,
            33.75287
          ],
          [
            -111.30836,
            33.75291
          ],
          [
            -111.30845,
            33.75292
          ],
          [
            -111.3085,
            33.75292
          ],
          [
            -111.30853,
            33.7529
          ],
          [
            -111.30852,
            33.75284
          ],
          [
            -111.30843,
            33.75275
          ],
          [
            -111.30838,
            33.75269
          ],
          [
            -111.30837,
            33.75264
          ],
          [
            -111.30837,
            33.75262
          ],
          [
            -111.30836,
            33.75258
          ],
          [
            -111.30836,
            33.75253
          ],
          [
            -111.30832,
            33.75245
          ],
          [
            -111.30825,
            33.75228
          ],
          [
            -111.30825,
            33.75223
          ],
          [
            -111.30825,
            33.75218
          ],
          [
            -111.3083,
            33.75211
          ],
          [
            -111.30841,
            33.75199
          ],
          [
            -111.30847,
            33.75195
          ],
          [
            -111.30853,
            33.75192
          ],
          [
            -111.30857,
            33.75192
          ],
          [
            -111.30861,
            33.75196
          ],
          [
            -111.30865,
            33.75203
          ],
          [
            -111.3087,
            33.75208
          ],
          [
            -111.30875,
            33.75209
          ],
          [
            -111.30878,
            33.75209
          ],
          [
            -111.3088,
            33.7521
          ],
          [
            -111.30891,
            33.7521
          ],
          [
            -111.30903,
            33.75209
          ],
          [
            -111.30915,
            33.75204
          ],
          [
            -111.3095,
            33.75192
          ],
          [
            -111.30955,
            33.75188
          ],
          [
            -111.30967,
            33.7518
          ],
          [
            -111.30983,
            33.75169
          ],
          [
            -111.30996,
            33.75165
          ],
          [
            -111.31007,
            33.75156
          ],
          [
            -111.31008,
            33.75156
          ],
          [
            -111.3101,
            33.75153
          ],
          [
            -111.31017,
            33.75143
          ],
          [
            -111.31021,
            33.75137
          ],
          [
            -111.31027,
            33.75125
          ],
          [
            -111.31029,
            33.75121
          ],
          [
            -111.3103,
            33.75121
          ],
          [
            -111.31036,
            33.75108
          ],
          [
            -111.31038,
            33.75104
          ],
          [
            -111.31043,
            33.75096
          ],
          [
            -111.31047,
            33.75093
          ],
          [
            -111.31051,
            33.75093
          ],
          [
            -111.31053,
            33.75095
          ],
          [
            -111.31055,
            33.75102
          ],
          [
            -111.31052,
            33.75125
          ],
          [
            -111.31052,
            33.75129
          ],
          [
            -111.31051,
            33.75135
          ],
          [
            -111.31052,
            33.75145
          ],
          [
            -111.31052,
            33.75147
          ],
          [
            -111.31055,
            33.75154
          ],
          [
            -111.31066,
            33.75165
          ],
          [
            -111.31079,
            33.75174
          ],
          [
            -111.31092,
            33.75182
          ],
          [
            -111.31093,
            33.75182
          ],
          [
            -111.31096,
            33.75185
          ],
          [
            -111.31109,
            33.75194
          ],
          [
            -111.31112,
            33.75197
          ],
          [
            -111.31113,
            33.75197
          ],
          [
            -111.31116,
            33.75199
          ],
          [
            -111.3112,
            33.75207
          ],
          [
            -111.31123,
            33.75212
          ],
          [
            -111.31126,
            33.75215
          ],
          [
            -111.31132,
            33.75218
          ],
          [
            -111.31136,
            33.75219
          ],
          [
            -111.31141,
            33.75219
          ],
          [
            -111.31142,
            33.75219
          ],
          [
            -111.31148,
            33.7522
          ],
          [
            -111.31161,
            33.75222
          ],
          [
            -111.31168,
            33.75226
          ],
          [
            -111.31176,
            33.75232
          ],
          [
            -111.3118,
            33.75234
          ],
          [
            -111.31189,
            33.75241
          ],
          [
            -111.31197,
            33.75245
          ],
          [
            -111.3121,
            33.75253
          ],
          [
            -111.31215,
            33.75255
          ],
          [
            -111.31228,
            33.75263
          ],
          [
            -111.31231,
            33.75264
          ],
          [
            -111.31233,
            33.75265
          ],
          [
            -111.3124,
            33.75271
          ],
          [
            -111.31245,
            33.75274
          ],
          [
            -111.31246,
            33.75275
          ],
          [
            -111.31248,
            33.75277
          ],
          [
            -111.31248,
            33.75278
          ],
          [
            -111.31251,
            33.75281
          ],
          [
            -111.31257,
            33.75289
          ],
          [
            -111.3126,
            33.75292
          ],
          [
            -111.31261,
            33.75292
          ],
          [
            -111.31264,
            33.75296
          ],
          [
            -111.3127,
            33.75297
          ],
          [
            -111.31277,
            33.75296
          ],
          [
            -111.31283,
            33.75293
          ],
          [
            -111.31287,
            33.75289
          ],
          [
            -111.31292,
            33.75283
          ],
          [
            -111.313,
            33.75279
          ],
          [
            -111.31305,
            33.75279
          ],
          [
            -111.3131,
            33.7528
          ],
          [
            -111.31317,
            33.75285
          ],
          [
            -111.31324,
            33.75292
          ],
          [
            -111.31328,
            33.75295
          ],
          [
            -111.31328,
            33.75296
          ],
          [
            -111.31331,
            33.75298
          ],
          [
            -111.3134,
            33.75305
          ],
          [
            -111.31344,
            33.75308
          ],
          [
            -111.31345,
            33.75309
          ],
          [
            -111.31357,
            33.75316
          ],
          [
            -111.31361,
            33.75318
          ],
          [
            -111.31366,
            33.75321
          ],
          [
            -111.31371,
            33.75327
          ],
          [
            -111.31373,
            33.75333
          ],
          [
            -111.31375,
            33.75336
          ],
          [
            -111.31377,
            33.75346
          ],
          [
            -111.31378,
            33.75348
          ],
          [
            -111.31379,
            33.7535
          ],
          [
            -111.31382,
            33.75357
          ],
          [
            -111.31389,
            33.75365
          ],
          [
            -111.31401,
            33.7537
          ],
          [
            -111.3141,
            33.75375
          ],
          [
            -111.31414,
            33.7538
          ],
          [
            -111.31417,
            33.75386
          ],
          [
            -111.31419,
            33.75397
          ],
          [
            -111.31422,
            33.75408
          ],
          [
            -111.3143,
            33.75416
          ],
          [
            -111.31441,
            33.75422
          ],
          [
            -111.31452,
            33.75426
          ],
          [
            -111.31457,
            33.75427
          ],
          [
            -111.31458,
            33.75428
          ],
          [
            -111.31473,
            33.75431
          ],
          [
            -111.31477,
            33.75432
          ],
          [
            -111.31478,
            33.75432
          ],
          [
            -111.31491,
            33.75432
          ],
          [
            -111.31501,
            33.75433
          ],
          [
            -111.31506,
            33.75436
          ],
          [
            -111.31509,
            33.75444
          ],
          [
            -111.3151,
            33.75453
          ],
          [
            -111.31509,
            33.75461
          ],
          [
            -111.31507,
            33.75465
          ],
          [
            -111.31504,
            33.75476
          ],
          [
            -111.31507,
            33.7548
          ],
          [
            -111.31513,
            33.75485
          ],
          [
            -111.31528,
            33.7549
          ],
          [
            -111.31541,
            33.75493
          ],
          [
            -111.31543,
            33.75493
          ],
          [
            -111.31549,
            33.75493
          ],
          [
            -111.31559,
            33.75493
          ],
          [
            -111.31566,
            33.7549
          ],
          [
            -111.31569,
            33.75488
          ],
          [
            -111.31576,
            33.75483
          ],
          [
            -111.31581,
            33.75477
          ],
          [
            -111.31583,
            33.75475
          ],
          [
            -111.31583,
            33.75474
          ],
          [
            -111.31589,
            33.75461
          ],
          [
            -111.31597,
            33.75444
          ],
          [
            -111.31611,
            33.75425
          ],
          [
            -111.31625,
            33.75404
          ],
          [
            -111.31634,
            33.75398
          ],
          [
            -111.31649,
            33.7539
          ],
          [
            -111.31653,
            33.75388
          ],
          [
            -111.31658,
            33.75385
          ],
          [
            -111.31667,
            33.75381
          ],
          [
            -111.31672,
            33.75379
          ],
          [
            -111.31687,
            33.75376
          ],
          [
            -111.31701,
            33.75373
          ],
          [
            -111.31708,
            33.75369
          ],
          [
            -111.31713,
            33.75367
          ],
          [
            -111.31721,
            33.75365
          ],
          [
            -111.31728,
            33.75366
          ],
          [
            -111.31733,
            33.75366
          ],
          [
            -111.3174,
            33.75368
          ],
          [
            -111.31748,
            33.75372
          ],
          [
            -111.3176,
            33.75376
          ],
          [
            -111.31783,
            33.75388
          ],
          [
            -111.31786,
            33.7539
          ],
          [
            -111.31791,
            33.75391
          ],
          [
            -111.31795,
            33.75393
          ],
          [
            -111.31804,
            33.75394
          ],
          [
            -111.31813,
            33.75394
          ],
          [
            -111.31824,
            33.75392
          ],
          [
            -111.31827,
            33.7539
          ],
          [
            -111.31831,
            33.75387
          ],
          [
            -111.31833,
            33.75386
          ],
          [
            -111.31847,
            33.75378
          ],
          [
            -111.31857,
            33.75374
          ],
          [
            -111.31869,
            33.7537
          ],
          [
            -111.31876,
            33.75368
          ],
          [
            -111.31884,
            33.75365
          ],
          [
            -111.31889,
            33.75363
          ],
          [
            -111.31898,
            33.75359
          ],
          [
            -111.31902,
            33.75356
          ],
          [
            -111.31905,
            33.75353
          ],
          [
            -111.31906,
            33.75352
          ],
          [
            -111.31912,
            33.75343
          ],
          [
            -111.31917,
            33.75337
          ],
          [
            -111.31934,
            33.75326
          ],
          [
            -111.31943,
            33.7532
          ],
          [
            -111.31965,
            33.75308
          ],
          [
            -111.31985,
            33.75293
          ],
          [
            -111.31997,
            33.75283
          ],
          [
            -111.32015,
            33.7527
          ],
          [
            -111.32016,
            33.75268
          ],
          [
            -111.32026,
            33.75257
          ],
          [
            -111.32034,
            33.75248
          ],
          [
            -111.32048,
            33.75228
          ],
          [
            -111.32058,
            33.75212
          ],
          [
            -111.32059,
            33.75211
          ],
          [
            -111.32063,
            33.75208
          ],
          [
            -111.32078,
            33.75193
          ],
          [
            -111.32113,
            33.75184
          ],
          [
            -111.32118,
            33.75183
          ],
          [
            -111.3213,
            33.75179
          ],
          [
            -111.32153,
            33.75174
          ],
          [
            -111.32154,
            33.75174
          ],
          [
            -111.32159,
            33.75172
          ],
          [
            -111.32179,
            33.75165
          ],
          [
            -111.32188,
            33.75162
          ],
          [
            -111.32204,
            33.7516
          ],
          [
            -111.32216,
            33.75159
          ],
          [
            -111.32221,
            33.75158
          ],
          [
            -111.32232,
            33.75158
          ],
          [
            -111.32246,
            33.75154
          ],
          [
            -111.32263,
            33.75153
          ],
          [
            -111.32273,
            33.75154
          ],
          [
            -111.32285,
            33.75156
          ],
          [
            -111.32296,
            33.75158
          ],
          [
            -111.323,
            33.7516
          ],
          [
            -111.32304,
            33.75163
          ],
          [
            -111.32313,
            33.75168
          ],
          [
            -111.32318,
            33.7517
          ],
          [
            -111.32322,
            33.75173
          ],
          [
            -111.32323,
            33.75173
          ],
          [
            -111.32326,
            33.75174
          ],
          [
            -111.32339,
            33.75177
          ],
          [
            -111.32359,
            33.75178
          ],
          [
            -111.32365,
            33.75178
          ],
          [
            -111.32373,
            33.75178
          ],
          [
            -111.32381,
            33.75175
          ],
          [
            -111.32384,
            33.75174
          ],
          [
            -111.32386,
            33.75174
          ],
          [
            -111.32395,
            33.75172
          ],
          [
            -111.32402,
            33.75172
          ],
          [
            -111.32403,
            33.75172
          ],
          [
            -111.3242,
            33.75168
          ],
          [
            -111.32436,
            33.7516
          ],
          [
            -111.32452,
            33.75151
          ],
          [
            -111.32457,
            33.75146
          ],
          [
            -111.32461,
            33.75143
          ],
          [
            -111.32464,
            33.7514
          ],
          [
            -111.32471,
            33.75132
          ],
          [
            -111.32474,
            33.75129
          ],
          [
            -111.32477,
            33.75126
          ],
          [
            -111.32484,
            33.75118
          ],
          [
            -111.32488,
            33.75114
          ],
          [
            -111.32494,
            33.75108
          ],
          [
            -111.32509,
            33.75093
          ],
          [
            -111.32521,
            33.75085
          ],
          [
            -111.32548,
            33.7507
          ],
          [
            -111.32553,
            33.75068
          ],
          [
            -111.32556,
            33.75066
          ],
          [
            -111.32575,
            33.75057
          ],
          [
            -111.32584,
            33.75051
          ],
          [
            -111.32587,
            33.75049
          ],
          [
            -111.32588,
            33.75048
          ],
          [
            -111.32596,
            33.7504
          ],
          [
            -111.32607,
            33.75031
          ],
          [
            -111.32613,
            33.75024
          ],
          [
            -111.32616,
            33.75021
          ],
          [
            -111.32617,
            33.7502
          ],
          [
            -111.3262,
            33.75013
          ],
          [
            -111.3262,
            33.74998
          ],
          [
            -111.32617,
            33.74981
          ],
          [
            -111.32613,
            33.74972
          ],
          [
            -111.32612,
            33.74967
          ],
          [
            -111.3261,
            33.74958
          ],
          [
            -111.32612,
            33.74953
          ],
          [
            -111.32614,
            33.74951
          ],
          [
            -111.32646,
            33.74927
          ],
          [
            -111.32649,
            33.74921
          ],
          [
            -111.32649,
            33.74915
          ],
          [
            -111.32647,
            33.74912
          ],
          [
            -111.32646,
            33.7491
          ],
          [
            -111.32639,
            33.74905
          ],
          [
            -111.32632,
            33.74903
          ],
          [
            -111.32629,
            33.74902
          ],
          [
            -111.32626,
            33.74902
          ],
          [
            -111.32615,
            33.74902
          ],
          [
            -111.32609,
            33.749
          ],
          [
            -111.32608,
            33.74898
          ],
          [
            -111.32607,
            33.74894
          ],
          [
            -111.32608,
            33.74886
          ],
          [
            -111.32613,
            33.7487
          ],
          [
            -111.32616,
            33.74864
          ],
          [
            -111.32617,
            33.74863
          ],
          [
            -111.32622,
            33.74857
          ],
          [
            -111.32628,
            33.74853
          ],
          [
            -111.32632,
            33.7485
          ],
          [
            -111.32637,
            33.74847
          ],
          [
            -111.3264,
            33.74839
          ],
          [
            -111.3264,
            33.74835
          ],
          [
            -111.3264,
            33.74825
          ],
          [
            -111.3264,
            33.7482
          ],
          [
            -111.3264,
            33.74817
          ],
          [
            -111.32644,
            33.74774
          ],
          [
            -111.32638,
            33.7475
          ],
          [
            -111.32637,
            33.74746
          ],
          [
            -111.32636,
            33.74743
          ],
          [
            -111.32626,
            33.74716
          ],
          [
            -111.32622,
            33.74704
          ],
          [
            -111.32617,
            33.74694
          ],
          [
            -111.32613,
            33.74687
          ],
          [
            -111.32609,
            33.74683
          ],
          [
            -111.32606,
            33.74679
          ],
          [
            -111.32603,
            33.74677
          ],
          [
            -111.326,
            33.74673
          ],
          [
            -111.32594,
            33.74638
          ],
          [
            -111.32594,
            33.74633
          ],
          [
            -111.32597,
            33.74631
          ],
          [
            -111.326,
            33.74629
          ],
          [
            -111.32604,
            33.74626
          ],
          [
            -111.32609,
            33.74622
          ],
          [
            -111.32611,
            33.7462
          ],
          [
            -111.32612,
            33.74617
          ],
          [
            -111.32613,
            33.74616
          ],
          [
            -111.32613,
            33.74614
          ],
          [
            -111.3261,
            33.74606
          ],
          [
            -111.32609,
            33.74602
          ],
          [
            -111.32609,
            33.74594
          ],
          [
            -111.32611,
            33.74589
          ],
          [
            -111.32617,
            33.74584
          ],
          [
            -111.32626,
            33.74571
          ],
          [
            -111.32629,
            33.74567
          ],
          [
            -111.32634,
            33.74559
          ],
          [
            -111.32639,
            33.74548
          ],
          [
            -111.32636,
            33.74538
          ],
          [
            -111.32635,
            33.74536
          ],
          [
            -111.32633,
            33.74535
          ],
          [
            -111.32628,
            33.74533
          ],
          [
            -111.3262,
            33.74528
          ],
          [
            -111.3262,
            33.74524
          ],
          [
            -111.32621,
            33.74522
          ],
          [
            -111.32622,
            33.74515
          ],
          [
            -111.32627,
            33.74505
          ],
          [
            -111.32647,
            33.74483
          ],
          [
            -111.32653,
            33.74477
          ],
          [
            -111.32664,
            33.74467
          ],
          [
            -111.32666,
            33.74465
          ],
          [
            -111.32668,
            33.74464
          ],
          [
            -111.32679,
            33.74457
          ],
          [
            -111.32686,
            33.74456
          ],
          [
            -111.32688,
            33.74456
          ],
          [
            -111.32711,
            33.74451
          ],
          [
            -111.32723,
            33.74448
          ],
          [
            -111.32728,
            33.74447
          ],
          [
            -111.32732,
            33.74445
          ],
          [
            -111.32738,
            33.7444
          ],
          [
            -111.32739,
            33.74419
          ],
          [
            -111.3274,
            33.74416
          ],
          [
            -111.3274,
            33.74415
          ],
          [
            -111.3274,
            33.74413
          ],
          [
            -111.32737,
            33.74406
          ],
          [
            -111.32734,
            33.74402
          ],
          [
            -111.32731,
            33.74398
          ],
          [
            -111.32728,
            33.74395
          ],
          [
            -111.32723,
            33.74385
          ],
          [
            -111.32723,
            33.74379
          ],
          [
            -111.3272,
            33.74372
          ],
          [
            -111.32715,
            33.74367
          ],
          [
            -111.32714,
            33.74362
          ],
          [
            -111.32716,
            33.74357
          ],
          [
            -111.32717,
            33.74354
          ],
          [
            -111.32727,
            33.74351
          ],
          [
            -111.3274,
            33.74349
          ],
          [
            -111.32745,
            33.74348
          ],
          [
            -111.32755,
            33.74346
          ],
          [
            -111.32763,
            33.74342
          ],
          [
            -111.32764,
            33.74341
          ],
          [
            -111.32772,
            33.74335
          ],
          [
            -111.32776,
            33.74332
          ],
          [
            -111.32781,
            33.7433
          ],
          [
            -111.328,
            33.74322
          ],
          [
            -111.32815,
            33.74315
          ],
          [
            -111.32816,
            33.74315
          ],
          [
            -111.3282,
            33.74314
          ],
          [
            -111.32838,
            33.7431
          ],
          [
            -111.32853,
            33.74308
          ],
          [
            -111.32861,
            33.74304
          ],
          [
            -111.32875,
            33.74297
          ],
          [
            -111.32883,
            33.74294
          ],
          [
            -111.32903,
            33.74279
          ],
          [
            -111.32916,
            33.74276
          ],
          [
            -111.32918,
            33.74275
          ],
          [
            -111.32932,
            33.74275
          ],
          [
            -111.32937,
            33.74275
          ],
          [
            -111.32958,
            33.74276
          ],
          [
            -111.3298,
            33.74276
          ],
          [
            -111.33002,
            33.74277
          ],
          [
            -111.33017,
            33.74277
          ],
          [
            -111.33024,
            33.74278
          ],
          [
            -111.33032,
            33.74279
          ],
          [
            -111.33036,
            33.74281
          ],
          [
            -111.3305,
            33.74289
          ],
          [
            -111.33053,
            33.74292
          ],
          [
            -111.33091,
            33.74321
          ],
          [
            -111.331,
            33.74325
          ],
          [
            -111.33106,
            33.74325
          ],
          [
            -111.33117,
            33.74318
          ],
          [
            -111.3312,
            33.74316
          ],
          [
            -111.33127,
            33.74313
          ],
          [
            -111.33161,
            33.74301
          ],
          [
            -111.33165,
            33.74295
          ],
          [
            -111.33167,
            33.74286
          ],
          [
            -111.33175,
            33.74279
          ],
          [
            -111.33185,
            33.74274
          ],
          [
            -111.33215,
            33.74261
          ],
          [
            -111.33233,
            33.74247
          ],
          [
            -111.33234,
            33.74241
          ],
          [
            -111.33236,
            33.74232
          ],
          [
            -111.33239,
            33.74227
          ],
          [
            -111.33246,
            33.74224
          ],
          [
            -111.33254,
            33.74216
          ],
          [
            -111.33256,
            33.74213
          ],
          [
            -111.33256,
            33.74212
          ],
          [
            -111.33262,
            33.74204
          ],
          [
            -111.33268,
            33.74198
          ],
          [
            -111.3327,
            33.74196
          ],
          [
            -111.33285,
            33.74188
          ],
          [
            -111.33299,
            33.74188
          ],
          [
            -111.33304,
            33.7419
          ],
          [
            -111.33306,
            33.74191
          ],
          [
            -111.33307,
            33.74191
          ],
          [
            -111.33317,
            33.74202
          ],
          [
            -111.33319,
            33.74206
          ],
          [
            -111.33327,
            33.74216
          ],
          [
            -111.33332,
            33.74225
          ],
          [
            -111.33341,
            33.74229
          ],
          [
            -111.33348,
            33.74228
          ],
          [
            -111.33359,
            33.74224
          ],
          [
            -111.33365,
            33.74219
          ],
          [
            -111.33366,
            33.74219
          ],
          [
            -111.33372,
            33.74215
          ],
          [
            -111.33377,
            33.74208
          ],
          [
            -111.33379,
            33.74204
          ],
          [
            -111.33386,
            33.74188
          ],
          [
            -111.33395,
            33.74167
          ],
          [
            -111.33419,
            33.74146
          ],
          [
            -111.33421,
            33.74145
          ],
          [
            -111.33421,
            33.74144
          ],
          [
            -111.33429,
            33.74136
          ],
          [
            -111.33429,
            33.74129
          ],
          [
            -111.33429,
            33.74128
          ],
          [
            -111.33429,
            33.74126
          ],
          [
            -111.33431,
            33.74111
          ],
          [
            -111.33431,
            33.7411
          ],
          [
            -111.33432,
            33.74103
          ],
          [
            -111.33435,
            33.74098
          ],
          [
            -111.33441,
            33.74094
          ],
          [
            -111.33449,
            33.74092
          ],
          [
            -111.33457,
            33.74092
          ],
          [
            -111.3346,
            33.74092
          ],
          [
            -111.33461,
            33.74092
          ],
          [
            -111.33471,
            33.74095
          ],
          [
            -111.33479,
            33.74099
          ],
          [
            -111.3348,
            33.74099
          ],
          [
            -111.33484,
            33.74101
          ],
          [
            -111.33492,
            33.74109
          ],
          [
            -111.33496,
            33.74111
          ],
          [
            -111.33498,
            33.74113
          ],
          [
            -111.33501,
            33.74113
          ],
          [
            -111.33509,
            33.74111
          ],
          [
            -111.33529,
            33.74093
          ],
          [
            -111.33533,
            33.74089
          ],
          [
            -111.33543,
            33.74081
          ],
          [
            -111.33544,
            33.7408
          ],
          [
            -111.33559,
            33.74068
          ],
          [
            -111.33567,
            33.74061
          ],
          [
            -111.33572,
            33.74054
          ],
          [
            -111.33573,
            33.74054
          ],
          [
            -111.33584,
            33.74038
          ],
          [
            -111.33587,
            33.74033
          ],
          [
            -111.33594,
            33.74023
          ],
          [
            -111.33602,
            33.74011
          ],
          [
            -111.33605,
            33.74007
          ],
          [
            -111.33617,
            33.73993
          ],
          [
            -111.33618,
            33.73992
          ],
          [
            -111.33627,
            33.73981
          ],
          [
            -111.33644,
            33.73957
          ],
          [
            -111.33648,
            33.73945
          ],
          [
            -111.33652,
            33.73931
          ],
          [
            -111.33662,
            33.73904
          ],
          [
            -111.33671,
            33.73889
          ],
          [
            -111.3368,
            33.7388
          ],
          [
            -111.3368,
            33.73879
          ],
          [
            -111.33682,
            33.73878
          ],
          [
            -111.33732,
            33.73836
          ],
          [
            -111.33761,
            33.73821
          ],
          [
            -111.33761,
            33.7382
          ],
          [
            -111.33764,
            33.73819
          ],
          [
            -111.33781,
            33.73815
          ],
          [
            -111.33782,
            33.73815
          ],
          [
            -111.33789,
            33.73812
          ],
          [
            -111.33794,
            33.73807
          ],
          [
            -111.33795,
            33.73802
          ],
          [
            -111.33795,
            33.73792
          ],
          [
            -111.33785,
            33.73783
          ],
          [
            -111.33776,
            33.73775
          ],
          [
            -111.33775,
            33.73774
          ],
          [
            -111.33774,
            33.73773
          ],
          [
            -111.33771,
            33.7377
          ],
          [
            -111.3377,
            33.73765
          ],
          [
            -111.3377,
            33.73757
          ],
          [
            -111.3377,
            33.73756
          ],
          [
            -111.33777,
            33.7374
          ],
          [
            -111.33777,
            33.73739
          ],
          [
            -111.33779,
            33.73734
          ],
          [
            -111.33784,
            33.73722
          ],
          [
            -111.33785,
            33.73718
          ],
          [
            -111.33792,
            33.73693
          ],
          [
            -111.338,
            33.73674
          ],
          [
            -111.33807,
            33.73653
          ],
          [
            -111.3381,
            33.73645
          ],
          [
            -111.33812,
            33.73636
          ],
          [
            -111.33812,
            33.73635
          ],
          [
            -111.33815,
            33.73618
          ],
          [
            -111.33816,
            33.73615
          ],
          [
            -111.33818,
            33.73601
          ],
          [
            -111.33822,
            33.73594
          ],
          [
            -111.33827,
            33.73585
          ],
          [
            -111.33835,
            33.73583
          ],
          [
            -111.33849,
            33.73579
          ],
          [
            -111.3385,
            33.73579
          ],
          [
            -111.33858,
            33.73575
          ],
          [
            -111.33864,
            33.73571
          ],
          [
            -111.33872,
            33.73558
          ],
          [
            -111.33882,
            33.73546
          ],
          [
            -111.33885,
            33.7354
          ],
          [
            -111.33885,
            33.73536
          ],
          [
            -111.33885,
            33.73533
          ],
          [
            -111.33883,
            33.73527
          ],
          [
            -111.33881,
            33.73522
          ],
          [
            -111.3388,
            33.73519
          ],
          [
            -111.33883,
            33.73516
          ],
          [
            -111.33886,
            33.73514
          ],
          [
            -111.3389,
            33.73513
          ],
          [
            -111.33897,
            33.73514
          ],
          [
            -111.3391,
            33.7352
          ],
          [
            -111.33917,
            33.73523
          ],
          [
            -111.3392,
            33.73525
          ],
          [
            -111.33932,
            33.73526
          ],
          [
            -111.33938,
            33.73526
          ],
          [
            -111.33948,
            33.73527
          ],
          [
            -111.33961,
            33.73528
          ],
          [
            -111.33972,
            33.73528
          ],
          [
            -111.33978,
            33.73523
          ],
          [
            -111.33979,
            33.73522
          ],
          [
            -111.33986,
            33.73513
          ],
          [
            -111.3399,
            33.73507
          ],
          [
            -111.33994,
            33.73499
          ],
          [
            -111.34008,
            33.73484
          ],
          [
            -111.34012,
            33.73482
          ],
          [
            -111.34015,
            33.7348
          ],
          [
            -111.34017,
            33.7348
          ],
          [
            -111.34025,
            33.73479
          ],
          [
            -111.34033,
            33.73478
          ],
          [
            -111.34043,
            33.73476
          ],
          [
            -111.3406,
            33.73471
          ],
          [
            -111.34074,
            33.73467
          ],
          [
            -111.34078,
            33.73465
          ],
          [
            -111.34081,
            33.73464
          ],
          [
            -111.34091,
            33.73462
          ],
          [
            -111.34097,
            33.73463
          ],
          [
            -111.34099,
            33.73463
          ],
          [
            -111.341,
            33.73463
          ],
          [
            -111.34113,
            33.73466
          ],
          [
            -111.34123,
            33.7347
          ],
          [
            -111.34134,
            33.73471
          ],
          [
            -111.34147,
            33.7347
          ],
          [
            -111.3416,
            33.73463
          ],
          [
            -111.34172,
            33.73457
          ],
          [
            -111.34178,
            33.73454
          ],
          [
            -111.34191,
            33.73449
          ],
          [
            -111.34199,
            33.73448
          ],
          [
            -111.3421,
            33.73448
          ],
          [
            -111.3422,
            33.73447
          ],
          [
            -111.34229,
            33.73446
          ],
          [
            -111.34241,
            33.73441
          ],
          [
            -111.34245,
            33.7344
          ],
          [
            -111.34258,
            33.73431
          ],
          [
            -111.34271,
            33.73419
          ],
          [
            -111.34277,
            33.73409
          ],
          [
            -111.34285,
            33.734
          ],
          [
            -111.34295,
            33.73396
          ],
          [
            -111.34307,
            33.73393
          ],
          [
            -111.34322,
            33.7339
          ],
          [
            -111.34333,
            33.73384
          ],
          [
            -111.34338,
            33.73381
          ],
          [
            -111.3434,
            33.73378
          ],
          [
            -111.34344,
            33.7337
          ],
          [
            -111.34345,
            33.73363
          ],
          [
            -111.34343,
            33.73351
          ],
          [
            -111.34342,
            33.7334
          ],
          [
            -111.34346,
            33.73331
          ],
          [
            -111.3435,
            33.73328
          ],
          [
            -111.34357,
            33.73322
          ],
          [
            -111.34362,
            33.73313
          ],
          [
            -111.3437,
            33.73302
          ],
          [
            -111.3439,
            33.73282
          ],
          [
            -111.344,
            33.7327
          ],
          [
            -111.34408,
            33.73261
          ],
          [
            -111.34412,
            33.73255
          ],
          [
            -111.34418,
            33.73247
          ],
          [
            -111.34422,
            33.73239
          ],
          [
            -111.34425,
            33.73235
          ],
          [
            -111.34428,
            33.73228
          ],
          [
            -111.34428,
            33.73223
          ],
          [
            -111.34426,
            33.7322
          ],
          [
            -111.34421,
            33.73218
          ],
          [
            -111.3441,
            33.73215
          ],
          [
            -111.34385,
            33.73214
          ],
          [
            -111.3438,
            33.73215
          ],
          [
            -111.34375,
            33.73214
          ],
          [
            -111.34371,
            33.73211
          ],
          [
            -111.3437,
            33.73203
          ],
          [
            -111.3437,
            33.73193
          ],
          [
            -111.34375,
            33.7318
          ],
          [
            -111.34379,
            33.7317
          ],
          [
            -111.3438,
            33.73163
          ],
          [
            -111.3438,
            33.73156
          ],
          [
            -111.34379,
            33.73153
          ],
          [
            -111.34377,
            33.73145
          ],
          [
            -111.34374,
            33.73138
          ],
          [
            -111.34371,
            33.73133
          ],
          [
            -111.34365,
            33.73122
          ],
          [
            -111.34364,
            33.73119
          ],
          [
            -111.3436,
            33.7311
          ],
          [
            -111.34358,
            33.73105
          ],
          [
            -111.34357,
            33.73104
          ],
          [
            -111.34367,
            33.73086
          ],
          [
            -111.34372,
            33.73079
          ],
          [
            -111.34377,
            33.73074
          ],
          [
            -111.34382,
            33.73072
          ],
          [
            -111.34388,
            33.7307
          ],
          [
            -111.34397,
            33.73068
          ],
          [
            -111.34398,
            33.73068
          ],
          [
            -111.34408,
            33.73066
          ],
          [
            -111.34414,
            33.73065
          ],
          [
            -111.34417,
            33.73063
          ],
          [
            -111.3442,
            33.73058
          ],
          [
            -111.34424,
            33.73048
          ],
          [
            -111.34425,
            33.73045
          ],
          [
            -111.34425,
            33.73043
          ],
          [
            -111.3443,
            33.73038
          ],
          [
            -111.34434,
            33.73036
          ],
          [
            -111.3444,
            33.73034
          ],
          [
            -111.34445,
            33.73034
          ],
          [
            -111.3445,
            33.73035
          ],
          [
            -111.34457,
            33.73041
          ],
          [
            -111.34459,
            33.73042
          ],
          [
            -111.3447,
            33.7305
          ],
          [
            -111.34475,
            33.73054
          ],
          [
            -111.34483,
            33.73061
          ],
          [
            -111.34491,
            33.73079
          ],
          [
            -111.34496,
            33.73093
          ],
          [
            -111.345,
            33.73101
          ],
          [
            -111.34503,
            33.73102
          ],
          [
            -111.34507,
            33.73103
          ],
          [
            -111.34517,
            33.73105
          ],
          [
            -111.34523,
            33.73105
          ],
          [
            -111.34537,
            33.73104
          ],
          [
            -111.34544,
            33.73106
          ],
          [
            -111.34545,
            33.73106
          ],
          [
            -111.34549,
            33.73107
          ],
          [
            -111.34556,
            33.7311
          ],
          [
            -111.34566,
            33.73115
          ],
          [
            -111.34581,
            33.73123
          ],
          [
            -111.34583,
            33.73123
          ],
          [
            -111.34595,
            33.73125
          ],
          [
            -111.34602,
            33.73124
          ],
          [
            -111.34604,
            33.73123
          ],
          [
            -111.34606,
            33.73122
          ],
          [
            -111.3461,
            33.73119
          ],
          [
            -111.34615,
            33.73113
          ],
          [
            -111.34621,
            33.73107
          ],
          [
            -111.3463,
            33.73099
          ],
          [
            -111.34639,
            33.73096
          ],
          [
            -111.34649,
            33.73097
          ],
          [
            -111.34657,
            33.73099
          ],
          [
            -111.34671,
            33.73104
          ],
          [
            -111.34682,
            33.73107
          ],
          [
            -111.3469,
            33.73106
          ],
          [
            -111.34695,
            33.73105
          ],
          [
            -111.34697,
            33.73104
          ],
          [
            -111.34719,
            33.73096
          ],
          [
            -111.34726,
            33.73092
          ],
          [
            -111.34729,
            33.73088
          ],
          [
            -111.3473,
            33.73085
          ],
          [
            -111.34729,
            33.7308
          ],
          [
            -111.34723,
            33.73073
          ],
          [
            -111.34721,
            33.73069
          ],
          [
            -111.34719,
            33.73066
          ],
          [
            -111.34719,
            33.7306
          ],
          [
            -111.34722,
            33.73055
          ],
          [
            -111.34729,
            33.73053
          ],
          [
            -111.34733,
            33.73053
          ],
          [
            -111.34745,
            33.73054
          ],
          [
            -111.34768,
            33.73055
          ],
          [
            -111.34774,
            33.73055
          ],
          [
            -111.34778,
            33.73054
          ],
          [
            -111.3478,
            33.73052
          ],
          [
            -111.34782,
            33.7305
          ],
          [
            -111.34783,
            33.73045
          ],
          [
            -111.347829,
            33.7304538
          ],
          [
            -111.34768,
            33.73036
          ],
          [
            -111.34754,
            33.73032
          ],
          [
            -111.34741,
            33.73029
          ],
          [
            -111.34731,
            33.73027
          ],
          [
            -111.34721,
            33.73025
          ],
          [
            -111.34719,
            33.73024
          ],
          [
            -111.34715,
            33.73021
          ],
          [
            -111.34708,
            33.73018
          ],
          [
            -111.34704,
            33.73012
          ],
          [
            -111.347,
            33.72997
          ],
          [
            -111.34687,
            33.72979
          ],
          [
            -111.34674,
            33.72968
          ],
          [
            -111.34672,
            33.72966
          ],
          [
            -111.34666,
            33.72961
          ],
          [
            -111.3466,
            33.72955
          ],
          [
            -111.3465,
            33.7294
          ],
          [
            -111.34633,
            33.72917
          ],
          [
            -111.34625,
            33.7291
          ],
          [
            -111.34624,
            33.72907
          ],
          [
            -111.34622,
            33.72906
          ],
          [
            -111.34609,
            33.72873
          ],
          [
            -111.34608,
            33.72871
          ],
          [
            -111.34605,
            33.7286
          ],
          [
            -111.34604,
            33.72844
          ],
          [
            -111.34603,
            33.72838
          ],
          [
            -111.34602,
            33.72833
          ],
          [
            -111.34595,
            33.72823
          ],
          [
            -111.34582,
            33.72812
          ],
          [
            -111.34577,
            33.7281
          ],
          [
            -111.34567,
            33.72805
          ],
          [
            -111.34558,
            33.72803
          ],
          [
            -111.3455,
            33.72801
          ],
          [
            -111.34539,
            33.72799
          ],
          [
            -111.34537,
            33.72798
          ],
          [
            -111.34531,
            33.72794
          ],
          [
            -111.34521,
            33.72786
          ],
          [
            -111.34521,
            33.72785
          ],
          [
            -111.34514,
            33.72774
          ],
          [
            -111.34502,
            33.72767
          ],
          [
            -111.34477,
            33.72757
          ],
          [
            -111.34471,
            33.72754
          ],
          [
            -111.34466,
            33.72751
          ],
          [
            -111.34457,
            33.72741
          ],
          [
            -111.34436,
            33.72709
          ],
          [
            -111.34422,
            33.72686
          ],
          [
            -111.34418,
            33.72679
          ],
          [
            -111.34412,
            33.72667
          ],
          [
            -111.34407,
            33.72654
          ],
          [
            -111.34405,
            33.72647
          ],
          [
            -111.34404,
            33.72645
          ],
          [
            -111.34402,
            33.72642
          ],
          [
            -111.34398,
            33.72636
          ],
          [
            -111.34394,
            33.7263
          ],
          [
            -111.34392,
            33.7263
          ],
          [
            -111.34389,
            33.72627
          ],
          [
            -111.34385,
            33.72624
          ],
          [
            -111.34378,
            33.72619
          ],
          [
            -111.34375,
            33.72614
          ],
          [
            -111.3437,
            33.72609
          ],
          [
            -111.34363,
            33.72602
          ],
          [
            -111.34359,
            33.72596
          ],
          [
            -111.34355,
            33.72588
          ],
          [
            -111.34354,
            33.72587
          ],
          [
            -111.34353,
            33.72584
          ],
          [
            -111.34351,
            33.72577
          ],
          [
            -111.34349,
            33.7257
          ],
          [
            -111.34349,
            33.72569
          ],
          [
            -111.34348,
            33.72566
          ],
          [
            -111.34346,
            33.7256
          ],
          [
            -111.34344,
            33.72554
          ],
          [
            -111.34343,
            33.72552
          ],
          [
            -111.3434,
            33.72548
          ],
          [
            -111.34337,
            33.72542
          ],
          [
            -111.34335,
            33.7253
          ],
          [
            -111.34334,
            33.72522
          ],
          [
            -111.34333,
            33.72517
          ],
          [
            -111.34331,
            33.72512
          ],
          [
            -111.34328,
            33.72507
          ],
          [
            -111.34323,
            33.72503
          ],
          [
            -111.34318,
            33.72497
          ],
          [
            -111.34299,
            33.72482
          ],
          [
            -111.34287,
            33.72474
          ],
          [
            -111.3428,
            33.72467
          ],
          [
            -111.34277,
            33.72465
          ],
          [
            -111.3427,
            33.7246
          ],
          [
            -111.34264,
            33.72456
          ],
          [
            -111.3426,
            33.72454
          ],
          [
            -111.34259,
            33.72454
          ],
          [
            -111.34258,
            33.72453
          ],
          [
            -111.34255,
            33.72452
          ],
          [
            -111.3425,
            33.72451
          ],
          [
            -111.34242,
            33.72451
          ],
          [
            -111.34239,
            33.72451
          ],
          [
            -111.34238,
            33.72451
          ],
          [
            -111.34234,
            33.72451
          ],
          [
            -111.34227,
            33.72452
          ],
          [
            -111.34219,
            33.72452
          ],
          [
            -111.34211,
            33.72453
          ],
          [
            -111.34207,
            33.72452
          ],
          [
            -111.342,
            33.72451
          ],
          [
            -111.34196,
            33.72449
          ],
          [
            -111.34195,
            33.72449
          ],
          [
            -111.34186,
            33.72447
          ],
          [
            -111.34165,
            33.72445
          ],
          [
            -111.3415,
            33.72445
          ],
          [
            -111.34137,
            33.72444
          ],
          [
            -111.34131,
            33.72444
          ],
          [
            -111.34125,
            33.72443
          ],
          [
            -111.34122,
            33.72443
          ],
          [
            -111.34116,
            33.72441
          ],
          [
            -111.34112,
            33.72439
          ],
          [
            -111.34111,
            33.72439
          ],
          [
            -111.34108,
            33.72436
          ],
          [
            -111.34106,
            33.72432
          ],
          [
            -111.34108,
            33.72422
          ],
          [
            -111.3411,
            33.72412
          ],
          [
            -111.3411,
            33.72404
          ],
          [
            -111.34111,
            33.724
          ],
          [
            -111.34109,
            33.72394
          ],
          [
            -111.34107,
            33.72386
          ],
          [
            -111.34102,
            33.72377
          ],
          [
            -111.34097,
            33.72371
          ],
          [
            -111.34096,
            33.72369
          ],
          [
            -111.34092,
            33.72367
          ],
          [
            -111.34084,
            33.72366
          ],
          [
            -111.34078,
            33.72367
          ],
          [
            -111.34077,
            33.72367
          ],
          [
            -111.3407,
            33.72366
          ],
          [
            -111.34066,
            33.72366
          ],
          [
            -111.34063,
            33.72366
          ],
          [
            -111.34061,
            33.72365
          ],
          [
            -111.34059,
            33.72365
          ],
          [
            -111.34058,
            33.72362
          ],
          [
            -111.34055,
            33.72356
          ],
          [
            -111.34057,
            33.72345
          ],
          [
            -111.34058,
            33.72345
          ],
          [
            -111.34058,
            33.72336
          ],
          [
            -111.34059,
            33.72327
          ],
          [
            -111.34059,
            33.72317
          ],
          [
            -111.34055,
            33.7231
          ],
          [
            -111.34052,
            33.72306
          ],
          [
            -111.3405,
            33.72305
          ],
          [
            -111.34048,
            33.72304
          ],
          [
            -111.34045,
            33.72303
          ],
          [
            -111.34038,
            33.723
          ],
          [
            -111.34033,
            33.72296
          ],
          [
            -111.34024,
            33.72294
          ],
          [
            -111.34016,
            33.72294
          ],
          [
            -111.34009,
            33.72295
          ],
          [
            -111.34005,
            33.72295
          ],
          [
            -111.34003,
            33.72295
          ],
          [
            -111.34002,
            33.72295
          ],
          [
            -111.34,
            33.72295
          ],
          [
            -111.33998,
            33.72295
          ],
          [
            -111.33996,
            33.72293
          ],
          [
            -111.33994,
            33.72291
          ],
          [
            -111.33992,
            33.7229
          ],
          [
            -111.3399,
            33.72286
          ],
          [
            -111.3399,
            33.72283
          ],
          [
            -111.33989,
            33.7228
          ],
          [
            -111.33988,
            33.72276
          ],
          [
            -111.33988,
            33.72274
          ],
          [
            -111.33987,
            33.72272
          ],
          [
            -111.33985,
            33.72268
          ],
          [
            -111.33983,
            33.72266
          ],
          [
            -111.33979,
            33.72263
          ],
          [
            -111.33974,
            33.7226
          ],
          [
            -111.33969,
            33.72259
          ],
          [
            -111.33966,
            33.72259
          ],
          [
            -111.33965,
            33.72259
          ],
          [
            -111.33964,
            33.72259
          ],
          [
            -111.33959,
            33.72259
          ],
          [
            -111.33953,
            33.72261
          ],
          [
            -111.33945,
            33.72264
          ],
          [
            -111.33942,
            33.72265
          ],
          [
            -111.33936,
            33.72266
          ],
          [
            -111.33931,
            33.72266
          ],
          [
            -111.33925,
            33.72266
          ],
          [
            -111.33924,
            33.72266
          ],
          [
            -111.33923,
            33.72266
          ],
          [
            -111.33918,
            33.72266
          ],
          [
            -111.33909,
            33.72269
          ],
          [
            -111.33906,
            33.7227
          ],
          [
            -111.33903,
            33.72272
          ],
          [
            -111.33893,
            33.72275
          ],
          [
            -111.33883,
            33.72275
          ],
          [
            -111.33872,
            33.72275
          ],
          [
            -111.33862,
            33.72275
          ],
          [
            -111.3386,
            33.72275
          ],
          [
            -111.33853,
            33.72277
          ],
          [
            -111.33843,
            33.7228
          ],
          [
            -111.33828,
            33.7228
          ],
          [
            -111.33819,
            33.7228
          ],
          [
            -111.33814,
            33.7228
          ],
          [
            -111.33808,
            33.72279
          ],
          [
            -111.33801,
            33.72276
          ],
          [
            -111.33795,
            33.72271
          ],
          [
            -111.33784,
            33.72267
          ],
          [
            -111.33781,
            33.72267
          ],
          [
            -111.33778,
            33.72266
          ],
          [
            -111.33767,
            33.72264
          ],
          [
            -111.33761,
            33.72262
          ],
          [
            -111.3376,
            33.72262
          ],
          [
            -111.33755,
            33.72261
          ],
          [
            -111.33751,
            33.72258
          ],
          [
            -111.33746,
            33.72256
          ],
          [
            -111.33743,
            33.72251
          ],
          [
            -111.33742,
            33.72245
          ],
          [
            -111.33744,
            33.72235
          ],
          [
            -111.33747,
            33.72225
          ],
          [
            -111.33751,
            33.72217
          ],
          [
            -111.33752,
            33.72215
          ],
          [
            -111.33754,
            33.7221
          ],
          [
            -111.33755,
            33.72204
          ],
          [
            -111.33754,
            33.72198
          ],
          [
            -111.33754,
            33.72196
          ],
          [
            -111.3375,
            33.72184
          ],
          [
            -111.33749,
            33.72181
          ],
          [
            -111.33749,
            33.7218
          ],
          [
            -111.33746,
            33.72171
          ],
          [
            -111.33747,
            33.72163
          ],
          [
            -111.3375,
            33.72145
          ],
          [
            -111.33751,
            33.7213
          ],
          [
            -111.33752,
            33.72109
          ],
          [
            -111.3375236,
            33.7210884
          ],
          [
            -111.33731,
            33.72082
          ],
          [
            -111.33729,
            33.72077
          ],
          [
            -111.3373,
            33.72073
          ],
          [
            -111.33731,
            33.72067
          ],
          [
            -111.33734,
            33.72061
          ],
          [
            -111.33735,
            33.7206
          ],
          [
            -111.3374,
            33.72051
          ],
          [
            -111.33743,
            33.72045
          ],
          [
            -111.33743,
            33.72043
          ],
          [
            -111.33748,
            33.72026
          ],
          [
            -111.33747,
            33.7202
          ],
          [
            -111.33745,
            33.72016
          ],
          [
            -111.33743,
            33.72012
          ],
          [
            -111.33738,
            33.72007
          ],
          [
            -111.33733,
            33.72004
          ],
          [
            -111.33726,
            33.72001
          ],
          [
            -111.33724,
            33.72
          ],
          [
            -111.33722,
            33.72
          ],
          [
            -111.33718,
            33.71999
          ],
          [
            -111.33715,
            33.71997
          ],
          [
            -111.33712,
            33.71994
          ],
          [
            -111.33709,
            33.7199
          ],
          [
            -111.33709,
            33.71987
          ],
          [
            -111.33708,
            33.71978
          ],
          [
            -111.33707,
            33.71971
          ],
          [
            -111.33707,
            33.71969
          ],
          [
            -111.33706,
            33.71966
          ],
          [
            -111.33707,
            33.71964
          ],
          [
            -111.33711,
            33.71957
          ],
          [
            -111.33712,
            33.71955
          ],
          [
            -111.33713,
            33.71955
          ],
          [
            -111.33714,
            33.71952
          ],
          [
            -111.33723,
            33.71941
          ],
          [
            -111.33733,
            33.71931
          ],
          [
            -111.33745,
            33.71928
          ],
          [
            -111.33753,
            33.71925
          ],
          [
            -111.33761,
            33.71922
          ],
          [
            -111.33763,
            33.71922
          ],
          [
            -111.33765,
            33.71921
          ],
          [
            -111.33779,
            33.71912
          ],
          [
            -111.33781,
            33.71911
          ],
          [
            -111.33794,
            33.71901
          ],
          [
            -111.33803,
            33.71893
          ],
          [
            -111.3381,
            33.71882
          ],
          [
            -111.33813,
            33.71876
          ],
          [
            -111.33814,
            33.7187
          ],
          [
            -111.33814,
            33.71866
          ],
          [
            -111.33814,
            33.71853
          ],
          [
            -111.33814,
            33.71851
          ],
          [
            -111.33815,
            33.71835
          ],
          [
            -111.33815,
            33.71824
          ],
          [
            -111.33814,
            33.71817
          ],
          [
            -111.33814,
            33.71815
          ],
          [
            -111.33813,
            33.71799
          ],
          [
            -111.33811,
            33.71782
          ],
          [
            -111.3381,
            33.71779
          ],
          [
            -111.33805,
            33.71766
          ],
          [
            -111.33799,
            33.71751
          ],
          [
            -111.33798,
            33.71747
          ],
          [
            -111.33797,
            33.71741
          ],
          [
            -111.33802,
            33.71728
          ],
          [
            -111.33809,
            33.7172
          ],
          [
            -111.33817,
            33.7171
          ],
          [
            -111.33822,
            33.71697
          ],
          [
            -111.33823,
            33.71695
          ],
          [
            -111.33828,
            33.7168
          ],
          [
            -111.33831,
            33.71675
          ],
          [
            -111.33832,
            33.71668
          ],
          [
            -111.33832,
            33.7165
          ],
          [
            -111.33827,
            33.71623
          ],
          [
            -111.33831,
            33.71594
          ],
          [
            -111.33835,
            33.71587
          ],
          [
            -111.33839,
            33.71582
          ],
          [
            -111.33843,
            33.71578
          ],
          [
            -111.3385,
            33.71569
          ],
          [
            -111.3385,
            33.71567
          ],
          [
            -111.3385,
            33.71565
          ],
          [
            -111.33851,
            33.71563
          ],
          [
            -111.3385,
            33.71556
          ],
          [
            -111.33849,
            33.71551
          ],
          [
            -111.33848,
            33.7155
          ],
          [
            -111.33848,
            33.71548
          ],
          [
            -111.33837,
            33.71531
          ],
          [
            -111.33837,
            33.71522
          ],
          [
            -111.33843,
            33.71511
          ],
          [
            -111.33853,
            33.71499
          ],
          [
            -111.33854,
            33.71497
          ],
          [
            -111.33856,
            33.71495
          ],
          [
            -111.33857,
            33.71489
          ],
          [
            -111.33859,
            33.71485
          ],
          [
            -111.3386,
            33.7148
          ],
          [
            -111.3386,
            33.71475
          ],
          [
            -111.33859,
            33.7147
          ],
          [
            -111.33858,
            33.71464
          ],
          [
            -111.33854,
            33.71457
          ],
          [
            -111.33844,
            33.7145
          ],
          [
            -111.33831,
            33.71448
          ],
          [
            -111.33824,
            33.71446
          ],
          [
            -111.3382,
            33.71445
          ],
          [
            -111.33811,
            33.71442
          ],
          [
            -111.33808,
            33.7144
          ],
          [
            -111.33805,
            33.71439
          ],
          [
            -111.33802,
            33.71437
          ],
          [
            -111.33799,
            33.71435
          ],
          [
            -111.33794,
            33.71433
          ],
          [
            -111.33792,
            33.71432
          ],
          [
            -111.33791,
            33.71431
          ],
          [
            -111.3379,
            33.7143
          ],
          [
            -111.3379,
            33.71429
          ],
          [
            -111.33788,
            33.71426
          ],
          [
            -111.33787,
            33.71421
          ],
          [
            -111.33791,
            33.71411
          ],
          [
            -111.33796,
            33.71407
          ],
          [
            -111.33798,
            33.71407
          ],
          [
            -111.33798,
            33.71406
          ],
          [
            -111.33798,
            33.71405
          ],
          [
            -111.33798,
            33.71398
          ],
          [
            -111.33797,
            33.71397
          ],
          [
            -111.33793,
            33.71384
          ],
          [
            -111.33792,
            33.71382
          ],
          [
            -111.33792,
            33.71377
          ],
          [
            -111.33793,
            33.71373
          ],
          [
            -111.33795,
            33.71371
          ],
          [
            -111.338,
            33.71368
          ],
          [
            -111.33804,
            33.7137
          ],
          [
            -111.33808,
            33.71371
          ],
          [
            -111.33808,
            33.7137
          ],
          [
            -111.33813,
            33.71363
          ],
          [
            -111.33816,
            33.71362
          ],
          [
            -111.33818,
            33.7136
          ],
          [
            -111.33819,
            33.71358
          ],
          [
            -111.33821,
            33.71357
          ],
          [
            -111.33822,
            33.71356
          ],
          [
            -111.33824,
            33.71355
          ],
          [
            -111.33824,
            33.71354
          ],
          [
            -111.33821,
            33.71349
          ],
          [
            -111.33818,
            33.71346
          ],
          [
            -111.33817,
            33.71345
          ],
          [
            -111.33813,
            33.71341
          ],
          [
            -111.33811,
            33.71337
          ],
          [
            -111.33809,
            33.71333
          ],
          [
            -111.33808,
            33.71328
          ],
          [
            -111.33809,
            33.71317
          ],
          [
            -111.33809,
            33.71312
          ],
          [
            -111.33809,
            33.71308
          ],
          [
            -111.33809,
            33.71306
          ],
          [
            -111.338,
            33.71295
          ],
          [
            -111.33797,
            33.71291
          ],
          [
            -111.33791,
            33.7128
          ],
          [
            -111.3379,
            33.71279
          ],
          [
            -111.3379,
            33.71277
          ],
          [
            -111.3379,
            33.71275
          ],
          [
            -111.33785,
            33.71267
          ],
          [
            -111.33783,
            33.71264
          ],
          [
            -111.33782,
            33.71263
          ],
          [
            -111.33773,
            33.71253
          ],
          [
            -111.3377,
            33.71249
          ],
          [
            -111.33767,
            33.71247
          ],
          [
            -111.33763,
            33.71241
          ],
          [
            -111.3376,
            33.71235
          ],
          [
            -111.33761,
            33.71229
          ],
          [
            -111.33764,
            33.71215
          ],
          [
            -111.33765,
            33.71211
          ],
          [
            -111.33765,
            33.71204
          ],
          [
            -111.33763,
            33.71201
          ],
          [
            -111.33761,
            33.712
          ],
          [
            -111.33761,
            33.71199
          ],
          [
            -111.3376,
            33.71199
          ],
          [
            -111.33753,
            33.71195
          ],
          [
            -111.33745,
            33.7119
          ],
          [
            -111.33744,
            33.71188
          ],
          [
            -111.33742,
            33.71186
          ],
          [
            -111.3374,
            33.71182
          ],
          [
            -111.33739,
            33.71176
          ],
          [
            -111.33738,
            33.71173
          ],
          [
            -111.33738,
            33.71171
          ],
          [
            -111.33738,
            33.71168
          ],
          [
            -111.33734,
            33.7116
          ],
          [
            -111.3373,
            33.71155
          ],
          [
            -111.33729,
            33.71155
          ],
          [
            -111.33728,
            33.71154
          ],
          [
            -111.33724,
            33.71135
          ],
          [
            -111.33722,
            33.71131
          ],
          [
            -111.3372,
            33.71128
          ],
          [
            -111.33719,
            33.71127
          ],
          [
            -111.33716,
            33.71127
          ],
          [
            -111.33712,
            33.71126
          ],
          [
            -111.3371,
            33.71125
          ],
          [
            -111.33701,
            33.71123
          ],
          [
            -111.33695,
            33.71122
          ],
          [
            -111.33693,
            33.71121
          ],
          [
            -111.33692,
            33.7112
          ],
          [
            -111.33691,
            33.71119
          ],
          [
            -111.33691,
            33.71118
          ],
          [
            -111.3369,
            33.71117
          ],
          [
            -111.3369,
            33.71116
          ],
          [
            -111.33691,
            33.71111
          ],
          [
            -111.33688,
            33.71096
          ],
          [
            -111.33687,
            33.71089
          ],
          [
            -111.33684,
            33.71085
          ],
          [
            -111.33657,
            33.71085
          ],
          [
            -111.33648,
            33.71084
          ],
          [
            -111.33642,
            33.71081
          ],
          [
            -111.33639,
            33.71079
          ],
          [
            -111.33636,
            33.71076
          ],
          [
            -111.33632,
            33.71073
          ],
          [
            -111.33629,
            33.71067
          ],
          [
            -111.33628,
            33.71067
          ],
          [
            -111.33624,
            33.71062
          ],
          [
            -111.3362,
            33.71057
          ],
          [
            -111.33616,
            33.71052
          ],
          [
            -111.33615,
            33.71052
          ],
          [
            -111.33608,
            33.71044
          ],
          [
            -111.33607,
            33.71043
          ],
          [
            -111.33605,
            33.7104
          ],
          [
            -111.33603,
            33.71038
          ],
          [
            -111.33599,
            33.71032
          ],
          [
            -111.33594,
            33.71021
          ],
          [
            -111.33591,
            33.7101
          ],
          [
            -111.33587,
            33.71
          ],
          [
            -111.33586,
            33.70991
          ],
          [
            -111.33585,
            33.70987
          ],
          [
            -111.33582,
            33.7098
          ],
          [
            -111.33581,
            33.70977
          ],
          [
            -111.33581,
            33.70969
          ],
          [
            -111.33582,
            33.70963
          ],
          [
            -111.33582,
            33.70961
          ],
          [
            -111.33581,
            33.70959
          ],
          [
            -111.3358,
            33.70957
          ],
          [
            -111.33579,
            33.70956
          ],
          [
            -111.33577,
            33.70954
          ],
          [
            -111.33577,
            33.70953
          ],
          [
            -111.33575,
            33.70951
          ],
          [
            -111.33572,
            33.70948
          ],
          [
            -111.3357,
            33.70944
          ],
          [
            -111.33568,
            33.7094
          ],
          [
            -111.33568,
            33.70936
          ],
          [
            -111.33568,
            33.70935
          ],
          [
            -111.33568,
            33.7093
          ],
          [
            -111.33568,
            33.70927
          ],
          [
            -111.33569,
            33.70925
          ],
          [
            -111.33569,
            33.70924
          ],
          [
            -111.33572,
            33.70919
          ],
          [
            -111.33573,
            33.70916
          ],
          [
            -111.33577,
            33.70907
          ],
          [
            -111.33579,
            33.709
          ],
          [
            -111.33578,
            33.70892
          ],
          [
            -111.33578,
            33.70884
          ],
          [
            -111.33578,
            33.70881
          ],
          [
            -111.33577,
            33.70877
          ],
          [
            -111.33574,
            33.70875
          ],
          [
            -111.33569,
            33.70872
          ],
          [
            -111.3356,
            33.70871
          ],
          [
            -111.33535,
            33.70875
          ],
          [
            -111.33531,
            33.70876
          ],
          [
            -111.3353,
            33.70876
          ],
          [
            -111.33526,
            33.70875
          ],
          [
            -111.33523,
            33.70873
          ],
          [
            -111.33522,
            33.70872
          ],
          [
            -111.33521,
            33.70871
          ],
          [
            -111.3352,
            33.70869
          ],
          [
            -111.3352,
            33.70867
          ],
          [
            -111.3352,
            33.70864
          ],
          [
            -111.3352,
            33.70862
          ],
          [
            -111.33522,
            33.70858
          ],
          [
            -111.33525,
            33.70854
          ],
          [
            -111.33528,
            33.7085
          ],
          [
            -111.33533,
            33.70842
          ],
          [
            -111.33534,
            33.70838
          ],
          [
            -111.33534,
            33.70835
          ],
          [
            -111.33534,
            33.70831
          ],
          [
            -111.33533,
            33.70828
          ],
          [
            -111.33532,
            33.70825
          ],
          [
            -111.33533,
            33.7082
          ],
          [
            -111.33537,
            33.7081
          ],
          [
            -111.33548,
            33.70799
          ],
          [
            -111.33549,
            33.70798
          ],
          [
            -111.33556,
            33.70793
          ],
          [
            -111.33558,
            33.70792
          ],
          [
            -111.33567,
            33.70785
          ],
          [
            -111.33573,
            33.70781
          ],
          [
            -111.33575,
            33.70781
          ],
          [
            -111.33583,
            33.70778
          ],
          [
            -111.33584,
            33.70777
          ],
          [
            -111.33592,
            33.70775
          ],
          [
            -111.33612,
            33.70772
          ],
          [
            -111.33635,
            33.70767
          ],
          [
            -111.33651,
            33.70765
          ],
          [
            -111.3366,
            33.70763
          ],
          [
            -111.33669,
            33.70764
          ],
          [
            -111.33671,
            33.70764
          ],
          [
            -111.33673,
            33.70764
          ],
          [
            -111.33679,
            33.70765
          ],
          [
            -111.33684,
            33.70763
          ],
          [
            -111.33687,
            33.7076
          ],
          [
            -111.3369,
            33.70756
          ],
          [
            -111.33695,
            33.70744
          ],
          [
            -111.33697,
            33.70738
          ],
          [
            -111.33698,
            33.70734
          ],
          [
            -111.33702,
            33.70726
          ],
          [
            -111.33706,
            33.70719
          ],
          [
            -111.33712,
            33.7071
          ],
          [
            -111.33717,
            33.70703
          ],
          [
            -111.33727,
            33.70683
          ],
          [
            -111.3373,
            33.70669
          ],
          [
            -111.33731,
            33.70667
          ],
          [
            -111.3373,
            33.70665
          ],
          [
            -111.3373,
            33.70661
          ],
          [
            -111.33731,
            33.70643
          ],
          [
            -111.33731,
            33.70633
          ],
          [
            -111.33731,
            33.70631
          ],
          [
            -111.33731,
            33.70629
          ],
          [
            -111.33734,
            33.70618
          ],
          [
            -111.33743,
            33.7061
          ],
          [
            -111.33748,
            33.70604
          ],
          [
            -111.33768,
            33.70583
          ],
          [
            -111.3379,
            33.70553
          ],
          [
            -111.3379016,
            33.7055302
          ],
          [
            -111.3379016,
            33.7055302
          ],
          [
            -111.3379016,
            33.7055302
          ]
        ]
      }
    }
  ]
}