{
  "type": "FeatureCollection",
  "features": [
    {
      "type": "Feature",
      "properties": {
        "_gpxType": "trk",
        "name": "The University of Utah to Gloria Falls Trailhead",
        "coordinateProperties": {}
      },
      "geometry": {
        "type": "LineString",
        "coordinates": [
          [
            -111.8421573,
            40.7650042
          ],
          [
            -111.84209,
            40.76504
          ],
          [
            -111.84169,
            40.76523
          ],
          [
            -111.8416851,
            40.7652263
          ],
          [
            -111.84162,
            40.76516
          ],
          [
            -111.84158,
            40.76507
          ],
          [
            -111.8415763,
            40.7650661
          ],
          [
            -111.84129,
            40.76499
          ],
          [
            -111.84113,
            40.76486
          ],
          [
            -111.84103,
            40.76474
          ],
          [
            -111.84092,
            40.7646
          ],
          [
            -111.84079,
            40.76444
          ],
          [
            -111.8407868,
            40.7644424
          ],
          [
            -111.84069,
            40.76449
          ],
          [
            -111.84053,
            40.76458
          ],
          [
            -111.84038,
            40.76466
          ],
          [
            -111.84018,
            40.76475
          ],
          [
            -111.83978,
            40.76495
          ],
          [
            -111.83968,
            40.765
          ],
          [
            -111.83914,
            40.76527
          ],
          [
            -111.83905,
            40.76532
          ],
          [
            -111.83904,
            40.76532
          ],
          [
            -111.83885,
            40.76542
          ],
          [
            -111.83865,
            40.76552
          ],
          [
            -111.83852,
            40.76559
          ],
          [
            -111.83829,
            40.76571
          ],
          [
            -111.83821,
            40.76576
          ],
          [
            -111.8381,
            40.76586
          ],
          [
            -111.83805,
            40.76595
          ],
          [
            -111.83802,
            40.76601
          ],
          [
            -111.838,
            40.76612
          ],
          [
            -111.83799,
            40.76626
          ],
          [
            -111.83799,
            40.76628
          ],
          [
            -111.83798,
            40.76632
          ],
          [
            -111.83797,
            40.76635
          ],
          [
            -111.83783,
            40.76651
          ],
          [
            -111.8378294,
            40.7665125
          ],
          [
            -111.83775,
            40.76645
          ],
          [
            -111.83768,
            40.7664
          ],
          [
            -111.83768,
            40.76639
          ],
          [
            -111.83766,
            40.76637
          ],
          [
            -111.83756,
            40.76619
          ],
          [
            -111.83751,
            40.76608
          ],
          [
            -111.83747,
            40.76601
          ],
          [
            -111.83745,
            40.76599
          ],
          [
            -111.83742,
            40.76595
          ],
          [
            -111.83739,
            40.76592
          ],
          [
            -111.83734,
            40.76588
          ],
          [
            -111.83733,
            40.76588
          ],
          [
            -111.83732,
            40.76587
          ],
          [
            -111.8373,
            40.76586
          ],
          [
            -111.83723,
            40.76583
          ],
          [
            -111.8371,
            40.76577
          ],
          [
            -111.83707,
            40.76575
          ],
          [
            -111.83704,
            40.76573
          ],
          [
            -111.83701,
            40.76572
          ],
          [
            -111.83699,
            40.76571
          ],
          [
            -111.83692,
            40.76568
          ],
          [
            -111.83685,
            40.76566
          ],
          [
            -111.8368515,
            40.7656613
          ],
          [
            -111.83685,
            40.76561
          ],
          [
            -111.83684,
            40.76554
          ],
          [
            -111.83683,
            40.76548
          ],
          [
            -111.83682,
            40.76546
          ],
          [
            -111.83682,
            40.7654
          ],
          [
            -111.83681,
            40.76532
          ],
          [
            -111.83681,
            40.76531
          ],
          [
            -111.8368,
            40.7653
          ],
          [
            -111.8368,
            40.76528
          ],
          [
            -111.83679,
            40.76524
          ],
          [
            -111.83677,
            40.76518
          ],
          [
            -111.83676,
            40.76513
          ],
          [
            -111.83675,
            40.76508
          ],
          [
            -111.83673,
            40.76501
          ],
          [
            -111.83672,
            40.76499
          ],
          [
            -111.83656,
            40.76465
          ],
          [
            -111.83647,
            40.76448
          ],
          [
            -111.83638,
            40.76432
          ],
          [
            -111.83633,
            40.76423
          ],
          [
            -111.83625,
            40.76408
          ],
          [
            -111.83618,
            40.76395
          ],
          [
            -111.83606,
            40.7638
          ],
          [
            -111.83596,
            40.76357
          ],
          [
            -111.83591,
            40.7634
          ],
          [
            -111.8358,
            40.76301
          ],
          [
            -111.83573,
            40.76273
          ],
          [
            -111.83572,
            40.76269
          ],
          [
            -111.83571,
            40.76265
          ],
          [
            -111.83564,
            40.76242
          ],
          [
            -111.83562,
            40.7623
          ],
          [
            -111.83552,
            40.76195
          ],
          [
            -111.83534,
            40.76143
          ],
          [
            -111.83529,
            40.76131
          ],
          [
            -111.83523,
            40.76114
          ],
          [
            -111.83493,
            40.76029
          ],
          [
            -111.83478,
            40.7599
          ],
          [
            -111.83474,
            40.75978
          ],
          [
            -111.83472,
            40.75973
          ],
          [
            -111.83471,
            40.75966
          ],
          [
            -111.8347,
            40.75963
          ],
          [
            -111.83469,
            40.75959
          ],
          [
            -111.83469,
            40.75957
          ],
          [
            -111.83468,
            40.75954
          ],
          [
            -111.83468,
            40.75951
          ],
          [
            -111.83468,
            40.75948
          ],
          [
            -111.83467,
            40.75945
          ],
          [
            -111.83467,
            40.75941
          ],
          [
            -111.83467,
            40.75937
          ],
          [
            -111.83467,
            40.75936
          ],
          [
            -111.83467,
            40.75931
          ],
          [
            -111.83468,
            40.75927
          ],
          [
            -111.83468,
            40.75923
          ],
          [
            -111.83468,
            40.75918
          ],
          [
            -111.83475,
            40.75912
          ],
          [
            -111.83478,
            40.75907
          ],
          [
            -111.8348,
            40.75901
          ],
          [
            -111.83484,
            40.75891
          ],
          [
            -111.83489,
            40.75878
          ],
          [
            -111.8349,
            40.75876
          ],
          [
            -111.83496,
            40.75864
          ],
          [
            -111.83506,
            40.75849
          ],
          [
            -111.83521,
            40.75832
          ],
          [
            -111.83537,
            40.75813
          ],
          [
            -111.83538,
            40.75813
          ],
          [
            -111.83548,
            40.75801
          ],
          [
            -111.83574,
            40.75771
          ],
          [
            -111.83587,
            40.75756
          ],
          [
            -111.83593,
            40.7575
          ],
          [
            -111.83601,
            40.75741
          ],
          [
            -111.8360091,
            40.7574098
          ],
          [
            -111.8361,
            40.75726
          ],
          [
            -111.83603,
            40.75721
          ],
          [
            -111.83594,
            40.75715
          ],
          [
            -111.8358,
            40.75705
          ],
          [
            -111.83554,
            40.75687
          ],
          [
            -111.83543,
            40.75679
          ],
          [
            -111.83535,
            40.75673
          ],
          [
            -111.83516,
            40.75657
          ],
          [
            -111.83459,
            40.75599
          ],
          [
            -111.8342,
            40.75553
          ],
          [
            -111.834,
            40.75527
          ],
          [
            -111.83389,
            40.75513
          ],
          [
            -111.83384,
            40.75509
          ],
          [
            -111.83374,
            40.75498
          ],
          [
            -111.83354,
            40.75472
          ],
          [
            -111.83345,
            40.75459
          ],
          [
            -111.83329,
            40.75439
          ],
          [
            -111.83326,
            40.75435
          ],
          [
            -111.83326,
            40.75434
          ],
          [
            -111.83323,
            40.75431
          ],
          [
            -111.83305,
            40.75408
          ],
          [
            -111.83268,
            40.75361
          ],
          [
            -111.83236,
            40.7532
          ],
          [
            -111.83183,
            40.75251
          ],
          [
            -111.83157,
            40.75215
          ],
          [
            -111.83113,
            40.75156
          ],
          [
            -111.83107,
            40.7515
          ],
          [
            -111.83098,
            40.75137
          ],
          [
            -111.83091,
            40.75127
          ],
          [
            -111.83086,
            40.75118
          ],
          [
            -111.83083,
            40.75113
          ],
          [
            -111.83082,
            40.75111
          ],
          [
            -111.83077,
            40.75098
          ],
          [
            -111.83073,
            40.75077
          ],
          [
            -111.83072,
            40.75051
          ],
          [
            -111.83069,
            40.74961
          ],
          [
            -111.83069,
            40.74875
          ],
          [
            -111.83069,
            40.74776
          ],
          [
            -111.83069,
            40.74752
          ],
          [
            -111.83069,
            40.74711
          ],
          [
            -111.83069,
            40.74684
          ],
          [
            -111.83069,
            40.74655
          ],
          [
            -111.83066,
            40.74623
          ],
          [
            -111.83063,
            40.74602
          ],
          [
            -111.83058,
            40.74588
          ],
          [
            -111.8305,
            40.74563
          ],
          [
            -111.83045,
            40.74548
          ],
          [
            -111.83027,
            40.74513
          ],
          [
            -111.8302,
            40.74501
          ],
          [
            -111.83014,
            40.7449
          ],
          [
            -111.83002,
            40.74472
          ],
          [
            -111.83001,
            40.74472
          ],
          [
            -111.83,
            40.74471
          ],
          [
            -111.82987,
            40.74465
          ],
          [
            -111.82924,
            40.74391
          ],
          [
            -111.82895,
            40.74356
          ],
          [
            -111.82877,
            40.74335
          ],
          [
            -111.82863,
            40.74318
          ],
          [
            -111.82844,
            40.74298
          ],
          [
            -111.8282,
            40.7427
          ],
          [
            -111.8282,
            40.74269
          ],
          [
            -111.82811,
            40.74259
          ],
          [
            -111.82782,
            40.74226
          ],
          [
            -111.82731,
            40.74165
          ],
          [
            -111.82703,
            40.74135
          ],
          [
            -111.82696,
            40.74127
          ],
          [
            -111.82685,
            40.74114
          ],
          [
            -111.82659,
            40.74083
          ],
          [
            -111.82617,
            40.74034
          ],
          [
            -111.82605,
            40.74021
          ],
          [
            -111.82598,
            40.74013
          ],
          [
            -111.82586,
            40.74
          ],
          [
            -111.82576,
            40.73988
          ],
          [
            -111.82566,
            40.73976
          ],
          [
            -111.82554,
            40.73963
          ],
          [
            -111.82545,
            40.73951
          ],
          [
            -111.82507,
            40.73907
          ],
          [
            -111.82466,
            40.7386
          ],
          [
            -111.82463,
            40.73856
          ],
          [
            -111.82452,
            40.73844
          ],
          [
            -111.82443,
            40.73833
          ],
          [
            -111.82427,
            40.73814
          ],
          [
            -111.8239,
            40.73771
          ],
          [
            -111.82384,
            40.73765
          ],
          [
            -111.82347,
            40.73722
          ],
          [
            -111.82332,
            40.73704
          ],
          [
            -111.82312,
            40.73681
          ],
          [
            -111.82299,
            40.73666
          ],
          [
            -111.8228,
            40.73644
          ],
          [
            -111.82264,
            40.73625
          ],
          [
            -111.82244,
            40.73603
          ],
          [
            -111.82211,
            40.73564
          ],
          [
            -111.82178,
            40.73526
          ],
          [
            -111.82149,
            40.7349
          ],
          [
            -111.82142,
            40.73483
          ],
          [
            -111.82129,
            40.73467
          ],
          [
            -111.82115,
            40.73452
          ],
          [
            -111.82095,
            40.7343
          ],
          [
            -111.82091,
            40.73426
          ],
          [
            -111.8207,
            40.73399
          ],
          [
            -111.82033,
            40.73357
          ],
          [
            -111.81992,
            40.73309
          ],
          [
            -111.81962,
            40.73274
          ],
          [
            -111.81924,
            40.73229
          ],
          [
            -111.81872,
            40.73159
          ],
          [
            -111.8187,
            40.73156
          ],
          [
            -111.81845,
            40.7312
          ],
          [
            -111.81819,
            40.73081
          ],
          [
            -111.81794,
            40.73043
          ],
          [
            -111.81778,
            40.7302
          ],
          [
            -111.81762,
            40.72996
          ],
          [
            -111.81753,
            40.72982
          ],
          [
            -111.81718,
            40.72929
          ],
          [
            -111.81651,
            40.72828
          ],
          [
            -111.81625,
            40.72787
          ],
          [
            -111.81604,
            40.72757
          ],
          [
            -111.81553,
            40.7268
          ],
          [
            -111.81515,
            40.72623
          ],
          [
            -111.81487,
            40.72583
          ],
          [
            -111.81468,
            40.72554
          ],
          [
            -111.81465,
            40.72549
          ],
          [
            -111.81452,
            40.7253
          ],
          [
            -111.81441,
            40.72513
          ],
          [
            -111.81438,
            40.72509
          ],
          [
            -111.81428,
            40.72494
          ],
          [
            -111.81417,
            40.72477
          ],
          [
            -111.81409,
            40.72465
          ],
          [
            -111.81408,
            40.72463
          ],
          [
            -111.81406,
            40.72461
          ],
          [
            -111.81395,
            40.72445
          ],
          [
            -111.81387,
            40.72432
          ],
          [
            -111.81379,
            40.72421
          ],
          [
            -111.81363,
            40.72397
          ],
          [
            -111.81361,
            40.72393
          ],
          [
            -111.81338,
            40.72359
          ],
          [
            -111.81337,
            40.72357
          ],
          [
            -111.81305,
            40.72314
          ],
          [
            -111.81272,
            40.7227
          ],
          [
            -111.81248,
            40.72239
          ],
          [
            -111.81207,
            40.72184
          ],
          [
            -111.81182,
            40.72148
          ],
          [
            -111.81156,
            40.72112
          ],
          [
            -111.81132,
            40.7208
          ],
          [
            -111.81114,
            40.72056
          ],
          [
            -111.81107,
            40.72047
          ],
          [
            -111.81105,
            40.72044
          ],
          [
            -111.8109,
            40.72024
          ],
          [
            -111.81079,
            40.72008
          ],
          [
            -111.8106,
            40.71982
          ],
          [
            -111.81056,
            40.71977
          ],
          [
            -111.8105,
            40.71964
          ],
          [
            -111.81044,
            40.71951
          ],
          [
            -111.81034,
            40.71935
          ],
          [
            -111.80988,
            40.71862
          ],
          [
            -111.80981,
            40.71846
          ],
          [
            -111.80977,
            40.71835
          ],
          [
            -111.80977,
            40.71834
          ],
          [
            -111.80942,
            40.71742
          ],
          [
            -111.8093,
            40.71713
          ],
          [
            -111.80916,
            40.71685
          ],
          [
            -111.80906,
            40.71667
          ],
          [
            -111.80885,
            40.7164
          ],
          [
            -111.80855,
            40.71603
          ],
          [
            -111.80801,
            40.71549
          ],
          [
            -111.80766,
            40.71513
          ],
          [
            -111.80713,
            40.71457
          ],
          [
            -111.80699,
            40.71441
          ],
          [
            -111.80677,
            40.71418
          ],
          [
            -111.80644,
            40.71384
          ],
          [
            -111.8064389,
            40.7138357
          ],
          [
            -111.80638,
            40.71378
          ],
          [
            -111.80633,
            40.71372
          ],
          [
            -111.80597,
            40.71334
          ],
          [
            -111.80582,
            40.71318
          ],
          [
            -111.80571,
            40.71306
          ],
          [
            -111.80558,
            40.71293
          ],
          [
            -111.80542,
            40.71277
          ],
          [
            -111.8051,
            40.71244
          ],
          [
            -111.80498,
            40.71233
          ],
          [
            -111.80488,
            40.71224
          ],
          [
            -111.8048,
            40.71217
          ],
          [
            -111.80473,
            40.71211
          ],
          [
            -111.80464,
            40.71203
          ],
          [
            -111.80454,
            40.71196
          ],
          [
            -111.80443,
            40.71187
          ],
          [
            -111.80431,
            40.71178
          ],
          [
            -111.80417,
            40.71169
          ],
          [
            -111.80405,
            40.7116
          ],
          [
            -111.80393,
            40.71153
          ],
          [
            -111.80368,
            40.71137
          ],
          [
            -111.80355,
            40.7113
          ],
          [
            -111.8035,
            40.71127
          ],
          [
            -111.80349,
            40.71127
          ],
          [
            -111.80335,
            40.71119
          ],
          [
            -111.80329,
            40.71116
          ],
          [
            -111.80319,
            40.71111
          ],
          [
            -111.8031,
            40.71106
          ],
          [
            -111.80309,
            40.71106
          ],
          [
            -111.80294,
            40.71098
          ],
          [
            -111.80285,
            40.71095
          ],
          [
            -111.80275,
            40.7109
          ],
          [
            -111.8027,
            40.71088
          ],
          [
            -111.80269,
            40.71087
          ],
          [
            -111.8025,
            40.71079
          ],
          [
            -111.80229,
            40.71071
          ],
          [
            -111.80214,
            40.71064
          ],
          [
            -111.80196,
            40.71057
          ],
          [
            -111.80186,
            40.71053
          ],
          [
            -111.80168,
            40.71046
          ],
          [
            -111.80154,
            40.7104
          ],
          [
            -111.80144,
            40.71036
          ],
          [
            -111.80133,
            40.71031
          ],
          [
            -111.80126,
            40.71028
          ],
          [
            -111.80119,
            40.71025
          ],
          [
            -111.80107,
            40.7102
          ],
          [
            -111.80096,
            40.71015
          ],
          [
            -111.80085,
            40.7101
          ],
          [
            -111.80073,
            40.71004
          ],
          [
            -111.80048,
            40.70991
          ],
          [
            -111.80036,
            40.70985
          ],
          [
            -111.80022,
            40.70977
          ],
          [
            -111.80012,
            40.7097
          ],
          [
            -111.80002,
            40.70964
          ],
          [
            -111.79996,
            40.7096
          ],
          [
            -111.79992,
            40.70957
          ],
          [
            -111.79981,
            40.7095
          ],
          [
            -111.79979,
            40.70949
          ],
          [
            -111.79973,
            40.70944
          ],
          [
            -111.79971,
            40.70943
          ],
          [
            -111.7997,
            40.70943
          ],
          [
            -111.79969,
            40.70942
          ],
          [
            -111.79968,
            40.70941
          ],
          [
            -111.79965,
            40.70941
          ],
          [
            -111.79955,
            40.70939
          ],
          [
            -111.7995525,
            40.7093936
          ],
          [
            -111.79934,
            40.70922
          ],
          [
            -111.79924,
            40.70915
          ],
          [
            -111.79912,
            40.70905
          ],
          [
            -111.79899,
            40.70895
          ],
          [
            -111.79862,
            40.70865
          ],
          [
            -111.79846,
            40.70853
          ],
          [
            -111.79824,
            40.70836
          ],
          [
            -111.7978,
            40.708
          ],
          [
            -111.79765,
            40.70787
          ],
          [
            -111.79748,
            40.70771
          ],
          [
            -111.79725,
            40.70748
          ],
          [
            -111.79716,
            40.70738
          ],
          [
            -111.79706,
            40.70728
          ],
          [
            -111.79692,
            40.70711
          ],
          [
            -111.7967,
            40.70683
          ],
          [
            -111.79667,
            40.7068
          ],
          [
            -111.79656,
            40.70664
          ],
          [
            -111.79644,
            40.70647
          ],
          [
            -111.79634,
            40.70631
          ],
          [
            -111.79629,
            40.70624
          ],
          [
            -111.79622,
            40.70613
          ],
          [
            -111.79609,
            40.70593
          ],
          [
            -111.79598,
            40.70571
          ],
          [
            -111.79592,
            40.70559
          ],
          [
            -111.79587,
            40.70546
          ],
          [
            -111.79576,
            40.70519
          ],
          [
            -111.79566,
            40.70493
          ],
          [
            -111.79556,
            40.70458
          ],
          [
            -111.79549,
            40.70432
          ],
          [
            -111.79545,
            40.70411
          ],
          [
            -111.79541,
            40.70387
          ],
          [
            -111.79538,
            40.70356
          ],
          [
            -111.79537,
            40.70331
          ],
          [
            -111.79537,
            40.70312
          ],
          [
            -111.79537,
            40.70297
          ],
          [
            -111.79537,
            40.70248
          ],
          [
            -111.79537,
            40.70239
          ],
          [
            -111.79536,
            40.70185
          ],
          [
            -111.79535,
            40.70131
          ],
          [
            -111.79535,
            40.70074
          ],
          [
            -111.79534,
            40.70007
          ],
          [
            -111.79533,
            40.69963
          ],
          [
            -111.79535,
            40.69914
          ],
          [
            -111.7954,
            40.69864
          ],
          [
            -111.79547,
            40.69825
          ],
          [
            -111.7956,
            40.6977
          ],
          [
            -111.79581,
            40.69689
          ],
          [
            -111.79588,
            40.69662
          ],
          [
            -111.79612,
            40.69568
          ],
          [
            -111.79622,
            40.69524
          ],
          [
            -111.7963,
            40.69494
          ],
          [
            -111.79638,
            40.69459
          ],
          [
            -111.79662,
            40.69356
          ],
          [
            -111.79674,
            40.69306
          ],
          [
            -111.79678,
            40.69284
          ],
          [
            -111.7968,
            40.69274
          ],
          [
            -111.79682,
            40.69267
          ],
          [
            -111.79682,
            40.69266
          ],
          [
            -111.79685,
            40.69255
          ],
          [
            -111.79689,
            40.69235
          ],
          [
            -111.79692,
            40.69222
          ],
          [
            -111.79694,
            40.69213
          ],
          [
            -111.79698,
            40.69194
          ],
          [
            -111.79699,
            40.6919
          ],
          [
            -111.79702,
            40.69177
          ],
          [
            -111.79706,
            40.69161
          ],
          [
            -111.79706,
            40.6916
          ],
          [
            -111.79711,
            40.69136
          ],
          [
            -111.7972,
            40.69095
          ],
          [
            -111.79726,
            40.6907
          ],
          [
            -111.79731,
            40.69045
          ],
          [
            -111.79733,
            40.69037
          ],
          [
            -111.79739,
            40.6901
          ],
          [
            -111.79742,
            40.68995
          ],
          [
            -111.79747,
            40.68969
          ],
          [
            -111.7975,
            40.68951
          ],
          [
            -111.79753,
            40.68933
          ],
          [
            -111.79756,
            40.68918
          ],
          [
            -111.79757,
            40.68904
          ],
          [
            -111.79759,
            40.68885
          ],
          [
            -111.79761,
            40.68865
          ],
          [
            -111.79762,
            40.68853
          ],
          [
            -111.79763,
            40.68835
          ],
          [
            -111.79764,
            40.68823
          ],
          [
            -111.79765,
            40.68803
          ],
          [
            -111.79765,
            40.68796
          ],
          [
            -111.79766,
            40.68788
          ],
          [
            -111.79766,
            40.68772
          ],
          [
            -111.79766,
            40.6875
          ],
          [
            -111.79767,
            40.68722
          ],
          [
            -111.79767,
            40.68699
          ],
          [
            -111.79767,
            40.6867
          ],
          [
            -111.79767,
            40.68634
          ],
          [
            -111.79765,
            40.68557
          ],
          [
            -111.79765,
            40.68536
          ],
          [
            -111.79764,
            40.68512
          ],
          [
            -111.79764,
            40.68502
          ],
          [
            -111.79764,
            40.68473
          ],
          [
            -111.79764,
            40.68436
          ],
          [
            -111.79764,
            40.68416
          ],
          [
            -111.79764,
            40.68396
          ],
          [
            -111.79765,
            40.68379
          ],
          [
            -111.79765,
            40.68355
          ],
          [
            -111.79766,
            40.68343
          ],
          [
            -111.79769,
            40.68312
          ],
          [
            -111.7977,
            40.683
          ],
          [
            -111.79772,
            40.68287
          ],
          [
            -111.79775,
            40.68268
          ],
          [
            -111.79778,
            40.68249
          ],
          [
            -111.79787,
            40.68213
          ],
          [
            -111.79792,
            40.6819
          ],
          [
            -111.79795,
            40.6818
          ],
          [
            -111.79806,
            40.68143
          ],
          [
            -111.79812,
            40.68126
          ],
          [
            -111.79818,
            40.68111
          ],
          [
            -111.79818,
            40.6811
          ],
          [
            -111.79824,
            40.68096
          ],
          [
            -111.79832,
            40.68077
          ],
          [
            -111.79841,
            40.68056
          ],
          [
            -111.79853,
            40.68033
          ],
          [
            -111.79866,
            40.68009
          ],
          [
            -111.79869,
            40.68004
          ],
          [
            -111.79876,
            40.67992
          ],
          [
            -111.79886,
            40.67975
          ],
          [
            -111.79898,
            40.67957
          ],
          [
            -111.79914,
            40.67932
          ],
          [
            -111.79926,
            40.67916
          ],
          [
            -111.79939,
            40.67899
          ],
          [
            -111.79948,
            40.67886
          ],
          [
            -111.79961,
            40.6787
          ],
          [
            -111.79977,
            40.67849
          ],
          [
            -111.79992,
            40.67829
          ],
          [
            -111.80015,
            40.67798
          ],
          [
            -111.8004,
            40.67765
          ],
          [
            -111.80068,
            40.67727
          ],
          [
            -111.80081,
            40.67711
          ],
          [
            -111.80101,
            40.67683
          ],
          [
            -111.80117,
            40.67662
          ],
          [
            -111.8016,
            40.67606
          ],
          [
            -111.80174,
            40.67586
          ],
          [
            -111.80186,
            40.67571
          ],
          [
            -111.80219,
            40.67526
          ],
          [
            -111.80241,
            40.67497
          ],
          [
            -111.80253,
            40.67481
          ],
          [
            -111.80258,
            40.67474
          ],
          [
            -111.8026,
            40.67471
          ],
          [
            -111.80264,
            40.67466
          ],
          [
            -111.80288,
            40.67435
          ],
          [
            -111.80288,
            40.67434
          ],
          [
            -111.80301,
            40.67416
          ],
          [
            -111.80318,
            40.67394
          ],
          [
            -111.80334,
            40.67373
          ],
          [
            -111.80358,
            40.6734
          ],
          [
            -111.80376,
            40.67317
          ],
          [
            -111.8041,
            40.67271
          ],
          [
            -111.80427,
            40.67249
          ],
          [
            -111.80459,
            40.67206
          ],
          [
            -111.80472,
            40.67189
          ],
          [
            -111.80476,
            40.67184
          ],
          [
            -111.80481,
            40.67176
          ],
          [
            -111.80486,
            40.67167
          ],
          [
            -111.80489,
            40.67161
          ],
          [
            -111.80494,
            40.67154
          ],
          [
            -111.80502,
            40.67139
          ],
          [
            -111.80506,
            40.67134
          ],
          [
            -111.80509,
            40.67128
          ],
          [
            -111.80527,
            40.67092
          ],
          [
            -111.8053,
            40.67086
          ],
          [
            -111.80532,
            40.67082
          ],
          [
            -111.80533,
            40.67079
          ],
          [
            -111.80538,
            40.67068
          ],
          [
            -111.80542,
            40.67057
          ],
          [
            -111.80546,
            40.67047
          ],
          [
            -111.80547,
            40.67043
          ],
          [
            -111.80548,
            40.67039
          ],
          [
            -111.80552,
            40.67026
          ],
          [
            -111.80556,
            40.67011
          ],
          [
            -111.80558,
            40.67
          ],
          [
            -111.8056,
            40.66988
          ],
          [
            -111.80561,
            40.66979
          ],
          [
            -111.80564,
            40.66955
          ],
          [
            -111.80565,
            40.66943
          ],
          [
            -111.80566,
            40.66932
          ],
          [
            -111.80567,
            40.66909
          ],
          [
            -111.80568,
            40.66864
          ],
          [
            -111.80569,
            40.66831
          ],
          [
            -111.8057,
            40.66817
          ],
          [
            -111.80571,
            40.66788
          ],
          [
            -111.80573,
            40.66745
          ],
          [
            -111.80573,
            40.66743
          ],
          [
            -111.80573,
            40.66723
          ],
          [
            -111.80574,
            40.66694
          ],
          [
            -111.80576,
            40.66658
          ],
          [
            -111.80576,
            40.66643
          ],
          [
            -111.80577,
            40.66633
          ],
          [
            -111.80577,
            40.66619
          ],
          [
            -111.80578,
            40.66601
          ],
          [
            -111.80578,
            40.6658
          ],
          [
            -111.80579,
            40.66568
          ],
          [
            -111.80579,
            40.66554
          ],
          [
            -111.8058,
            40.66543
          ],
          [
            -111.8058,
            40.66525
          ],
          [
            -111.80581,
            40.66504
          ],
          [
            -111.80582,
            40.66493
          ],
          [
            -111.80582,
            40.6648
          ],
          [
            -111.80583,
            40.66458
          ],
          [
            -111.80584,
            40.6644
          ],
          [
            -111.80584,
            40.66435
          ],
          [
            -111.80586,
            40.66404
          ],
          [
            -111.80586,
            40.66403
          ],
          [
            -111.80586,
            40.66399
          ],
          [
            -111.80586,
            40.66394
          ],
          [
            -111.80587,
            40.66386
          ],
          [
            -111.80588,
            40.66368
          ],
          [
            -111.80591,
            40.66339
          ],
          [
            -111.80595,
            40.66297
          ],
          [
            -111.80597,
            40.66273
          ],
          [
            -111.80598,
            40.6627
          ],
          [
            -111.80604,
            40.66225
          ],
          [
            -111.80605,
            40.66216
          ],
          [
            -111.80612,
            40.6617
          ],
          [
            -111.80613,
            40.66163
          ],
          [
            -111.80615,
            40.66156
          ],
          [
            -111.80618,
            40.66136
          ],
          [
            -111.80621,
            40.66117
          ],
          [
            -111.80625,
            40.66099
          ],
          [
            -111.80627,
            40.66087
          ],
          [
            -111.80633,
            40.66055
          ],
          [
            -111.80637,
            40.66038
          ],
          [
            -111.80637,
            40.66035
          ],
          [
            -111.80639,
            40.66029
          ],
          [
            -111.80644,
            40.66008
          ],
          [
            -111.80648,
            40.65991
          ],
          [
            -111.80651,
            40.65979
          ],
          [
            -111.80656,
            40.65956
          ],
          [
            -111.80657,
            40.65954
          ],
          [
            -111.80669,
            40.65906
          ],
          [
            -111.80674,
            40.65888
          ],
          [
            -111.80674,
            40.65887
          ],
          [
            -111.80679,
            40.65869
          ],
          [
            -111.8068,
            40.65864
          ],
          [
            -111.80684,
            40.65851
          ],
          [
            -111.80688,
            40.65835
          ],
          [
            -111.80695,
            40.65805
          ],
          [
            -111.80698,
            40.65793
          ],
          [
            -111.80701,
            40.65782
          ],
          [
            -111.80705,
            40.65769
          ],
          [
            -111.80706,
            40.65765
          ],
          [
            -111.80711,
            40.65744
          ],
          [
            -111.80717,
            40.6572
          ],
          [
            -111.80723,
            40.65697
          ],
          [
            -111.80728,
            40.65677
          ],
          [
            -111.80732,
            40.65663
          ],
          [
            -111.80733,
            40.65659
          ],
          [
            -111.80734,
            40.65654
          ],
          [
            -111.80737,
            40.65645
          ],
          [
            -111.80738,
            40.65642
          ],
          [
            -111.80748,
            40.65601
          ],
          [
            -111.80755,
            40.65575
          ],
          [
            -111.80756,
            40.65569
          ],
          [
            -111.80764,
            40.65537
          ],
          [
            -111.80768,
            40.65516
          ],
          [
            -111.80773,
            40.65494
          ],
          [
            -111.80777,
            40.65472
          ],
          [
            -111.8078,
            40.65461
          ],
          [
            -111.80782,
            40.65451
          ],
          [
            -111.80784,
            40.6544
          ],
          [
            -111.80788,
            40.65418
          ],
          [
            -111.80792,
            40.65396
          ],
          [
            -111.80793,
            40.6539
          ],
          [
            -111.80794,
            40.65385
          ],
          [
            -111.80795,
            40.65375
          ],
          [
            -111.80799,
            40.65351
          ],
          [
            -111.808,
            40.65342
          ],
          [
            -111.80802,
            40.65324
          ],
          [
            -111.80808,
            40.65277
          ],
          [
            -111.80811,
            40.65257
          ],
          [
            -111.80811,
            40.65251
          ],
          [
            -111.80811,
            40.6525
          ],
          [
            -111.80814,
            40.6523
          ],
          [
            -111.80817,
            40.65198
          ],
          [
            -111.80819,
            40.65173
          ],
          [
            -111.80821,
            40.65143
          ],
          [
            -111.80822,
            40.65125
          ],
          [
            -111.80822,
            40.65123
          ],
          [
            -111.80823,
            40.65107
          ],
          [
            -111.80824,
            40.65078
          ],
          [
            -111.80825,
            40.65062
          ],
          [
            -111.80826,
            40.65033
          ],
          [
            -111.80826,
            40.65015
          ],
          [
            -111.80826,
            40.6501
          ],
          [
            -111.80827,
            40.64971
          ],
          [
            -111.80828,
            40.64949
          ],
          [
            -111.80828,
            40.64943
          ],
          [
            -111.8083,
            40.64907
          ],
          [
            -111.8083,
            40.649
          ],
          [
            -111.80831,
            40.64889
          ],
          [
            -111.80833,
            40.64859
          ],
          [
            -111.80837,
            40.64814
          ],
          [
            -111.80838,
            40.64806
          ],
          [
            -111.8084,
            40.64771
          ],
          [
            -111.80843,
            40.64739
          ],
          [
            -111.80845,
            40.64713
          ],
          [
            -111.80846,
            40.64709
          ],
          [
            -111.8085,
            40.64667
          ],
          [
            -111.80852,
            40.64645
          ],
          [
            -111.80854,
            40.64619
          ],
          [
            -111.80856,
            40.64589
          ],
          [
            -111.80857,
            40.64576
          ],
          [
            -111.80859,
            40.64558
          ],
          [
            -111.80862,
            40.64519
          ],
          [
            -111.80864,
            40.64487
          ],
          [
            -111.80865,
            40.64469
          ],
          [
            -111.80865,
            40.64465
          ],
          [
            -111.80865,
            40.64463
          ],
          [
            -111.80865,
            40.6446
          ],
          [
            -111.80866,
            40.64424
          ],
          [
            -111.80866,
            40.64393
          ],
          [
            -111.80865,
            40.64362
          ],
          [
            -111.80862,
            40.64322
          ],
          [
            -111.8086,
            40.64299
          ],
          [
            -111.80859,
            40.64279
          ],
          [
            -111.80855,
            40.64234
          ],
          [
            -111.80855,
            40.6423
          ],
          [
            -111.80853,
            40.64209
          ],
          [
            -111.80852,
            40.642
          ],
          [
            -111.80852,
            40.64194
          ],
          [
            -111.80849,
            40.6416
          ],
          [
            -111.8084896,
            40.6415958
          ],
          [
            -111.80859,
            40.64134
          ],
          [
            -111.80859,
            40.64131
          ],
          [
            -111.80859,
            40.64126
          ],
          [
            -111.80859,
            40.64113
          ],
          [
            -111.80859,
            40.64086
          ],
          [
            -111.80859,
            40.64071
          ],
          [
            -111.80859,
            40.64063
          ],
          [
            -111.8086,
            40.64025
          ],
          [
            -111.8086,
            40.64024
          ],
          [
            -111.8086,
            40.64022
          ],
          [
            -111.80863,
            40.63998
          ],
          [
            -111.80865,
            40.63987
          ],
          [
            -111.80866,
            40.63985
          ],
          [
            -111.8087,
            40.63971
          ],
          [
            -111.80877,
            40.63952
          ],
          [
            -111.80894,
            40.63916
          ],
          [
            -111.80896,
            40.6391
          ],
          [
            -111.80897,
            40.63907
          ],
          [
            -111.80903,
            40.63888
          ],
          [
            -111.80904,
            40.63879
          ],
          [
            -111.80906,
            40.63852
          ],
          [
            -111.80905,
            40.63846
          ],
          [
            -111.80904,
            40.63835
          ],
          [
            -111.80903,
            40.63825
          ],
          [
            -111.80901,
            40.63814
          ],
          [
            -111.80895,
            40.63798
          ],
          [
            -111.80887,
            40.6378
          ],
          [
            -111.80885,
            40.63774
          ],
          [
            -111.80885,
            40.63763
          ],
          [
            -111.8088548,
            40.6376294
          ],
          [
            -111.80891,
            40.63752
          ],
          [
            -111.80865,
            40.63736
          ],
          [
            -111.80843,
            40.63726
          ],
          [
            -111.80827,
            40.63716
          ],
          [
            -111.80778,
            40.63691
          ],
          [
            -111.80772,
            40.63687
          ],
          [
            -111.80711,
            40.63655
          ],
          [
            -111.807,
            40.63649
          ],
          [
            -111.80673,
            40.63635
          ],
          [
            -111.80633,
            40.63615
          ],
          [
            -111.80627,
            40.63612
          ],
          [
            -111.80625,
            40.63611
          ],
          [
            -111.80616,
            40.63607
          ],
          [
            -111.80602,
            40.63602
          ],
          [
            -111.80588,
            40.63597
          ],
          [
            -111.80579,
            40.63594
          ],
          [
            -111.80562,
            40.6359
          ],
          [
            -111.80551,
            40.63587
          ],
          [
            -111.80507,
            40.63577
          ],
          [
            -111.80486,
            40.63572
          ],
          [
            -111.80437,
            40.63561
          ],
          [
            -111.80382,
            40.63549
          ],
          [
            -111.80352,
            40.63543
          ],
          [
            -111.80315,
            40.63535
          ],
          [
            -111.80261,
            40.63523
          ],
          [
            -111.80234,
            40.63517
          ],
          [
            -111.80202,
            40.63509
          ],
          [
            -111.80194,
            40.63506
          ],
          [
            -111.80178,
            40.63501
          ],
          [
            -111.80161,
            40.63494
          ],
          [
            -111.80142,
            40.63485
          ],
          [
            -111.80133,
            40.6348
          ],
          [
            -111.80118,
            40.63471
          ],
          [
            -111.80102,
            40.6346
          ],
          [
            -111.80086,
            40.63447
          ],
          [
            -111.80073,
            40.63435
          ],
          [
            -111.80067,
            40.63428
          ],
          [
            -111.80059,
            40.63419
          ],
          [
            -111.80052,
            40.6341
          ],
          [
            -111.80045,
            40.63401
          ],
          [
            -111.80033,
            40.63381
          ],
          [
            -111.8003,
            40.63374
          ],
          [
            -111.80028,
            40.63371
          ],
          [
            -111.8002,
            40.63349
          ],
          [
            -111.80015,
            40.63329
          ],
          [
            -111.80012,
            40.63311
          ],
          [
            -111.80011,
            40.63306
          ],
          [
            -111.80011,
            40.63302
          ],
          [
            -111.80011,
            40.633
          ],
          [
            -111.80011,
            40.63298
          ],
          [
            -111.80011,
            40.63295
          ],
          [
            -111.80013,
            40.63257
          ],
          [
            -111.80013,
            40.6325
          ],
          [
            -111.80014,
            40.63246
          ],
          [
            -111.80015,
            40.63234
          ],
          [
            -111.80015,
            40.63229
          ],
          [
            -111.80015,
            40.63228
          ],
          [
            -111.80017,
            40.63215
          ],
          [
            -111.80019,
            40.63193
          ],
          [
            -111.80019,
            40.63184
          ],
          [
            -111.80021,
            40.6315
          ],
          [
            -111.80024,
            40.63115
          ],
          [
            -111.80028,
            40.63077
          ],
          [
            -111.8002815,
            40.6307686
          ],
          [
            -111.80031,
            40.63039
          ],
          [
            -111.80032,
            40.63018
          ],
          [
            -111.80032,
            40.63005
          ],
          [
            -111.80032,
            40.63004
          ],
          [
            -111.80029,
            40.62981
          ],
          [
            -111.80027,
            40.62972
          ],
          [
            -111.80025,
            40.62964
          ],
          [
            -111.80024,
            40.62959
          ],
          [
            -111.8002,
            40.62946
          ],
          [
            -111.80016,
            40.62935
          ],
          [
            -111.80008,
            40.62918
          ],
          [
            -111.79997,
            40.62899
          ],
          [
            -111.79988,
            40.62885
          ],
          [
            -111.79979,
            40.62874
          ],
          [
            -111.79972,
            40.62865
          ],
          [
            -111.79966,
            40.62859
          ],
          [
            -111.79948,
            40.6284
          ],
          [
            -111.79934,
            40.62825
          ],
          [
            -111.79894,
            40.62783
          ],
          [
            -111.79888,
            40.62776
          ],
          [
            -111.79854,
            40.6274
          ],
          [
            -111.79803,
            40.62686
          ],
          [
            -111.79771,
            40.62652
          ],
          [
            -111.7977,
            40.62652
          ],
          [
            -111.79755,
            40.62634
          ],
          [
            -111.79704,
            40.62578
          ],
          [
            -111.79701,
            40.62575
          ],
          [
            -111.79677,
            40.62548
          ],
          [
            -111.79675,
            40.62545
          ],
          [
            -111.79669,
            40.62539
          ],
          [
            -111.79661,
            40.62531
          ],
          [
            -111.79621,
            40.62486
          ],
          [
            -111.79596,
            40.62458
          ],
          [
            -111.79576,
            40.62438
          ],
          [
            -111.79566,
            40.62427
          ],
          [
            -111.79561,
            40.62423
          ],
          [
            -111.79553,
            40.62416
          ],
          [
            -111.79551,
            40.62413
          ],
          [
            -111.79544,
            40.62408
          ],
          [
            -111.79538,
            40.62403
          ],
          [
            -111.79519,
            40.62387
          ],
          [
            -111.79505,
            40.62376
          ],
          [
            -111.79456,
            40.62343
          ],
          [
            -111.79448,
            40.62339
          ],
          [
            -111.79429,
            40.62328
          ],
          [
            -111.79421,
            40.62323
          ],
          [
            -111.79414,
            40.62319
          ],
          [
            -111.79411,
            40.62317
          ],
          [
            -111.7939,
            40.62304
          ],
          [
            -111.79355,
            40.62283
          ],
          [
            -111.79343,
            40.62276
          ],
          [
            -111.79336,
            40.62272
          ],
          [
            -111.79309,
            40.62256
          ],
          [
            -111.79302,
            40.62252
          ],
          [
            -111.79299,
            40.6225
          ],
          [
            -111.7928,
            40.62239
          ],
          [
            -111.79261,
            40.62228
          ],
          [
            -111.79253,
            40.62223
          ],
          [
            -111.79216,
            40.62201
          ],
          [
            -111.7921,
            40.62198
          ],
          [
            -111.79209,
            40.62197
          ],
          [
            -111.79205,
            40.62195
          ],
          [
            -111.79197,
            40.6219
          ],
          [
            -111.79131,
            40.62151
          ],
          [
            -111.79117,
            40.62142
          ],
          [
            -111.79068,
            40.62112
          ],
          [
            -111.79067,
            40.62112
          ],
          [
            -111.79058,
            40.62105
          ],
          [
            -111.79054,
            40.62102
          ],
          [
            -111.79038,
            40.62089
          ],
          [
            -111.79029,
            40.62081
          ],
          [
            -111.7902,
            40.62073
          ],
          [
            -111.7901,
            40.62063
          ],
          [
            -111.79003,
            40.62055
          ],
          [
            -111.78995,
            40.62046
          ],
          [
            -111.78991,
            40.6204
          ],
          [
            -111.78985,
            40.6203
          ],
          [
            -111.78981,
            40.62023
          ],
          [
            -111.78977,
            40.62014
          ],
          [
            -111.78977,
            40.62013
          ],
          [
            -111.78975,
            40.62011
          ],
          [
            -111.78973,
            40.62007
          ],
          [
            -111.78972,
            40.62003
          ],
          [
            -111.78971,
            40.61999
          ],
          [
            -111.78969,
            40.61994
          ],
          [
            -111.78967,
            40.61989
          ],
          [
            -111.78965,
            40.61983
          ],
          [
            -111.78964,
            40.61979
          ],
          [
            -111.78963,
            40.61975
          ],
          [
            -111.78962,
            40.61972
          ],
          [
            -111.78962,
            40.61969
          ],
          [
            -111.78961,
            40.61965
          ],
          [
            -111.78961,
            40.61962
          ],
          [
            -111.7896,
            40.61959
          ],
          [
            -111.7896,
            40.61957
          ],
          [
            -111.7896,
            40.61955
          ],
          [
            -111.78959,
            40.61946
          ],
          [
            -111.78958,
            40.61941
          ],
          [
            -111.78955,
            40.61933
          ],
          [
            -111.7895489,
            40.6193264
          ],
          [
            -111.78939,
            40.61933
          ],
          [
            -111.78897,
            40.61932
          ],
          [
            -111.7886,
            40.61934
          ],
          [
            -111.78829,
            40.61934
          ],
          [
            -111.78803,
            40.61934
          ],
          [
            -111.78777,
            40.61932
          ],
          [
            -111.7872,
            40.61924
          ],
          [
            -111.78694,
            40.6192
          ],
          [
            -111.78639,
            40.61911
          ],
          [
            -111.78592,
            40.61903
          ],
          [
            -111.78575,
            40.61898
          ],
          [
            -111.78525,
            40.61883
          ],
          [
            -111.78497,
            40.61875
          ],
          [
            -111.78488,
            40.61872
          ],
          [
            -111.78474,
            40.61869
          ],
          [
            -111.78467,
            40.61867
          ],
          [
            -111.78453,
            40.61865
          ],
          [
            -111.78435,
            40.61861
          ],
          [
            -111.78419,
            40.61858
          ],
          [
            -111.78409,
            40.61857
          ],
          [
            -111.78404,
            40.61856
          ],
          [
            -111.78385,
            40.61855
          ],
          [
            -111.78384,
            40.61855
          ],
          [
            -111.78358,
            40.61854
          ],
          [
            -111.78338,
            40.61854
          ],
          [
            -111.7829,
            40.61854
          ],
          [
            -111.78219,
            40.61854
          ],
          [
            -111.78196,
            40.61854
          ],
          [
            -111.78139,
            40.61854
          ],
          [
            -111.78107,
            40.61854
          ],
          [
            -111.78067,
            40.61855
          ],
          [
            -111.78031,
            40.61855
          ],
          [
            -111.78023,
            40.61855
          ],
          [
            -111.78007,
            40.61855
          ],
          [
            -111.77965,
            40.61856
          ],
          [
            -111.77942,
            40.61856
          ],
          [
            -111.77935,
            40.61856
          ],
          [
            -111.77933,
            40.61856
          ],
          [
            -111.77916,
            40.61857
          ],
          [
            -111.77911,
            40.61858
          ],
          [
            -111.77902,
            40.61859
          ],
          [
            -111.77897,
            40.61859
          ],
          [
            -111.77878,
            40.61861
          ],
          [
            -111.77847,
            40.61865
          ],
          [
            -111.77831,
            40.61867
          ],
          [
            -111.77808,
            40.61871
          ],
          [
            -111.77802,
            40.61871
          ],
          [
            -111.77785,
            40.61875
          ],
          [
            -111.77775,
            40.61876
          ],
          [
            -111.77762,
            40.61879
          ],
          [
            -111.77753,
            40.61881
          ],
          [
            -111.77748,
            40.61883
          ],
          [
            -111.77735,
            40.61887
          ],
          [
            -111.77727,
            40.6189
          ],
          [
            -111.7772,
            40.61892
          ],
          [
            -111.77718,
            40.61893
          ],
          [
            -111.77708,
            40.61898
          ],
          [
            -111.77695,
            40.61904
          ],
          [
            -111.77684,
            40.61911
          ],
          [
            -111.7767,
            40.61921
          ],
          [
            -111.77652,
            40.61933
          ],
          [
            -111.77617,
            40.61958
          ],
          [
            -111.77614,
            40.6196
          ],
          [
            -111.77597,
            40.61971
          ],
          [
            -111.77582,
            40.61979
          ],
          [
            -111.77575,
            40.61982
          ],
          [
            -111.77572,
            40.61983
          ],
          [
            -111.77565,
            40.61986
          ],
          [
            -111.77553,
            40.6199
          ],
          [
            -111.77539,
            40.61992
          ],
          [
            -111.77534,
            40.61993
          ],
          [
            -111.77531,
            40.61994
          ],
          [
            -111.7753,
            40.61994
          ],
          [
            -111.77529,
            40.61994
          ],
          [
            -111.77513,
            40.61996
          ],
          [
            -111.77508,
            40.61996
          ],
          [
            -111.77507,
            40.61996
          ],
          [
            -111.77466,
            40.62
          ],
          [
            -111.77437,
            40.62003
          ],
          [
            -111.77417,
            40.62007
          ],
          [
            -111.77408,
            40.62009
          ],
          [
            -111.77397,
            40.62013
          ],
          [
            -111.77387,
            40.62017
          ],
          [
            -111.77374,
            40.62024
          ],
          [
            -111.7735,
            40.62037
          ],
          [
            -111.77328,
            40.62051
          ],
          [
            -111.77316,
            40.62058
          ],
          [
            -111.77313,
            40.6206
          ],
          [
            -111.77278,
            40.6208
          ],
          [
            -111.77265,
            40.62088
          ],
          [
            -111.77258,
            40.62093
          ],
          [
            -111.77241,
            40.62103
          ],
          [
            -111.77234,
            40.62107
          ],
          [
            -111.77219,
            40.62115
          ],
          [
            -111.77203,
            40.62124
          ],
          [
            -111.77196,
            40.62127
          ],
          [
            -111.77188,
            40.62131
          ],
          [
            -111.77184,
            40.62132
          ],
          [
            -111.7718,
            40.62134
          ],
          [
            -111.77162,
            40.62142
          ],
          [
            -111.7716,
            40.62142
          ],
          [
            -111.7714,
            40.62149
          ],
          [
            -111.77134,
            40.62151
          ],
          [
            -111.77124,
            40.62155
          ],
          [
            -111.7712,
            40.62156
          ],
          [
            -111.77113,
            40.62158
          ],
          [
            -111.77101,
            40.62163
          ],
          [
            -111.77097,
            40.62164
          ],
          [
            -111.77078,
            40.62172
          ],
          [
            -111.77071,
            40.62175
          ],
          [
            -111.77061,
            40.6218
          ],
          [
            -111.77056,
            40.62182
          ],
          [
            -111.77039,
            40.62192
          ],
          [
            -111.77031,
            40.62197
          ],
          [
            -111.77019,
            40.62204
          ],
          [
            -111.77006,
            40.62212
          ],
          [
            -111.76983,
            40.62228
          ],
          [
            -111.76979,
            40.62231
          ],
          [
            -111.76968,
            40.62238
          ],
          [
            -111.76962,
            40.62242
          ],
          [
            -111.76956,
            40.62247
          ],
          [
            -111.76944,
            40.62256
          ],
          [
            -111.76925,
            40.62273
          ],
          [
            -111.7691,
            40.62289
          ],
          [
            -111.76894,
            40.62307
          ],
          [
            -111.76881,
            40.6232
          ],
          [
            -111.76871,
            40.62331
          ],
          [
            -111.7686,
            40.6234
          ],
          [
            -111.76851,
            40.62347
          ],
          [
            -111.76839,
            40.62356
          ],
          [
            -111.76825,
            40.62365
          ],
          [
            -111.76808,
            40.62373
          ],
          [
            -111.76791,
            40.6238
          ],
          [
            -111.76775,
            40.62387
          ],
          [
            -111.76765,
            40.62391
          ],
          [
            -111.76756,
            40.62395
          ],
          [
            -111.76745,
            40.62401
          ],
          [
            -111.76739,
            40.62405
          ],
          [
            -111.76731,
            40.62411
          ],
          [
            -111.76725,
            40.62417
          ],
          [
            -111.76715,
            40.62427
          ],
          [
            -111.76713,
            40.62429
          ],
          [
            -111.76708,
            40.62435
          ],
          [
            -111.76703,
            40.62441
          ],
          [
            -111.76702,
            40.62443
          ],
          [
            -111.767,
            40.62445
          ],
          [
            -111.76692,
            40.62452
          ],
          [
            -111.76684,
            40.62457
          ],
          [
            -111.76673,
            40.62463
          ],
          [
            -111.76666,
            40.62466
          ],
          [
            -111.76665,
            40.62467
          ],
          [
            -111.76663,
            40.62467
          ],
          [
            -111.7666,
            40.62468
          ],
          [
            -111.76652,
            40.6247
          ],
          [
            -111.76643,
            40.62472
          ],
          [
            -111.76635,
            40.62472
          ],
          [
            -111.76627,
            40.62472
          ],
          [
            -111.76622,
            40.62471
          ],
          [
            -111.76619,
            40.62471
          ],
          [
            -111.76613,
            40.6247
          ],
          [
            -111.76605,
            40.62468
          ],
          [
            -111.76598,
            40.62465
          ],
          [
            -111.76596,
            40.62464
          ],
          [
            -111.76592,
            40.62462
          ],
          [
            -111.76585,
            40.62459
          ],
          [
            -111.76578,
            40.62455
          ],
          [
            -111.76576,
            40.62454
          ],
          [
            -111.76573,
            40.62452
          ],
          [
            -111.76566,
            40.62448
          ],
          [
            -111.76547,
            40.62438
          ],
          [
            -111.7653,
            40.62429
          ],
          [
            -111.76513,
            40.62422
          ],
          [
            -111.76493,
            40.62415
          ],
          [
            -111.76466,
            40.62406
          ],
          [
            -111.76433,
            40.62395
          ],
          [
            -111.76411,
            40.62388
          ],
          [
            -111.76409,
            40.62388
          ],
          [
            -111.76406,
            40.62387
          ],
          [
            -111.76403,
            40.62386
          ],
          [
            -111.76389,
            40.62382
          ],
          [
            -111.76386,
            40.62381
          ],
          [
            -111.7638,
            40.62379
          ],
          [
            -111.7636,
            40.62374
          ],
          [
            -111.76344,
            40.62371
          ],
          [
            -111.76319,
            40.62367
          ],
          [
            -111.76302,
            40.62364
          ],
          [
            -111.76266,
            40.6236
          ],
          [
            -111.76238,
            40.62357
          ],
          [
            -111.76225,
            40.62355
          ],
          [
            -111.76219,
            40.62354
          ],
          [
            -111.76192,
            40.62352
          ],
          [
            -111.76191,
            40.62352
          ],
          [
            -111.76178,
            40.62351
          ],
          [
            -111.76165,
            40.62352
          ],
          [
            -111.76146,
            40.62353
          ],
          [
            -111.76142,
            40.62353
          ],
          [
            -111.76137,
            40.62354
          ],
          [
            -111.76132,
            40.62354
          ],
          [
            -111.76126,
            40.62354
          ],
          [
            -111.76121,
            40.62354
          ],
          [
            -111.7612,
            40.62354
          ],
          [
            -111.76115,
            40.62354
          ],
          [
            -111.76111,
            40.62353
          ],
          [
            -111.76107,
            40.62353
          ],
          [
            -111.76105,
            40.62353
          ],
          [
            -111.76098,
            40.62352
          ],
          [
            -111.76097,
            40.62352
          ],
          [
            -111.76096,
            40.62352
          ],
          [
            -111.76093,
            40.62351
          ],
          [
            -111.76088,
            40.6235
          ],
          [
            -111.76081,
            40.62348
          ],
          [
            -111.76072,
            40.62345
          ],
          [
            -111.76064,
            40.62342
          ],
          [
            -111.76057,
            40.62338
          ],
          [
            -111.76034,
            40.62326
          ],
          [
            -111.76022,
            40.6232
          ],
          [
            -111.76012,
            40.62316
          ],
          [
            -111.76003,
            40.62312
          ],
          [
            -111.75997,
            40.6231
          ],
          [
            -111.75991,
            40.62309
          ],
          [
            -111.75984,
            40.62307
          ],
          [
            -111.75981,
            40.62307
          ],
          [
            -111.75978,
            40.62306
          ],
          [
            -111.75976,
            40.62306
          ],
          [
            -111.75973,
            40.62306
          ],
          [
            -111.7597,
            40.62306
          ],
          [
            -111.75967,
            40.62306
          ],
          [
            -111.75964,
            40.62306
          ],
          [
            -111.75957,
            40.62306
          ],
          [
            -111.75953,
            40.62307
          ],
          [
            -111.75947,
            40.62308
          ],
          [
            -111.75946,
            40.62308
          ],
          [
            -111.75932,
            40.62311
          ],
          [
            -111.75918,
            40.62315
          ],
          [
            -111.75906,
            40.62318
          ],
          [
            -111.75899,
            40.6232
          ],
          [
            -111.75894,
            40.62321
          ],
          [
            -111.75889,
            40.62322
          ],
          [
            -111.75884,
            40.62323
          ],
          [
            -111.75874,
            40.62325
          ],
          [
            -111.75866,
            40.62326
          ],
          [
            -111.7586,
            40.62326
          ],
          [
            -111.75855,
            40.62326
          ],
          [
            -111.75848,
            40.62325
          ],
          [
            -111.75843,
            40.62325
          ],
          [
            -111.75832,
            40.62323
          ],
          [
            -111.75828,
            40.62323
          ],
          [
            -111.75819,
            40.62322
          ],
          [
            -111.75815,
            40.62321
          ],
          [
            -111.75809,
            40.62321
          ],
          [
            -111.75808,
            40.62321
          ],
          [
            -111.75806,
            40.6232
          ],
          [
            -111.75802,
            40.6232
          ],
          [
            -111.7579,
            40.62319
          ],
          [
            -111.75785,
            40.62318
          ],
          [
            -111.75772,
            40.62317
          ],
          [
            -111.75762,
            40.62316
          ],
          [
            -111.75752,
            40.62315
          ],
          [
            -111.75738,
            40.62313
          ],
          [
            -111.75726,
            40.62312
          ],
          [
            -111.75715,
            40.62311
          ],
          [
            -111.75714,
            40.62311
          ],
          [
            -111.75713,
            40.6231
          ],
          [
            -111.7571,
            40.6231
          ],
          [
            -111.75702,
            40.62309
          ],
          [
            -111.75691,
            40.62308
          ],
          [
            -111.75683,
            40.62307
          ],
          [
            -111.75668,
            40.62305
          ],
          [
            -111.75663,
            40.62305
          ],
          [
            -111.75655,
            40.62304
          ],
          [
            -111.75645,
            40.62303
          ],
          [
            -111.75642,
            40.62303
          ],
          [
            -111.75632,
            40.62302
          ],
          [
            -111.75627,
            40.62301
          ],
          [
            -111.75621,
            40.62301
          ],
          [
            -111.75615,
            40.623
          ],
          [
            -111.75603,
            40.62299
          ],
          [
            -111.75599,
            40.62299
          ],
          [
            -111.75593,
            40.62299
          ],
          [
            -111.75579,
            40.62298
          ],
          [
            -111.75566,
            40.62298
          ],
          [
            -111.75561,
            40.62298
          ],
          [
            -111.75552,
            40.62298
          ],
          [
            -111.75544,
            40.62298
          ],
          [
            -111.75539,
            40.62298
          ],
          [
            -111.75535,
            40.62299
          ],
          [
            -111.75533,
            40.62299
          ],
          [
            -111.75531,
            40.62299
          ],
          [
            -111.75528,
            40.62299
          ],
          [
            -111.75519,
            40.62299
          ],
          [
            -111.75514,
            40.62299
          ],
          [
            -111.75505,
            40.623
          ],
          [
            -111.75502,
            40.623
          ],
          [
            -111.75489,
            40.62301
          ],
          [
            -111.75478,
            40.62303
          ],
          [
            -111.7547,
            40.62304
          ],
          [
            -111.75466,
            40.62305
          ],
          [
            -111.75461,
            40.62306
          ],
          [
            -111.75455,
            40.62308
          ],
          [
            -111.75451,
            40.6231
          ],
          [
            -111.75445,
            40.62312
          ],
          [
            -111.75438,
            40.62316
          ],
          [
            -111.75427,
            40.62324
          ],
          [
            -111.75421,
            40.6233
          ],
          [
            -111.75418,
            40.62333
          ],
          [
            -111.75417,
            40.62334
          ],
          [
            -111.75414,
            40.62337
          ],
          [
            -111.75409,
            40.62342
          ],
          [
            -111.75407,
            40.62344
          ],
          [
            -111.75399,
            40.62352
          ],
          [
            -111.75393,
            40.62356
          ],
          [
            -111.75389,
            40.6236
          ],
          [
            -111.75387,
            40.6236
          ],
          [
            -111.75382,
            40.62363
          ],
          [
            -111.75377,
            40.62366
          ],
          [
            -111.75372,
            40.62368
          ],
          [
            -111.75365,
            40.6237
          ],
          [
            -111.75361,
            40.62371
          ],
          [
            -111.75355,
            40.62373
          ],
          [
            -111.75347,
            40.62374
          ],
          [
            -111.75342,
            40.62374
          ],
          [
            -111.75338,
            40.62374
          ],
          [
            -111.7533,
            40.62374
          ],
          [
            -111.75319,
            40.62374
          ],
          [
            -111.7531,
            40.62373
          ],
          [
            -111.75301,
            40.62373
          ],
          [
            -111.75298,
            40.62374
          ],
          [
            -111.75296,
            40.62374
          ],
          [
            -111.75291,
            40.62374
          ],
          [
            -111.75286,
            40.62375
          ],
          [
            -111.75282,
            40.62375
          ],
          [
            -111.75278,
            40.62376
          ],
          [
            -111.75275,
            40.62377
          ],
          [
            -111.75271,
            40.62378
          ],
          [
            -111.75265,
            40.6238
          ],
          [
            -111.75262,
            40.62381
          ],
          [
            -111.75259,
            40.62382
          ],
          [
            -111.75252,
            40.62385
          ],
          [
            -111.75238,
            40.62391
          ],
          [
            -111.75232,
            40.62394
          ],
          [
            -111.75215,
            40.62401
          ],
          [
            -111.75191,
            40.62412
          ],
          [
            -111.75178,
            40.62418
          ],
          [
            -111.75167,
            40.62423
          ],
          [
            -111.75161,
            40.62426
          ],
          [
            -111.75156,
            40.62427
          ],
          [
            -111.75151,
            40.62429
          ],
          [
            -111.7515,
            40.62429
          ],
          [
            -111.75149,
            40.62429
          ],
          [
            -111.75147,
            40.6243
          ],
          [
            -111.75144,
            40.62431
          ],
          [
            -111.75142,
            40.62431
          ],
          [
            -111.75138,
            40.62432
          ],
          [
            -111.75133,
            40.62432
          ],
          [
            -111.75127,
            40.62433
          ],
          [
            -111.75126,
            40.62433
          ],
          [
            -111.75125,
            40.62433
          ],
          [
            -111.75124,
            40.62433
          ],
          [
            -111.75121,
            40.62433
          ],
          [
            -111.75115,
            40.62433
          ],
          [
            -111.75109,
            40.62432
          ],
          [
            -111.75105,
            40.62431
          ],
          [
            -111.75103,
            40.62431
          ],
          [
            -111.751,
            40.6243
          ],
          [
            -111.75096,
            40.62429
          ],
          [
            -111.75092,
            40.62428
          ],
          [
            -111.75086,
            40.62426
          ],
          [
            -111.75082,
            40.62424
          ],
          [
            -111.75077,
            40.62421
          ],
          [
            -111.75073,
            40.62419
          ],
          [
            -111.75069,
            40.62416
          ],
          [
            -111.75065,
            40.62411
          ],
          [
            -111.75061,
            40.62407
          ],
          [
            -111.75059,
            40.62404
          ],
          [
            -111.75056,
            40.62399
          ],
          [
            -111.75055,
            40.62396
          ],
          [
            -111.75054,
            40.62393
          ],
          [
            -111.75053,
            40.62389
          ],
          [
            -111.75053,
            40.62385
          ],
          [
            -111.75052,
            40.62377
          ],
          [
            -111.75052,
            40.6237
          ],
          [
            -111.75053,
            40.62364
          ],
          [
            -111.75054,
            40.62353
          ],
          [
            -111.75054,
            40.62349
          ],
          [
            -111.75055,
            40.62337
          ],
          [
            -111.75055,
            40.62334
          ],
          [
            -111.75057,
            40.62304
          ],
          [
            -111.75059,
            40.6228
          ],
          [
            -111.7506,
            40.62255
          ],
          [
            -111.7506,
            40.62253
          ],
          [
            -111.75061,
            40.62245
          ],
          [
            -111.75062,
            40.62238
          ],
          [
            -111.7506,
            40.6223
          ],
          [
            -111.75059,
            40.62226
          ],
          [
            -111.75057,
            40.62222
          ],
          [
            -111.75056,
            40.62219
          ],
          [
            -111.75053,
            40.62213
          ],
          [
            -111.7505,
            40.62209
          ],
          [
            -111.75048,
            40.62206
          ],
          [
            -111.75045,
            40.62203
          ],
          [
            -111.75044,
            40.62202
          ],
          [
            -111.75041,
            40.622
          ],
          [
            -111.75036,
            40.62196
          ],
          [
            -111.75028,
            40.6219
          ],
          [
            -111.75019,
            40.62185
          ],
          [
            -111.75011,
            40.62182
          ],
          [
            -111.75008,
            40.6218
          ],
          [
            -111.75,
            40.62177
          ],
          [
            -111.74996,
            40.62176
          ],
          [
            -111.74991,
            40.62175
          ],
          [
            -111.74986,
            40.62174
          ],
          [
            -111.74979,
            40.62173
          ],
          [
            -111.74972,
            40.62172
          ],
          [
            -111.74964,
            40.62172
          ],
          [
            -111.74956,
            40.62172
          ],
          [
            -111.74942,
            40.62173
          ],
          [
            -111.74918,
            40.62174
          ],
          [
            -111.749,
            40.62176
          ],
          [
            -111.74892,
            40.62177
          ],
          [
            -111.74873,
            40.62178
          ],
          [
            -111.7485,
            40.6218
          ],
          [
            -111.74845,
            40.62181
          ],
          [
            -111.74842,
            40.62181
          ],
          [
            -111.7484,
            40.62181
          ],
          [
            -111.74834,
            40.62182
          ],
          [
            -111.74826,
            40.62183
          ],
          [
            -111.74819,
            40.62184
          ],
          [
            -111.74815,
            40.62185
          ],
          [
            -111.74811,
            40.62186
          ],
          [
            -111.74806,
            40.62187
          ],
          [
            -111.748,
            40.62189
          ],
          [
            -111.74795,
            40.6219
          ],
          [
            -111.74791,
            40.62192
          ],
          [
            -111.74787,
            40.62193
          ],
          [
            -111.74784,
            40.62195
          ],
          [
            -111.74778,
            40.62198
          ],
          [
            -111.74773,
            40.622
          ],
          [
            -111.74767,
            40.62204
          ],
          [
            -111.74761,
            40.62208
          ],
          [
            -111.74733,
            40.62226
          ],
          [
            -111.74707,
            40.62243
          ],
          [
            -111.74701,
            40.62248
          ],
          [
            -111.74689,
            40.62255
          ],
          [
            -111.74674,
            40.62264
          ],
          [
            -111.74663,
            40.62271
          ],
          [
            -111.74652,
            40.62277
          ],
          [
            -111.74641,
            40.62283
          ],
          [
            -111.7463,
            40.62288
          ],
          [
            -111.74627,
            40.62289
          ],
          [
            -111.74621,
            40.62292
          ],
          [
            -111.74606,
            40.62298
          ],
          [
            -111.74593,
            40.62302
          ],
          [
            -111.74588,
            40.62304
          ],
          [
            -111.74582,
            40.62305
          ],
          [
            -111.74575,
            40.62307
          ],
          [
            -111.74566,
            40.62309
          ],
          [
            -111.74565,
            40.6231
          ],
          [
            -111.74564,
            40.6231
          ],
          [
            -111.74562,
            40.6231
          ],
          [
            -111.74558,
            40.62311
          ],
          [
            -111.74548,
            40.62312
          ],
          [
            -111.74541,
            40.62313
          ],
          [
            -111.74531,
            40.62314
          ],
          [
            -111.74527,
            40.62315
          ],
          [
            -111.74522,
            40.62315
          ],
          [
            -111.74519,
            40.62315
          ],
          [
            -111.74513,
            40.62315
          ],
          [
            -111.74495,
            40.62316
          ],
          [
            -111.74494,
            40.62316
          ],
          [
            -111.74491,
            40.62316
          ],
          [
            -111.7448,
            40.62316
          ],
          [
            -111.7447,
            40.62316
          ],
          [
            -111.74469,
            40.62316
          ],
          [
            -111.74467,
            40.62316
          ],
          [
            -111.74466,
            40.62316
          ],
          [
            -111.74461,
            40.62316
          ],
          [
            -111.74456,
            40.62316
          ],
          [
            -111.7445,
            40.62317
          ],
          [
            -111.74443,
            40.62317
          ],
          [
            -111.74437,
            40.62318
          ],
          [
            -111.74427,
            40.6232
          ],
          [
            -111.7442,
            40.62322
          ],
          [
            -111.74413,
            40.62324
          ],
          [
            -111.74406,
            40.62327
          ],
          [
            -111.74399,
            40.62331
          ],
          [
            -111.74394,
            40.62333
          ],
          [
            -111.74392,
            40.62334
          ],
          [
            -111.74385,
            40.62338
          ],
          [
            -111.74375,
            40.62344
          ],
          [
            -111.7437,
            40.62348
          ],
          [
            -111.74363,
            40.62354
          ],
          [
            -111.74355,
            40.6236
          ],
          [
            -111.74342,
            40.62372
          ],
          [
            -111.74336,
            40.62378
          ],
          [
            -111.74333,
            40.62383
          ],
          [
            -111.74326,
            40.62392
          ],
          [
            -111.74322,
            40.624
          ],
          [
            -111.74319,
            40.62407
          ],
          [
            -111.74316,
            40.62415
          ],
          [
            -111.74312,
            40.62427
          ],
          [
            -111.7431,
            40.62437
          ],
          [
            -111.74308,
            40.62445
          ],
          [
            -111.74308,
            40.6245
          ],
          [
            -111.74308,
            40.62452
          ],
          [
            -111.74308,
            40.62454
          ],
          [
            -111.74308,
            40.62459
          ],
          [
            -111.74308,
            40.62464
          ],
          [
            -111.74308,
            40.6247
          ],
          [
            -111.7431,
            40.62477
          ],
          [
            -111.74311,
            40.62482
          ],
          [
            -111.74313,
            40.62487
          ],
          [
            -111.74315,
            40.62496
          ],
          [
            -111.74318,
            40.62503
          ],
          [
            -111.74318,
            40.62506
          ],
          [
            -111.74319,
            40.62509
          ],
          [
            -111.7432,
            40.62513
          ],
          [
            -111.74321,
            40.62516
          ],
          [
            -111.74321,
            40.62518
          ],
          [
            -111.74322,
            40.62521
          ],
          [
            -111.74322,
            40.62523
          ],
          [
            -111.74322,
            40.62526
          ],
          [
            -111.74321,
            40.62529
          ],
          [
            -111.7432,
            40.62532
          ],
          [
            -111.74319,
            40.62536
          ],
          [
            -111.74318,
            40.62538
          ],
          [
            -111.74317,
            40.62539
          ],
          [
            -111.74315,
            40.62541
          ],
          [
            -111.74313,
            40.62543
          ],
          [
            -111.74309,
            40.62547
          ],
          [
            -111.74305,
            40.6255
          ],
          [
            -111.74301,
            40.62552
          ],
          [
            -111.74297,
            40.62554
          ],
          [
            -111.74291,
            40.62556
          ],
          [
            -111.74286,
            40.62558
          ],
          [
            -111.7428,
            40.62561
          ],
          [
            -111.74273,
            40.62563
          ],
          [
            -111.74263,
            40.62568
          ],
          [
            -111.74253,
            40.62573
          ],
          [
            -111.74237,
            40.62586
          ],
          [
            -111.74231,
            40.62592
          ],
          [
            -111.74227,
            40.62596
          ],
          [
            -111.74224,
            40.62599
          ],
          [
            -111.7422,
            40.62606
          ],
          [
            -111.74217,
            40.6261
          ],
          [
            -111.74214,
            40.62614
          ],
          [
            -111.74213,
            40.62618
          ],
          [
            -111.74211,
            40.62622
          ],
          [
            -111.74209,
            40.62626
          ],
          [
            -111.74207,
            40.62632
          ],
          [
            -111.74207,
            40.62637
          ],
          [
            -111.74206,
            40.6264
          ],
          [
            -111.74206,
            40.62643
          ],
          [
            -111.74206,
            40.62649
          ],
          [
            -111.74206,
            40.62651
          ],
          [
            -111.74207,
            40.62656
          ],
          [
            -111.74208,
            40.62665
          ],
          [
            -111.74208,
            40.62668
          ],
          [
            -111.74209,
            40.6267
          ],
          [
            -111.74209,
            40.62679
          ],
          [
            -111.74211,
            40.62689
          ],
          [
            -111.74212,
            40.62697
          ],
          [
            -111.74213,
            40.62705
          ],
          [
            -111.74213,
            40.62711
          ],
          [
            -111.74212,
            40.62717
          ],
          [
            -111.74212,
            40.62722
          ],
          [
            -111.74212,
            40.62725
          ],
          [
            -111.74212,
            40.62728
          ],
          [
            -111.74211,
            40.62734
          ],
          [
            -111.74209,
            40.62742
          ],
          [
            -111.74209,
            40.62743
          ],
          [
            -111.74207,
            40.6275
          ],
          [
            -111.74207,
            40.62751
          ],
          [
            -111.74207,
            40.62752
          ],
          [
            -111.74205,
            40.62756
          ],
          [
            -111.74203,
            40.6276
          ],
          [
            -111.74201,
            40.62764
          ],
          [
            -111.74197,
            40.62771
          ],
          [
            -111.7419,
            40.62783
          ],
          [
            -111.74185,
            40.6279
          ],
          [
            -111.74183,
            40.62793
          ],
          [
            -111.74178,
            40.62799
          ],
          [
            -111.7417,
            40.62807
          ],
          [
            -111.74163,
            40.62814
          ],
          [
            -111.74163,
            40.62815
          ],
          [
            -111.74156,
            40.62822
          ],
          [
            -111.74154,
            40.62823
          ],
          [
            -111.74148,
            40.62829
          ],
          [
            -111.74145,
            40.62831
          ],
          [
            -111.7414,
            40.62835
          ],
          [
            -111.74133,
            40.6284
          ],
          [
            -111.74132,
            40.62841
          ],
          [
            -111.74123,
            40.62847
          ],
          [
            -111.74123,
            40.62848
          ],
          [
            -111.74105,
            40.6286
          ],
          [
            -111.74103,
            40.62862
          ],
          [
            -111.74079,
            40.62878
          ],
          [
            -111.74078,
            40.62879
          ],
          [
            -111.7407,
            40.62884
          ],
          [
            -111.74054,
            40.62896
          ],
          [
            -111.74048,
            40.629
          ],
          [
            -111.74038,
            40.62907
          ],
          [
            -111.74024,
            40.62917
          ],
          [
            -111.7401,
            40.62927
          ],
          [
            -111.74001,
            40.62933
          ],
          [
            -111.73993,
            40.62939
          ],
          [
            -111.73992,
            40.62939
          ],
          [
            -111.73983,
            40.62945
          ],
          [
            -111.73979,
            40.62947
          ],
          [
            -111.73975,
            40.6295
          ],
          [
            -111.73969,
            40.62953
          ],
          [
            -111.73964,
            40.62956
          ],
          [
            -111.73959,
            40.62959
          ],
          [
            -111.7395,
            40.62964
          ],
          [
            -111.73941,
            40.62969
          ],
          [
            -111.73935,
            40.62972
          ],
          [
            -111.73933,
            40.62973
          ],
          [
            -111.7393,
            40.62974
          ],
          [
            -111.73925,
            40.62976
          ],
          [
            -111.73923,
            40.62977
          ],
          [
            -111.73916,
            40.62979
          ],
          [
            -111.73911,
            40.62981
          ],
          [
            -111.73905,
            40.62984
          ],
          [
            -111.73897,
            40.62986
          ],
          [
            -111.73887,
            40.62989
          ],
          [
            -111.73875,
            40.62992
          ],
          [
            -111.7387,
            40.62993
          ],
          [
            -111.73864,
            40.62995
          ],
          [
            -111.73853,
            40.62997
          ],
          [
            -111.73846,
            40.62999
          ],
          [
            -111.73825,
            40.63003
          ],
          [
            -111.73798,
            40.63008
          ],
          [
            -111.7379,
            40.63009
          ],
          [
            -111.73778,
            40.63011
          ],
          [
            -111.73774,
            40.63012
          ],
          [
            -111.73744,
            40.63016
          ],
          [
            -111.73724,
            40.63019
          ],
          [
            -111.73697,
            40.63024
          ],
          [
            -111.73686,
            40.63026
          ],
          [
            -111.73673,
            40.63029
          ],
          [
            -111.73666,
            40.6303
          ],
          [
            -111.73662,
            40.63031
          ],
          [
            -111.73656,
            40.63032
          ],
          [
            -111.73644,
            40.63036
          ],
          [
            -111.73639,
            40.63037
          ],
          [
            -111.73637,
            40.63038
          ],
          [
            -111.73629,
            40.63041
          ],
          [
            -111.73615,
            40.63046
          ],
          [
            -111.73608,
            40.63049
          ],
          [
            -111.73599,
            40.63053
          ],
          [
            -111.73592,
            40.63056
          ],
          [
            -111.73584,
            40.6306
          ],
          [
            -111.73577,
            40.63063
          ],
          [
            -111.73568,
            40.63068
          ],
          [
            -111.73564,
            40.63071
          ],
          [
            -111.73561,
            40.63073
          ],
          [
            -111.73559,
            40.63074
          ],
          [
            -111.73558,
            40.63074
          ],
          [
            -111.7355,
            40.63079
          ],
          [
            -111.73538,
            40.63088
          ],
          [
            -111.73528,
            40.63095
          ],
          [
            -111.73526,
            40.63097
          ],
          [
            -111.73525,
            40.63097
          ],
          [
            -111.73524,
            40.63098
          ],
          [
            -111.73523,
            40.63098
          ],
          [
            -111.73523,
            40.63099
          ],
          [
            -111.73488,
            40.63125
          ],
          [
            -111.73473,
            40.63136
          ],
          [
            -111.73458,
            40.63147
          ],
          [
            -111.7344,
            40.63161
          ],
          [
            -111.73423,
            40.63173
          ],
          [
            -111.734,
            40.6319
          ],
          [
            -111.7339,
            40.63197
          ],
          [
            -111.73388,
            40.63199
          ],
          [
            -111.73366,
            40.63214
          ],
          [
            -111.73349,
            40.63227
          ],
          [
            -111.73338,
            40.63235
          ],
          [
            -111.73333,
            40.6324
          ],
          [
            -111.73299,
            40.63265
          ],
          [
            -111.73296,
            40.63267
          ],
          [
            -111.7327,
            40.63286
          ],
          [
            -111.73266,
            40.63289
          ],
          [
            -111.7326,
            40.63294
          ],
          [
            -111.73248,
            40.63302
          ],
          [
            -111.7324,
            40.63308
          ],
          [
            -111.73231,
            40.63315
          ],
          [
            -111.73219,
            40.63324
          ],
          [
            -111.73217,
            40.63325
          ],
          [
            -111.73214,
            40.63327
          ],
          [
            -111.73208,
            40.63332
          ],
          [
            -111.73196,
            40.6334
          ],
          [
            -111.73184,
            40.63348
          ],
          [
            -111.73179,
            40.63352
          ],
          [
            -111.73174,
            40.63355
          ],
          [
            -111.73166,
            40.6336
          ],
          [
            -111.73146,
            40.63373
          ],
          [
            -111.7313,
            40.63383
          ],
          [
            -111.73124,
            40.63387
          ],
          [
            -111.73116,
            40.63392
          ],
          [
            -111.73092,
            40.63408
          ],
          [
            -111.73077,
            40.63418
          ],
          [
            -111.73065,
            40.63425
          ],
          [
            -111.73048,
            40.63435
          ],
          [
            -111.73033,
            40.63444
          ],
          [
            -111.73027,
            40.63448
          ],
          [
            -111.73017,
            40.63454
          ],
          [
            -111.73015,
            40.63455
          ],
          [
            -111.73007,
            40.63459
          ],
          [
            -111.72997,
            40.63464
          ],
          [
            -111.72977,
            40.63474
          ],
          [
            -111.72966,
            40.63478
          ],
          [
            -111.72959,
            40.63481
          ],
          [
            -111.72954,
            40.63482
          ],
          [
            -111.7295,
            40.63484
          ],
          [
            -111.7294,
            40.63487
          ],
          [
            -111.72938,
            40.63487
          ],
          [
            -111.72936,
            40.63488
          ],
          [
            -111.72931,
            40.63489
          ],
          [
            -111.72925,
            40.6349
          ],
          [
            -111.72919,
            40.63492
          ],
          [
            -111.7291,
            40.63493
          ],
          [
            -111.72901,
            40.63494
          ],
          [
            -111.72888,
            40.63496
          ],
          [
            -111.72874,
            40.63497
          ],
          [
            -111.72859,
            40.63498
          ],
          [
            -111.72839,
            40.63498
          ],
          [
            -111.72808,
            40.63499
          ],
          [
            -111.72791,
            40.63499
          ],
          [
            -111.72771,
            40.63499
          ],
          [
            -111.72757,
            40.63499
          ],
          [
            -111.72743,
            40.63499
          ],
          [
            -111.7274,
            40.63499
          ],
          [
            -111.72727,
            40.63499
          ],
          [
            -111.72719,
            40.63499
          ],
          [
            -111.72715,
            40.63499
          ],
          [
            -111.72699,
            40.63499
          ],
          [
            -111.72693,
            40.63498
          ],
          [
            -111.72686,
            40.63497
          ],
          [
            -111.7268,
            40.63497
          ],
          [
            -111.72672,
            40.63496
          ],
          [
            -111.7267,
            40.63495
          ],
          [
            -111.72668,
            40.63495
          ],
          [
            -111.7266,
            40.63493
          ],
          [
            -111.72654,
            40.63491
          ],
          [
            -111.7265,
            40.6349
          ],
          [
            -111.72648,
            40.63489
          ],
          [
            -111.72644,
            40.63488
          ],
          [
            -111.72639,
            40.63486
          ],
          [
            -111.7263,
            40.63481
          ],
          [
            -111.72616,
            40.63474
          ],
          [
            -111.72591,
            40.6346
          ],
          [
            -111.72572,
            40.63449
          ],
          [
            -111.72561,
            40.63442
          ],
          [
            -111.72559,
            40.63441
          ],
          [
            -111.72553,
            40.63438
          ],
          [
            -111.72534,
            40.63427
          ],
          [
            -111.72522,
            40.6342
          ],
          [
            -111.72496,
            40.63406
          ],
          [
            -111.72477,
            40.63396
          ],
          [
            -111.72475,
            40.63394
          ],
          [
            -111.72464,
            40.63388
          ],
          [
            -111.72458,
            40.63385
          ],
          [
            -111.72452,
            40.63382
          ],
          [
            -111.72444,
            40.63377
          ],
          [
            -111.72439,
            40.63374
          ],
          [
            -111.72437,
            40.63373
          ],
          [
            -111.72433,
            40.63371
          ],
          [
            -111.72429,
            40.6337
          ],
          [
            -111.72425,
            40.63368
          ],
          [
            -111.72422,
            40.63368
          ],
          [
            -111.72419,
            40.63367
          ],
          [
            -111.72417,
            40.63367
          ],
          [
            -111.72416,
            40.63367
          ],
          [
            -111.72413,
            40.63367
          ],
          [
            -111.72409,
            40.63367
          ],
          [
            -111.72406,
            40.63367
          ],
          [
            -111.72404,
            40.63368
          ],
          [
            -111.72402,
            40.63368
          ],
          [
            -111.72399,
            40.63369
          ],
          [
            -111.72397,
            40.63371
          ],
          [
            -111.72396,
            40.63371
          ],
          [
            -111.72396,
            40.63372
          ],
          [
            -111.72394,
            40.63373
          ],
          [
            -111.72392,
            40.63375
          ],
          [
            -111.72389,
            40.63379
          ],
          [
            -111.72388,
            40.63381
          ],
          [
            -111.72387,
            40.63383
          ],
          [
            -111.72386,
            40.63385
          ],
          [
            -111.72386,
            40.63388
          ],
          [
            -111.72386,
            40.6339
          ],
          [
            -111.72386,
            40.63393
          ],
          [
            -111.72387,
            40.63395
          ],
          [
            -111.72387,
            40.63396
          ],
          [
            -111.72388,
            40.63398
          ],
          [
            -111.72389,
            40.63399
          ],
          [
            -111.72392,
            40.63402
          ],
          [
            -111.72395,
            40.63404
          ],
          [
            -111.72397,
            40.63406
          ],
          [
            -111.724,
            40.63407
          ],
          [
            -111.72402,
            40.63408
          ],
          [
            -111.72405,
            40.63409
          ],
          [
            -111.72407,
            40.63409
          ],
          [
            -111.72411,
            40.6341
          ],
          [
            -111.72413,
            40.6341
          ],
          [
            -111.7242,
            40.6341
          ],
          [
            -111.72425,
            40.6341
          ],
          [
            -111.72429,
            40.63411
          ],
          [
            -111.72434,
            40.63411
          ],
          [
            -111.72437,
            40.63411
          ],
          [
            -111.7244,
            40.63412
          ],
          [
            -111.72446,
            40.63414
          ],
          [
            -111.7245,
            40.63415
          ],
          [
            -111.72454,
            40.63418
          ],
          [
            -111.72457,
            40.63421
          ],
          [
            -111.7246,
            40.63423
          ],
          [
            -111.72462,
            40.63426
          ],
          [
            -111.72463,
            40.63428
          ],
          [
            -111.72464,
            40.6343
          ],
          [
            -111.72465,
            40.63431
          ],
          [
            -111.72466,
            40.63434
          ],
          [
            -111.72466,
            40.63435
          ],
          [
            -111.72466,
            40.63436
          ],
          [
            -111.72466,
            40.63437
          ],
          [
            -111.72466,
            40.63439
          ],
          [
            -111.72466,
            40.63441
          ],
          [
            -111.72465,
            40.63444
          ],
          [
            -111.72464,
            40.63446
          ],
          [
            -111.72462,
            40.63449
          ],
          [
            -111.72461,
            40.6345
          ],
          [
            -111.72458,
            40.63453
          ],
          [
            -111.72456,
            40.63455
          ],
          [
            -111.72452,
            40.63457
          ],
          [
            -111.72449,
            40.63458
          ],
          [
            -111.72445,
            40.6346
          ],
          [
            -111.7244,
            40.63461
          ],
          [
            -111.72435,
            40.63461
          ],
          [
            -111.72432,
            40.63461
          ],
          [
            -111.72427,
            40.63461
          ],
          [
            -111.72421,
            40.6346
          ],
          [
            -111.72414,
            40.63458
          ],
          [
            -111.72408,
            40.63455
          ],
          [
            -111.72404,
            40.63453
          ],
          [
            -111.72396,
            40.63449
          ],
          [
            -111.72385,
            40.63443
          ],
          [
            -111.72384,
            40.63442
          ],
          [
            -111.72367,
            40.63432
          ],
          [
            -111.72361,
            40.63428
          ],
          [
            -111.72349,
            40.6342
          ],
          [
            -111.72341,
            40.63415
          ],
          [
            -111.72332,
            40.63408
          ],
          [
            -111.72318,
            40.63396
          ],
          [
            -111.72307,
            40.63385
          ],
          [
            -111.72288,
            40.63366
          ],
          [
            -111.72277,
            40.63355
          ],
          [
            -111.72266,
            40.63344
          ],
          [
            -111.72256,
            40.63335
          ],
          [
            -111.72248,
            40.63329
          ],
          [
            -111.72239,
            40.63322
          ],
          [
            -111.72225,
            40.63314
          ],
          [
            -111.72212,
            40.63308
          ],
          [
            -111.72203,
            40.63303
          ],
          [
            -111.72199,
            40.63302
          ],
          [
            -111.72196,
            40.63301
          ],
          [
            -111.72195,
            40.63301
          ],
          [
            -111.72192,
            40.63301
          ],
          [
            -111.72189,
            40.633
          ],
          [
            -111.72184,
            40.633
          ],
          [
            -111.7218,
            40.633
          ],
          [
            -111.72175,
            40.633
          ],
          [
            -111.72165,
            40.63301
          ],
          [
            -111.72149,
            40.63304
          ],
          [
            -111.72127,
            40.63309
          ],
          [
            -111.721,
            40.63313
          ],
          [
            -111.72088,
            40.63316
          ],
          [
            -111.72083,
            40.63316
          ],
          [
            -111.72078,
            40.63317
          ],
          [
            -111.72072,
            40.63318
          ],
          [
            -111.72064,
            40.63318
          ],
          [
            -111.72056,
            40.63318
          ],
          [
            -111.72044,
            40.63319
          ],
          [
            -111.72037,
            40.63319
          ],
          [
            -111.7203,
            40.63318
          ],
          [
            -111.72023,
            40.63318
          ],
          [
            -111.72018,
            40.63318
          ],
          [
            -111.72011,
            40.63317
          ],
          [
            -111.72009,
            40.63317
          ],
          [
            -111.72001,
            40.63317
          ],
          [
            -111.71995,
            40.63317
          ],
          [
            -111.71987,
            40.63317
          ],
          [
            -111.7198,
            40.63317
          ],
          [
            -111.71968,
            40.63317
          ],
          [
            -111.71963,
            40.63317
          ],
          [
            -111.71958,
            40.63318
          ],
          [
            -111.71953,
            40.63319
          ],
          [
            -111.71947,
            40.6332
          ],
          [
            -111.71935,
            40.63322
          ],
          [
            -111.71927,
            40.63324
          ],
          [
            -111.7192,
            40.63326
          ],
          [
            -111.71912,
            40.63329
          ],
          [
            -111.71904,
            40.63331
          ],
          [
            -111.71893,
            40.63335
          ],
          [
            -111.71883,
            40.63339
          ],
          [
            -111.71866,
            40.63346
          ],
          [
            -111.71851,
            40.63351
          ],
          [
            -111.71839,
            40.63354
          ],
          [
            -111.71826,
            40.63357
          ],
          [
            -111.71815,
            40.63359
          ],
          [
            -111.71807,
            40.63361
          ],
          [
            -111.71794,
            40.63362
          ],
          [
            -111.71785,
            40.63363
          ],
          [
            -111.71774,
            40.63363
          ],
          [
            -111.7176,
            40.63363
          ],
          [
            -111.71736,
            40.63363
          ],
          [
            -111.71714,
            40.63363
          ],
          [
            -111.71702,
            40.63364
          ],
          [
            -111.71691,
            40.63364
          ],
          [
            -111.71676,
            40.63366
          ],
          [
            -111.71662,
            40.63368
          ],
          [
            -111.71643,
            40.63371
          ],
          [
            -111.71624,
            40.63374
          ],
          [
            -111.71618,
            40.63375
          ],
          [
            -111.71615,
            40.63376
          ],
          [
            -111.71603,
            40.63378
          ],
          [
            -111.71596,
            40.63379
          ],
          [
            -111.71595,
            40.63379
          ],
          [
            -111.71588,
            40.6338
          ],
          [
            -111.7158,
            40.63381
          ],
          [
            -111.71571,
            40.63382
          ],
          [
            -111.71563,
            40.63382
          ],
          [
            -111.71555,
            40.63383
          ],
          [
            -111.71542,
            40.63383
          ],
          [
            -111.71529,
            40.63384
          ],
          [
            -111.71513,
            40.63384
          ],
          [
            -111.71487,
            40.63384
          ],
          [
            -111.71459,
            40.63384
          ],
          [
            -111.71442,
            40.63384
          ],
          [
            -111.71428,
            40.63385
          ],
          [
            -111.71414,
            40.63386
          ],
          [
            -111.71407,
            40.63386
          ],
          [
            -111.71399,
            40.63387
          ],
          [
            -111.71386,
            40.63389
          ],
          [
            -111.71368,
            40.63392
          ],
          [
            -111.71353,
            40.63395
          ],
          [
            -111.71336,
            40.63397
          ],
          [
            -111.71321,
            40.634
          ],
          [
            -111.71304,
            40.63402
          ],
          [
            -111.71285,
            40.63405
          ],
          [
            -111.71273,
            40.63407
          ],
          [
            -111.71265,
            40.63408
          ],
          [
            -111.71249,
            40.6341
          ],
          [
            -111.71243,
            40.63411
          ],
          [
            -111.71236,
            40.63412
          ],
          [
            -111.7122,
            40.63412
          ],
          [
            -111.71204,
            40.63413
          ],
          [
            -111.71202,
            40.63413
          ],
          [
            -111.71188,
            40.63413
          ],
          [
            -111.71175,
            40.63413
          ],
          [
            -111.7116,
            40.63412
          ],
          [
            -111.71147,
            40.63411
          ],
          [
            -111.71137,
            40.63411
          ],
          [
            -111.71131,
            40.6341
          ],
          [
            -111.71122,
            40.63409
          ],
          [
            -111.7111,
            40.63408
          ],
          [
            -111.71107,
            40.63408
          ],
          [
            -111.71094,
            40.63407
          ],
          [
            -111.71084,
            40.63406
          ],
          [
            -111.7108,
            40.63406
          ],
          [
            -111.71072,
            40.63406
          ],
          [
            -111.71063,
            40.63406
          ],
          [
            -111.7106,
            40.63406
          ],
          [
            -111.71055,
            40.63406
          ],
          [
            -111.71049,
            40.63406
          ],
          [
            -111.71042,
            40.63406
          ],
          [
            -111.71035,
            40.63406
          ],
          [
            -111.71027,
            40.63407
          ],
          [
            -111.71016,
            40.63408
          ],
          [
            -111.70999,
            40.6341
          ],
          [
            -111.70985,
            40.63411
          ],
          [
            -111.70969,
            40.63412
          ],
          [
            -111.70965,
            40.63412
          ],
          [
            -111.7096,
            40.63412
          ],
          [
            -111.70949,
            40.63413
          ],
          [
            -111.70931,
            40.63414
          ],
          [
            -111.70922,
            40.63414
          ],
          [
            -111.70912,
            40.63414
          ],
          [
            -111.70908,
            40.63414
          ],
          [
            -111.70897,
            40.63414
          ],
          [
            -111.70888,
            40.63413
          ],
          [
            -111.70884,
            40.63413
          ],
          [
            -111.70878,
            40.63412
          ],
          [
            -111.70865,
            40.63411
          ],
          [
            -111.70863,
            40.63411
          ],
          [
            -111.7086,
            40.63411
          ],
          [
            -111.70851,
            40.6341
          ],
          [
            -111.70843,
            40.63409
          ],
          [
            -111.7084,
            40.63408
          ],
          [
            -111.70833,
            40.63407
          ],
          [
            -111.70822,
            40.63404
          ],
          [
            -111.70802,
            40.634
          ],
          [
            -111.70792,
            40.63397
          ],
          [
            -111.70787,
            40.63395
          ],
          [
            -111.70776,
            40.63392
          ],
          [
            -111.7077,
            40.63389
          ],
          [
            -111.70767,
            40.63388
          ],
          [
            -111.70761,
            40.63386
          ],
          [
            -111.70749,
            40.63381
          ],
          [
            -111.70745,
            40.63379
          ],
          [
            -111.70736,
            40.63375
          ],
          [
            -111.70733,
            40.63374
          ],
          [
            -111.70729,
            40.63372
          ],
          [
            -111.70722,
            40.63368
          ],
          [
            -111.70715,
            40.63364
          ],
          [
            -111.7071,
            40.63361
          ],
          [
            -111.707,
            40.63356
          ],
          [
            -111.7069,
            40.6335
          ],
          [
            -111.7067,
            40.63337
          ],
          [
            -111.70657,
            40.63328
          ],
          [
            -111.70646,
            40.63321
          ],
          [
            -111.70636,
            40.63315
          ],
          [
            -111.70631,
            40.63312
          ],
          [
            -111.70622,
            40.63308
          ],
          [
            -111.70617,
            40.63306
          ],
          [
            -111.70615,
            40.63305
          ],
          [
            -111.70607,
            40.63302
          ],
          [
            -111.70599,
            40.633
          ],
          [
            -111.70595,
            40.63299
          ],
          [
            -111.70591,
            40.63298
          ],
          [
            -111.70583,
            40.63297
          ],
          [
            -111.70575,
            40.63297
          ],
          [
            -111.70571,
            40.63297
          ],
          [
            -111.70563,
            40.63296
          ],
          [
            -111.70555,
            40.63297
          ],
          [
            -111.70548,
            40.63298
          ],
          [
            -111.70539,
            40.63299
          ],
          [
            -111.7053,
            40.63301
          ],
          [
            -111.70521,
            40.63303
          ],
          [
            -111.70513,
            40.63306
          ],
          [
            -111.70505,
            40.63309
          ],
          [
            -111.70504,
            40.6331
          ],
          [
            -111.70501,
            40.63312
          ],
          [
            -111.70493,
            40.63317
          ],
          [
            -111.7049,
            40.63318
          ],
          [
            -111.70486,
            40.63321
          ],
          [
            -111.70485,
            40.63321
          ],
          [
            -111.70477,
            40.63329
          ],
          [
            -111.70473,
            40.63332
          ],
          [
            -111.7047,
            40.63335
          ],
          [
            -111.70466,
            40.63339
          ],
          [
            -111.70462,
            40.63343
          ],
          [
            -111.7046,
            40.63346
          ],
          [
            -111.70457,
            40.63349
          ],
          [
            -111.70446,
            40.63363
          ],
          [
            -111.70429,
            40.63387
          ],
          [
            -111.70424,
            40.63395
          ],
          [
            -111.70417,
            40.63403
          ],
          [
            -111.70406,
            40.63417
          ],
          [
            -111.70395,
            40.63428
          ],
          [
            -111.70388,
            40.63433
          ],
          [
            -111.70379,
            40.63439
          ],
          [
            -111.7037,
            40.63445
          ],
          [
            -111.70367,
            40.63447
          ],
          [
            -111.70365,
            40.63448
          ],
          [
            -111.7034,
            40.63461
          ],
          [
            -111.70328,
            40.63466
          ],
          [
            -111.70318,
            40.63469
          ],
          [
            -111.70307,
            40.63473
          ],
          [
            -111.7029,
            40.63477
          ],
          [
            -111.70281,
            40.6348
          ],
          [
            -111.70258,
            40.63486
          ],
          [
            -111.70248,
            40.63489
          ],
          [
            -111.70229,
            40.63493
          ],
          [
            -111.70213,
            40.63498
          ],
          [
            -111.702,
            40.63502
          ],
          [
            -111.70183,
            40.63507
          ],
          [
            -111.70173,
            40.63511
          ],
          [
            -111.70166,
            40.63514
          ],
          [
            -111.70156,
            40.63519
          ],
          [
            -111.70146,
            40.63525
          ],
          [
            -111.7014,
            40.63528
          ],
          [
            -111.70123,
            40.63539
          ],
          [
            -111.70104,
            40.63551
          ],
          [
            -111.7006,
            40.6358
          ],
          [
            -111.70054,
            40.63584
          ],
          [
            -111.70027,
            40.63602
          ],
          [
            -111.70014,
            40.63608
          ],
          [
            -111.70004,
            40.63614
          ],
          [
            -111.6999,
            40.63621
          ],
          [
            -111.69981,
            40.63624
          ],
          [
            -111.69972,
            40.63628
          ],
          [
            -111.6996,
            40.63631
          ],
          [
            -111.69941,
            40.63638
          ],
          [
            -111.69914,
            40.63647
          ],
          [
            -111.6989,
            40.63654
          ],
          [
            -111.69864,
            40.63661
          ],
          [
            -111.69853,
            40.63664
          ],
          [
            -111.69846,
            40.63666
          ],
          [
            -111.69842,
            40.63667
          ],
          [
            -111.69816,
            40.63674
          ],
          [
            -111.69792,
            40.6368
          ],
          [
            -111.69785,
            40.63682
          ],
          [
            -111.69782,
            40.63683
          ],
          [
            -111.69773,
            40.63685
          ],
          [
            -111.69754,
            40.63691
          ],
          [
            -111.69739,
            40.63696
          ],
          [
            -111.6973,
            40.63699
          ],
          [
            -111.69721,
            40.63703
          ],
          [
            -111.69704,
            40.63709
          ],
          [
            -111.6969,
            40.63715
          ],
          [
            -111.69689,
            40.63716
          ],
          [
            -111.6968,
            40.6372
          ],
          [
            -111.69661,
            40.6373
          ],
          [
            -111.69643,
            40.63739
          ],
          [
            -111.69628,
            40.63748
          ],
          [
            -111.69616,
            40.63755
          ],
          [
            -111.69601,
            40.63765
          ],
          [
            -111.6959,
            40.63774
          ],
          [
            -111.69578,
            40.63784
          ],
          [
            -111.69562,
            40.63798
          ],
          [
            -111.69544,
            40.63815
          ],
          [
            -111.69503,
            40.63855
          ],
          [
            -111.69478,
            40.63877
          ],
          [
            -111.69466,
            40.63886
          ],
          [
            -111.69452,
            40.63897
          ],
          [
            -111.69438,
            40.63905
          ],
          [
            -111.69425,
            40.63914
          ],
          [
            -111.6941,
            40.63923
          ],
          [
            -111.69394,
            40.63931
          ],
          [
            -111.69378,
            40.63939
          ],
          [
            -111.69364,
            40.63946
          ],
          [
            -111.6936,
            40.63948
          ],
          [
            -111.69328,
            40.63962
          ],
          [
            -111.69323,
            40.63964
          ],
          [
            -111.69314,
            40.63967
          ],
          [
            -111.69297,
            40.63972
          ],
          [
            -111.69288,
            40.63975
          ],
          [
            -111.69278,
            40.63977
          ],
          [
            -111.69265,
            40.6398
          ],
          [
            -111.69256,
            40.63982
          ],
          [
            -111.69253,
            40.63983
          ],
          [
            -111.6924,
            40.63985
          ],
          [
            -111.6923,
            40.63987
          ],
          [
            -111.69225,
            40.63988
          ],
          [
            -111.69214,
            40.63989
          ],
          [
            -111.69204,
            40.63991
          ],
          [
            -111.69189,
            40.63993
          ],
          [
            -111.69151,
            40.63996
          ],
          [
            -111.69117,
            40.64
          ],
          [
            -111.69094,
            40.64003
          ],
          [
            -111.69092,
            40.64003
          ],
          [
            -111.6909,
            40.64003
          ],
          [
            -111.69078,
            40.64005
          ],
          [
            -111.6907,
            40.64007
          ],
          [
            -111.69061,
            40.64008
          ],
          [
            -111.69053,
            40.6401
          ],
          [
            -111.69039,
            40.64013
          ],
          [
            -111.69029,
            40.64015
          ],
          [
            -111.69022,
            40.64017
          ],
          [
            -111.69014,
            40.6402
          ],
          [
            -111.69003,
            40.64023
          ],
          [
            -111.68987,
            40.64028
          ],
          [
            -111.68896,
            40.64064
          ],
          [
            -111.68884,
            40.64069
          ],
          [
            -111.68862,
            40.64079
          ],
          [
            -111.68829,
            40.64096
          ],
          [
            -111.68805,
            40.64107
          ],
          [
            -111.68769,
            40.64125
          ],
          [
            -111.68762,
            40.64128
          ],
          [
            -111.68749,
            40.64134
          ],
          [
            -111.68738,
            40.6414
          ],
          [
            -111.68717,
            40.64151
          ],
          [
            -111.68679,
            40.6417
          ],
          [
            -111.68648,
            40.64184
          ],
          [
            -111.6863,
            40.64193
          ],
          [
            -111.68604,
            40.64204
          ],
          [
            -111.68585,
            40.64211
          ],
          [
            -111.68574,
            40.64215
          ],
          [
            -111.68573,
            40.64215
          ],
          [
            -111.68549,
            40.64223
          ],
          [
            -111.68544,
            40.64225
          ],
          [
            -111.68533,
            40.64228
          ],
          [
            -111.68516,
            40.64232
          ],
          [
            -111.68507,
            40.64234
          ],
          [
            -111.68504,
            40.64234
          ],
          [
            -111.68491,
            40.64237
          ],
          [
            -111.68475,
            40.6424
          ],
          [
            -111.68471,
            40.64241
          ],
          [
            -111.68465,
            40.64242
          ],
          [
            -111.68462,
            40.64242
          ],
          [
            -111.68448,
            40.64244
          ],
          [
            -111.68422,
            40.64248
          ],
          [
            -111.68413,
            40.64248
          ],
          [
            -111.68401,
            40.64249
          ],
          [
            -111.68385,
            40.64251
          ],
          [
            -111.68369,
            40.64251
          ],
          [
            -111.68354,
            40.64252
          ],
          [
            -111.68335,
            40.64252
          ],
          [
            -111.68313,
            40.64251
          ],
          [
            -111.68303,
            40.6425
          ],
          [
            -111.68284,
            40.6425
          ],
          [
            -111.68279,
            40.6425
          ],
          [
            -111.68254,
            40.64249
          ],
          [
            -111.68175,
            40.64245
          ],
          [
            -111.68166,
            40.64245
          ],
          [
            -111.68161,
            40.64244
          ],
          [
            -111.68142,
            40.64244
          ],
          [
            -111.68129,
            40.64243
          ],
          [
            -111.68086,
            40.64241
          ],
          [
            -111.68007,
            40.64237
          ],
          [
            -111.67906,
            40.64233
          ],
          [
            -111.67886,
            40.64232
          ],
          [
            -111.67871,
            40.64231
          ],
          [
            -111.67858,
            40.64231
          ],
          [
            -111.67845,
            40.64231
          ],
          [
            -111.67829,
            40.64231
          ],
          [
            -111.67814,
            40.64232
          ],
          [
            -111.67801,
            40.64232
          ],
          [
            -111.6779,
            40.64233
          ],
          [
            -111.67779,
            40.64235
          ],
          [
            -111.67769,
            40.64236
          ],
          [
            -111.6776,
            40.64238
          ],
          [
            -111.67749,
            40.6424
          ],
          [
            -111.67732,
            40.64244
          ],
          [
            -111.6772,
            40.64247
          ],
          [
            -111.67712,
            40.6425
          ],
          [
            -111.67702,
            40.64253
          ],
          [
            -111.6769,
            40.64258
          ],
          [
            -111.6768,
            40.64262
          ],
          [
            -111.67668,
            40.64266
          ],
          [
            -111.67655,
            40.64272
          ],
          [
            -111.67631,
            40.64284
          ],
          [
            -111.67624,
            40.64288
          ],
          [
            -111.67617,
            40.64292
          ],
          [
            -111.67606,
            40.64298
          ],
          [
            -111.67593,
            40.64307
          ],
          [
            -111.67592,
            40.64308
          ],
          [
            -111.67581,
            40.64316
          ],
          [
            -111.67571,
            40.64323
          ],
          [
            -111.67548,
            40.64342
          ],
          [
            -111.67543,
            40.64345
          ],
          [
            -111.67522,
            40.64362
          ],
          [
            -111.67493,
            40.64383
          ],
          [
            -111.67477,
            40.64396
          ],
          [
            -111.67476,
            40.64396
          ],
          [
            -111.67475,
            40.64397
          ],
          [
            -111.67459,
            40.64409
          ],
          [
            -111.67457,
            40.64411
          ],
          [
            -111.67426,
            40.64433
          ],
          [
            -111.67414,
            40.64443
          ],
          [
            -111.67381,
            40.64467
          ],
          [
            -111.67374,
            40.64472
          ],
          [
            -111.67369,
            40.64475
          ],
          [
            -111.67357,
            40.64484
          ],
          [
            -111.67344,
            40.64492
          ],
          [
            -111.67334,
            40.64498
          ],
          [
            -111.6732,
            40.64506
          ],
          [
            -111.6731,
            40.64512
          ],
          [
            -111.67291,
            40.6452
          ],
          [
            -111.67286,
            40.64522
          ],
          [
            -111.6727,
            40.64528
          ],
          [
            -111.67258,
            40.64532
          ],
          [
            -111.67253,
            40.64534
          ],
          [
            -111.6725,
            40.64535
          ],
          [
            -111.67239,
            40.64538
          ],
          [
            -111.67229,
            40.64541
          ],
          [
            -111.67213,
            40.64544
          ],
          [
            -111.67207,
            40.64545
          ],
          [
            -111.67203,
            40.64546
          ],
          [
            -111.67192,
            40.64547
          ],
          [
            -111.67182,
            40.64549
          ],
          [
            -111.67179,
            40.64549
          ],
          [
            -111.67166,
            40.6455
          ],
          [
            -111.67158,
            40.64551
          ],
          [
            -111.67151,
            40.64552
          ],
          [
            -111.67142,
            40.64552
          ],
          [
            -111.67135,
            40.64552
          ],
          [
            -111.67129,
            40.64553
          ],
          [
            -111.67115,
            40.64553
          ],
          [
            -111.67102,
            40.64552
          ],
          [
            -111.6709,
            40.64551
          ],
          [
            -111.67086,
            40.64551
          ],
          [
            -111.67079,
            40.6455
          ],
          [
            -111.67074,
            40.64549
          ],
          [
            -111.67026,
            40.64545
          ],
          [
            -111.6702,
            40.64545
          ],
          [
            -111.67017,
            40.64544
          ],
          [
            -111.6697,
            40.64539
          ],
          [
            -111.66954,
            40.64538
          ],
          [
            -111.66951,
            40.64537
          ],
          [
            -111.66948,
            40.64537
          ],
          [
            -111.66946,
            40.64537
          ],
          [
            -111.66923,
            40.64534
          ],
          [
            -111.66907,
            40.64533
          ],
          [
            -111.66899,
            40.64532
          ],
          [
            -111.66888,
            40.64531
          ],
          [
            -111.66829,
            40.64525
          ],
          [
            -111.66822,
            40.64525
          ],
          [
            -111.66812,
            40.64524
          ],
          [
            -111.66801,
            40.64524
          ],
          [
            -111.66795,
            40.64524
          ],
          [
            -111.66788,
            40.64524
          ],
          [
            -111.66776,
            40.64525
          ],
          [
            -111.66764,
            40.64526
          ],
          [
            -111.66753,
            40.64528
          ],
          [
            -111.66747,
            40.64529
          ],
          [
            -111.6674,
            40.64531
          ],
          [
            -111.66736,
            40.64532
          ],
          [
            -111.66732,
            40.64533
          ],
          [
            -111.66726,
            40.64535
          ],
          [
            -111.6672,
            40.64538
          ],
          [
            -111.66714,
            40.64541
          ],
          [
            -111.66708,
            40.64544
          ],
          [
            -111.66701,
            40.64548
          ],
          [
            -111.66695,
            40.64551
          ],
          [
            -111.66687,
            40.64557
          ],
          [
            -111.66674,
            40.64567
          ],
          [
            -111.66656,
            40.64582
          ],
          [
            -111.66646,
            40.6459
          ],
          [
            -111.6664,
            40.64597
          ],
          [
            -111.66601,
            40.64632
          ],
          [
            -111.66585,
            40.64647
          ],
          [
            -111.66571,
            40.64659
          ],
          [
            -111.6654,
            40.64687
          ],
          [
            -111.66513,
            40.64712
          ],
          [
            -111.665,
            40.64722
          ],
          [
            -111.66484,
            40.64735
          ],
          [
            -111.66483,
            40.64736
          ],
          [
            -111.66467,
            40.64748
          ],
          [
            -111.66465,
            40.64749
          ],
          [
            -111.66449,
            40.64758
          ],
          [
            -111.6644,
            40.64763
          ],
          [
            -111.66429,
            40.64768
          ],
          [
            -111.66408,
            40.64776
          ],
          [
            -111.66407,
            40.64776
          ],
          [
            -111.66386,
            40.64782
          ],
          [
            -111.6636,
            40.64787
          ],
          [
            -111.6633,
            40.64791
          ],
          [
            -111.66303,
            40.64795
          ],
          [
            -111.66286,
            40.64798
          ],
          [
            -111.66267,
            40.64804
          ],
          [
            -111.66252,
            40.6481
          ],
          [
            -111.6624,
            40.64817
          ],
          [
            -111.66224,
            40.64828
          ],
          [
            -111.66214,
            40.64837
          ],
          [
            -111.66209,
            40.64845
          ],
          [
            -111.66203,
            40.64854
          ],
          [
            -111.66198,
            40.64863
          ],
          [
            -111.66195,
            40.64869
          ],
          [
            -111.66192,
            40.64877
          ],
          [
            -111.66182,
            40.64904
          ],
          [
            -111.66175,
            40.64919
          ],
          [
            -111.66168,
            40.64929
          ],
          [
            -111.66159,
            40.64939
          ],
          [
            -111.6615,
            40.64947
          ],
          [
            -111.66141,
            40.64953
          ],
          [
            -111.66134,
            40.64958
          ],
          [
            -111.66124,
            40.64963
          ],
          [
            -111.66113,
            40.64967
          ],
          [
            -111.66061,
            40.64986
          ],
          [
            -111.66029,
            40.64997
          ],
          [
            -111.66008,
            40.65004
          ],
          [
            -111.65986,
            40.65011
          ],
          [
            -111.65965,
            40.65019
          ],
          [
            -111.65943,
            40.65026
          ],
          [
            -111.659,
            40.65041
          ],
          [
            -111.65876,
            40.65049
          ],
          [
            -111.65684,
            40.65115
          ],
          [
            -111.65644,
            40.65127
          ],
          [
            -111.65615,
            40.65136
          ],
          [
            -111.65592,
            40.65143
          ],
          [
            -111.65564,
            40.6515
          ],
          [
            -111.65533,
            40.65155
          ],
          [
            -111.65505,
            40.65159
          ],
          [
            -111.65488,
            40.65162
          ],
          [
            -111.65485,
            40.65162
          ],
          [
            -111.65483,
            40.65162
          ],
          [
            -111.6547,
            40.65164
          ],
          [
            -111.65462,
            40.65164
          ],
          [
            -111.65457,
            40.65164
          ],
          [
            -111.65445,
            40.65165
          ],
          [
            -111.65441,
            40.65165
          ],
          [
            -111.65438,
            40.65165
          ],
          [
            -111.65432,
            40.65166
          ],
          [
            -111.65421,
            40.65166
          ],
          [
            -111.65414,
            40.65166
          ],
          [
            -111.65409,
            40.65166
          ],
          [
            -111.65396,
            40.65166
          ],
          [
            -111.65393,
            40.65166
          ],
          [
            -111.65391,
            40.65166
          ],
          [
            -111.65385,
            40.65166
          ],
          [
            -111.6537,
            40.65165
          ],
          [
            -111.65369,
            40.65165
          ],
          [
            -111.65367,
            40.65165
          ],
          [
            -111.65357,
            40.65165
          ],
          [
            -111.65347,
            40.65164
          ],
          [
            -111.65343,
            40.65164
          ],
          [
            -111.65333,
            40.65163
          ],
          [
            -111.65299,
            40.65159
          ],
          [
            -111.65273,
            40.65154
          ],
          [
            -111.65258,
            40.65152
          ],
          [
            -111.65233,
            40.65147
          ],
          [
            -111.65208,
            40.6514
          ],
          [
            -111.65205,
            40.6514
          ],
          [
            -111.65199,
            40.65138
          ],
          [
            -111.6519,
            40.65136
          ],
          [
            -111.65185,
            40.65134
          ],
          [
            -111.65174,
            40.65131
          ],
          [
            -111.65164,
            40.65127
          ],
          [
            -111.65161,
            40.65126
          ],
          [
            -111.65127,
            40.65114
          ],
          [
            -111.65105,
            40.65105
          ],
          [
            -111.6508,
            40.65093
          ],
          [
            -111.65058,
            40.65082
          ],
          [
            -111.65048,
            40.65076
          ],
          [
            -111.65024,
            40.65062
          ],
          [
            -111.65001,
            40.65049
          ],
          [
            -111.6499,
            40.65043
          ],
          [
            -111.6498,
            40.65036
          ],
          [
            -111.64923,
            40.65002
          ],
          [
            -111.64896,
            40.64986
          ],
          [
            -111.64882,
            40.64978
          ],
          [
            -111.6488244,
            40.6497807
          ],
          [
            -111.64883,
            40.64966
          ],
          [
            -111.64883,
            40.6496
          ],
          [
            -111.64884,
            40.6496
          ],
          [
            -111.64886,
            40.64949
          ],
          [
            -111.64887,
            40.64943
          ],
          [
            -111.64889,
            40.64913
          ],
          [
            -111.64889,
            40.64909
          ],
          [
            -111.64889,
            40.64907
          ],
          [
            -111.64889,
            40.64906
          ],
          [
            -111.64888,
            40.64889
          ],
          [
            -111.64888,
            40.64888
          ],
          [
            -111.64891,
            40.64883
          ],
          [
            -111.64888,
            40.64873
          ],
          [
            -111.64887,
            40.64872
          ],
          [
            -111.64887,
            40.64871
          ],
          [
            -111.64887,
            40.6487
          ],
          [
            -111.64885,
            40.64866
          ],
          [
            -111.6488,
            40.64856
          ],
          [
            -111.64879,
            40.64854
          ],
          [
            -111.64872,
            40.64842
          ],
          [
            -111.6487,
            40.64839
          ],
          [
            -111.64869,
            40.64838
          ],
          [
            -111.64869,
            40.64837
          ],
          [
            -111.64859,
            40.64821
          ],
          [
            -111.64848,
            40.64807
          ],
          [
            -111.64835,
            40.6479
          ],
          [
            -111.64835,
            40.64789
          ],
          [
            -111.6482,
            40.64772
          ],
          [
            -111.64814,
            40.64763
          ],
          [
            -111.64811,
            40.64759
          ],
          [
            -111.64809,
            40.64755
          ],
          [
            -111.64806,
            40.64751
          ],
          [
            -111.64805,
            40.64748
          ],
          [
            -111.64805,
            40.64745
          ],
          [
            -111.64804,
            40.64743
          ],
          [
            -111.64804,
            40.64742
          ],
          [
            -111.64804,
            40.64741
          ],
          [
            -111.64804,
            40.64739
          ],
          [
            -111.64803,
            40.64732
          ],
          [
            -111.64803,
            40.64725
          ],
          [
            -111.64803,
            40.64724
          ],
          [
            -111.64803,
            40.64723
          ],
          [
            -111.64803,
            40.6472
          ],
          [
            -111.64804,
            40.64713
          ],
          [
            -111.64805,
            40.6471
          ],
          [
            -111.64811,
            40.6469
          ],
          [
            -111.64811,
            40.64689
          ],
          [
            -111.64817,
            40.64673
          ],
          [
            -111.64818,
            40.64672
          ],
          [
            -111.64822,
            40.64656
          ],
          [
            -111.64831,
            40.64639
          ],
          [
            -111.64843,
            40.64615
          ],
          [
            -111.64848,
            40.64606
          ],
          [
            -111.64852,
            40.64602
          ],
          [
            -111.64862,
            40.64593
          ],
          [
            -111.64878,
            40.64582
          ],
          [
            -111.6488,
            40.64581
          ],
          [
            -111.64894,
            40.64573
          ],
          [
            -111.64899,
            40.6457
          ],
          [
            -111.64911,
            40.64563
          ],
          [
            -111.64918,
            40.64559
          ],
          [
            -111.6492,
            40.64558
          ],
          [
            -111.64938,
            40.64549
          ],
          [
            -111.6496,
            40.64537
          ],
          [
            -111.64977,
            40.64524
          ],
          [
            -111.64991,
            40.64509
          ],
          [
            -111.65005,
            40.64498
          ],
          [
            -111.65012,
            40.64492
          ],
          [
            -111.65021,
            40.64485
          ],
          [
            -111.65033,
            40.64474
          ],
          [
            -111.65035,
            40.64471
          ],
          [
            -111.65036,
            40.6447
          ],
          [
            -111.65047,
            40.64455
          ],
          [
            -111.65053,
            40.64446
          ],
          [
            -111.65058,
            40.64438
          ],
          [
            -111.65068,
            40.64423
          ],
          [
            -111.65075,
            40.64405
          ],
          [
            -111.65077,
            40.64398
          ],
          [
            -111.65083,
            40.64389
          ],
          [
            -111.65086,
            40.64385
          ],
          [
            -111.65096,
            40.64369
          ],
          [
            -111.65099,
            40.64352
          ],
          [
            -111.65095,
            40.64337
          ],
          [
            -111.65087,
            40.64311
          ],
          [
            -111.65078,
            40.64279
          ],
          [
            -111.65075,
            40.64264
          ],
          [
            -111.65075,
            40.64262
          ],
          [
            -111.65075,
            40.64258
          ],
          [
            -111.65072,
            40.6424
          ],
          [
            -111.65071,
            40.64222
          ],
          [
            -111.65071,
            40.64216
          ],
          [
            -111.65067,
            40.64207
          ],
          [
            -111.65066,
            40.64204
          ],
          [
            -111.65063,
            40.64194
          ],
          [
            -111.65062,
            40.64187
          ],
          [
            -111.65059,
            40.64172
          ],
          [
            -111.65059,
            40.64171
          ],
          [
            -111.65058,
            40.64169
          ],
          [
            -111.65057,
            40.64166
          ],
          [
            -111.65053,
            40.64158
          ],
          [
            -111.65051,
            40.64155
          ],
          [
            -111.6505,
            40.64154
          ],
          [
            -111.65049,
            40.64152
          ],
          [
            -111.65048,
            40.64148
          ],
          [
            -111.65048,
            40.64144
          ],
          [
            -111.6505,
            40.64139
          ],
          [
            -111.6505,
            40.64138
          ],
          [
            -111.65052,
            40.64135
          ],
          [
            -111.6506,
            40.64118
          ],
          [
            -111.65068,
            40.64104
          ],
          [
            -111.65069,
            40.64101
          ],
          [
            -111.65075,
            40.64091
          ],
          [
            -111.65076,
            40.64088
          ],
          [
            -111.65077,
            40.64088
          ],
          [
            -111.65078,
            40.64085
          ],
          [
            -111.65089,
            40.64053
          ],
          [
            -111.6509,
            40.6405
          ],
          [
            -111.6509,
            40.64049
          ],
          [
            -111.6509,
            40.64043
          ],
          [
            -111.65089,
            40.64035
          ],
          [
            -111.65088,
            40.64033
          ],
          [
            -111.65088,
            40.64032
          ],
          [
            -111.65087,
            40.64021
          ],
          [
            -111.65087,
            40.64017
          ],
          [
            -111.65088,
            40.64014
          ],
          [
            -111.65088,
            40.64011
          ],
          [
            -111.65092,
            40.64003
          ],
          [
            -111.65093,
            40.64
          ],
          [
            -111.65095,
            40.63997
          ],
          [
            -111.65097,
            40.63994
          ],
          [
            -111.65101,
            40.63988
          ],
          [
            -111.65105,
            40.63984
          ],
          [
            -111.65106,
            40.63983
          ],
          [
            -111.65107,
            40.63982
          ],
          [
            -111.65113,
            40.63977
          ],
          [
            -111.65122,
            40.63973
          ],
          [
            -111.65124,
            40.63956
          ],
          [
            -111.6512408,
            40.6395566
          ],
          [
            -111.6512408,
            40.6395566
          ],
          [
            -111.65122,
            40.63973
          ],
          [
            -111.651223,
            40.6397265
          ],
          [
            -111.65113,
            40.63977
          ],
          [
            -111.65107,
            40.63982
          ],
          [
            -111.65106,
            40.63983
          ],
          [
            -111.65105,
            40.63984
          ],
          [
            -111.65101,
            40.63988
          ],
          [
            -111.65097,
            40.63994
          ],
          [
            -111.65095,
            40.63997
          ],
          [
            -111.65093,
            40.64
          ],
          [
            -111.65092,
            40.64003
          ],
          [
            -111.65088,
            40.64011
          ],
          [
            -111.65088,
            40.64014
          ],
          [
            -111.65087,
            40.64017
          ],
          [
            -111.65087,
            40.64021
          ],
          [
            -111.65088,
            40.64032
          ],
          [
            -111.65088,
            40.64033
          ],
          [
            -111.65089,
            40.64035
          ],
          [
            -111.6509,
            40.64043
          ],
          [
            -111.6509,
            40.64049
          ],
          [
            -111.6509,
            40.6405
          ],
          [
            -111.65089,
            40.64053
          ],
          [
            -111.65078,
            40.64085
          ],
          [
            -111.65077,
            40.64088
          ],
          [
            -111.65076,
            40.64088
          ],
          [
            -111.65075,
            40.64091
          ],
          [
            -111.65069,
            40.64101
          ],
          [
            -111.65068,
            40.64104
          ],
          [
            -111.6506,
            40.64118
          ],
          [
            -111.65052,
            40.64135
          ],
          [
            -111.6505,
            40.64138
          ],
          [
            -111.6505,
            40.64139
          ],
          [
            -111.65048,
            40.64144
          ],
          [
            -111.65048,
            40.64148
          ],
          [
            -111.65049,
            40.64152
          ],
          [
            -111.6505,
            40.64154
          ],
          [
            -111.65051,
            40.64155
          ],
          [
            -111.65053,
            40.64158
          ],
          [
            -111.65057,
            40.64166
          ],
          [
            -111.65058,
            40.64169
          ],
          [
            -111.65059,
            40.64171
          ],
          [
            -111.65059,
            40.64172
          ],
          [
            -111.65062,
            40.64187
          ],
          [
            -111.65063,
            40.64194
          ],
          [
            -111.65066,
            40.64204
          ],
          [
            -111.65067,
            40.64207
          ],
          [
            -111.65071,
            40.64216
          ],
          [
            -111.65071,
            40.64222
          ],
          [
            -111.65072,
            40.6424
          ],
          [
            -111.65075,
            40.64258
          ],
          [
            -111.65075,
            40.64262
          ],
          [
            -111.65075,
            40.64264
          ],
          [
            -111.65078,
            40.64279
          ],
          [
            -111.65087,
            40.64311
          ],
          [
            -111.65095,
            40.64337
          ],
          [
            -111.65099,
            40.64352
          ],
          [
            -111.65096,
            40.64369
          ],
          [
            -111.65086,
            40.64385
          ],
          [
            -111.65083,
            40.64389
          ],
          [
            -111.65077,
            40.64398
          ],
          [
            -111.65075,
            40.64405
          ],
          [
            -111.65068,
            40.64423
          ],
          [
            -111.65058,
            40.64438
          ],
          [
            -111.65053,
            40.64446
          ],
          [
            -111.65047,
            40.64455
          ],
          [
            -111.65036,
            40.6447
          ],
          [
            -111.65035,
            40.64471
          ],
          [
            -111.65033,
            40.64474
          ],
          [
            -111.65021,
            40.64485
          ],
          [
            -111.65012,
            40.64492
          ],
          [
            -111.65005,
            40.64498
          ],
          [
            -111.64991,
            40.64509
          ],
          [
            -111.64977,
            40.64524
          ],
          [
            -111.6496,
            40.64537
          ],
          [
            -111.64938,
            40.64549
          ],
          [
            -111.6492,
            40.64558
          ],
          [
            -111.64918,
            40.64559
          ],
          [
            -111.64911,
            40.64563
          ],
          [
            -111.64899,
            40.6457
          ],
          [
            -111.64894,
            40.64573
          ],
          [
            -111.6488,
            40.64581
          ],
          [
            -111.64878,
            40.64582
          ],
          [
            -111.64862,
            40.64593
          ],
          [
            -111.64852,
            40.64602
          ],
          [
            -111.64848,
            40.64606
          ],
          [
            -111.64843,
            40.64615
          ],
          [
            -111.64831,
            40.64639
          ],
          [
            -111.64822,
            40.64656
          ],
          [
            -111.64818,
            40.64672
          ],
          [
            -111.64817,
            40.64673
          ],
          [
            -111.64811,
            40.64689
          ],
          [
            -111.64811,
            40.6469
          ],
          [
            -111.64805,
            40.6471
          ],
          [
            -111.64804,
            40.64713
          ],
          [
            -111.64803,
            40.6472
          ],
          [
            -111.64803,
            40.64723
          ],
          [
            -111.64803,
            40.64724
          ],
          [
            -111.64803,
            40.64725
          ],
          [
            -111.64803,
            40.64732
          ],
          [
            -111.64804,
            40.64739
          ],
          [
            -111.64804,
            40.64741
          ],
          [
            -111.64804,
            40.64742
          ],
          [
            -111.64804,
            40.64743
          ],
          [
            -111.64805,
            40.64745
          ],
          [
            -111.64805,
            40.64748
          ],
          [
            -111.64806,
            40.64751
          ],
          [
            -111.64809,
            40.64755
          ],
          [
            -111.64811,
            40.64759
          ],
          [
            -111.64814,
            40.64763
          ],
          [
            -111.6482,
            40.64772
          ],
          [
            -111.64835,
            40.64789
          ],
          [
            -111.64835,
            40.6479
          ],
          [
            -111.64848,
            40.64807
          ],
          [
            -111.64859,
            40.64821
          ],
          [
            -111.64869,
            40.64837
          ],
          [
            -111.64869,
            40.64838
          ],
          [
            -111.6487,
            40.64839
          ],
          [
            -111.64872,
            40.64842
          ],
          [
            -111.64879,
            40.64854
          ],
          [
            -111.6488,
            40.64856
          ],
          [
            -111.64885,
            40.64866
          ],
          [
            -111.64887,
            40.6487
          ],
          [
            -111.64887,
            40.64871
          ],
          [
            -111.64887,
            40.64872
          ],
          [
            -111.64888,
            40.64873
          ],
          [
            -111.64891,
            40.64883
          ],
          [
            -111.64888,
            40.64888
          ],
          [
            -111.64888,
            40.64889
          ],
          [
            -111.64889,
            40.64906
          ],
          [
            -111.64889,
            40.64907
          ],
          [
            -111.64889,
            40.64909
          ],
          [
            -111.64889,
            40.64913
          ],
          [
            -111.64887,
            40.64943
          ],
          [
            -111.64886,
            40.64949
          ],
          [
            -111.64884,
            40.6496
          ],
          [
            -111.64883,
            40.6496
          ],
          [
            -111.64883,
            40.64966
          ],
          [
            -111.64882,
            40.64978
          ],
          [
            -111.6488244,
            40.6497807
          ],
          [
            -111.64896,
            40.64986
          ],
          [
            -111.64923,
            40.65002
          ],
          [
            -111.6498,
            40.65036
          ],
          [
            -111.6499,
            40.65043
          ],
          [
            -111.65001,
            40.65049
          ],
          [
            -111.65024,
            40.65062
          ],
          [
            -111.65048,
            40.65076
          ],
          [
            -111.65058,
            40.65082
          ],
          [
            -111.6508,
            40.65093
          ],
          [
            -111.65105,
            40.65105
          ],
          [
            -111.65127,
            40.65114
          ],
          [
            -111.65161,
            40.65126
          ],
          [
            -111.65164,
            40.65127
          ],
          [
            -111.65174,
            40.65131
          ],
          [
            -111.65185,
            40.65134
          ],
          [
            -111.6519,
            40.65136
          ],
          [
            -111.65199,
            40.65138
          ],
          [
            -111.65205,
            40.6514
          ],
          [
            -111.65208,
            40.6514
          ],
          [
            -111.65233,
            40.65147
          ],
          [
            -111.65258,
            40.65152
          ],
          [
            -111.65273,
            40.65154
          ],
          [
            -111.65299,
            40.65159
          ],
          [
            -111.65333,
            40.65163
          ],
          [
            -111.65343,
            40.65164
          ],
          [
            -111.65347,
            40.65164
          ],
          [
            -111.65357,
            40.65165
          ],
          [
            -111.65367,
            40.65165
          ],
          [
            -111.65369,
            40.65165
          ],
          [
            -111.6537,
            40.65165
          ],
          [
            -111.65385,
            40.65166
          ],
          [
            -111.65391,
            40.65166
          ],
          [
            -111.65393,
            40.65166
          ],
          [
            -111.65396,
            40.65166
          ],
          [
            -111.65409,
            40.65166
          ],
          [
            -111.65414,
            40.65166
          ],
          [
            -111.65421,
            40.65166
          ],
          [
            -111.65432,
            40.65166
          ],
          [
            -111.65438,
            40.65165
          ],
          [
            -111.65441,
            40.65165
          ],
          [
            -111.65445,
            40.65165
          ],
          [
            -111.65457,
            40.65164
          ],
          [
            -111.65462,
            40.65164
          ],
          [
            -111.6547,
            40.65164
          ],
          [
            -111.65483,
            40.65162
          ],
          [
            -111.65485,
            40.65162
          ],
          [
            -111.65488,
            40.65162
          ],
          [
            -111.65505,
            40.65159
          ],
          [
            -111.65533,
            40.65155
          ],
          [
            -111.65564,
            40.6515
          ],
          [
            -111.65592,
            40.65143
          ],
          [
            -111.65615,
            40.65136
          ],
          [
            -111.65644,
            40.65127
          ],
          [
            -111.65684,
            40.65115
          ],
          [
            -111.65876,
            40.65049
          ],
          [
            -111.659,
            40.65041
          ],
          [
            -111.65943,
            40.65026
          ],
          [
            -111.65965,
            40.65019
          ],
          [
            -111.65986,
            40.65011
          ],
          [
            -111.66008,
            40.65004
          ],
          [
            -111.66029,
            40.64997
          ],
          [
            -111.66061,
            40.64986
          ],
          [
            -111.66113,
            40.64967
          ],
          [
            -111.66124,
            40.64963
          ],
          [
            -111.66134,
            40.64958
          ],
          [
            -111.66141,
            40.64953
          ],
          [
            -111.6615,
            40.64947
          ],
          [
            -111.66159,
            40.64939
          ],
          [
            -111.66168,
            40.64929
          ],
          [
            -111.66175,
            40.64919
          ],
          [
            -111.66182,
            40.64904
          ],
          [
            -111.66192,
            40.64877
          ],
          [
            -111.66195,
            40.64869
          ],
          [
            -111.66198,
            40.64863
          ],
          [
            -111.66203,
            40.64854
          ],
          [
            -111.66209,
            40.64845
          ],
          [
            -111.66214,
            40.64837
          ],
          [
            -111.66224,
            40.64828
          ],
          [
            -111.6624,
            40.64817
          ],
          [
            -111.66252,
            40.6481
          ],
          [
            -111.66267,
            40.64804
          ],
          [
            -111.66286,
            40.64798
          ],
          [
            -111.66303,
            40.64795
          ],
          [
            -111.6633,
            40.64791
          ],
          [
            -111.6636,
            40.64787
          ],
          [
            -111.66386,
            40.64782
          ],
          [
            -111.66407,
            40.64776
          ],
          [
            -111.66408,
            40.64776
          ],
          [
            -111.66429,
            40.64768
          ],
          [
            -111.6644,
            40.64763
          ],
          [
            -111.66449,
            40.64758
          ],
          [
            -111.66465,
            40.64749
          ],
          [
            -111.66467,
            40.64748
          ],
          [
            -111.66483,
            40.64736
          ],
          [
            -111.66484,
            40.64735
          ],
          [
            -111.665,
            40.64722
          ],
          [
            -111.66513,
            40.64712
          ],
          [
            -111.6654,
            40.64687
          ],
          [
            -111.66571,
            40.64659
          ],
          [
            -111.66585,
            40.64647
          ],
          [
            -111.66601,
            40.64632
          ],
          [
            -111.6664,
            40.64597
          ],
          [
            -111.66646,
            40.6459
          ],
          [
            -111.66656,
            40.64582
          ],
          [
            -111.66674,
            40.64567
          ],
          [
            -111.66687,
            40.64557
          ],
          [
            -111.66695,
            40.64551
          ],
          [
            -111.66701,
            40.64548
          ],
          [
            -111.66708,
            40.64544
          ],
          [
            -111.66714,
            40.64541
          ],
          [
            -111.6672,
            40.64538
          ],
          [
            -111.66726,
            40.64535
          ],
          [
            -111.66732,
            40.64533
          ],
          [
            -111.66736,
            40.64532
          ],
          [
            -111.6674,
            40.64531
          ],
          [
            -111.66747,
            40.64529
          ],
          [
            -111.66753,
            40.64528
          ],
          [
            -111.66764,
            40.64526
          ],
          [
            -111.66776,
            40.64525
          ],
          [
            -111.66788,
            40.64524
          ],
          [
            -111.66795,
            40.64524
          ],
          [
            -111.66801,
            40.64524
          ],
          [
            -111.66812,
            40.64524
          ],
          [
            -111.66822,
            40.64525
          ],
          [
            -111.66829,
            40.64525
          ],
          [
            -111.66888,
            40.64531
          ],
          [
            -111.66899,
            40.64532
          ],
          [
            -111.66907,
            40.64533
          ],
          [
            -111.66923,
            40.64534
          ],
          [
            -111.66946,
            40.64537
          ],
          [
            -111.66948,
            40.64537
          ],
          [
            -111.66951,
            40.64537
          ],
          [
            -111.66954,
            40.64538
          ],
          [
            -111.6697,
            40.64539
          ],
          [
            -111.67017,
            40.64544
          ],
          [
            -111.6702,
            40.64545
          ],
          [
            -111.67026,
            40.64545
          ],
          [
            -111.67074,
            40.64549
          ],
          [
            -111.67079,
            40.6455
          ],
          [
            -111.67086,
            40.64551
          ],
          [
            -111.6709,
            40.64551
          ],
          [
            -111.67102,
            40.64552
          ],
          [
            -111.67115,
            40.64553
          ],
          [
            -111.67129,
            40.64553
          ],
          [
            -111.67135,
            40.64552
          ],
          [
            -111.67142,
            40.64552
          ],
          [
            -111.67151,
            40.64552
          ],
          [
            -111.67158,
            40.64551
          ],
          [
            -111.67166,
            40.6455
          ],
          [
            -111.67179,
            40.64549
          ],
          [
            -111.67182,
            40.64549
          ],
          [
            -111.67192,
            40.64547
          ],
          [
            -111.67203,
            40.64546
          ],
          [
            -111.67207,
            40.64545
          ],
          [
            -111.67213,
            40.64544
          ],
          [
            -111.67229,
            40.64541
          ],
          [
            -111.67239,
            40.64538
          ],
          [
            -111.6725,
            40.64535
          ],
          [
            -111.67253,
            40.64534
          ],
          [
            -111.67258,
            40.64532
          ],
          [
            -111.6727,
            40.64528
          ],
          [
            -111.67286,
            40.64522
          ],
          [
            -111.67291,
            40.6452
          ],
          [
            -111.6731,
            40.64512
          ],
          [
            -111.6732,
            40.64506
          ],
          [
            -111.67334,
            40.64498
          ],
          [
            -111.67344,
            40.64492
          ],
          [
            -111.67357,
            40.64484
          ],
          [
            -111.67369,
            40.64475
          ],
          [
            -111.67374,
            40.64472
          ],
          [
            -111.67381,
            40.64467
          ],
          [
            -111.67414,
            40.64443
          ],
          [
            -111.67426,
            40.64433
          ],
          [
            -111.67457,
            40.64411
          ],
          [
            -111.67459,
            40.64409
          ],
          [
            -111.67475,
            40.64397
          ],
          [
            -111.67476,
            40.64396
          ],
          [
            -111.67477,
            40.64396
          ],
          [
            -111.67493,
            40.64383
          ],
          [
            -111.67522,
            40.64362
          ],
          [
            -111.67543,
            40.64345
          ],
          [
            -111.67548,
            40.64342
          ],
          [
            -111.67571,
            40.64323
          ],
          [
            -111.67581,
            40.64316
          ],
          [
            -111.67592,
            40.64308
          ],
          [
            -111.67593,
            40.64307
          ],
          [
            -111.67606,
            40.64298
          ],
          [
            -111.67617,
            40.64292
          ],
          [
            -111.67624,
            40.64288
          ],
          [
            -111.67631,
            40.64284
          ],
          [
            -111.67655,
            40.64272
          ],
          [
            -111.67668,
            40.64266
          ],
          [
            -111.6768,
            40.64262
          ],
          [
            -111.6769,
            40.64258
          ],
          [
            -111.67702,
            40.64253
          ],
          [
            -111.67712,
            40.6425
          ],
          [
            -111.6772,
            40.64247
          ],
          [
            -111.67732,
            40.64244
          ],
          [
            -111.67749,
            40.6424
          ],
          [
            -111.6776,
            40.64238
          ],
          [
            -111.67769,
            40.64236
          ],
          [
            -111.67779,
            40.64235
          ],
          [
            -111.6779,
            40.64233
          ],
          [
            -111.67801,
            40.64232
          ],
          [
            -111.67814,
            40.64232
          ],
          [
            -111.67829,
            40.64231
          ],
          [
            -111.67845,
            40.64231
          ],
          [
            -111.67858,
            40.64231
          ],
          [
            -111.67871,
            40.64231
          ],
          [
            -111.67886,
            40.64232
          ],
          [
            -111.67906,
            40.64233
          ],
          [
            -111.68007,
            40.64237
          ],
          [
            -111.68086,
            40.64241
          ],
          [
            -111.68129,
            40.64243
          ],
          [
            -111.68142,
            40.64244
          ],
          [
            -111.68161,
            40.64244
          ],
          [
            -111.68166,
            40.64245
          ],
          [
            -111.68175,
            40.64245
          ],
          [
            -111.68254,
            40.64249
          ],
          [
            -111.68279,
            40.6425
          ],
          [
            -111.68284,
            40.6425
          ],
          [
            -111.68303,
            40.6425
          ],
          [
            -111.68313,
            40.64251
          ],
          [
            -111.68335,
            40.64252
          ],
          [
            -111.68354,
            40.64252
          ],
          [
            -111.68369,
            40.64251
          ],
          [
            -111.68385,
            40.64251
          ],
          [
            -111.68401,
            40.64249
          ],
          [
            -111.68413,
            40.64248
          ],
          [
            -111.68422,
            40.64248
          ],
          [
            -111.68448,
            40.64244
          ],
          [
            -111.68462,
            40.64242
          ],
          [
            -111.68465,
            40.64242
          ],
          [
            -111.68471,
            40.64241
          ],
          [
            -111.68475,
            40.6424
          ],
          [
            -111.68491,
            40.64237
          ],
          [
            -111.68504,
            40.64234
          ],
          [
            -111.68507,
            40.64234
          ],
          [
            -111.68516,
            40.64232
          ],
          [
            -111.68533,
            40.64228
          ],
          [
            -111.68544,
            40.64225
          ],
          [
            -111.68549,
            40.64223
          ],
          [
            -111.68573,
            40.64215
          ],
          [
            -111.68574,
            40.64215
          ],
          [
            -111.68585,
            40.64211
          ],
          [
            -111.68604,
            40.64204
          ],
          [
            -111.6863,
            40.64193
          ],
          [
            -111.68648,
            40.64184
          ],
          [
            -111.68679,
            40.6417
          ],
          [
            -111.68717,
            40.64151
          ],
          [
            -111.68738,
            40.6414
          ],
          [
            -111.68749,
            40.64134
          ],
          [
            -111.68762,
            40.64128
          ],
          [
            -111.68769,
            40.64125
          ],
          [
            -111.68805,
            40.64107
          ],
          [
            -111.68829,
            40.64096
          ],
          [
            -111.68862,
            40.64079
          ],
          [
            -111.68884,
            40.64069
          ],
          [
            -111.68896,
            40.64064
          ],
          [
            -111.68987,
            40.64028
          ],
          [
            -111.69003,
            40.64023
          ],
          [
            -111.69014,
            40.6402
          ],
          [
            -111.69022,
            40.64017
          ],
          [
            -111.69029,
            40.64015
          ],
          [
            -111.69039,
            40.64013
          ],
          [
            -111.69053,
            40.6401
          ],
          [
            -111.69061,
            40.64008
          ],
          [
            -111.6907,
            40.64007
          ],
          [
            -111.69078,
            40.64005
          ],
          [
            -111.6909,
            40.64003
          ],
          [
            -111.69092,
            40.64003
          ],
          [
            -111.69094,
            40.64003
          ],
          [
            -111.69117,
            40.64
          ],
          [
            -111.69151,
            40.63996
          ],
          [
            -111.69189,
            40.63993
          ],
          [
            -111.69204,
            40.63991
          ],
          [
            -111.69214,
            40.63989
          ],
          [
            -111.69225,
            40.63988
          ],
          [
            -111.6923,
            40.63987
          ],
          [
            -111.6924,
            40.63985
          ],
          [
            -111.69253,
            40.63983
          ],
          [
            -111.69256,
            40.63982
          ],
          [
            -111.69265,
            40.6398
          ],
          [
            -111.69278,
            40.63977
          ],
          [
            -111.69288,
            40.63975
          ],
          [
            -111.69297,
            40.63972
          ],
          [
            -111.69314,
            40.63967
          ],
          [
            -111.69323,
            40.63964
          ],
          [
            -111.69328,
            40.63962
          ],
          [
            -111.6936,
            40.63948
          ],
          [
            -111.69364,
            40.63946
          ],
          [
            -111.69378,
            40.63939
          ],
          [
            -111.69394,
            40.63931
          ],
          [
            -111.6941,
            40.63923
          ],
          [
            -111.69425,
            40.63914
          ],
          [
            -111.69438,
            40.63905
          ],
          [
            -111.69452,
            40.63897
          ],
          [
            -111.69466,
            40.63886
          ],
          [
            -111.69478,
            40.63877
          ],
          [
            -111.69503,
            40.63855
          ],
          [
            -111.69544,
            40.63815
          ],
          [
            -111.69562,
            40.63798
          ],
          [
            -111.69578,
            40.63784
          ],
          [
            -111.6959,
            40.63774
          ],
          [
            -111.69601,
            40.63765
          ],
          [
            -111.69616,
            40.63755
          ],
          [
            -111.69628,
            40.63748
          ],
          [
            -111.69643,
            40.63739
          ],
          [
            -111.69661,
            40.6373
          ],
          [
            -111.6968,
            40.6372
          ],
          [
            -111.69689,
            40.63716
          ],
          [
            -111.6969,
            40.63715
          ],
          [
            -111.69704,
            40.63709
          ],
          [
            -111.69721,
            40.63703
          ],
          [
            -111.6973,
            40.63699
          ],
          [
            -111.69739,
            40.63696
          ],
          [
            -111.69754,
            40.63691
          ],
          [
            -111.69773,
            40.63685
          ],
          [
            -111.69782,
            40.63683
          ],
          [
            -111.69785,
            40.63682
          ],
          [
            -111.69792,
            40.6368
          ],
          [
            -111.69816,
            40.63674
          ],
          [
            -111.69842,
            40.63667
          ],
          [
            -111.69846,
            40.63666
          ],
          [
            -111.69853,
            40.63664
          ],
          [
            -111.69864,
            40.63661
          ],
          [
            -111.6989,
            40.63654
          ],
          [
            -111.69914,
            40.63647
          ],
          [
            -111.69941,
            40.63638
          ],
          [
            -111.6996,
            40.63631
          ],
          [
            -111.69972,
            40.63628
          ],
          [
            -111.69981,
            40.63624
          ],
          [
            -111.6999,
            40.63621
          ],
          [
            -111.70004,
            40.63614
          ],
          [
            -111.70014,
            40.63608
          ],
          [
            -111.70027,
            40.63602
          ],
          [
            -111.70054,
            40.63584
          ],
          [
            -111.7006,
            40.6358
          ],
          [
            -111.70104,
            40.63551
          ],
          [
            -111.70123,
            40.63539
          ],
          [
            -111.7014,
            40.63528
          ],
          [
            -111.70146,
            40.63525
          ],
          [
            -111.70156,
            40.63519
          ],
          [
            -111.70166,
            40.63514
          ],
          [
            -111.70173,
            40.63511
          ],
          [
            -111.70183,
            40.63507
          ],
          [
            -111.702,
            40.63502
          ],
          [
            -111.70213,
            40.63498
          ],
          [
            -111.70229,
            40.63493
          ],
          [
            -111.70248,
            40.63489
          ],
          [
            -111.70258,
            40.63486
          ],
          [
            -111.70281,
            40.6348
          ],
          [
            -111.7029,
            40.63477
          ],
          [
            -111.70307,
            40.63473
          ],
          [
            -111.70318,
            40.63469
          ],
          [
            -111.70328,
            40.63466
          ],
          [
            -111.7034,
            40.63461
          ],
          [
            -111.70365,
            40.63448
          ],
          [
            -111.70367,
            40.63447
          ],
          [
            -111.7037,
            40.63445
          ],
          [
            -111.70379,
            40.63439
          ],
          [
            -111.70388,
            40.63433
          ],
          [
            -111.70395,
            40.63428
          ],
          [
            -111.70406,
            40.63417
          ],
          [
            -111.70417,
            40.63403
          ],
          [
            -111.70424,
            40.63395
          ],
          [
            -111.70429,
            40.63387
          ],
          [
            -111.70446,
            40.63363
          ],
          [
            -111.70457,
            40.63349
          ],
          [
            -111.7046,
            40.63346
          ],
          [
            -111.70462,
            40.63343
          ],
          [
            -111.70466,
            40.63339
          ],
          [
            -111.7047,
            40.63335
          ],
          [
            -111.70473,
            40.63332
          ],
          [
            -111.70477,
            40.63329
          ],
          [
            -111.70485,
            40.63321
          ],
          [
            -111.70486,
            40.63321
          ],
          [
            -111.7049,
            40.63318
          ],
          [
            -111.70493,
            40.63317
          ],
          [
            -111.70501,
            40.63312
          ],
          [
            -111.70504,
            40.6331
          ],
          [
            -111.70505,
            40.63309
          ],
          [
            -111.70513,
            40.63306
          ],
          [
            -111.70521,
            40.63303
          ],
          [
            -111.7053,
            40.63301
          ],
          [
            -111.70539,
            40.63299
          ],
          [
            -111.70548,
            40.63298
          ],
          [
            -111.70555,
            40.63297
          ],
          [
            -111.70563,
            40.63296
          ],
          [
            -111.70571,
            40.63297
          ],
          [
            -111.70575,
            40.63297
          ],
          [
            -111.70583,
            40.63297
          ],
          [
            -111.70591,
            40.63298
          ],
          [
            -111.70595,
            40.63299
          ],
          [
            -111.70599,
            40.633
          ],
          [
            -111.70607,
            40.63302
          ],
          [
            -111.70615,
            40.63305
          ],
          [
            -111.70617,
            40.63306
          ],
          [
            -111.70622,
            40.63308
          ],
          [
            -111.70631,
            40.63312
          ],
          [
            -111.70636,
            40.63315
          ],
          [
            -111.70646,
            40.63321
          ],
          [
            -111.70657,
            40.63328
          ],
          [
            -111.7067,
            40.63337
          ],
          [
            -111.7069,
            40.6335
          ],
          [
            -111.707,
            40.63356
          ],
          [
            -111.7071,
            40.63361
          ],
          [
            -111.70715,
            40.63364
          ],
          [
            -111.70722,
            40.63368
          ],
          [
            -111.70729,
            40.63372
          ],
          [
            -111.70733,
            40.63374
          ],
          [
            -111.70736,
            40.63375
          ],
          [
            -111.70745,
            40.63379
          ],
          [
            -111.70749,
            40.63381
          ],
          [
            -111.70761,
            40.63386
          ],
          [
            -111.70767,
            40.63388
          ],
          [
            -111.7077,
            40.63389
          ],
          [
            -111.70776,
            40.63392
          ],
          [
            -111.70787,
            40.63395
          ],
          [
            -111.70792,
            40.63397
          ],
          [
            -111.70802,
            40.634
          ],
          [
            -111.70822,
            40.63404
          ],
          [
            -111.70833,
            40.63407
          ],
          [
            -111.7084,
            40.63408
          ],
          [
            -111.70843,
            40.63409
          ],
          [
            -111.70851,
            40.6341
          ],
          [
            -111.7086,
            40.63411
          ],
          [
            -111.70863,
            40.63411
          ],
          [
            -111.70865,
            40.63411
          ],
          [
            -111.70878,
            40.63412
          ],
          [
            -111.70884,
            40.63413
          ],
          [
            -111.70888,
            40.63413
          ],
          [
            -111.70897,
            40.63414
          ],
          [
            -111.70908,
            40.63414
          ],
          [
            -111.70912,
            40.63414
          ],
          [
            -111.70922,
            40.63414
          ],
          [
            -111.70931,
            40.63414
          ],
          [
            -111.70949,
            40.63413
          ],
          [
            -111.7096,
            40.63412
          ],
          [
            -111.70965,
            40.63412
          ],
          [
            -111.70969,
            40.63412
          ],
          [
            -111.70985,
            40.63411
          ],
          [
            -111.70999,
            40.6341
          ],
          [
            -111.71016,
            40.63408
          ],
          [
            -111.71027,
            40.63407
          ],
          [
            -111.71035,
            40.63406
          ],
          [
            -111.71042,
            40.63406
          ],
          [
            -111.71049,
            40.63406
          ],
          [
            -111.71055,
            40.63406
          ],
          [
            -111.7106,
            40.63406
          ],
          [
            -111.71063,
            40.63406
          ],
          [
            -111.71072,
            40.63406
          ],
          [
            -111.7108,
            40.63406
          ],
          [
            -111.71084,
            40.63406
          ],
          [
            -111.71094,
            40.63407
          ],
          [
            -111.71107,
            40.63408
          ],
          [
            -111.7111,
            40.63408
          ],
          [
            -111.71122,
            40.63409
          ],
          [
            -111.71131,
            40.6341
          ],
          [
            -111.71137,
            40.63411
          ],
          [
            -111.71147,
            40.63411
          ],
          [
            -111.7116,
            40.63412
          ],
          [
            -111.71175,
            40.63413
          ],
          [
            -111.71188,
            40.63413
          ],
          [
            -111.71202,
            40.63413
          ],
          [
            -111.71204,
            40.63413
          ],
          [
            -111.7122,
            40.63412
          ],
          [
            -111.71236,
            40.63412
          ],
          [
            -111.71243,
            40.63411
          ],
          [
            -111.71249,
            40.6341
          ],
          [
            -111.71265,
            40.63408
          ],
          [
            -111.71273,
            40.63407
          ],
          [
            -111.71285,
            40.63405
          ],
          [
            -111.71304,
            40.63402
          ],
          [
            -111.71321,
            40.634
          ],
          [
            -111.71336,
            40.63397
          ],
          [
            -111.71353,
            40.63395
          ],
          [
            -111.71368,
            40.63392
          ],
          [
            -111.71386,
            40.63389
          ],
          [
            -111.71399,
            40.63387
          ],
          [
            -111.71407,
            40.63386
          ],
          [
            -111.71414,
            40.63386
          ],
          [
            -111.71428,
            40.63385
          ],
          [
            -111.71442,
            40.63384
          ],
          [
            -111.71459,
            40.63384
          ],
          [
            -111.71487,
            40.63384
          ],
          [
            -111.71513,
            40.63384
          ],
          [
            -111.71529,
            40.63384
          ],
          [
            -111.71542,
            40.63383
          ],
          [
            -111.71555,
            40.63383
          ],
          [
            -111.71563,
            40.63382
          ],
          [
            -111.71571,
            40.63382
          ],
          [
            -111.7158,
            40.63381
          ],
          [
            -111.71588,
            40.6338
          ],
          [
            -111.71595,
            40.63379
          ],
          [
            -111.71596,
            40.63379
          ],
          [
            -111.71603,
            40.63378
          ],
          [
            -111.71615,
            40.63376
          ],
          [
            -111.71618,
            40.63375
          ],
          [
            -111.71624,
            40.63374
          ],
          [
            -111.71643,
            40.63371
          ],
          [
            -111.71662,
            40.63368
          ],
          [
            -111.71676,
            40.63366
          ],
          [
            -111.71691,
            40.63364
          ],
          [
            -111.71702,
            40.63364
          ],
          [
            -111.71714,
            40.63363
          ],
          [
            -111.71736,
            40.63363
          ],
          [
            -111.7176,
            40.63363
          ],
          [
            -111.71774,
            40.63363
          ],
          [
            -111.71785,
            40.63363
          ],
          [
            -111.71794,
            40.63362
          ],
          [
            -111.71807,
            40.63361
          ],
          [
            -111.71815,
            40.63359
          ],
          [
            -111.71826,
            40.63357
          ],
          [
            -111.71839,
            40.63354
          ],
          [
            -111.71851,
            40.63351
          ],
          [
            -111.71866,
            40.63346
          ],
          [
            -111.71883,
            40.63339
          ],
          [
            -111.71893,
            40.63335
          ],
          [
            -111.71904,
            40.63331
          ],
          [
            -111.71912,
            40.63329
          ],
          [
            -111.7192,
            40.63326
          ],
          [
            -111.71927,
            40.63324
          ],
          [
            -111.71935,
            40.63322
          ],
          [
            -111.71947,
            40.6332
          ],
          [
            -111.71953,
            40.63319
          ],
          [
            -111.71958,
            40.63318
          ],
          [
            -111.71963,
            40.63317
          ],
          [
            -111.71968,
            40.63317
          ],
          [
            -111.7198,
            40.63317
          ],
          [
            -111.71987,
            40.63317
          ],
          [
            -111.71995,
            40.63317
          ],
          [
            -111.72001,
            40.63317
          ],
          [
            -111.72009,
            40.63317
          ],
          [
            -111.72011,
            40.63317
          ],
          [
            -111.72018,
            40.63318
          ],
          [
            -111.72023,
            40.63318
          ],
          [
            -111.7203,
            40.63318
          ],
          [
            -111.72037,
            40.63319
          ],
          [
            -111.72044,
            40.63319
          ],
          [
            -111.72056,
            40.63318
          ],
          [
            -111.72064,
            40.63318
          ],
          [
            -111.72072,
            40.63318
          ],
          [
            -111.72078,
            40.63317
          ],
          [
            -111.72083,
            40.63316
          ],
          [
            -111.72088,
            40.63316
          ],
          [
            -111.721,
            40.63313
          ],
          [
            -111.72127,
            40.63309
          ],
          [
            -111.72149,
            40.63304
          ],
          [
            -111.72165,
            40.63301
          ],
          [
            -111.72175,
            40.633
          ],
          [
            -111.7218,
            40.633
          ],
          [
            -111.72184,
            40.633
          ],
          [
            -111.72189,
            40.633
          ],
          [
            -111.72192,
            40.63301
          ],
          [
            -111.72195,
            40.63301
          ],
          [
            -111.72196,
            40.63301
          ],
          [
            -111.72199,
            40.63302
          ],
          [
            -111.72203,
            40.63303
          ],
          [
            -111.72212,
            40.63308
          ],
          [
            -111.72225,
            40.63314
          ],
          [
            -111.72239,
            40.63322
          ],
          [
            -111.72248,
            40.63329
          ],
          [
            -111.72256,
            40.63335
          ],
          [
            -111.72266,
            40.63344
          ],
          [
            -111.72277,
            40.63355
          ],
          [
            -111.72288,
            40.63366
          ],
          [
            -111.72307,
            40.63385
          ],
          [
            -111.72318,
            40.63396
          ],
          [
            -111.72332,
            40.63408
          ],
          [
            -111.72341,
            40.63415
          ],
          [
            -111.72349,
            40.6342
          ],
          [
            -111.72361,
            40.63428
          ],
          [
            -111.72367,
            40.63432
          ],
          [
            -111.72384,
            40.63442
          ],
          [
            -111.72385,
            40.63443
          ],
          [
            -111.72396,
            40.63449
          ],
          [
            -111.72404,
            40.63453
          ],
          [
            -111.72408,
            40.63455
          ],
          [
            -111.72414,
            40.63458
          ],
          [
            -111.72421,
            40.6346
          ],
          [
            -111.72427,
            40.63461
          ],
          [
            -111.72432,
            40.63461
          ],
          [
            -111.72435,
            40.63461
          ],
          [
            -111.7244,
            40.63461
          ],
          [
            -111.72445,
            40.6346
          ],
          [
            -111.72449,
            40.63458
          ],
          [
            -111.72452,
            40.63457
          ],
          [
            -111.72456,
            40.63455
          ],
          [
            -111.72458,
            40.63453
          ],
          [
            -111.72461,
            40.6345
          ],
          [
            -111.72462,
            40.63449
          ],
          [
            -111.72464,
            40.63446
          ],
          [
            -111.72465,
            40.63444
          ],
          [
            -111.72466,
            40.63441
          ],
          [
            -111.72466,
            40.63439
          ],
          [
            -111.72466,
            40.63437
          ],
          [
            -111.72466,
            40.63436
          ],
          [
            -111.72466,
            40.63435
          ],
          [
            -111.72466,
            40.63434
          ],
          [
            -111.72465,
            40.63431
          ],
          [
            -111.72464,
            40.6343
          ],
          [
            -111.72463,
            40.63428
          ],
          [
            -111.72462,
            40.63426
          ],
          [
            -111.7246,
            40.63423
          ],
          [
            -111.72457,
            40.63421
          ],
          [
            -111.72454,
            40.63418
          ],
          [
            -111.7245,
            40.63415
          ],
          [
            -111.72446,
            40.63414
          ],
          [
            -111.7244,
            40.63412
          ],
          [
            -111.72437,
            40.63411
          ],
          [
            -111.72434,
            40.63411
          ],
          [
            -111.72429,
            40.63411
          ],
          [
            -111.72425,
            40.6341
          ],
          [
            -111.7242,
            40.6341
          ],
          [
            -111.72413,
            40.6341
          ],
          [
            -111.72411,
            40.6341
          ],
          [
            -111.72407,
            40.63409
          ],
          [
            -111.72405,
            40.63409
          ],
          [
            -111.72402,
            40.63408
          ],
          [
            -111.724,
            40.63407
          ],
          [
            -111.72397,
            40.63406
          ],
          [
            -111.72395,
            40.63404
          ],
          [
            -111.72392,
            40.63402
          ],
          [
            -111.72389,
            40.63399
          ],
          [
            -111.72388,
            40.63398
          ],
          [
            -111.72387,
            40.63396
          ],
          [
            -111.72387,
            40.63395
          ],
          [
            -111.72386,
            40.63393
          ],
          [
            -111.72386,
            40.6339
          ],
          [
            -111.72386,
            40.63388
          ],
          [
            -111.72386,
            40.63385
          ],
          [
            -111.72387,
            40.63383
          ],
          [
            -111.72388,
            40.63381
          ],
          [
            -111.72389,
            40.63379
          ],
          [
            -111.72392,
            40.63375
          ],
          [
            -111.72394,
            40.63373
          ],
          [
            -111.72396,
            40.63372
          ],
          [
            -111.72396,
            40.63371
          ],
          [
            -111.72397,
            40.63371
          ],
          [
            -111.72399,
            40.63369
          ],
          [
            -111.72402,
            40.63368
          ],
          [
            -111.72404,
            40.63368
          ],
          [
            -111.72406,
            40.63367
          ],
          [
            -111.72409,
            40.63367
          ],
          [
            -111.72413,
            40.63367
          ],
          [
            -111.72416,
            40.63367
          ],
          [
            -111.72417,
            40.63367
          ],
          [
            -111.72419,
            40.63367
          ],
          [
            -111.72422,
            40.63368
          ],
          [
            -111.72425,
            40.63368
          ],
          [
            -111.72429,
            40.6337
          ],
          [
            -111.72433,
            40.63371
          ],
          [
            -111.72437,
            40.63373
          ],
          [
            -111.72439,
            40.63374
          ],
          [
            -111.72444,
            40.63377
          ],
          [
            -111.72452,
            40.63382
          ],
          [
            -111.72458,
            40.63385
          ],
          [
            -111.72464,
            40.63388
          ],
          [
            -111.72475,
            40.63394
          ],
          [
            -111.72477,
            40.63396
          ],
          [
            -111.72496,
            40.63406
          ],
          [
            -111.72522,
            40.6342
          ],
          [
            -111.72534,
            40.63427
          ],
          [
            -111.72553,
            40.63438
          ],
          [
            -111.72559,
            40.63441
          ],
          [
            -111.72561,
            40.63442
          ],
          [
            -111.72572,
            40.63449
          ],
          [
            -111.72591,
            40.6346
          ],
          [
            -111.72616,
            40.63474
          ],
          [
            -111.7263,
            40.63481
          ],
          [
            -111.72639,
            40.63486
          ],
          [
            -111.72644,
            40.63488
          ],
          [
            -111.72648,
            40.63489
          ],
          [
            -111.7265,
            40.6349
          ],
          [
            -111.72654,
            40.63491
          ],
          [
            -111.7266,
            40.63493
          ],
          [
            -111.72668,
            40.63495
          ],
          [
            -111.7267,
            40.63495
          ],
          [
            -111.72672,
            40.63496
          ],
          [
            -111.7268,
            40.63497
          ],
          [
            -111.72686,
            40.63497
          ],
          [
            -111.72693,
            40.63498
          ],
          [
            -111.72699,
            40.63499
          ],
          [
            -111.72715,
            40.63499
          ],
          [
            -111.72719,
            40.63499
          ],
          [
            -111.72727,
            40.63499
          ],
          [
            -111.7274,
            40.63499
          ],
          [
            -111.72743,
            40.63499
          ],
          [
            -111.72757,
            40.63499
          ],
          [
            -111.72771,
            40.63499
          ],
          [
            -111.72791,
            40.63499
          ],
          [
            -111.72808,
            40.63499
          ],
          [
            -111.72839,
            40.63498
          ],
          [
            -111.72859,
            40.63498
          ],
          [
            -111.72874,
            40.63497
          ],
          [
            -111.72888,
            40.63496
          ],
          [
            -111.72901,
            40.63494
          ],
          [
            -111.7291,
            40.63493
          ],
          [
            -111.72919,
            40.63492
          ],
          [
            -111.72925,
            40.6349
          ],
          [
            -111.72931,
            40.63489
          ],
          [
            -111.72936,
            40.63488
          ],
          [
            -111.72938,
            40.63487
          ],
          [
            -111.7294,
            40.63487
          ],
          [
            -111.7295,
            40.63484
          ],
          [
            -111.72954,
            40.63482
          ],
          [
            -111.72959,
            40.63481
          ],
          [
            -111.72966,
            40.63478
          ],
          [
            -111.72977,
            40.63474
          ],
          [
            -111.72997,
            40.63464
          ],
          [
            -111.73007,
            40.63459
          ],
          [
            -111.73015,
            40.63455
          ],
          [
            -111.73017,
            40.63454
          ],
          [
            -111.73027,
            40.63448
          ],
          [
            -111.73033,
            40.63444
          ],
          [
            -111.73048,
            40.63435
          ],
          [
            -111.73065,
            40.63425
          ],
          [
            -111.73077,
            40.63418
          ],
          [
            -111.73092,
            40.63408
          ],
          [
            -111.73116,
            40.63392
          ],
          [
            -111.73124,
            40.63387
          ],
          [
            -111.7313,
            40.63383
          ],
          [
            -111.73146,
            40.63373
          ],
          [
            -111.73166,
            40.6336
          ],
          [
            -111.73174,
            40.63355
          ],
          [
            -111.73179,
            40.63352
          ],
          [
            -111.73184,
            40.63348
          ],
          [
            -111.73196,
            40.6334
          ],
          [
            -111.73208,
            40.63332
          ],
          [
            -111.73214,
            40.63327
          ],
          [
            -111.73217,
            40.63325
          ],
          [
            -111.73219,
            40.63324
          ],
          [
            -111.73231,
            40.63315
          ],
          [
            -111.7324,
            40.63308
          ],
          [
            -111.73248,
            40.63302
          ],
          [
            -111.7326,
            40.63294
          ],
          [
            -111.73266,
            40.63289
          ],
          [
            -111.7327,
            40.63286
          ],
          [
            -111.73296,
            40.63267
          ],
          [
            -111.73299,
            40.63265
          ],
          [
            -111.73333,
            40.6324
          ],
          [
            -111.73338,
            40.63235
          ],
          [
            -111.73349,
            40.63227
          ],
          [
            -111.73366,
            40.63214
          ],
          [
            -111.73388,
            40.63199
          ],
          [
            -111.7339,
            40.63197
          ],
          [
            -111.734,
            40.6319
          ],
          [
            -111.73423,
            40.63173
          ],
          [
            -111.7344,
            40.63161
          ],
          [
            -111.73458,
            40.63147
          ],
          [
            -111.73473,
            40.63136
          ],
          [
            -111.73488,
            40.63125
          ],
          [
            -111.73523,
            40.63099
          ],
          [
            -111.73523,
            40.63098
          ],
          [
            -111.73524,
            40.63098
          ],
          [
            -111.73525,
            40.63097
          ],
          [
            -111.73526,
            40.63097
          ],
          [
            -111.73528,
            40.63095
          ],
          [
            -111.73538,
            40.63088
          ],
          [
            -111.7355,
            40.63079
          ],
          [
            -111.73558,
            40.63074
          ],
          [
            -111.73559,
            40.63074
          ],
          [
            -111.73561,
            40.63073
          ],
          [
            -111.73564,
            40.63071
          ],
          [
            -111.73568,
            40.63068
          ],
          [
            -111.73577,
            40.63063
          ],
          [
            -111.73584,
            40.6306
          ],
          [
            -111.73592,
            40.63056
          ],
          [
            -111.73599,
            40.63053
          ],
          [
            -111.73608,
            40.63049
          ],
          [
            -111.73615,
            40.63046
          ],
          [
            -111.73629,
            40.63041
          ],
          [
            -111.73637,
            40.63038
          ],
          [
            -111.73639,
            40.63037
          ],
          [
            -111.73644,
            40.63036
          ],
          [
            -111.73656,
            40.63032
          ],
          [
            -111.73662,
            40.63031
          ],
          [
            -111.73666,
            40.6303
          ],
          [
            -111.73673,
            40.63029
          ],
          [
            -111.73686,
            40.63026
          ],
          [
            -111.73697,
            40.63024
          ],
          [
            -111.73724,
            40.63019
          ],
          [
            -111.73744,
            40.63016
          ],
          [
            -111.73774,
            40.63012
          ],
          [
            -111.73778,
            40.63011
          ],
          [
            -111.7379,
            40.63009
          ],
          [
            -111.73798,
            40.63008
          ],
          [
            -111.73825,
            40.63003
          ],
          [
            -111.73846,
            40.62999
          ],
          [
            -111.73853,
            40.62997
          ],
          [
            -111.73864,
            40.62995
          ],
          [
            -111.7387,
            40.62993
          ],
          [
            -111.73875,
            40.62992
          ],
          [
            -111.73887,
            40.62989
          ],
          [
            -111.73897,
            40.62986
          ],
          [
            -111.73905,
            40.62984
          ],
          [
            -111.73911,
            40.62981
          ],
          [
            -111.73916,
            40.62979
          ],
          [
            -111.73923,
            40.62977
          ],
          [
            -111.73925,
            40.62976
          ],
          [
            -111.7393,
            40.62974
          ],
          [
            -111.73933,
            40.62973
          ],
          [
            -111.73935,
            40.62972
          ],
          [
            -111.73941,
            40.62969
          ],
          [
            -111.7395,
            40.62964
          ],
          [
            -111.73959,
            40.62959
          ],
          [
            -111.73964,
            40.62956
          ],
          [
            -111.73969,
            40.62953
          ],
          [
            -111.73975,
            40.6295
          ],
          [
            -111.73979,
            40.62947
          ],
          [
            -111.73983,
            40.62945
          ],
          [
            -111.73992,
            40.62939
          ],
          [
            -111.73993,
            40.62939
          ],
          [
            -111.74001,
            40.62933
          ],
          [
            -111.7401,
            40.62927
          ],
          [
            -111.74024,
            40.62917
          ],
          [
            -111.74038,
            40.62907
          ],
          [
            -111.74048,
            40.629
          ],
          [
            -111.74054,
            40.62896
          ],
          [
            -111.7407,
            40.62884
          ],
          [
            -111.74078,
            40.62879
          ],
          [
            -111.74079,
            40.62878
          ],
          [
            -111.74103,
            40.62862
          ],
          [
            -111.74105,
            40.6286
          ],
          [
            -111.74123,
            40.62848
          ],
          [
            -111.74123,
            40.62847
          ],
          [
            -111.74132,
            40.62841
          ],
          [
            -111.74133,
            40.6284
          ],
          [
            -111.7414,
            40.62835
          ],
          [
            -111.74145,
            40.62831
          ],
          [
            -111.74148,
            40.62829
          ],
          [
            -111.74154,
            40.62823
          ],
          [
            -111.74156,
            40.62822
          ],
          [
            -111.74163,
            40.62815
          ],
          [
            -111.74163,
            40.62814
          ],
          [
            -111.7417,
            40.62807
          ],
          [
            -111.74178,
            40.62799
          ],
          [
            -111.74183,
            40.62793
          ],
          [
            -111.74185,
            40.6279
          ],
          [
            -111.7419,
            40.62783
          ],
          [
            -111.74197,
            40.62771
          ],
          [
            -111.74201,
            40.62764
          ],
          [
            -111.74203,
            40.6276
          ],
          [
            -111.74205,
            40.62756
          ],
          [
            -111.74207,
            40.62752
          ],
          [
            -111.74207,
            40.62751
          ],
          [
            -111.74207,
            40.6275
          ],
          [
            -111.74209,
            40.62743
          ],
          [
            -111.74209,
            40.62742
          ],
          [
            -111.74211,
            40.62734
          ],
          [
            -111.74212,
            40.62728
          ],
          [
            -111.74212,
            40.62725
          ],
          [
            -111.74212,
            40.62722
          ],
          [
            -111.74212,
            40.62717
          ],
          [
            -111.74213,
            40.62711
          ],
          [
            -111.74213,
            40.62705
          ],
          [
            -111.74212,
            40.62697
          ],
          [
            -111.74211,
            40.62689
          ],
          [
            -111.74209,
            40.62679
          ],
          [
            -111.74209,
            40.6267
          ],
          [
            -111.74208,
            40.62668
          ],
          [
            -111.74208,
            40.62665
          ],
          [
            -111.74207,
            40.62656
          ],
          [
            -111.74206,
            40.62651
          ],
          [
            -111.74206,
            40.62649
          ],
          [
            -111.74206,
            40.62643
          ],
          [
            -111.74206,
            40.6264
          ],
          [
            -111.74207,
            40.62637
          ],
          [
            -111.74207,
            40.62632
          ],
          [
            -111.74209,
            40.62626
          ],
          [
            -111.74211,
            40.62622
          ],
          [
            -111.74213,
            40.62618
          ],
          [
            -111.74214,
            40.62614
          ],
          [
            -111.74217,
            40.6261
          ],
          [
            -111.7422,
            40.62606
          ],
          [
            -111.74224,
            40.62599
          ],
          [
            -111.74227,
            40.62596
          ],
          [
            -111.74231,
            40.62592
          ],
          [
            -111.74237,
            40.62586
          ],
          [
            -111.74253,
            40.62573
          ],
          [
            -111.74263,
            40.62568
          ],
          [
            -111.74273,
            40.62563
          ],
          [
            -111.7428,
            40.62561
          ],
          [
            -111.74286,
            40.62558
          ],
          [
            -111.74291,
            40.62556
          ],
          [
            -111.74297,
            40.62554
          ],
          [
            -111.74301,
            40.62552
          ],
          [
            -111.74305,
            40.6255
          ],
          [
            -111.74309,
            40.62547
          ],
          [
            -111.74313,
            40.62543
          ],
          [
            -111.74315,
            40.62541
          ],
          [
            -111.74317,
            40.62539
          ],
          [
            -111.74318,
            40.62538
          ],
          [
            -111.74319,
            40.62536
          ],
          [
            -111.7432,
            40.62532
          ],
          [
            -111.74321,
            40.62529
          ],
          [
            -111.74322,
            40.62526
          ],
          [
            -111.74322,
            40.62523
          ],
          [
            -111.74322,
            40.62521
          ],
          [
            -111.74321,
            40.62518
          ],
          [
            -111.74321,
            40.62516
          ],
          [
            -111.7432,
            40.62513
          ],
          [
            -111.74319,
            40.62509
          ],
          [
            -111.74318,
            40.62506
          ],
          [
            -111.74318,
            40.62503
          ],
          [
            -111.74315,
            40.62496
          ],
          [
            -111.74313,
            40.62487
          ],
          [
            -111.74311,
            40.62482
          ],
          [
            -111.7431,
            40.62477
          ],
          [
            -111.74308,
            40.6247
          ],
          [
            -111.74308,
            40.62464
          ],
          [
            -111.74308,
            40.62459
          ],
          [
            -111.74308,
            40.62454
          ],
          [
            -111.74308,
            40.62452
          ],
          [
            -111.74308,
            40.6245
          ],
          [
            -111.74308,
            40.62445
          ],
          [
            -111.7431,
            40.62437
          ],
          [
            -111.74312,
            40.62427
          ],
          [
            -111.74316,
            40.62415
          ],
          [
            -111.74319,
            40.62407
          ],
          [
            -111.74322,
            40.624
          ],
          [
            -111.74326,
            40.62392
          ],
          [
            -111.74333,
            40.62383
          ],
          [
            -111.74336,
            40.62378
          ],
          [
            -111.74342,
            40.62372
          ],
          [
            -111.74355,
            40.6236
          ],
          [
            -111.74363,
            40.62354
          ],
          [
            -111.7437,
            40.62348
          ],
          [
            -111.74375,
            40.62344
          ],
          [
            -111.74385,
            40.62338
          ],
          [
            -111.74392,
            40.62334
          ],
          [
            -111.74394,
            40.62333
          ],
          [
            -111.74399,
            40.62331
          ],
          [
            -111.74406,
            40.62327
          ],
          [
            -111.74413,
            40.62324
          ],
          [
            -111.7442,
            40.62322
          ],
          [
            -111.74427,
            40.6232
          ],
          [
            -111.74437,
            40.62318
          ],
          [
            -111.74443,
            40.62317
          ],
          [
            -111.7445,
            40.62317
          ],
          [
            -111.74456,
            40.62316
          ],
          [
            -111.74461,
            40.62316
          ],
          [
            -111.74466,
            40.62316
          ],
          [
            -111.74467,
            40.62316
          ],
          [
            -111.74469,
            40.62316
          ],
          [
            -111.7447,
            40.62316
          ],
          [
            -111.7448,
            40.62316
          ],
          [
            -111.74491,
            40.62316
          ],
          [
            -111.74494,
            40.62316
          ],
          [
            -111.74495,
            40.62316
          ],
          [
            -111.74513,
            40.62315
          ],
          [
            -111.74519,
            40.62315
          ],
          [
            -111.74522,
            40.62315
          ],
          [
            -111.74527,
            40.62315
          ],
          [
            -111.74531,
            40.62314
          ],
          [
            -111.74541,
            40.62313
          ],
          [
            -111.74548,
            40.62312
          ],
          [
            -111.74558,
            40.62311
          ],
          [
            -111.74562,
            40.6231
          ],
          [
            -111.74564,
            40.6231
          ],
          [
            -111.74565,
            40.6231
          ],
          [
            -111.74566,
            40.62309
          ],
          [
            -111.74575,
            40.62307
          ],
          [
            -111.74582,
            40.62305
          ],
          [
            -111.74588,
            40.62304
          ],
          [
            -111.74593,
            40.62302
          ],
          [
            -111.74606,
            40.62298
          ],
          [
            -111.74621,
            40.62292
          ],
          [
            -111.74627,
            40.62289
          ],
          [
            -111.7463,
            40.62288
          ],
          [
            -111.74641,
            40.62283
          ],
          [
            -111.74652,
            40.62277
          ],
          [
            -111.74663,
            40.62271
          ],
          [
            -111.74674,
            40.62264
          ],
          [
            -111.74689,
            40.62255
          ],
          [
            -111.74701,
            40.62248
          ],
          [
            -111.74707,
            40.62243
          ],
          [
            -111.74733,
            40.62226
          ],
          [
            -111.74761,
            40.62208
          ],
          [
            -111.74767,
            40.62204
          ],
          [
            -111.74773,
            40.622
          ],
          [
            -111.74778,
            40.62198
          ],
          [
            -111.74784,
            40.62195
          ],
          [
            -111.74787,
            40.62193
          ],
          [
            -111.74791,
            40.62192
          ],
          [
            -111.74795,
            40.6219
          ],
          [
            -111.748,
            40.62189
          ],
          [
            -111.74806,
            40.62187
          ],
          [
            -111.74811,
            40.62186
          ],
          [
            -111.74815,
            40.62185
          ],
          [
            -111.74819,
            40.62184
          ],
          [
            -111.74826,
            40.62183
          ],
          [
            -111.74834,
            40.62182
          ],
          [
            -111.7484,
            40.62181
          ],
          [
            -111.74842,
            40.62181
          ],
          [
            -111.74845,
            40.62181
          ],
          [
            -111.7485,
            40.6218
          ],
          [
            -111.74873,
            40.62178
          ],
          [
            -111.74892,
            40.62177
          ],
          [
            -111.749,
            40.62176
          ],
          [
            -111.74918,
            40.62174
          ],
          [
            -111.74942,
            40.62173
          ],
          [
            -111.74956,
            40.62172
          ],
          [
            -111.74964,
            40.62172
          ],
          [
            -111.74972,
            40.62172
          ],
          [
            -111.74979,
            40.62173
          ],
          [
            -111.74986,
            40.62174
          ],
          [
            -111.74991,
            40.62175
          ],
          [
            -111.74996,
            40.62176
          ],
          [
            -111.75,
            40.62177
          ],
          [
            -111.75008,
            40.6218
          ],
          [
            -111.75011,
            40.62182
          ],
          [
            -111.75019,
            40.62185
          ],
          [
            -111.75028,
            40.6219
          ],
          [
            -111.75036,
            40.62196
          ],
          [
            -111.75041,
            40.622
          ],
          [
            -111.75044,
            40.62202
          ],
          [
            -111.75045,
            40.62203
          ],
          [
            -111.75048,
            40.62206
          ],
          [
            -111.7505,
            40.62209
          ],
          [
            -111.75053,
            40.62213
          ],
          [
            -111.75056,
            40.62219
          ],
          [
            -111.75057,
            40.62222
          ],
          [
            -111.75059,
            40.62226
          ],
          [
            -111.7506,
            40.6223
          ],
          [
            -111.75062,
            40.62238
          ],
          [
            -111.75061,
            40.62245
          ],
          [
            -111.7506,
            40.62253
          ],
          [
            -111.7506,
            40.62255
          ],
          [
            -111.75059,
            40.6228
          ],
          [
            -111.75057,
            40.62304
          ],
          [
            -111.75055,
            40.62334
          ],
          [
            -111.75055,
            40.62337
          ],
          [
            -111.75054,
            40.62349
          ],
          [
            -111.75054,
            40.62353
          ],
          [
            -111.75053,
            40.62364
          ],
          [
            -111.75052,
            40.6237
          ],
          [
            -111.75052,
            40.62377
          ],
          [
            -111.75053,
            40.62385
          ],
          [
            -111.75053,
            40.62389
          ],
          [
            -111.75054,
            40.62393
          ],
          [
            -111.75055,
            40.62396
          ],
          [
            -111.75056,
            40.62399
          ],
          [
            -111.75059,
            40.62404
          ],
          [
            -111.75061,
            40.62407
          ],
          [
            -111.75065,
            40.62411
          ],
          [
            -111.75069,
            40.62416
          ],
          [
            -111.75073,
            40.62419
          ],
          [
            -111.75077,
            40.62421
          ],
          [
            -111.75082,
            40.62424
          ],
          [
            -111.75086,
            40.62426
          ],
          [
            -111.75092,
            40.62428
          ],
          [
            -111.75096,
            40.62429
          ],
          [
            -111.751,
            40.6243
          ],
          [
            -111.75103,
            40.62431
          ],
          [
            -111.75105,
            40.62431
          ],
          [
            -111.75109,
            40.62432
          ],
          [
            -111.75115,
            40.62433
          ],
          [
            -111.75121,
            40.62433
          ],
          [
            -111.75124,
            40.62433
          ],
          [
            -111.75125,
            40.62433
          ],
          [
            -111.75126,
            40.62433
          ],
          [
            -111.75127,
            40.62433
          ],
          [
            -111.75133,
            40.62432
          ],
          [
            -111.75138,
            40.62432
          ],
          [
            -111.75142,
            40.62431
          ],
          [
            -111.75144,
            40.62431
          ],
          [
            -111.75147,
            40.6243
          ],
          [
            -111.75149,
            40.62429
          ],
          [
            -111.7515,
            40.62429
          ],
          [
            -111.75151,
            40.62429
          ],
          [
            -111.75156,
            40.62427
          ],
          [
            -111.75161,
            40.62426
          ],
          [
            -111.75167,
            40.62423
          ],
          [
            -111.75178,
            40.62418
          ],
          [
            -111.75191,
            40.62412
          ],
          [
            -111.75215,
            40.62401
          ],
          [
            -111.75232,
            40.62394
          ],
          [
            -111.75238,
            40.62391
          ],
          [
            -111.75252,
            40.62385
          ],
          [
            -111.75259,
            40.62382
          ],
          [
            -111.75262,
            40.62381
          ],
          [
            -111.75265,
            40.6238
          ],
          [
            -111.75271,
            40.62378
          ],
          [
            -111.75275,
            40.62377
          ],
          [
            -111.75278,
            40.62376
          ],
          [
            -111.75282,
            40.62375
          ],
          [
            -111.75286,
            40.62375
          ],
          [
            -111.75291,
            40.62374
          ],
          [
            -111.75296,
            40.62374
          ],
          [
            -111.75298,
            40.62374
          ],
          [
            -111.75301,
            40.62373
          ],
          [
            -111.7531,
            40.62373
          ],
          [
            -111.75319,
            40.62374
          ],
          [
            -111.7533,
            40.62374
          ],
          [
            -111.75338,
            40.62374
          ],
          [
            -111.75342,
            40.62374
          ],
          [
            -111.75347,
            40.62374
          ],
          [
            -111.75355,
            40.62373
          ],
          [
            -111.75361,
            40.62371
          ],
          [
            -111.75365,
            40.6237
          ],
          [
            -111.75372,
            40.62368
          ],
          [
            -111.75377,
            40.62366
          ],
          [
            -111.75382,
            40.62363
          ],
          [
            -111.75387,
            40.6236
          ],
          [
            -111.75389,
            40.6236
          ],
          [
            -111.75393,
            40.62356
          ],
          [
            -111.75399,
            40.62352
          ],
          [
            -111.75407,
            40.62344
          ],
          [
            -111.75409,
            40.62342
          ],
          [
            -111.75414,
            40.62337
          ],
          [
            -111.75417,
            40.62334
          ],
          [
            -111.75418,
            40.62333
          ],
          [
            -111.75421,
            40.6233
          ],
          [
            -111.75427,
            40.62324
          ],
          [
            -111.75438,
            40.62316
          ],
          [
            -111.75445,
            40.62312
          ],
          [
            -111.75451,
            40.6231
          ],
          [
            -111.75455,
            40.62308
          ],
          [
            -111.75461,
            40.62306
          ],
          [
            -111.75466,
            40.62305
          ],
          [
            -111.7547,
            40.62304
          ],
          [
            -111.75478,
            40.62303
          ],
          [
            -111.75489,
            40.62301
          ],
          [
            -111.75502,
            40.623
          ],
          [
            -111.75505,
            40.623
          ],
          [
            -111.75514,
            40.62299
          ],
          [
            -111.75519,
            40.62299
          ],
          [
            -111.75528,
            40.62299
          ],
          [
            -111.75531,
            40.62299
          ],
          [
            -111.75533,
            40.62299
          ],
          [
            -111.75535,
            40.62299
          ],
          [
            -111.75539,
            40.62298
          ],
          [
            -111.75544,
            40.62298
          ],
          [
            -111.75552,
            40.62298
          ],
          [
            -111.75561,
            40.62298
          ],
          [
            -111.75566,
            40.62298
          ],
          [
            -111.75579,
            40.62298
          ],
          [
            -111.75593,
            40.62299
          ],
          [
            -111.75599,
            40.62299
          ],
          [
            -111.75603,
            40.62299
          ],
          [
            -111.75615,
            40.623
          ],
          [
            -111.75621,
            40.62301
          ],
          [
            -111.75627,
            40.62301
          ],
          [
            -111.75632,
            40.62302
          ],
          [
            -111.75642,
            40.62303
          ],
          [
            -111.75645,
            40.62303
          ],
          [
            -111.75655,
            40.62304
          ],
          [
            -111.75663,
            40.62305
          ],
          [
            -111.75668,
            40.62305
          ],
          [
            -111.75683,
            40.62307
          ],
          [
            -111.75691,
            40.62308
          ],
          [
            -111.75702,
            40.62309
          ],
          [
            -111.7571,
            40.6231
          ],
          [
            -111.75713,
            40.6231
          ],
          [
            -111.75714,
            40.62311
          ],
          [
            -111.75715,
            40.62311
          ],
          [
            -111.75726,
            40.62312
          ],
          [
            -111.75738,
            40.62313
          ],
          [
            -111.75752,
            40.62315
          ],
          [
            -111.75762,
            40.62316
          ],
          [
            -111.75772,
            40.62317
          ],
          [
            -111.75785,
            40.62318
          ],
          [
            -111.7579,
            40.62319
          ],
          [
            -111.75802,
            40.6232
          ],
          [
            -111.75806,
            40.6232
          ],
          [
            -111.75808,
            40.62321
          ],
          [
            -111.75809,
            40.62321
          ],
          [
            -111.75815,
            40.62321
          ],
          [
            -111.75819,
            40.62322
          ],
          [
            -111.75828,
            40.62323
          ],
          [
            -111.75832,
            40.62323
          ],
          [
            -111.75843,
            40.62325
          ],
          [
            -111.75848,
            40.62325
          ],
          [
            -111.75855,
            40.62326
          ],
          [
            -111.7586,
            40.62326
          ],
          [
            -111.75866,
            40.62326
          ],
          [
            -111.75874,
            40.62325
          ],
          [
            -111.75884,
            40.62323
          ],
          [
            -111.75889,
            40.62322
          ],
          [
            -111.75894,
            40.62321
          ],
          [
            -111.75899,
            40.6232
          ],
          [
            -111.75906,
            40.62318
          ],
          [
            -111.75918,
            40.62315
          ],
          [
            -111.75932,
            40.62311
          ],
          [
            -111.75946,
            40.62308
          ],
          [
            -111.75947,
            40.62308
          ],
          [
            -111.75953,
            40.62307
          ],
          [
            -111.75957,
            40.62306
          ],
          [
            -111.75964,
            40.62306
          ],
          [
            -111.75967,
            40.62306
          ],
          [
            -111.7597,
            40.62306
          ],
          [
            -111.75973,
            40.62306
          ],
          [
            -111.75976,
            40.62306
          ],
          [
            -111.75978,
            40.62306
          ],
          [
            -111.75981,
            40.62307
          ],
          [
            -111.75984,
            40.62307
          ],
          [
            -111.75991,
            40.62309
          ],
          [
            -111.75997,
            40.6231
          ],
          [
            -111.76003,
            40.62312
          ],
          [
            -111.76012,
            40.62316
          ],
          [
            -111.76022,
            40.6232
          ],
          [
            -111.76034,
            40.62326
          ],
          [
            -111.76057,
            40.62338
          ],
          [
            -111.76064,
            40.62342
          ],
          [
            -111.76072,
            40.62345
          ],
          [
            -111.76081,
            40.62348
          ],
          [
            -111.76088,
            40.6235
          ],
          [
            -111.76093,
            40.62351
          ],
          [
            -111.76096,
            40.62352
          ],
          [
            -111.76097,
            40.62352
          ],
          [
            -111.76098,
            40.62352
          ],
          [
            -111.76105,
            40.62353
          ],
          [
            -111.76107,
            40.62353
          ],
          [
            -111.76111,
            40.62353
          ],
          [
            -111.76115,
            40.62354
          ],
          [
            -111.7612,
            40.62354
          ],
          [
            -111.76121,
            40.62354
          ],
          [
            -111.76126,
            40.62354
          ],
          [
            -111.76132,
            40.62354
          ],
          [
            -111.76137,
            40.62354
          ],
          [
            -111.76142,
            40.62353
          ],
          [
            -111.76146,
            40.62353
          ],
          [
            -111.76165,
            40.62352
          ],
          [
            -111.76178,
            40.62351
          ],
          [
            -111.76191,
            40.62352
          ],
          [
            -111.76192,
            40.62352
          ],
          [
            -111.76219,
            40.62354
          ],
          [
            -111.76225,
            40.62355
          ],
          [
            -111.76238,
            40.62357
          ],
          [
            -111.76266,
            40.6236
          ],
          [
            -111.76302,
            40.62364
          ],
          [
            -111.76319,
            40.62367
          ],
          [
            -111.76344,
            40.62371
          ],
          [
            -111.7636,
            40.62374
          ],
          [
            -111.7638,
            40.62379
          ],
          [
            -111.76386,
            40.62381
          ],
          [
            -111.76389,
            40.62382
          ],
          [
            -111.76403,
            40.62386
          ],
          [
            -111.76406,
            40.62387
          ],
          [
            -111.76409,
            40.62388
          ],
          [
            -111.76411,
            40.62388
          ],
          [
            -111.76433,
            40.62395
          ],
          [
            -111.76466,
            40.62406
          ],
          [
            -111.76493,
            40.62415
          ],
          [
            -111.76513,
            40.62422
          ],
          [
            -111.7653,
            40.62429
          ],
          [
            -111.76547,
            40.62438
          ],
          [
            -111.76566,
            40.62448
          ],
          [
            -111.76573,
            40.62452
          ],
          [
            -111.76576,
            40.62454
          ],
          [
            -111.76578,
            40.62455
          ],
          [
            -111.76585,
            40.62459
          ],
          [
            -111.76592,
            40.62462
          ],
          [
            -111.76596,
            40.62464
          ],
          [
            -111.76598,
            40.62465
          ],
          [
            -111.76605,
            40.62468
          ],
          [
            -111.76613,
            40.6247
          ],
          [
            -111.76619,
            40.62471
          ],
          [
            -111.76622,
            40.62471
          ],
          [
            -111.76627,
            40.62472
          ],
          [
            -111.76635,
            40.62472
          ],
          [
            -111.76643,
            40.62472
          ],
          [
            -111.76652,
            40.6247
          ],
          [
            -111.7666,
            40.62468
          ],
          [
            -111.76663,
            40.62467
          ],
          [
            -111.76665,
            40.62467
          ],
          [
            -111.76666,
            40.62466
          ],
          [
            -111.76673,
            40.62463
          ],
          [
            -111.76684,
            40.62457
          ],
          [
            -111.76692,
            40.62452
          ],
          [
            -111.767,
            40.62445
          ],
          [
            -111.76702,
            40.62443
          ],
          [
            -111.76703,
            40.62441
          ],
          [
            -111.76708,
            40.62435
          ],
          [
            -111.76713,
            40.62429
          ],
          [
            -111.76715,
            40.62427
          ],
          [
            -111.76725,
            40.62417
          ],
          [
            -111.76731,
            40.62411
          ],
          [
            -111.76739,
            40.62405
          ],
          [
            -111.76745,
            40.62401
          ],
          [
            -111.76756,
            40.62395
          ],
          [
            -111.76765,
            40.62391
          ],
          [
            -111.76775,
            40.62387
          ],
          [
            -111.76791,
            40.6238
          ],
          [
            -111.76808,
            40.62373
          ],
          [
            -111.76825,
            40.62365
          ],
          [
            -111.76839,
            40.62356
          ],
          [
            -111.76851,
            40.62347
          ],
          [
            -111.7686,
            40.6234
          ],
          [
            -111.76871,
            40.62331
          ],
          [
            -111.76881,
            40.6232
          ],
          [
            -111.76894,
            40.62307
          ],
          [
            -111.7691,
            40.62289
          ],
          [
            -111.76925,
            40.62273
          ],
          [
            -111.76944,
            40.62256
          ],
          [
            -111.76956,
            40.62247
          ],
          [
            -111.76962,
            40.62242
          ],
          [
            -111.76968,
            40.62238
          ],
          [
            -111.76979,
            40.62231
          ],
          [
            -111.76983,
            40.62228
          ],
          [
            -111.77006,
            40.62212
          ],
          [
            -111.77019,
            40.62204
          ],
          [
            -111.77031,
            40.62197
          ],
          [
            -111.77039,
            40.62192
          ],
          [
            -111.77056,
            40.62182
          ],
          [
            -111.77061,
            40.6218
          ],
          [
            -111.77071,
            40.62175
          ],
          [
            -111.77078,
            40.62172
          ],
          [
            -111.77097,
            40.62164
          ],
          [
            -111.77101,
            40.62163
          ],
          [
            -111.77113,
            40.62158
          ],
          [
            -111.7712,
            40.62156
          ],
          [
            -111.77124,
            40.62155
          ],
          [
            -111.77134,
            40.62151
          ],
          [
            -111.7714,
            40.62149
          ],
          [
            -111.7716,
            40.62142
          ],
          [
            -111.77162,
            40.62142
          ],
          [
            -111.7718,
            40.62134
          ],
          [
            -111.77184,
            40.62132
          ],
          [
            -111.77188,
            40.62131
          ],
          [
            -111.77196,
            40.62127
          ],
          [
            -111.77203,
            40.62124
          ],
          [
            -111.77219,
            40.62115
          ],
          [
            -111.77234,
            40.62107
          ],
          [
            -111.77241,
            40.62103
          ],
          [
            -111.77258,
            40.62093
          ],
          [
            -111.77265,
            40.62088
          ],
          [
            -111.77278,
            40.6208
          ],
          [
            -111.77313,
            40.6206
          ],
          [
            -111.77316,
            40.62058
          ],
          [
            -111.77328,
            40.62051
          ],
          [
            -111.7735,
            40.62037
          ],
          [
            -111.77374,
            40.62024
          ],
          [
            -111.77387,
            40.62017
          ],
          [
            -111.77397,
            40.62013
          ],
          [
            -111.77408,
            40.62009
          ],
          [
            -111.77417,
            40.62007
          ],
          [
            -111.77437,
            40.62003
          ],
          [
            -111.77466,
            40.62
          ],
          [
            -111.77507,
            40.61996
          ],
          [
            -111.77508,
            40.61996
          ],
          [
            -111.77513,
            40.61996
          ],
          [
            -111.77529,
            40.61994
          ],
          [
            -111.7753,
            40.61994
          ],
          [
            -111.77531,
            40.61994
          ],
          [
            -111.77534,
            40.61993
          ],
          [
            -111.77539,
            40.61992
          ],
          [
            -111.77553,
            40.6199
          ],
          [
            -111.77565,
            40.61986
          ],
          [
            -111.77572,
            40.61983
          ],
          [
            -111.77575,
            40.61982
          ],
          [
            -111.77582,
            40.61979
          ],
          [
            -111.77597,
            40.61971
          ],
          [
            -111.77614,
            40.6196
          ],
          [
            -111.77617,
            40.61958
          ],
          [
            -111.77652,
            40.61933
          ],
          [
            -111.7767,
            40.61921
          ],
          [
            -111.77684,
            40.61911
          ],
          [
            -111.77695,
            40.61904
          ],
          [
            -111.77708,
            40.61898
          ],
          [
            -111.77718,
            40.61893
          ],
          [
            -111.7772,
            40.61892
          ],
          [
            -111.77727,
            40.6189
          ],
          [
            -111.77735,
            40.61887
          ],
          [
            -111.77748,
            40.61883
          ],
          [
            -111.77753,
            40.61881
          ],
          [
            -111.77762,
            40.61879
          ],
          [
            -111.77775,
            40.61876
          ],
          [
            -111.77785,
            40.61875
          ],
          [
            -111.77802,
            40.61871
          ],
          [
            -111.77808,
            40.61871
          ],
          [
            -111.77831,
            40.61867
          ],
          [
            -111.77847,
            40.61865
          ],
          [
            -111.77878,
            40.61861
          ],
          [
            -111.77897,
            40.61859
          ],
          [
            -111.77902,
            40.61859
          ],
          [
            -111.77911,
            40.61858
          ],
          [
            -111.77916,
            40.61857
          ],
          [
            -111.77933,
            40.61856
          ],
          [
            -111.77935,
            40.61856
          ],
          [
            -111.77942,
            40.61856
          ],
          [
            -111.77965,
            40.61856
          ],
          [
            -111.78007,
            40.61855
          ],
          [
            -111.78023,
            40.61855
          ],
          [
            -111.78031,
            40.61855
          ],
          [
            -111.78067,
            40.61855
          ],
          [
            -111.78107,
            40.61854
          ],
          [
            -111.78139,
            40.61854
          ],
          [
            -111.78196,
            40.61854
          ],
          [
            -111.78219,
            40.61854
          ],
          [
            -111.7829,
            40.61854
          ],
          [
            -111.78338,
            40.61854
          ],
          [
            -111.78358,
            40.61854
          ],
          [
            -111.78384,
            40.61855
          ],
          [
            -111.78385,
            40.61855
          ],
          [
            -111.78404,
            40.61856
          ],
          [
            -111.78409,
            40.61857
          ],
          [
            -111.78419,
            40.61858
          ],
          [
            -111.78435,
            40.61861
          ],
          [
            -111.78453,
            40.61865
          ],
          [
            -111.78467,
            40.61867
          ],
          [
            -111.78474,
            40.61869
          ],
          [
            -111.78488,
            40.61872
          ],
          [
            -111.78497,
            40.61875
          ],
          [
            -111.78525,
            40.61883
          ],
          [
            -111.78575,
            40.61898
          ],
          [
            -111.78592,
            40.61903
          ],
          [
            -111.78639,
            40.61911
          ],
          [
            -111.78694,
            40.6192
          ],
          [
            -111.7872,
            40.61924
          ],
          [
            -111.78777,
            40.61932
          ],
          [
            -111.78803,
            40.61934
          ],
          [
            -111.78829,
            40.61934
          ],
          [
            -111.7886,
            40.61934
          ],
          [
            -111.78897,
            40.61932
          ],
          [
            -111.78939,
            40.61933
          ],
          [
            -111.7893909,
            40.6193278
          ],
          [
            -111.78955,
            40.61933
          ],
          [
            -111.78946,
            40.61921
          ],
          [
            -111.78944,
            40.61884
          ],
          [
            -111.78944,
            40.61878
          ],
          [
            -111.78943,
            40.61866
          ],
          [
            -111.78939,
            40.61845
          ],
          [
            -111.78938,
            40.61837
          ],
          [
            -111.78936,
            40.61827
          ],
          [
            -111.78934,
            40.61821
          ],
          [
            -111.78925,
            40.61786
          ],
          [
            -111.78915,
            40.61749
          ],
          [
            -111.78913,
            40.61742
          ],
          [
            -111.78911,
            40.61733
          ],
          [
            -111.78909,
            40.61725
          ],
          [
            -111.78909,
            40.61724
          ],
          [
            -111.78907,
            40.61715
          ],
          [
            -111.78896,
            40.61672
          ],
          [
            -111.78887,
            40.61638
          ],
          [
            -111.78879,
            40.61607
          ],
          [
            -111.78874,
            40.61588
          ],
          [
            -111.78872,
            40.61577
          ],
          [
            -111.78871,
            40.61571
          ],
          [
            -111.78869,
            40.61529
          ],
          [
            -111.78868,
            40.6152
          ],
          [
            -111.78868,
            40.61506
          ],
          [
            -111.78868,
            40.615
          ],
          [
            -111.78869,
            40.61497
          ],
          [
            -111.7887,
            40.61489
          ],
          [
            -111.78872,
            40.61482
          ],
          [
            -111.78872,
            40.6148
          ],
          [
            -111.78874,
            40.6147
          ],
          [
            -111.78878,
            40.61457
          ],
          [
            -111.78884,
            40.61444
          ],
          [
            -111.78892,
            40.61425
          ],
          [
            -111.78901,
            40.61407
          ],
          [
            -111.78911,
            40.61387
          ],
          [
            -111.78918,
            40.61377
          ],
          [
            -111.78922,
            40.61372
          ],
          [
            -111.78925,
            40.61367
          ],
          [
            -111.78929,
            40.61361
          ],
          [
            -111.7893,
            40.6136
          ],
          [
            -111.78932,
            40.61357
          ],
          [
            -111.78935,
            40.61351
          ],
          [
            -111.78941,
            40.61343
          ],
          [
            -111.78959,
            40.61315
          ],
          [
            -111.78971,
            40.61296
          ],
          [
            -111.78974,
            40.61292
          ],
          [
            -111.78978,
            40.61287
          ],
          [
            -111.78982,
            40.6128
          ],
          [
            -111.78983,
            40.6128
          ],
          [
            -111.78984,
            40.61278
          ],
          [
            -111.78994,
            40.61262
          ],
          [
            -111.79001,
            40.61251
          ],
          [
            -111.79007,
            40.61244
          ],
          [
            -111.79013,
            40.61234
          ],
          [
            -111.79014,
            40.61232
          ],
          [
            -111.79021,
            40.61223
          ],
          [
            -111.79022,
            40.6122
          ],
          [
            -111.79025,
            40.61216
          ],
          [
            -111.79026,
            40.61216
          ],
          [
            -111.79027,
            40.61214
          ],
          [
            -111.79028,
            40.61212
          ],
          [
            -111.79031,
            40.61207
          ],
          [
            -111.79036,
            40.612
          ],
          [
            -111.79037,
            40.61198
          ],
          [
            -111.79048,
            40.61182
          ],
          [
            -111.79072,
            40.61147
          ],
          [
            -111.79074,
            40.61143
          ],
          [
            -111.79077,
            40.61139
          ],
          [
            -111.79082,
            40.61131
          ],
          [
            -111.7911,
            40.6109
          ],
          [
            -111.79119,
            40.61085
          ],
          [
            -111.79168,
            40.61014
          ],
          [
            -111.79188,
            40.60981
          ],
          [
            -111.7921,
            40.60944
          ],
          [
            -111.79234,
            40.60905
          ],
          [
            -111.79251,
            40.60872
          ],
          [
            -111.79256,
            40.60861
          ],
          [
            -111.79254,
            40.60853
          ],
          [
            -111.79284,
            40.60799
          ],
          [
            -111.7929,
            40.60787
          ],
          [
            -111.79327,
            40.6072
          ],
          [
            -111.79334,
            40.60706
          ],
          [
            -111.79344,
            40.60687
          ],
          [
            -111.79356,
            40.60666
          ],
          [
            -111.79368,
            40.60644
          ],
          [
            -111.7938,
            40.60622
          ],
          [
            -111.79393,
            40.60598
          ],
          [
            -111.79408,
            40.6057
          ],
          [
            -111.79422,
            40.60544
          ],
          [
            -111.79433,
            40.60523
          ],
          [
            -111.79452,
            40.60488
          ],
          [
            -111.79469,
            40.60458
          ],
          [
            -111.79475,
            40.60452
          ],
          [
            -111.79501,
            40.60411
          ],
          [
            -111.7951,
            40.60398
          ],
          [
            -111.79538,
            40.6035
          ],
          [
            -111.79547,
            40.60333
          ],
          [
            -111.79548,
            40.60331
          ],
          [
            -111.79557,
            40.60316
          ],
          [
            -111.79561,
            40.60308
          ],
          [
            -111.79571,
            40.60292
          ],
          [
            -111.79588,
            40.60257
          ],
          [
            -111.796,
            40.60235
          ],
          [
            -111.79604,
            40.60228
          ],
          [
            -111.79623,
            40.6019
          ],
          [
            -111.79624,
            40.60179
          ],
          [
            -111.79632,
            40.60163
          ],
          [
            -111.7964,
            40.6015
          ],
          [
            -111.79682,
            40.60074
          ],
          [
            -111.79687,
            40.60064
          ],
          [
            -111.79691,
            40.60062
          ],
          [
            -111.79691,
            40.60061
          ],
          [
            -111.79698,
            40.60049
          ],
          [
            -111.79703,
            40.60042
          ],
          [
            -111.79722,
            40.60011
          ],
          [
            -111.79736,
            40.59988
          ],
          [
            -111.7975,
            40.59965
          ],
          [
            -111.79765,
            40.59939
          ],
          [
            -111.79769,
            40.5993
          ],
          [
            -111.79772,
            40.59923
          ],
          [
            -111.79781,
            40.59903
          ],
          [
            -111.7978,
            40.59895
          ],
          [
            -111.79784,
            40.59887
          ],
          [
            -111.79788,
            40.59873
          ],
          [
            -111.79791,
            40.59861
          ],
          [
            -111.79793,
            40.5985
          ],
          [
            -111.79794,
            40.59838
          ],
          [
            -111.79795,
            40.59823
          ],
          [
            -111.79795,
            40.59813
          ],
          [
            -111.79794,
            40.598
          ],
          [
            -111.79793,
            40.59791
          ],
          [
            -111.79792,
            40.59788
          ],
          [
            -111.79792,
            40.59785
          ],
          [
            -111.79791,
            40.5978
          ],
          [
            -111.79789,
            40.59772
          ],
          [
            -111.79786,
            40.59762
          ],
          [
            -111.79783,
            40.5975
          ],
          [
            -111.79782,
            40.59747
          ],
          [
            -111.79776,
            40.59731
          ],
          [
            -111.79768,
            40.59715
          ],
          [
            -111.79766,
            40.59709
          ],
          [
            -111.79759,
            40.5969
          ],
          [
            -111.79743,
            40.59661
          ],
          [
            -111.79721,
            40.5962
          ],
          [
            -111.79696,
            40.59574
          ],
          [
            -111.79688,
            40.5956
          ],
          [
            -111.79669,
            40.59524
          ],
          [
            -111.79661,
            40.59509
          ],
          [
            -111.79648,
            40.59482
          ],
          [
            -111.79636,
            40.5946
          ],
          [
            -111.79634,
            40.59456
          ],
          [
            -111.79622,
            40.59433
          ],
          [
            -111.79605,
            40.59407
          ],
          [
            -111.79598,
            40.59393
          ],
          [
            -111.79582,
            40.59363
          ],
          [
            -111.79565,
            40.59329
          ],
          [
            -111.79555,
            40.59313
          ],
          [
            -111.79554,
            40.59309
          ],
          [
            -111.79547,
            40.59296
          ],
          [
            -111.79516,
            40.59239
          ],
          [
            -111.79511,
            40.59229
          ],
          [
            -111.79492,
            40.59192
          ],
          [
            -111.7949,
            40.59187
          ],
          [
            -111.79471,
            40.59156
          ],
          [
            -111.79463,
            40.59144
          ],
          [
            -111.79459,
            40.59136
          ],
          [
            -111.79437,
            40.59093
          ],
          [
            -111.79436,
            40.59089
          ],
          [
            -111.79427,
            40.5907
          ],
          [
            -111.794,
            40.59011
          ],
          [
            -111.79387,
            40.58985
          ],
          [
            -111.79383,
            40.58977
          ],
          [
            -111.79361,
            40.58933
          ],
          [
            -111.79355,
            40.58922
          ],
          [
            -111.79342,
            40.58901
          ],
          [
            -111.79329,
            40.58879
          ],
          [
            -111.79328,
            40.58878
          ],
          [
            -111.7932,
            40.58862
          ],
          [
            -111.7931996,
            40.5886227
          ],
          [
            -111.79269,
            40.58764
          ],
          [
            -111.79263,
            40.58752
          ],
          [
            -111.79257,
            40.5874
          ],
          [
            -111.79248,
            40.58721
          ],
          [
            -111.79245,
            40.58714
          ],
          [
            -111.79241,
            40.58703
          ],
          [
            -111.79237,
            40.58691
          ],
          [
            -111.79229,
            40.58667
          ],
          [
            -111.79224,
            40.58647
          ],
          [
            -111.7922,
            40.5863
          ],
          [
            -111.79218,
            40.58617
          ],
          [
            -111.79217,
            40.58612
          ],
          [
            -111.79215,
            40.58601
          ],
          [
            -111.79214,
            40.58589
          ],
          [
            -111.79213,
            40.58572
          ],
          [
            -111.79213,
            40.58548
          ],
          [
            -111.79214,
            40.58526
          ],
          [
            -111.79216,
            40.58494
          ],
          [
            -111.79219,
            40.5846
          ],
          [
            -111.7922,
            40.58441
          ],
          [
            -111.79223,
            40.58438
          ],
          [
            -111.79224,
            40.58437
          ],
          [
            -111.79225,
            40.58431
          ],
          [
            -111.79226,
            40.58426
          ],
          [
            -111.7923,
            40.58386
          ],
          [
            -111.79231,
            40.58371
          ],
          [
            -111.79233,
            40.58352
          ],
          [
            -111.79234,
            40.5835
          ],
          [
            -111.79241,
            40.58278
          ],
          [
            -111.79246,
            40.58233
          ],
          [
            -111.79246,
            40.5823
          ],
          [
            -111.79247,
            40.58215
          ],
          [
            -111.79249,
            40.58198
          ],
          [
            -111.79248,
            40.58177
          ],
          [
            -111.79247,
            40.58166
          ],
          [
            -111.79246,
            40.58134
          ],
          [
            -111.79246,
            40.58132
          ],
          [
            -111.79245,
            40.58126
          ],
          [
            -111.79245,
            40.58118
          ],
          [
            -111.79244,
            40.58115
          ],
          [
            -111.79244,
            40.58114
          ],
          [
            -111.79244,
            40.58113
          ],
          [
            -111.79244,
            40.58112
          ],
          [
            -111.79242,
            40.58104
          ],
          [
            -111.79241,
            40.58099
          ],
          [
            -111.7924,
            40.58095
          ],
          [
            -111.79236,
            40.58085
          ],
          [
            -111.79234,
            40.58078
          ],
          [
            -111.7923,
            40.58069
          ],
          [
            -111.79226,
            40.5806
          ],
          [
            -111.79224,
            40.58056
          ],
          [
            -111.7922,
            40.58047
          ],
          [
            -111.79215,
            40.58037
          ],
          [
            -111.79207,
            40.58025
          ],
          [
            -111.79206,
            40.58024
          ],
          [
            -111.79197,
            40.58013
          ],
          [
            -111.79196,
            40.58011
          ],
          [
            -111.79194,
            40.58008
          ],
          [
            -111.79192,
            40.58006
          ],
          [
            -111.79184,
            40.57997
          ],
          [
            -111.7918,
            40.57993
          ],
          [
            -111.79171,
            40.57985
          ],
          [
            -111.79163,
            40.57977
          ],
          [
            -111.79156,
            40.57972
          ],
          [
            -111.79155,
            40.57971
          ],
          [
            -111.79154,
            40.5797
          ],
          [
            -111.79153,
            40.5797
          ],
          [
            -111.79149,
            40.57968
          ],
          [
            -111.79124,
            40.57944
          ],
          [
            -111.79096,
            40.57916
          ],
          [
            -111.79082,
            40.57903
          ],
          [
            -111.79075,
            40.57896
          ],
          [
            -111.79074,
            40.57895
          ],
          [
            -111.79045,
            40.57867
          ],
          [
            -111.79031,
            40.57853
          ],
          [
            -111.79016,
            40.57838
          ],
          [
            -111.78963,
            40.57786
          ],
          [
            -111.78951,
            40.57775
          ],
          [
            -111.78942,
            40.57766
          ],
          [
            -111.78938,
            40.57763
          ],
          [
            -111.78936,
            40.57761
          ],
          [
            -111.78931,
            40.57756
          ],
          [
            -111.78926,
            40.57752
          ],
          [
            -111.78922,
            40.57749
          ],
          [
            -111.78913,
            40.57741
          ],
          [
            -111.78898,
            40.57731
          ],
          [
            -111.78889,
            40.57725
          ],
          [
            -111.7888,
            40.57719
          ],
          [
            -111.78838,
            40.57696
          ],
          [
            -111.7881,
            40.57684
          ],
          [
            -111.78797,
            40.5768
          ],
          [
            -111.78781,
            40.57674
          ],
          [
            -111.78764,
            40.5767
          ],
          [
            -111.7876,
            40.57669
          ],
          [
            -111.78729,
            40.57662
          ],
          [
            -111.7868,
            40.5765
          ],
          [
            -111.78647,
            40.57642
          ],
          [
            -111.78606,
            40.57632
          ],
          [
            -111.78585,
            40.57627
          ],
          [
            -111.78566,
            40.57621
          ],
          [
            -111.78552,
            40.57617
          ],
          [
            -111.78528,
            40.5761
          ],
          [
            -111.78508,
            40.57603
          ],
          [
            -111.78489,
            40.57596
          ],
          [
            -111.78476,
            40.57591
          ],
          [
            -111.78449,
            40.5758
          ],
          [
            -111.78402,
            40.57561
          ],
          [
            -111.78382,
            40.57553
          ],
          [
            -111.78339,
            40.57536
          ],
          [
            -111.78314,
            40.57525
          ],
          [
            -111.78293,
            40.57517
          ],
          [
            -111.78279,
            40.57511
          ],
          [
            -111.78272,
            40.57508
          ],
          [
            -111.78251,
            40.575
          ],
          [
            -111.78226,
            40.5749
          ],
          [
            -111.78179,
            40.57471
          ],
          [
            -111.78167,
            40.57467
          ],
          [
            -111.78153,
            40.57462
          ],
          [
            -111.78146,
            40.57459
          ],
          [
            -111.78124,
            40.57452
          ],
          [
            -111.78101,
            40.57445
          ],
          [
            -111.78088,
            40.57441
          ],
          [
            -111.78079,
            40.57439
          ],
          [
            -111.78043,
            40.5743
          ],
          [
            -111.7804,
            40.57429
          ],
          [
            -111.78034,
            40.57428
          ],
          [
            -111.78021,
            40.57425
          ],
          [
            -111.78012,
            40.57423
          ],
          [
            -111.77991,
            40.57418
          ],
          [
            -111.77953,
            40.57409
          ],
          [
            -111.77942,
            40.57406
          ],
          [
            -111.77927,
            40.57403
          ],
          [
            -111.77921,
            40.57401
          ],
          [
            -111.77913,
            40.57399
          ],
          [
            -111.77912,
            40.57399
          ],
          [
            -111.77908,
            40.57397
          ],
          [
            -111.77905,
            40.57396
          ],
          [
            -111.77893,
            40.57393
          ],
          [
            -111.77875,
            40.57385
          ],
          [
            -111.77864,
            40.5738
          ],
          [
            -111.77847,
            40.57372
          ],
          [
            -111.77843,
            40.5737
          ],
          [
            -111.77839,
            40.57368
          ],
          [
            -111.77831,
            40.57364
          ],
          [
            -111.77796,
            40.57344
          ],
          [
            -111.77788,
            40.57337
          ],
          [
            -111.77739,
            40.57311
          ],
          [
            -111.77707,
            40.57293
          ],
          [
            -111.77676,
            40.57277
          ],
          [
            -111.77659,
            40.5727
          ],
          [
            -111.77651,
            40.57266
          ],
          [
            -111.7765109,
            40.5726597
          ],
          [
            -111.7764,
            40.57261
          ],
          [
            -111.77627,
            40.57256
          ],
          [
            -111.77606,
            40.57249
          ],
          [
            -111.77602,
            40.57247
          ],
          [
            -111.77588,
            40.57243
          ],
          [
            -111.77573,
            40.5724
          ],
          [
            -111.77562,
            40.57238
          ],
          [
            -111.77557,
            40.57237
          ],
          [
            -111.77532,
            40.57232
          ],
          [
            -111.77516,
            40.57229
          ],
          [
            -111.77496,
            40.57226
          ],
          [
            -111.77477,
            40.57224
          ],
          [
            -111.77461,
            40.57224
          ],
          [
            -111.77423,
            40.57217
          ],
          [
            -111.77335,
            40.57202
          ],
          [
            -111.77242,
            40.57185
          ],
          [
            -111.77207,
            40.57179
          ],
          [
            -111.77185,
            40.57176
          ],
          [
            -111.77172,
            40.57174
          ],
          [
            -111.7716,
            40.57173
          ],
          [
            -111.7715,
            40.57172
          ],
          [
            -111.7714,
            40.57172
          ],
          [
            -111.77131,
            40.57173
          ],
          [
            -111.77122,
            40.57173
          ],
          [
            -111.77113,
            40.57174
          ],
          [
            -111.77104,
            40.57175
          ],
          [
            -111.77103,
            40.57175
          ],
          [
            -111.77096,
            40.57176
          ],
          [
            -111.77095,
            40.57177
          ],
          [
            -111.77083,
            40.57179
          ],
          [
            -111.7708,
            40.5718
          ],
          [
            -111.77074,
            40.57181
          ],
          [
            -111.77069,
            40.57183
          ],
          [
            -111.77048,
            40.57188
          ],
          [
            -111.77022,
            40.57195
          ],
          [
            -111.77009,
            40.57197
          ],
          [
            -111.77002,
            40.57199
          ],
          [
            -111.76998,
            40.57199
          ],
          [
            -111.7699,
            40.57201
          ],
          [
            -111.76982,
            40.57201
          ],
          [
            -111.76978,
            40.57202
          ],
          [
            -111.76971,
            40.57203
          ],
          [
            -111.76961,
            40.57203
          ],
          [
            -111.76951,
            40.57203
          ],
          [
            -111.76942,
            40.57204
          ],
          [
            -111.76941,
            40.57204
          ],
          [
            -111.76936,
            40.57204
          ],
          [
            -111.7693,
            40.57203
          ],
          [
            -111.76928,
            40.57203
          ],
          [
            -111.76924,
            40.57203
          ],
          [
            -111.76917,
            40.57203
          ],
          [
            -111.76908,
            40.57202
          ],
          [
            -111.76897,
            40.57201
          ],
          [
            -111.76884,
            40.57199
          ],
          [
            -111.76874,
            40.57197
          ],
          [
            -111.76862,
            40.57195
          ],
          [
            -111.76849,
            40.57191
          ],
          [
            -111.76838,
            40.57189
          ],
          [
            -111.76829,
            40.57186
          ],
          [
            -111.76817,
            40.57182
          ],
          [
            -111.76805,
            40.57179
          ],
          [
            -111.76795,
            40.57176
          ],
          [
            -111.76786,
            40.57174
          ],
          [
            -111.76779,
            40.57172
          ],
          [
            -111.7677,
            40.5717
          ],
          [
            -111.76761,
            40.57169
          ],
          [
            -111.76754,
            40.57168
          ],
          [
            -111.76746,
            40.57168
          ],
          [
            -111.7674,
            40.57168
          ],
          [
            -111.76732,
            40.57168
          ],
          [
            -111.76725,
            40.57168
          ],
          [
            -111.76724,
            40.57168
          ],
          [
            -111.76718,
            40.57169
          ],
          [
            -111.76714,
            40.5717
          ],
          [
            -111.76704,
            40.57172
          ],
          [
            -111.76694,
            40.57174
          ],
          [
            -111.76681,
            40.57177
          ],
          [
            -111.76673,
            40.57179
          ],
          [
            -111.76657,
            40.57183
          ],
          [
            -111.7664,
            40.57188
          ],
          [
            -111.76635,
            40.5719
          ],
          [
            -111.76628,
            40.57192
          ],
          [
            -111.76583,
            40.57202
          ],
          [
            -111.76557,
            40.57208
          ],
          [
            -111.76545,
            40.5721
          ],
          [
            -111.76541,
            40.57211
          ],
          [
            -111.76534,
            40.57213
          ],
          [
            -111.76525,
            40.57214
          ],
          [
            -111.76521,
            40.57214
          ],
          [
            -111.76512,
            40.57215
          ],
          [
            -111.76497,
            40.57215
          ],
          [
            -111.76487,
            40.57214
          ],
          [
            -111.76474,
            40.57213
          ],
          [
            -111.76469,
            40.57213
          ],
          [
            -111.7646,
            40.57212
          ],
          [
            -111.76451,
            40.57211
          ],
          [
            -111.7644,
            40.5721
          ],
          [
            -111.76432,
            40.57209
          ],
          [
            -111.76424,
            40.57207
          ],
          [
            -111.7638,
            40.572
          ],
          [
            -111.76352,
            40.57195
          ],
          [
            -111.76324,
            40.57191
          ],
          [
            -111.76321,
            40.5719
          ],
          [
            -111.76308,
            40.57188
          ],
          [
            -111.76301,
            40.57188
          ],
          [
            -111.76292,
            40.57186
          ],
          [
            -111.76279,
            40.57185
          ],
          [
            -111.76263,
            40.57184
          ],
          [
            -111.76244,
            40.57183
          ],
          [
            -111.76227,
            40.57182
          ],
          [
            -111.76203,
            40.57183
          ],
          [
            -111.7619,
            40.57184
          ],
          [
            -111.76174,
            40.57186
          ],
          [
            -111.76147,
            40.57189
          ],
          [
            -111.76112,
            40.57193
          ],
          [
            -111.76101,
            40.57194
          ],
          [
            -111.7609,
            40.57195
          ],
          [
            -111.76089,
            40.57195
          ],
          [
            -111.7608,
            40.57195
          ],
          [
            -111.76069,
            40.57195
          ],
          [
            -111.76066,
            40.57195
          ],
          [
            -111.76059,
            40.57194
          ],
          [
            -111.76049,
            40.57193
          ],
          [
            -111.76048,
            40.57193
          ],
          [
            -111.76043,
            40.57192
          ],
          [
            -111.76037,
            40.57192
          ],
          [
            -111.75996,
            40.57186
          ],
          [
            -111.75979,
            40.57184
          ],
          [
            -111.75975,
            40.57183
          ],
          [
            -111.75973,
            40.57183
          ],
          [
            -111.75962,
            40.57182
          ],
          [
            -111.75956,
            40.57182
          ],
          [
            -111.75954,
            40.57182
          ],
          [
            -111.75949,
            40.57182
          ],
          [
            -111.75943,
            40.57181
          ],
          [
            -111.75934,
            40.57182
          ],
          [
            -111.75925,
            40.57182
          ],
          [
            -111.75916,
            40.57183
          ],
          [
            -111.75905,
            40.57184
          ],
          [
            -111.75895,
            40.57185
          ],
          [
            -111.75891,
            40.57186
          ],
          [
            -111.75881,
            40.57188
          ],
          [
            -111.75879,
            40.57188
          ],
          [
            -111.75867,
            40.5719
          ],
          [
            -111.75842,
            40.57198
          ],
          [
            -111.75833,
            40.572
          ],
          [
            -111.7583,
            40.57201
          ],
          [
            -111.75813,
            40.57205
          ],
          [
            -111.7581,
            40.57206
          ],
          [
            -111.75794,
            40.5721
          ],
          [
            -111.75787,
            40.57211
          ],
          [
            -111.75775,
            40.57214
          ],
          [
            -111.75759,
            40.57216
          ],
          [
            -111.75745,
            40.57218
          ],
          [
            -111.75731,
            40.57219
          ],
          [
            -111.75718,
            40.5722
          ],
          [
            -111.7571,
            40.5722
          ],
          [
            -111.75702,
            40.5722
          ],
          [
            -111.75696,
            40.5722
          ],
          [
            -111.75693,
            40.5722
          ],
          [
            -111.75683,
            40.57219
          ],
          [
            -111.75676,
            40.57218
          ],
          [
            -111.7567,
            40.57217
          ],
          [
            -111.75667,
            40.57216
          ],
          [
            -111.75656,
            40.57214
          ],
          [
            -111.75647,
            40.57211
          ],
          [
            -111.75617,
            40.57201
          ],
          [
            -111.75605,
            40.57196
          ],
          [
            -111.75593,
            40.57192
          ],
          [
            -111.75575,
            40.57186
          ],
          [
            -111.75567,
            40.57184
          ],
          [
            -111.75558,
            40.57182
          ],
          [
            -111.7555,
            40.5718
          ],
          [
            -111.75538,
            40.57177
          ],
          [
            -111.75526,
            40.57175
          ],
          [
            -111.75513,
            40.57173
          ],
          [
            -111.75499,
            40.57171
          ],
          [
            -111.75488,
            40.57169
          ],
          [
            -111.75472,
            40.57167
          ],
          [
            -111.75461,
            40.57166
          ],
          [
            -111.75438,
            40.57164
          ],
          [
            -111.75421,
            40.57162
          ],
          [
            -111.75419,
            40.57162
          ],
          [
            -111.754,
            40.57161
          ],
          [
            -111.75398,
            40.57161
          ],
          [
            -111.75374,
            40.5716
          ],
          [
            -111.75338,
            40.57159
          ],
          [
            -111.75327,
            40.57159
          ],
          [
            -111.75303,
            40.57158
          ],
          [
            -111.75287,
            40.57157
          ],
          [
            -111.75278,
            40.57157
          ],
          [
            -111.75258,
            40.57156
          ],
          [
            -111.75242,
            40.57155
          ],
          [
            -111.75232,
            40.57154
          ],
          [
            -111.75219,
            40.57153
          ],
          [
            -111.75208,
            40.57152
          ],
          [
            -111.75196,
            40.5715
          ],
          [
            -111.75186,
            40.57149
          ],
          [
            -111.75174,
            40.57147
          ],
          [
            -111.75151,
            40.57143
          ],
          [
            -111.75139,
            40.57141
          ],
          [
            -111.75125,
            40.5714
          ],
          [
            -111.75116,
            40.57139
          ],
          [
            -111.75105,
            40.57138
          ],
          [
            -111.75095,
            40.57138
          ],
          [
            -111.75092,
            40.57138
          ],
          [
            -111.75086,
            40.57138
          ],
          [
            -111.75078,
            40.57138
          ],
          [
            -111.7507,
            40.57139
          ],
          [
            -111.7506,
            40.5714
          ],
          [
            -111.75051,
            40.57141
          ],
          [
            -111.75045,
            40.57142
          ],
          [
            -111.75042,
            40.57143
          ],
          [
            -111.75031,
            40.57145
          ],
          [
            -111.75023,
            40.57147
          ],
          [
            -111.75015,
            40.5715
          ],
          [
            -111.75003,
            40.57153
          ],
          [
            -111.74979,
            40.57162
          ],
          [
            -111.74965,
            40.57167
          ],
          [
            -111.7494,
            40.57176
          ],
          [
            -111.74937,
            40.57177
          ],
          [
            -111.74928,
            40.5718
          ],
          [
            -111.74915,
            40.57185
          ],
          [
            -111.74912,
            40.57186
          ],
          [
            -111.74902,
            40.57188
          ],
          [
            -111.74892,
            40.57191
          ],
          [
            -111.74882,
            40.57193
          ],
          [
            -111.74847,
            40.57201
          ],
          [
            -111.74842,
            40.57202
          ],
          [
            -111.74831,
            40.57205
          ],
          [
            -111.74822,
            40.57208
          ],
          [
            -111.74809,
            40.57211
          ],
          [
            -111.74803,
            40.57213
          ],
          [
            -111.7478,
            40.57218
          ],
          [
            -111.7477,
            40.57221
          ],
          [
            -111.74762,
            40.57222
          ],
          [
            -111.74758,
            40.57223
          ],
          [
            -111.74757,
            40.57223
          ],
          [
            -111.74755,
            40.57223
          ],
          [
            -111.74747,
            40.57224
          ],
          [
            -111.74737,
            40.57224
          ],
          [
            -111.74727,
            40.57224
          ],
          [
            -111.74718,
            40.57222
          ],
          [
            -111.74713,
            40.57221
          ],
          [
            -111.74709,
            40.57221
          ],
          [
            -111.747,
            40.57218
          ],
          [
            -111.74693,
            40.57216
          ],
          [
            -111.74685,
            40.57212
          ],
          [
            -111.74667,
            40.57205
          ],
          [
            -111.74634,
            40.57191
          ],
          [
            -111.74623,
            40.57185
          ],
          [
            -111.74612,
            40.5718
          ],
          [
            -111.74608,
            40.57177
          ],
          [
            -111.74603,
            40.57174
          ],
          [
            -111.74594,
            40.57169
          ],
          [
            -111.74585,
            40.57163
          ],
          [
            -111.74575,
            40.57156
          ],
          [
            -111.74572,
            40.57154
          ],
          [
            -111.74556,
            40.57143
          ],
          [
            -111.74539,
            40.57131
          ],
          [
            -111.7453,
            40.57125
          ],
          [
            -111.74521,
            40.57121
          ],
          [
            -111.74518,
            40.57119
          ],
          [
            -111.74514,
            40.57118
          ],
          [
            -111.74509,
            40.57115
          ],
          [
            -111.74503,
            40.57114
          ],
          [
            -111.74498,
            40.57112
          ],
          [
            -111.74496,
            40.57112
          ],
          [
            -111.74495,
            40.57112
          ],
          [
            -111.74489,
            40.5711
          ],
          [
            -111.74483,
            40.5711
          ],
          [
            -111.74475,
            40.57109
          ],
          [
            -111.74473,
            40.57108
          ],
          [
            -111.74467,
            40.57108
          ],
          [
            -111.74422,
            40.57106
          ],
          [
            -111.74383,
            40.57106
          ],
          [
            -111.74368,
            40.57106
          ],
          [
            -111.74356,
            40.57107
          ],
          [
            -111.74354,
            40.57107
          ],
          [
            -111.74344,
            40.57108
          ],
          [
            -111.74332,
            40.5711
          ],
          [
            -111.74321,
            40.57111
          ],
          [
            -111.74309,
            40.57114
          ],
          [
            -111.74298,
            40.57116
          ],
          [
            -111.74288,
            40.57119
          ],
          [
            -111.74275,
            40.57123
          ],
          [
            -111.74264,
            40.57127
          ],
          [
            -111.74258,
            40.57128
          ],
          [
            -111.74248,
            40.57133
          ],
          [
            -111.74244,
            40.57134
          ],
          [
            -111.74239,
            40.57136
          ],
          [
            -111.74232,
            40.5714
          ],
          [
            -111.74225,
            40.57144
          ],
          [
            -111.74212,
            40.57151
          ],
          [
            -111.74211,
            40.57152
          ],
          [
            -111.74202,
            40.57158
          ],
          [
            -111.74179,
            40.57173
          ],
          [
            -111.74171,
            40.57178
          ],
          [
            -111.74168,
            40.5718
          ],
          [
            -111.74161,
            40.57185
          ],
          [
            -111.74156,
            40.57187
          ],
          [
            -111.74147,
            40.57192
          ],
          [
            -111.74137,
            40.57196
          ],
          [
            -111.74136,
            40.57196
          ],
          [
            -111.74129,
            40.57199
          ],
          [
            -111.74121,
            40.57201
          ],
          [
            -111.74112,
            40.57203
          ],
          [
            -111.74104,
            40.57204
          ],
          [
            -111.74093,
            40.57204
          ],
          [
            -111.7409,
            40.57204
          ],
          [
            -111.74084,
            40.57205
          ],
          [
            -111.74072,
            40.57204
          ],
          [
            -111.74067,
            40.57204
          ],
          [
            -111.7404,
            40.57202
          ],
          [
            -111.7402,
            40.572
          ],
          [
            -111.73999,
            40.57199
          ],
          [
            -111.73996,
            40.57198
          ],
          [
            -111.73986,
            40.57197
          ],
          [
            -111.73975,
            40.57196
          ],
          [
            -111.73962,
            40.57194
          ],
          [
            -111.73955,
            40.57192
          ],
          [
            -111.73953,
            40.57192
          ],
          [
            -111.7395,
            40.57191
          ],
          [
            -111.73943,
            40.57189
          ],
          [
            -111.73932,
            40.57186
          ],
          [
            -111.73924,
            40.57183
          ],
          [
            -111.73913,
            40.57179
          ],
          [
            -111.73894,
            40.57172
          ],
          [
            -111.73892,
            40.57172
          ],
          [
            -111.73886,
            40.5717
          ],
          [
            -111.73878,
            40.57167
          ],
          [
            -111.73869,
            40.57165
          ],
          [
            -111.73861,
            40.57163
          ],
          [
            -111.73855,
            40.57163
          ],
          [
            -111.73847,
            40.57162
          ],
          [
            -111.73838,
            40.57162
          ],
          [
            -111.7383,
            40.57162
          ],
          [
            -111.73826,
            40.57163
          ],
          [
            -111.73823,
            40.57163
          ],
          [
            -111.73817,
            40.57163
          ],
          [
            -111.73808,
            40.57165
          ],
          [
            -111.73807,
            40.57165
          ],
          [
            -111.738,
            40.57166
          ],
          [
            -111.73788,
            40.57168
          ],
          [
            -111.73777,
            40.5717
          ],
          [
            -111.73771,
            40.57171
          ],
          [
            -111.73756,
            40.57174
          ],
          [
            -111.73748,
            40.57175
          ],
          [
            -111.73733,
            40.57177
          ],
          [
            -111.73724,
            40.57178
          ],
          [
            -111.73718,
            40.57179
          ],
          [
            -111.73704,
            40.5718
          ],
          [
            -111.73701,
            40.5718
          ],
          [
            -111.73691,
            40.57181
          ],
          [
            -111.73679,
            40.57181
          ],
          [
            -111.73654,
            40.57183
          ],
          [
            -111.73619,
            40.57184
          ],
          [
            -111.73606,
            40.57185
          ],
          [
            -111.73591,
            40.57186
          ],
          [
            -111.73589,
            40.57186
          ],
          [
            -111.73583,
            40.57186
          ],
          [
            -111.73566,
            40.57187
          ],
          [
            -111.73565,
            40.57187
          ],
          [
            -111.73561,
            40.57187
          ],
          [
            -111.73513,
            40.5719
          ],
          [
            -111.73469,
            40.57194
          ],
          [
            -111.73458,
            40.57195
          ],
          [
            -111.73447,
            40.57196
          ],
          [
            -111.73446,
            40.57196
          ],
          [
            -111.73441,
            40.57196
          ],
          [
            -111.73435,
            40.57197
          ],
          [
            -111.73434,
            40.57197
          ],
          [
            -111.7342,
            40.57197
          ],
          [
            -111.7341,
            40.57196
          ],
          [
            -111.73401,
            40.57196
          ],
          [
            -111.73396,
            40.57195
          ],
          [
            -111.73389,
            40.57195
          ],
          [
            -111.73381,
            40.57193
          ],
          [
            -111.73369,
            40.57192
          ],
          [
            -111.73348,
            40.57188
          ],
          [
            -111.73305,
            40.57179
          ],
          [
            -111.73277,
            40.57174
          ],
          [
            -111.73265,
            40.57172
          ],
          [
            -111.73257,
            40.57171
          ],
          [
            -111.73248,
            40.57171
          ],
          [
            -111.73242,
            40.5717
          ],
          [
            -111.73233,
            40.57171
          ],
          [
            -111.73224,
            40.57172
          ],
          [
            -111.73217,
            40.57173
          ],
          [
            -111.7321,
            40.57175
          ],
          [
            -111.73204,
            40.57177
          ],
          [
            -111.73199,
            40.57179
          ],
          [
            -111.73192,
            40.57181
          ],
          [
            -111.73188,
            40.57183
          ],
          [
            -111.73182,
            40.57185
          ],
          [
            -111.73168,
            40.5719
          ],
          [
            -111.73146,
            40.57199
          ],
          [
            -111.73125,
            40.57208
          ],
          [
            -111.73122,
            40.57209
          ],
          [
            -111.73104,
            40.57216
          ],
          [
            -111.73082,
            40.57224
          ],
          [
            -111.7308,
            40.57224
          ],
          [
            -111.73073,
            40.57226
          ],
          [
            -111.73068,
            40.57228
          ],
          [
            -111.73062,
            40.57229
          ],
          [
            -111.73061,
            40.57229
          ],
          [
            -111.73058,
            40.57229
          ],
          [
            -111.73055,
            40.5723
          ],
          [
            -111.73054,
            40.5723
          ],
          [
            -111.73053,
            40.5723
          ],
          [
            -111.73051,
            40.5723
          ],
          [
            -111.73048,
            40.5723
          ],
          [
            -111.73041,
            40.5723
          ],
          [
            -111.73038,
            40.57229
          ],
          [
            -111.73033,
            40.57228
          ],
          [
            -111.73028,
            40.57227
          ],
          [
            -111.73022,
            40.57225
          ],
          [
            -111.73015,
            40.57222
          ],
          [
            -111.7301,
            40.5722
          ],
          [
            -111.73002,
            40.57216
          ],
          [
            -111.72995,
            40.57212
          ],
          [
            -111.72978,
            40.57202
          ],
          [
            -111.72963,
            40.57194
          ],
          [
            -111.72959,
            40.57192
          ],
          [
            -111.72955,
            40.5719
          ],
          [
            -111.72945,
            40.57185
          ],
          [
            -111.72939,
            40.57182
          ],
          [
            -111.72935,
            40.57181
          ],
          [
            -111.72928,
            40.57178
          ],
          [
            -111.7292,
            40.57176
          ],
          [
            -111.72912,
            40.57175
          ],
          [
            -111.72904,
            40.57173
          ],
          [
            -111.72897,
            40.57172
          ],
          [
            -111.72889,
            40.57172
          ],
          [
            -111.72882,
            40.57172
          ],
          [
            -111.72873,
            40.57171
          ],
          [
            -111.7287,
            40.57172
          ],
          [
            -111.72864,
            40.57172
          ],
          [
            -111.7285,
            40.57173
          ],
          [
            -111.72836,
            40.57174
          ],
          [
            -111.72823,
            40.57175
          ],
          [
            -111.72821,
            40.57175
          ],
          [
            -111.728,
            40.57177
          ],
          [
            -111.72785,
            40.57179
          ],
          [
            -111.72771,
            40.57182
          ],
          [
            -111.7276,
            40.57184
          ],
          [
            -111.7275,
            40.57187
          ],
          [
            -111.72741,
            40.5719
          ],
          [
            -111.72733,
            40.57194
          ],
          [
            -111.72724,
            40.57199
          ],
          [
            -111.72716,
            40.57204
          ],
          [
            -111.72713,
            40.57206
          ],
          [
            -111.72708,
            40.5721
          ],
          [
            -111.72701,
            40.57215
          ],
          [
            -111.72691,
            40.57224
          ],
          [
            -111.72679,
            40.57236
          ],
          [
            -111.72667,
            40.57247
          ],
          [
            -111.72664,
            40.57249
          ],
          [
            -111.72662,
            40.57251
          ],
          [
            -111.72659,
            40.57254
          ],
          [
            -111.72654,
            40.57258
          ],
          [
            -111.72652,
            40.5726
          ],
          [
            -111.72649,
            40.57261
          ],
          [
            -111.72647,
            40.57263
          ],
          [
            -111.72643,
            40.57265
          ],
          [
            -111.7264,
            40.57266
          ],
          [
            -111.72638,
            40.57267
          ],
          [
            -111.72635,
            40.57268
          ],
          [
            -111.7263,
            40.5727
          ],
          [
            -111.72625,
            40.57271
          ],
          [
            -111.7262,
            40.57272
          ],
          [
            -111.72616,
            40.57272
          ],
          [
            -111.72615,
            40.57272
          ],
          [
            -111.72606,
            40.57273
          ],
          [
            -111.72601,
            40.57273
          ],
          [
            -111.72599,
            40.57273
          ],
          [
            -111.72589,
            40.57273
          ],
          [
            -111.72582,
            40.57272
          ],
          [
            -111.72577,
            40.57272
          ],
          [
            -111.72554,
            40.57269
          ],
          [
            -111.72551,
            40.57269
          ],
          [
            -111.72524,
            40.57265
          ],
          [
            -111.72513,
            40.57264
          ],
          [
            -111.72507,
            40.57263
          ],
          [
            -111.72499,
            40.57262
          ],
          [
            -111.7247,
            40.57259
          ],
          [
            -111.72424,
            40.57253
          ],
          [
            -111.724,
            40.57249
          ],
          [
            -111.72381,
            40.57246
          ],
          [
            -111.72368,
            40.57243
          ],
          [
            -111.72353,
            40.5724
          ],
          [
            -111.72345,
            40.57239
          ],
          [
            -111.72311,
            40.57232
          ],
          [
            -111.72276,
            40.57226
          ],
          [
            -111.72244,
            40.5722
          ],
          [
            -111.72209,
            40.57214
          ],
          [
            -111.72194,
            40.57211
          ],
          [
            -111.7218,
            40.57209
          ],
          [
            -111.72175,
            40.57208
          ],
          [
            -111.72163,
            40.57207
          ],
          [
            -111.7216,
            40.57206
          ],
          [
            -111.72156,
            40.57206
          ],
          [
            -111.72145,
            40.57205
          ],
          [
            -111.72123,
            40.57203
          ],
          [
            -111.72099,
            40.57202
          ],
          [
            -111.72081,
            40.57201
          ],
          [
            -111.72078,
            40.57201
          ],
          [
            -111.72071,
            40.572
          ],
          [
            -111.7207,
            40.572
          ],
          [
            -111.72066,
            40.572
          ],
          [
            -111.72039,
            40.57199
          ],
          [
            -111.72028,
            40.57198
          ],
          [
            -111.72016,
            40.57196
          ],
          [
            -111.72006,
            40.57195
          ],
          [
            -111.71994,
            40.57192
          ],
          [
            -111.71985,
            40.5719
          ],
          [
            -111.71968,
            40.57186
          ],
          [
            -111.71965,
            40.57185
          ],
          [
            -111.71956,
            40.57183
          ],
          [
            -111.71954,
            40.57182
          ],
          [
            -111.71951,
            40.57181
          ],
          [
            -111.71947,
            40.5718
          ],
          [
            -111.71936,
            40.57178
          ],
          [
            -111.71925,
            40.57176
          ],
          [
            -111.71918,
            40.57175
          ],
          [
            -111.71908,
            40.57174
          ],
          [
            -111.71905,
            40.57173
          ],
          [
            -111.71889,
            40.57172
          ],
          [
            -111.71886,
            40.57172
          ],
          [
            -111.71885,
            40.57172
          ],
          [
            -111.71883,
            40.57172
          ],
          [
            -111.71881,
            40.57172
          ],
          [
            -111.71877,
            40.57172
          ],
          [
            -111.71872,
            40.57171
          ],
          [
            -111.7187,
            40.57171
          ],
          [
            -111.71862,
            40.5717
          ],
          [
            -111.71858,
            40.5717
          ],
          [
            -111.71849,
            40.57169
          ],
          [
            -111.71838,
            40.57166
          ],
          [
            -111.71826,
            40.57163
          ],
          [
            -111.71813,
            40.57159
          ],
          [
            -111.71802,
            40.57156
          ],
          [
            -111.71795,
            40.57154
          ],
          [
            -111.71783,
            40.57152
          ],
          [
            -111.71776,
            40.57151
          ],
          [
            -111.71768,
            40.5715
          ],
          [
            -111.71758,
            40.57149
          ],
          [
            -111.7175,
            40.57149
          ],
          [
            -111.71747,
            40.57149
          ],
          [
            -111.71745,
            40.57149
          ],
          [
            -111.71743,
            40.57149
          ],
          [
            -111.71738,
            40.57149
          ],
          [
            -111.71734,
            40.57149
          ],
          [
            -111.71728,
            40.57149
          ],
          [
            -111.71717,
            40.57148
          ],
          [
            -111.71708,
            40.57147
          ],
          [
            -111.71701,
            40.57145
          ],
          [
            -111.71692,
            40.57143
          ],
          [
            -111.71679,
            40.57139
          ],
          [
            -111.71661,
            40.57133
          ],
          [
            -111.71655,
            40.57132
          ],
          [
            -111.71653,
            40.57131
          ],
          [
            -111.71645,
            40.57128
          ],
          [
            -111.71638,
            40.57126
          ],
          [
            -111.71634,
            40.57125
          ],
          [
            -111.71631,
            40.57124
          ],
          [
            -111.71626,
            40.57122
          ],
          [
            -111.71623,
            40.57121
          ],
          [
            -111.7162,
            40.57121
          ],
          [
            -111.71617,
            40.5712
          ],
          [
            -111.71607,
            40.57118
          ],
          [
            -111.71594,
            40.57116
          ],
          [
            -111.71583,
            40.57115
          ],
          [
            -111.71575,
            40.57114
          ],
          [
            -111.71564,
            40.57114
          ],
          [
            -111.71552,
            40.57114
          ],
          [
            -111.71541,
            40.57115
          ],
          [
            -111.71529,
            40.57116
          ],
          [
            -111.71518,
            40.57117
          ],
          [
            -111.71516,
            40.57117
          ],
          [
            -111.71513,
            40.57117
          ],
          [
            -111.71506,
            40.57118
          ],
          [
            -111.71502,
            40.57119
          ],
          [
            -111.71496,
            40.5712
          ],
          [
            -111.71495,
            40.5712
          ],
          [
            -111.71493,
            40.5712
          ],
          [
            -111.71491,
            40.5712
          ],
          [
            -111.71488,
            40.57121
          ],
          [
            -111.71484,
            40.57122
          ],
          [
            -111.71463,
            40.57126
          ],
          [
            -111.71441,
            40.5713
          ],
          [
            -111.71422,
            40.57133
          ],
          [
            -111.71419,
            40.57134
          ],
          [
            -111.71413,
            40.57134
          ],
          [
            -111.71411,
            40.57135
          ],
          [
            -111.71406,
            40.57135
          ],
          [
            -111.71403,
            40.57136
          ],
          [
            -111.71402,
            40.57136
          ],
          [
            -111.71401,
            40.57136
          ],
          [
            -111.71399,
            40.57136
          ],
          [
            -111.71397,
            40.57136
          ],
          [
            -111.71393,
            40.57137
          ],
          [
            -111.7139,
            40.57137
          ],
          [
            -111.71386,
            40.57138
          ],
          [
            -111.71374,
            40.57138
          ],
          [
            -111.71362,
            40.57139
          ],
          [
            -111.71354,
            40.57139
          ],
          [
            -111.7135,
            40.57139
          ],
          [
            -111.71338,
            40.57138
          ],
          [
            -111.71325,
            40.57137
          ],
          [
            -111.71315,
            40.57136
          ],
          [
            -111.71305,
            40.57134
          ],
          [
            -111.71292,
            40.57132
          ],
          [
            -111.71268,
            40.57127
          ],
          [
            -111.71262,
            40.57126
          ],
          [
            -111.71259,
            40.57125
          ],
          [
            -111.71254,
            40.57124
          ],
          [
            -111.71238,
            40.57122
          ],
          [
            -111.71236,
            40.57121
          ],
          [
            -111.71217,
            40.57117
          ],
          [
            -111.71216,
            40.57117
          ],
          [
            -111.71215,
            40.57117
          ],
          [
            -111.71213,
            40.57117
          ],
          [
            -111.71209,
            40.57116
          ],
          [
            -111.71198,
            40.57114
          ],
          [
            -111.7119,
            40.57112
          ],
          [
            -111.71185,
            40.57112
          ],
          [
            -111.71176,
            40.5711
          ],
          [
            -111.7116,
            40.57108
          ],
          [
            -111.71144,
            40.57107
          ],
          [
            -111.7113,
            40.57106
          ],
          [
            -111.71108,
            40.57103
          ],
          [
            -111.71095,
            40.57101
          ],
          [
            -111.71087,
            40.57099
          ],
          [
            -111.71076,
            40.57097
          ],
          [
            -111.71058,
            40.57091
          ],
          [
            -111.71022,
            40.57081
          ],
          [
            -111.71008,
            40.57077
          ],
          [
            -111.71001,
            40.57075
          ],
          [
            -111.70988,
            40.57072
          ],
          [
            -111.70987,
            40.57072
          ],
          [
            -111.70984,
            40.57071
          ],
          [
            -111.70979,
            40.5707
          ],
          [
            -111.70968,
            40.57067
          ],
          [
            -111.70957,
            40.57065
          ],
          [
            -111.70947,
            40.57063
          ],
          [
            -111.70937,
            40.57062
          ],
          [
            -111.70929,
            40.57061
          ],
          [
            -111.70919,
            40.57061
          ],
          [
            -111.70912,
            40.57061
          ],
          [
            -111.70903,
            40.57061
          ],
          [
            -111.70894,
            40.57062
          ],
          [
            -111.70886,
            40.57063
          ],
          [
            -111.70877,
            40.57065
          ],
          [
            -111.70868,
            40.57068
          ],
          [
            -111.70854,
            40.57072
          ],
          [
            -111.70845,
            40.57076
          ],
          [
            -111.70832,
            40.57082
          ],
          [
            -111.70831,
            40.57083
          ],
          [
            -111.7083,
            40.57084
          ],
          [
            -111.70828,
            40.57085
          ],
          [
            -111.70808,
            40.57094
          ],
          [
            -111.70789,
            40.57104
          ],
          [
            -111.70777,
            40.57109
          ],
          [
            -111.70767,
            40.57113
          ],
          [
            -111.70758,
            40.57117
          ],
          [
            -111.7075,
            40.57119
          ],
          [
            -111.70742,
            40.5712
          ],
          [
            -111.70735,
            40.57121
          ],
          [
            -111.70728,
            40.57122
          ],
          [
            -111.70721,
            40.57122
          ],
          [
            -111.70713,
            40.57121
          ],
          [
            -111.70704,
            40.5712
          ],
          [
            -111.70699,
            40.5712
          ],
          [
            -111.70697,
            40.57119
          ],
          [
            -111.70692,
            40.57119
          ],
          [
            -111.70672,
            40.57115
          ],
          [
            -111.70654,
            40.57113
          ],
          [
            -111.70644,
            40.57112
          ],
          [
            -111.7063,
            40.57111
          ],
          [
            -111.7062,
            40.57111
          ],
          [
            -111.70609,
            40.57111
          ],
          [
            -111.70605,
            40.57111
          ],
          [
            -111.70599,
            40.57111
          ],
          [
            -111.70593,
            40.57111
          ],
          [
            -111.70586,
            40.57111
          ],
          [
            -111.70584,
            40.57111
          ],
          [
            -111.70574,
            40.57111
          ],
          [
            -111.70562,
            40.57112
          ],
          [
            -111.70551,
            40.57113
          ],
          [
            -111.7053,
            40.57114
          ],
          [
            -111.70515,
            40.57114
          ],
          [
            -111.7051,
            40.57114
          ],
          [
            -111.70502,
            40.57114
          ],
          [
            -111.70494,
            40.57114
          ],
          [
            -111.70488,
            40.57114
          ],
          [
            -111.70481,
            40.57114
          ],
          [
            -111.70479,
            40.57114
          ],
          [
            -111.70469,
            40.57113
          ],
          [
            -111.70468,
            40.57112
          ],
          [
            -111.70466,
            40.57112
          ],
          [
            -111.70458,
            40.57111
          ],
          [
            -111.70457,
            40.57111
          ],
          [
            -111.70454,
            40.57111
          ],
          [
            -111.70447,
            40.57109
          ],
          [
            -111.70445,
            40.57109
          ],
          [
            -111.70441,
            40.57108
          ],
          [
            -111.70432,
            40.57106
          ],
          [
            -111.7042,
            40.57103
          ],
          [
            -111.70419,
            40.57103
          ],
          [
            -111.70377,
            40.57091
          ],
          [
            -111.70356,
            40.57085
          ],
          [
            -111.70355,
            40.57085
          ],
          [
            -111.70354,
            40.57084
          ],
          [
            -111.70346,
            40.57082
          ],
          [
            -111.70333,
            40.57078
          ],
          [
            -111.70325,
            40.57076
          ],
          [
            -111.70318,
            40.57074
          ],
          [
            -111.70311,
            40.57073
          ],
          [
            -111.70309,
            40.57073
          ],
          [
            -111.70302,
            40.57073
          ],
          [
            -111.70297,
            40.57073
          ],
          [
            -111.7029,
            40.57073
          ],
          [
            -111.70283,
            40.57074
          ],
          [
            -111.70274,
            40.57075
          ],
          [
            -111.70268,
            40.57076
          ],
          [
            -111.70256,
            40.57079
          ],
          [
            -111.70242,
            40.57084
          ],
          [
            -111.7022,
            40.5709
          ],
          [
            -111.70214,
            40.57092
          ],
          [
            -111.7021,
            40.57093
          ],
          [
            -111.70198,
            40.57097
          ],
          [
            -111.70194,
            40.57098
          ],
          [
            -111.7019,
            40.57099
          ],
          [
            -111.70188,
            40.571
          ],
          [
            -111.70178,
            40.57103
          ],
          [
            -111.70176,
            40.57104
          ],
          [
            -111.70174,
            40.57105
          ],
          [
            -111.70169,
            40.57107
          ],
          [
            -111.70161,
            40.57111
          ],
          [
            -111.70156,
            40.57114
          ],
          [
            -111.70152,
            40.57116
          ],
          [
            -111.70147,
            40.5712
          ],
          [
            -111.70142,
            40.57123
          ],
          [
            -111.70139,
            40.57126
          ],
          [
            -111.70136,
            40.57129
          ],
          [
            -111.70133,
            40.57132
          ],
          [
            -111.70133,
            40.57133
          ],
          [
            -111.70132,
            40.57133
          ],
          [
            -111.70126,
            40.57141
          ],
          [
            -111.70125,
            40.57141
          ],
          [
            -111.70124,
            40.57143
          ],
          [
            -111.70123,
            40.57145
          ],
          [
            -111.70121,
            40.57148
          ],
          [
            -111.7012,
            40.57148
          ],
          [
            -111.70118,
            40.57151
          ],
          [
            -111.70114,
            40.57157
          ],
          [
            -111.70112,
            40.57162
          ],
          [
            -111.70107,
            40.57169
          ],
          [
            -111.70104,
            40.57174
          ],
          [
            -111.70095,
            40.5719
          ],
          [
            -111.70091,
            40.57196
          ],
          [
            -111.70084,
            40.57205
          ],
          [
            -111.70084,
            40.57207
          ],
          [
            -111.70076,
            40.57218
          ],
          [
            -111.70073,
            40.57224
          ],
          [
            -111.70064,
            40.5724
          ],
          [
            -111.70063,
            40.57242
          ],
          [
            -111.70047,
            40.57273
          ],
          [
            -111.70024,
            40.57323
          ],
          [
            -111.70022,
            40.57325
          ],
          [
            -111.70016,
            40.57338
          ],
          [
            -111.70014,
            40.57341
          ],
          [
            -111.70014,
            40.57342
          ],
          [
            -111.70011,
            40.57347
          ],
          [
            -111.70008,
            40.57351
          ],
          [
            -111.70004,
            40.57356
          ],
          [
            -111.69998,
            40.5736
          ],
          [
            -111.69993,
            40.57364
          ],
          [
            -111.69987,
            40.57367
          ],
          [
            -111.69983,
            40.57368
          ],
          [
            -111.69977,
            40.57369
          ],
          [
            -111.69971,
            40.5737
          ],
          [
            -111.69965,
            40.5737
          ],
          [
            -111.69962,
            40.5737
          ],
          [
            -111.69959,
            40.5737
          ],
          [
            -111.69958,
            40.5737
          ],
          [
            -111.6995,
            40.5737
          ],
          [
            -111.69938,
            40.57368
          ],
          [
            -111.69935,
            40.57368
          ],
          [
            -111.69915,
            40.57365
          ],
          [
            -111.69893,
            40.57362
          ],
          [
            -111.69876,
            40.57359
          ],
          [
            -111.69869,
            40.57358
          ],
          [
            -111.69866,
            40.57358
          ],
          [
            -111.69862,
            40.57358
          ],
          [
            -111.69852,
            40.57357
          ],
          [
            -111.69845,
            40.57356
          ],
          [
            -111.69842,
            40.57356
          ],
          [
            -111.69841,
            40.57356
          ],
          [
            -111.6983,
            40.57356
          ],
          [
            -111.6982,
            40.57356
          ],
          [
            -111.69809,
            40.57357
          ],
          [
            -111.69798,
            40.57357
          ],
          [
            -111.69789,
            40.57358
          ],
          [
            -111.69779,
            40.5736
          ],
          [
            -111.69768,
            40.57361
          ],
          [
            -111.69757,
            40.57364
          ],
          [
            -111.69748,
            40.57366
          ],
          [
            -111.69729,
            40.57371
          ],
          [
            -111.69707,
            40.57379
          ],
          [
            -111.69677,
            40.57388
          ],
          [
            -111.69663,
            40.57392
          ],
          [
            -111.69661,
            40.57393
          ],
          [
            -111.69631,
            40.57402
          ],
          [
            -111.69621,
            40.57405
          ],
          [
            -111.69609,
            40.57408
          ],
          [
            -111.69596,
            40.57411
          ],
          [
            -111.6958,
            40.57414
          ],
          [
            -111.69574,
            40.57415
          ],
          [
            -111.69555,
            40.57418
          ],
          [
            -111.6954,
            40.57421
          ],
          [
            -111.69528,
            40.57424
          ],
          [
            -111.69509,
            40.57429
          ],
          [
            -111.69506,
            40.5743
          ],
          [
            -111.69476,
            40.57438
          ],
          [
            -111.69462,
            40.57441
          ],
          [
            -111.69454,
            40.57443
          ],
          [
            -111.69446,
            40.57444
          ],
          [
            -111.69435,
            40.57445
          ],
          [
            -111.69424,
            40.57446
          ],
          [
            -111.69414,
            40.57446
          ],
          [
            -111.69409,
            40.57446
          ],
          [
            -111.6939,
            40.57444
          ],
          [
            -111.69388,
            40.57444
          ],
          [
            -111.69345,
            40.57441
          ],
          [
            -111.69343,
            40.57441
          ],
          [
            -111.69335,
            40.5744
          ],
          [
            -111.69322,
            40.57439
          ],
          [
            -111.69308,
            40.57439
          ],
          [
            -111.69293,
            40.57438
          ],
          [
            -111.69278,
            40.57438
          ],
          [
            -111.69265,
            40.57437
          ],
          [
            -111.6924,
            40.57437
          ],
          [
            -111.69183,
            40.57438
          ],
          [
            -111.69145,
            40.5744
          ],
          [
            -111.69132,
            40.5744
          ],
          [
            -111.69131,
            40.5744
          ],
          [
            -111.69121,
            40.57441
          ],
          [
            -111.69112,
            40.57442
          ],
          [
            -111.69108,
            40.57442
          ],
          [
            -111.69107,
            40.57442
          ],
          [
            -111.69101,
            40.57443
          ],
          [
            -111.69091,
            40.57445
          ],
          [
            -111.69084,
            40.57446
          ],
          [
            -111.69082,
            40.57446
          ],
          [
            -111.69067,
            40.57448
          ],
          [
            -111.69062,
            40.57449
          ],
          [
            -111.69061,
            40.57449
          ],
          [
            -111.69051,
            40.57451
          ],
          [
            -111.69039,
            40.57454
          ],
          [
            -111.69038,
            40.57454
          ],
          [
            -111.69029,
            40.57456
          ],
          [
            -111.69021,
            40.57458
          ],
          [
            -111.69016,
            40.57459
          ],
          [
            -111.69005,
            40.57462
          ],
          [
            -111.68991,
            40.57467
          ],
          [
            -111.68976,
            40.57472
          ],
          [
            -111.68969,
            40.57474
          ],
          [
            -111.68959,
            40.57479
          ],
          [
            -111.68945,
            40.57484
          ],
          [
            -111.68932,
            40.57491
          ],
          [
            -111.68929,
            40.57492
          ],
          [
            -111.68913,
            40.57499
          ],
          [
            -111.68891,
            40.5751
          ],
          [
            -111.68882,
            40.57514
          ],
          [
            -111.68872,
            40.57517
          ],
          [
            -111.68863,
            40.5752
          ],
          [
            -111.68855,
            40.57522
          ],
          [
            -111.68851,
            40.57523
          ],
          [
            -111.68843,
            40.57525
          ],
          [
            -111.68831,
            40.57527
          ],
          [
            -111.68828,
            40.57527
          ],
          [
            -111.68827,
            40.57527
          ],
          [
            -111.68825,
            40.57527
          ],
          [
            -111.6882,
            40.57528
          ],
          [
            -111.6881,
            40.57529
          ],
          [
            -111.68804,
            40.57529
          ],
          [
            -111.6879,
            40.57531
          ],
          [
            -111.68781,
            40.57532
          ],
          [
            -111.68769,
            40.57532
          ],
          [
            -111.68757,
            40.57533
          ],
          [
            -111.68753,
            40.57533
          ],
          [
            -111.68743,
            40.57534
          ],
          [
            -111.68733,
            40.57534
          ],
          [
            -111.68721,
            40.57534
          ],
          [
            -111.68707,
            40.57533
          ],
          [
            -111.68692,
            40.57532
          ],
          [
            -111.68677,
            40.57531
          ],
          [
            -111.68648,
            40.57528
          ],
          [
            -111.68623,
            40.57526
          ],
          [
            -111.68616,
            40.57525
          ],
          [
            -111.68607,
            40.57525
          ],
          [
            -111.68595,
            40.57526
          ],
          [
            -111.68589,
            40.57526
          ],
          [
            -111.68577,
            40.57526
          ],
          [
            -111.68556,
            40.57528
          ],
          [
            -111.6854,
            40.57529
          ],
          [
            -111.68531,
            40.5753
          ],
          [
            -111.68529,
            40.5753
          ],
          [
            -111.68507,
            40.57533
          ],
          [
            -111.68487,
            40.57536
          ],
          [
            -111.68468,
            40.57539
          ],
          [
            -111.68453,
            40.57542
          ],
          [
            -111.68426,
            40.57549
          ],
          [
            -111.68406,
            40.57554
          ],
          [
            -111.68375,
            40.57562
          ],
          [
            -111.68371,
            40.57563
          ],
          [
            -111.6836,
            40.57567
          ],
          [
            -111.68359,
            40.57567
          ],
          [
            -111.6835,
            40.5757
          ],
          [
            -111.68348,
            40.57571
          ],
          [
            -111.68347,
            40.57571
          ],
          [
            -111.68337,
            40.57576
          ],
          [
            -111.68323,
            40.57582
          ],
          [
            -111.6831,
            40.57588
          ],
          [
            -111.68285,
            40.57601
          ],
          [
            -111.68269,
            40.57608
          ],
          [
            -111.68259,
            40.57612
          ],
          [
            -111.68252,
            40.57614
          ],
          [
            -111.68249,
            40.57615
          ],
          [
            -111.68246,
            40.57616
          ],
          [
            -111.68243,
            40.57617
          ],
          [
            -111.68236,
            40.57618
          ],
          [
            -111.68225,
            40.5762
          ],
          [
            -111.68224,
            40.5762
          ],
          [
            -111.68215,
            40.5762
          ],
          [
            -111.68205,
            40.5762
          ],
          [
            -111.682,
            40.5762
          ],
          [
            -111.68193,
            40.5762
          ],
          [
            -111.68183,
            40.57618
          ],
          [
            -111.68176,
            40.57617
          ],
          [
            -111.6817611,
            40.5761724
          ],
          [
            -111.68168,
            40.57602
          ],
          [
            -111.68166,
            40.576
          ],
          [
            -111.68157,
            40.57583
          ],
          [
            -111.68145,
            40.57573
          ],
          [
            -111.6813,
            40.57563
          ],
          [
            -111.68118,
            40.57557
          ],
          [
            -111.68117,
            40.57557
          ],
          [
            -111.6811723,
            40.5755725
          ],
          [
            -111.6811723,
            40.5755725
          ],
          [
            -111.6811723,
            40.5755725
          ]
        ]
      }
    }
  ]
}