{
  "type": "FeatureCollection",
  "features": [
    {
      "type": "Feature",
      "properties": {
        "_gpxType": "trk",
        "name": "Eagle to Redfish Trailhead",
        "coordinateProperties": {}
      },
      "geometry": {
        "type": "LineString",
        "coordinates": [
          [
            -116.3540337,
            43.6954426
          ],
          [
            -116.35403,
            43.69552
          ],
          [
            -116.35403,
            43.69566
          ],
          [
            -116.35403,
            43.69593
          ],
          [
            -116.35402,
            43.69618
          ],
          [
            -116.354,
            43.69782
          ],
          [
            -116.354,
            43.69787
          ],
          [
            -116.35398,
            43.69816
          ],
          [
            -116.35399,
            43.6983
          ],
          [
            -116.35399,
            43.69848
          ],
          [
            -116.35399,
            43.69876
          ],
          [
            -116.35398,
            43.6988
          ],
          [
            -116.35398,
            43.69884
          ],
          [
            -116.35398,
            43.69902
          ],
          [
            -116.35398,
            43.69926
          ],
          [
            -116.35397,
            43.69974
          ],
          [
            -116.35397,
            43.69984
          ],
          [
            -116.35396,
            43.70006
          ],
          [
            -116.35396,
            43.70014
          ],
          [
            -116.35396,
            43.7002
          ],
          [
            -116.35395,
            43.70055
          ],
          [
            -116.35395,
            43.70074
          ],
          [
            -116.35394,
            43.70128
          ],
          [
            -116.35393,
            43.70172
          ],
          [
            -116.35393,
            43.70199
          ],
          [
            -116.35392,
            43.70222
          ],
          [
            -116.35392,
            43.70242
          ],
          [
            -116.35391,
            43.70312
          ],
          [
            -116.3539,
            43.70346
          ],
          [
            -116.35389,
            43.70419
          ],
          [
            -116.35388,
            43.7045
          ],
          [
            -116.35386,
            43.70562
          ],
          [
            -116.35386,
            43.70578
          ],
          [
            -116.35385,
            43.70642
          ],
          [
            -116.3538524,
            43.706423
          ],
          [
            -116.35303,
            43.70642
          ],
          [
            -116.35273,
            43.70642
          ],
          [
            -116.35095,
            43.70643
          ],
          [
            -116.34987,
            43.70643
          ],
          [
            -116.34986,
            43.70643
          ],
          [
            -116.34961,
            43.70643
          ],
          [
            -116.34813,
            43.70644
          ],
          [
            -116.34812,
            43.70644
          ],
          [
            -116.34787,
            43.70644
          ],
          [
            -116.34664,
            43.70645
          ],
          [
            -116.34613,
            43.70645
          ],
          [
            -116.34605,
            43.70645
          ],
          [
            -116.34603,
            43.70645
          ],
          [
            -116.34588,
            43.70645
          ],
          [
            -116.34506,
            43.70645
          ],
          [
            -116.345,
            43.70645
          ],
          [
            -116.34437,
            43.70646
          ],
          [
            -116.3433,
            43.70646
          ],
          [
            -116.34264,
            43.70646
          ],
          [
            -116.34255,
            43.70646
          ],
          [
            -116.3419,
            43.70647
          ],
          [
            -116.3418,
            43.70647
          ],
          [
            -116.34107,
            43.70647
          ],
          [
            -116.34029,
            43.70647
          ],
          [
            -116.33987,
            43.70647
          ],
          [
            -116.33954,
            43.70647
          ],
          [
            -116.33887,
            43.70648
          ],
          [
            -116.33733,
            43.70648
          ],
          [
            -116.33672,
            43.70648
          ],
          [
            -116.33633,
            43.70648
          ],
          [
            -116.3363,
            43.70648
          ],
          [
            -116.33484,
            43.70649
          ],
          [
            -116.3348,
            43.70649
          ],
          [
            -116.33405,
            43.70649
          ],
          [
            -116.33372,
            43.70649
          ],
          [
            -116.33361,
            43.70649
          ],
          [
            -116.3321,
            43.7065
          ],
          [
            -116.33206,
            43.7065
          ],
          [
            -116.3306,
            43.7065
          ],
          [
            -116.32982,
            43.7065
          ],
          [
            -116.32961,
            43.7065
          ],
          [
            -116.32957,
            43.7065
          ],
          [
            -116.32832,
            43.70651
          ],
          [
            -116.32829,
            43.70651
          ],
          [
            -116.32758,
            43.70651
          ],
          [
            -116.32748,
            43.70651
          ],
          [
            -116.32728,
            43.70651
          ],
          [
            -116.32708,
            43.70651
          ],
          [
            -116.32653,
            43.70651
          ],
          [
            -116.32524,
            43.70651
          ],
          [
            -116.3251,
            43.70651
          ],
          [
            -116.32445,
            43.70651
          ],
          [
            -116.32395,
            43.70651
          ],
          [
            -116.32378,
            43.70651
          ],
          [
            -116.3237,
            43.70651
          ],
          [
            -116.32362,
            43.70651
          ],
          [
            -116.32337,
            43.70652
          ],
          [
            -116.32313,
            43.70652
          ],
          [
            -116.32267,
            43.70652
          ],
          [
            -116.32253,
            43.70652
          ],
          [
            -116.32221,
            43.70652
          ],
          [
            -116.3215,
            43.70652
          ],
          [
            -116.32074,
            43.70652
          ],
          [
            -116.32006,
            43.70652
          ],
          [
            -116.31997,
            43.70652
          ],
          [
            -116.319,
            43.70652
          ],
          [
            -116.3190048,
            43.7065232
          ],
          [
            -116.31888,
            43.70652
          ],
          [
            -116.31887,
            43.70714
          ],
          [
            -116.31886,
            43.70758
          ],
          [
            -116.31886,
            43.70776
          ],
          [
            -116.31885,
            43.7082
          ],
          [
            -116.31886,
            43.70829
          ],
          [
            -116.31886,
            43.70888
          ],
          [
            -116.31885,
            43.70941
          ],
          [
            -116.31883,
            43.70996
          ],
          [
            -116.31883,
            43.71074
          ],
          [
            -116.31882,
            43.71092
          ],
          [
            -116.31882,
            43.7111
          ],
          [
            -116.31882,
            43.71146
          ],
          [
            -116.31881,
            43.71197
          ],
          [
            -116.31882,
            43.71218
          ],
          [
            -116.31883,
            43.71241
          ],
          [
            -116.31884,
            43.71272
          ],
          [
            -116.31885,
            43.7129
          ],
          [
            -116.31886,
            43.71305
          ],
          [
            -116.31886,
            43.71308
          ],
          [
            -116.31887,
            43.71326
          ],
          [
            -116.31888,
            43.71338
          ],
          [
            -116.31888,
            43.71344
          ],
          [
            -116.3189,
            43.71362
          ],
          [
            -116.31891,
            43.71376
          ],
          [
            -116.31892,
            43.7138
          ],
          [
            -116.31893,
            43.71398
          ],
          [
            -116.31895,
            43.71416
          ],
          [
            -116.31897,
            43.71433
          ],
          [
            -116.31899,
            43.71446
          ],
          [
            -116.31899,
            43.71451
          ],
          [
            -116.31902,
            43.71468
          ],
          [
            -116.31904,
            43.71483
          ],
          [
            -116.31907,
            43.71505
          ],
          [
            -116.31908,
            43.71512
          ],
          [
            -116.3191,
            43.71523
          ],
          [
            -116.31912,
            43.71537
          ],
          [
            -116.31914,
            43.71552
          ],
          [
            -116.31917,
            43.71566
          ],
          [
            -116.31918,
            43.71577
          ],
          [
            -116.31919,
            43.71581
          ],
          [
            -116.31923,
            43.71602
          ],
          [
            -116.31925,
            43.71612
          ],
          [
            -116.31926,
            43.71617
          ],
          [
            -116.31931,
            43.71648
          ],
          [
            -116.31943,
            43.71714
          ],
          [
            -116.31944,
            43.71719
          ],
          [
            -116.31954,
            43.7178
          ],
          [
            -116.31956,
            43.71791
          ],
          [
            -116.31961,
            43.71822
          ],
          [
            -116.31966,
            43.71849
          ],
          [
            -116.31971,
            43.71876
          ],
          [
            -116.31974,
            43.71898
          ],
          [
            -116.31975,
            43.71902
          ],
          [
            -116.31975,
            43.71908
          ],
          [
            -116.31976,
            43.7191
          ],
          [
            -116.31976,
            43.71912
          ],
          [
            -116.31976,
            43.71916
          ],
          [
            -116.31977,
            43.71922
          ],
          [
            -116.31977,
            43.71928
          ],
          [
            -116.31977,
            43.71931
          ],
          [
            -116.31977,
            43.71938
          ],
          [
            -116.31977,
            43.71945
          ],
          [
            -116.31977,
            43.7195
          ],
          [
            -116.31977,
            43.71955
          ],
          [
            -116.31977,
            43.7196
          ],
          [
            -116.31976,
            43.71965
          ],
          [
            -116.31976,
            43.71971
          ],
          [
            -116.31975,
            43.71978
          ],
          [
            -116.31975,
            43.71985
          ],
          [
            -116.31974,
            43.71991
          ],
          [
            -116.31973,
            43.71996
          ],
          [
            -116.31972,
            43.72
          ],
          [
            -116.31972,
            43.72001
          ],
          [
            -116.31971,
            43.72004
          ],
          [
            -116.3197,
            43.72009
          ],
          [
            -116.31968,
            43.72014
          ],
          [
            -116.31967,
            43.72019
          ],
          [
            -116.31965,
            43.72024
          ],
          [
            -116.31962,
            43.72033
          ],
          [
            -116.31959,
            43.72041
          ],
          [
            -116.31956,
            43.72049
          ],
          [
            -116.31953,
            43.72056
          ],
          [
            -116.31949,
            43.72064
          ],
          [
            -116.31946,
            43.72071
          ],
          [
            -116.31936,
            43.72089
          ],
          [
            -116.31932,
            43.72096
          ],
          [
            -116.31928,
            43.72101
          ],
          [
            -116.31923,
            43.72109
          ],
          [
            -116.31918,
            43.72117
          ],
          [
            -116.31909,
            43.72128
          ],
          [
            -116.31903,
            43.72136
          ],
          [
            -116.31896,
            43.72143
          ],
          [
            -116.3189,
            43.7215
          ],
          [
            -116.31882,
            43.72158
          ],
          [
            -116.31871,
            43.72168
          ],
          [
            -116.31865,
            43.72173
          ],
          [
            -116.31857,
            43.7218
          ],
          [
            -116.3185,
            43.72185
          ],
          [
            -116.3184,
            43.72193
          ],
          [
            -116.3183,
            43.72201
          ],
          [
            -116.31819,
            43.72208
          ],
          [
            -116.31811,
            43.72215
          ],
          [
            -116.31802,
            43.7222
          ],
          [
            -116.31798,
            43.72222
          ],
          [
            -116.31793,
            43.72226
          ],
          [
            -116.31783,
            43.72231
          ],
          [
            -116.31773,
            43.72237
          ],
          [
            -116.31761,
            43.72244
          ],
          [
            -116.31748,
            43.72251
          ],
          [
            -116.31735,
            43.72258
          ],
          [
            -116.31722,
            43.72264
          ],
          [
            -116.31719,
            43.72266
          ],
          [
            -116.31704,
            43.72274
          ],
          [
            -116.31667,
            43.72294
          ],
          [
            -116.31641,
            43.72308
          ],
          [
            -116.31628,
            43.72315
          ],
          [
            -116.31618,
            43.7232
          ],
          [
            -116.31555,
            43.72354
          ],
          [
            -116.31541,
            43.72362
          ],
          [
            -116.31373,
            43.72452
          ],
          [
            -116.31363,
            43.72456
          ],
          [
            -116.31346,
            43.72465
          ],
          [
            -116.3134,
            43.72471
          ],
          [
            -116.31302,
            43.72491
          ],
          [
            -116.31271,
            43.72508
          ],
          [
            -116.31241,
            43.72524
          ],
          [
            -116.3118,
            43.72556
          ],
          [
            -116.31145,
            43.72574
          ],
          [
            -116.31096,
            43.726
          ],
          [
            -116.31027,
            43.72637
          ],
          [
            -116.3092,
            43.72693
          ],
          [
            -116.30891,
            43.72708
          ],
          [
            -116.3083,
            43.7274
          ],
          [
            -116.30822,
            43.72744
          ],
          [
            -116.30754,
            43.7278
          ],
          [
            -116.3071,
            43.72803
          ],
          [
            -116.30682,
            43.72818
          ],
          [
            -116.30665,
            43.72827
          ],
          [
            -116.30658,
            43.72831
          ],
          [
            -116.30651,
            43.72835
          ],
          [
            -116.30642,
            43.7284
          ],
          [
            -116.30634,
            43.72845
          ],
          [
            -116.30628,
            43.72848
          ],
          [
            -116.30622,
            43.72853
          ],
          [
            -116.30605,
            43.72864
          ],
          [
            -116.30587,
            43.72876
          ],
          [
            -116.3057,
            43.72888
          ],
          [
            -116.30568,
            43.72889
          ],
          [
            -116.30559,
            43.72897
          ],
          [
            -116.30553,
            43.72902
          ],
          [
            -116.30545,
            43.7291
          ],
          [
            -116.30543,
            43.72912
          ],
          [
            -116.30536,
            43.72918
          ],
          [
            -116.30529,
            43.72925
          ],
          [
            -116.30521,
            43.72934
          ],
          [
            -116.30508,
            43.72949
          ],
          [
            -116.30503,
            43.72956
          ],
          [
            -116.30494,
            43.72967
          ],
          [
            -116.30483,
            43.72981
          ],
          [
            -116.30476,
            43.72991
          ],
          [
            -116.30468,
            43.73005
          ],
          [
            -116.30452,
            43.73032
          ],
          [
            -116.30446,
            43.73043
          ],
          [
            -116.30441,
            43.73056
          ],
          [
            -116.30436,
            43.73067
          ],
          [
            -116.3043,
            43.73083
          ],
          [
            -116.30427,
            43.73093
          ],
          [
            -116.30423,
            43.7311
          ],
          [
            -116.30419,
            43.73126
          ],
          [
            -116.30417,
            43.73144
          ],
          [
            -116.30415,
            43.73157
          ],
          [
            -116.30414,
            43.73171
          ],
          [
            -116.30413,
            43.73183
          ],
          [
            -116.30413,
            43.73207
          ],
          [
            -116.30412,
            43.73244
          ],
          [
            -116.30412,
            43.73326
          ],
          [
            -116.30412,
            43.73334
          ],
          [
            -116.30412,
            43.73392
          ],
          [
            -116.30411,
            43.73463
          ],
          [
            -116.30411,
            43.73513
          ],
          [
            -116.30411,
            43.73551
          ],
          [
            -116.3041,
            43.73592
          ],
          [
            -116.30409,
            43.73601
          ],
          [
            -116.30408,
            43.73619
          ],
          [
            -116.30407,
            43.73634
          ],
          [
            -116.30405,
            43.73654
          ],
          [
            -116.30403,
            43.73666
          ],
          [
            -116.30402,
            43.73674
          ],
          [
            -116.304,
            43.73681
          ],
          [
            -116.304,
            43.73684
          ],
          [
            -116.30398,
            43.7369
          ],
          [
            -116.30396,
            43.73701
          ],
          [
            -116.30393,
            43.73711
          ],
          [
            -116.30388,
            43.73726
          ],
          [
            -116.30384,
            43.73739
          ],
          [
            -116.30378,
            43.73757
          ],
          [
            -116.3037,
            43.73776
          ],
          [
            -116.30363,
            43.73792
          ],
          [
            -116.30357,
            43.73805
          ],
          [
            -116.30352,
            43.73815
          ],
          [
            -116.30345,
            43.73828
          ],
          [
            -116.30335,
            43.73846
          ],
          [
            -116.3033,
            43.73855
          ],
          [
            -116.30325,
            43.73863
          ],
          [
            -116.3032,
            43.73872
          ],
          [
            -116.30315,
            43.7388
          ],
          [
            -116.30308,
            43.73891
          ],
          [
            -116.30302,
            43.73898
          ],
          [
            -116.30297,
            43.73906
          ],
          [
            -116.3029,
            43.73916
          ],
          [
            -116.3028,
            43.73929
          ],
          [
            -116.30273,
            43.73938
          ],
          [
            -116.30258,
            43.73955
          ],
          [
            -116.30235,
            43.73982
          ],
          [
            -116.30225,
            43.73994
          ],
          [
            -116.30209,
            43.74013
          ],
          [
            -116.30202,
            43.7402
          ],
          [
            -116.30196,
            43.74028
          ],
          [
            -116.30183,
            43.74043
          ],
          [
            -116.30156,
            43.74074
          ],
          [
            -116.30153,
            43.74078
          ],
          [
            -116.30143,
            43.74089
          ],
          [
            -116.30124,
            43.74112
          ],
          [
            -116.30073,
            43.7417
          ],
          [
            -116.30053,
            43.74193
          ],
          [
            -116.30023,
            43.74227
          ],
          [
            -116.30007,
            43.74246
          ],
          [
            -116.29984,
            43.74273
          ],
          [
            -116.29964,
            43.74296
          ],
          [
            -116.29944,
            43.74319
          ],
          [
            -116.29925,
            43.74343
          ],
          [
            -116.29895,
            43.74377
          ],
          [
            -116.29885,
            43.74388
          ],
          [
            -116.29874,
            43.74399
          ],
          [
            -116.29866,
            43.74408
          ],
          [
            -116.29859,
            43.74415
          ],
          [
            -116.29853,
            43.74421
          ],
          [
            -116.29842,
            43.74431
          ],
          [
            -116.2983,
            43.74442
          ],
          [
            -116.29806,
            43.74463
          ],
          [
            -116.29793,
            43.74474
          ],
          [
            -116.29786,
            43.74479
          ],
          [
            -116.29763,
            43.74498
          ],
          [
            -116.29737,
            43.74519
          ],
          [
            -116.29722,
            43.74531
          ],
          [
            -116.29714,
            43.74538
          ],
          [
            -116.29668,
            43.74574
          ],
          [
            -116.29655,
            43.74585
          ],
          [
            -116.29623,
            43.7461
          ],
          [
            -116.29615,
            43.74616
          ],
          [
            -116.29581,
            43.74644
          ],
          [
            -116.29543,
            43.74675
          ],
          [
            -116.29526,
            43.74689
          ],
          [
            -116.29514,
            43.74699
          ],
          [
            -116.2951,
            43.74702
          ],
          [
            -116.29486,
            43.7472
          ],
          [
            -116.29435,
            43.74762
          ],
          [
            -116.29395,
            43.74794
          ],
          [
            -116.29374,
            43.74811
          ],
          [
            -116.29371,
            43.74814
          ],
          [
            -116.29361,
            43.74822
          ],
          [
            -116.2935,
            43.7483
          ],
          [
            -116.29336,
            43.74842
          ],
          [
            -116.29321,
            43.74852
          ],
          [
            -116.2931,
            43.7486
          ],
          [
            -116.29237,
            43.74922
          ],
          [
            -116.29233,
            43.74925
          ],
          [
            -116.29223,
            43.74933
          ],
          [
            -116.29221,
            43.74935
          ],
          [
            -116.29206,
            43.74946
          ],
          [
            -116.29204,
            43.74948
          ],
          [
            -116.29174,
            43.74972
          ],
          [
            -116.29149,
            43.74992
          ],
          [
            -116.29124,
            43.75012
          ],
          [
            -116.29111,
            43.75023
          ],
          [
            -116.29088,
            43.75041
          ],
          [
            -116.29053,
            43.75069
          ],
          [
            -116.29045,
            43.75075
          ],
          [
            -116.2904,
            43.75079
          ],
          [
            -116.29024,
            43.75092
          ],
          [
            -116.29005,
            43.75107
          ],
          [
            -116.28974,
            43.75132
          ],
          [
            -116.28956,
            43.75147
          ],
          [
            -116.28952,
            43.7515
          ],
          [
            -116.28949,
            43.75152
          ],
          [
            -116.28945,
            43.75156
          ],
          [
            -116.28938,
            43.7516
          ],
          [
            -116.28933,
            43.75164
          ],
          [
            -116.28927,
            43.75169
          ],
          [
            -116.28921,
            43.75173
          ],
          [
            -116.28916,
            43.75177
          ],
          [
            -116.28911,
            43.7518
          ],
          [
            -116.28906,
            43.75184
          ],
          [
            -116.289,
            43.75187
          ],
          [
            -116.28895,
            43.75191
          ],
          [
            -116.28891,
            43.75193
          ],
          [
            -116.28886,
            43.75196
          ],
          [
            -116.28881,
            43.75199
          ],
          [
            -116.28875,
            43.75203
          ],
          [
            -116.2887,
            43.75205
          ],
          [
            -116.28863,
            43.7521
          ],
          [
            -116.28857,
            43.75213
          ],
          [
            -116.28846,
            43.75219
          ],
          [
            -116.28837,
            43.75223
          ],
          [
            -116.28827,
            43.75229
          ],
          [
            -116.28819,
            43.75232
          ],
          [
            -116.28811,
            43.75236
          ],
          [
            -116.28798,
            43.75241
          ],
          [
            -116.28792,
            43.75244
          ],
          [
            -116.28783,
            43.75248
          ],
          [
            -116.28759,
            43.75258
          ],
          [
            -116.28734,
            43.75269
          ],
          [
            -116.28707,
            43.7528
          ],
          [
            -116.28682,
            43.75291
          ],
          [
            -116.28661,
            43.753
          ],
          [
            -116.28646,
            43.75306
          ],
          [
            -116.28625,
            43.75315
          ],
          [
            -116.28576,
            43.75336
          ],
          [
            -116.28516,
            43.75361
          ],
          [
            -116.28447,
            43.7539
          ],
          [
            -116.28345,
            43.75434
          ],
          [
            -116.28334,
            43.75439
          ],
          [
            -116.28323,
            43.75443
          ],
          [
            -116.28318,
            43.75445
          ],
          [
            -116.28301,
            43.75452
          ],
          [
            -116.2828,
            43.75461
          ],
          [
            -116.28277,
            43.75463
          ],
          [
            -116.28259,
            43.7547
          ],
          [
            -116.28248,
            43.75475
          ],
          [
            -116.28238,
            43.7548
          ],
          [
            -116.2823,
            43.75483
          ],
          [
            -116.28216,
            43.75489
          ],
          [
            -116.28215,
            43.7549
          ],
          [
            -116.28199,
            43.75498
          ],
          [
            -116.28196,
            43.755
          ],
          [
            -116.28184,
            43.75506
          ],
          [
            -116.28176,
            43.7551
          ],
          [
            -116.28169,
            43.75514
          ],
          [
            -116.28162,
            43.75518
          ],
          [
            -116.28154,
            43.75523
          ],
          [
            -116.28144,
            43.75529
          ],
          [
            -116.28138,
            43.75533
          ],
          [
            -116.28129,
            43.7554
          ],
          [
            -116.28124,
            43.75544
          ],
          [
            -116.28117,
            43.75549
          ],
          [
            -116.28112,
            43.75553
          ],
          [
            -116.28102,
            43.75561
          ],
          [
            -116.28087,
            43.75573
          ],
          [
            -116.28078,
            43.75581
          ],
          [
            -116.28066,
            43.75591
          ],
          [
            -116.28055,
            43.75601
          ],
          [
            -116.28042,
            43.75612
          ],
          [
            -116.28029,
            43.75623
          ],
          [
            -116.28017,
            43.75634
          ],
          [
            -116.28012,
            43.75639
          ],
          [
            -116.28005,
            43.75644
          ],
          [
            -116.27993,
            43.75654
          ],
          [
            -116.27991,
            43.75656
          ],
          [
            -116.27981,
            43.75665
          ],
          [
            -116.27976,
            43.75669
          ],
          [
            -116.27969,
            43.75675
          ],
          [
            -116.27963,
            43.7568
          ],
          [
            -116.27959,
            43.75683
          ],
          [
            -116.27956,
            43.75686
          ],
          [
            -116.27944,
            43.75694
          ],
          [
            -116.27942,
            43.75696
          ],
          [
            -116.27938,
            43.75699
          ],
          [
            -116.2793,
            43.75704
          ],
          [
            -116.27925,
            43.75707
          ],
          [
            -116.2792,
            43.7571
          ],
          [
            -116.27916,
            43.75713
          ],
          [
            -116.27908,
            43.75718
          ],
          [
            -116.27901,
            43.75722
          ],
          [
            -116.27894,
            43.75726
          ],
          [
            -116.27887,
            43.75729
          ],
          [
            -116.27879,
            43.75733
          ],
          [
            -116.27873,
            43.75736
          ],
          [
            -116.27866,
            43.75739
          ],
          [
            -116.27856,
            43.75743
          ],
          [
            -116.27848,
            43.75747
          ],
          [
            -116.27838,
            43.75751
          ],
          [
            -116.27831,
            43.75754
          ],
          [
            -116.27822,
            43.75757
          ],
          [
            -116.27805,
            43.75763
          ],
          [
            -116.27789,
            43.7577
          ],
          [
            -116.27773,
            43.75775
          ],
          [
            -116.27722,
            43.75793
          ],
          [
            -116.27709,
            43.75798
          ],
          [
            -116.27694,
            43.75803
          ],
          [
            -116.27664,
            43.75814
          ],
          [
            -116.27661,
            43.75815
          ],
          [
            -116.27629,
            43.75826
          ],
          [
            -116.27604,
            43.75835
          ],
          [
            -116.27595,
            43.75839
          ],
          [
            -116.27583,
            43.75843
          ],
          [
            -116.27575,
            43.75846
          ],
          [
            -116.27568,
            43.75849
          ],
          [
            -116.27561,
            43.75851
          ],
          [
            -116.27551,
            43.75855
          ],
          [
            -116.27547,
            43.75857
          ],
          [
            -116.27541,
            43.7586
          ],
          [
            -116.27531,
            43.75864
          ],
          [
            -116.27527,
            43.75866
          ],
          [
            -116.2752,
            43.75869
          ],
          [
            -116.27516,
            43.7587
          ],
          [
            -116.27512,
            43.75873
          ],
          [
            -116.27506,
            43.75875
          ],
          [
            -116.27501,
            43.75878
          ],
          [
            -116.27496,
            43.7588
          ],
          [
            -116.2749,
            43.75884
          ],
          [
            -116.27485,
            43.75886
          ],
          [
            -116.27476,
            43.75891
          ],
          [
            -116.27471,
            43.75894
          ],
          [
            -116.2747,
            43.75895
          ],
          [
            -116.27466,
            43.75897
          ],
          [
            -116.27458,
            43.75902
          ],
          [
            -116.27451,
            43.75906
          ],
          [
            -116.27432,
            43.75919
          ],
          [
            -116.27414,
            43.75932
          ],
          [
            -116.27403,
            43.7594
          ],
          [
            -116.2739,
            43.7595
          ],
          [
            -116.27379,
            43.75957
          ],
          [
            -116.27369,
            43.75964
          ],
          [
            -116.27363,
            43.75968
          ],
          [
            -116.27356,
            43.75973
          ],
          [
            -116.27351,
            43.75976
          ],
          [
            -116.27346,
            43.75979
          ],
          [
            -116.27342,
            43.75982
          ],
          [
            -116.27334,
            43.75986
          ],
          [
            -116.27327,
            43.7599
          ],
          [
            -116.27323,
            43.75992
          ],
          [
            -116.27319,
            43.75994
          ],
          [
            -116.2731,
            43.75999
          ],
          [
            -116.27299,
            43.76004
          ],
          [
            -116.27287,
            43.7601
          ],
          [
            -116.27279,
            43.76013
          ],
          [
            -116.27271,
            43.76016
          ],
          [
            -116.27267,
            43.76018
          ],
          [
            -116.27262,
            43.7602
          ],
          [
            -116.2726,
            43.7602
          ],
          [
            -116.27256,
            43.76021
          ],
          [
            -116.27249,
            43.76024
          ],
          [
            -116.2724,
            43.76027
          ],
          [
            -116.27232,
            43.76029
          ],
          [
            -116.27225,
            43.76031
          ],
          [
            -116.27216,
            43.76034
          ],
          [
            -116.2721,
            43.76036
          ],
          [
            -116.27202,
            43.76037
          ],
          [
            -116.27197,
            43.76039
          ],
          [
            -116.27191,
            43.7604
          ],
          [
            -116.27188,
            43.76041
          ],
          [
            -116.27184,
            43.76041
          ],
          [
            -116.27179,
            43.76042
          ],
          [
            -116.27173,
            43.76044
          ],
          [
            -116.27168,
            43.76044
          ],
          [
            -116.27161,
            43.76046
          ],
          [
            -116.27154,
            43.76047
          ],
          [
            -116.27146,
            43.76048
          ],
          [
            -116.27138,
            43.76049
          ],
          [
            -116.27129,
            43.7605
          ],
          [
            -116.27121,
            43.76051
          ],
          [
            -116.27115,
            43.76051
          ],
          [
            -116.27106,
            43.76052
          ],
          [
            -116.27099,
            43.76052
          ],
          [
            -116.27089,
            43.76052
          ],
          [
            -116.27077,
            43.76053
          ],
          [
            -116.27056,
            43.76053
          ],
          [
            -116.27027,
            43.76053
          ],
          [
            -116.27005,
            43.76053
          ],
          [
            -116.26985,
            43.76053
          ],
          [
            -116.26975,
            43.76053
          ],
          [
            -116.26967,
            43.76053
          ],
          [
            -116.26945,
            43.76053
          ],
          [
            -116.26941,
            43.76054
          ],
          [
            -116.26938,
            43.76054
          ],
          [
            -116.26934,
            43.76054
          ],
          [
            -116.2693,
            43.76054
          ],
          [
            -116.26924,
            43.76055
          ],
          [
            -116.26916,
            43.76055
          ],
          [
            -116.26903,
            43.76056
          ],
          [
            -116.26884,
            43.76058
          ],
          [
            -116.26874,
            43.7606
          ],
          [
            -116.26865,
            43.76061
          ],
          [
            -116.26859,
            43.76062
          ],
          [
            -116.26853,
            43.76063
          ],
          [
            -116.26846,
            43.76064
          ],
          [
            -116.26838,
            43.76066
          ],
          [
            -116.26832,
            43.76067
          ],
          [
            -116.26825,
            43.76069
          ],
          [
            -116.26818,
            43.76071
          ],
          [
            -116.26813,
            43.76072
          ],
          [
            -116.26795,
            43.76077
          ],
          [
            -116.26782,
            43.76081
          ],
          [
            -116.26776,
            43.76083
          ],
          [
            -116.26768,
            43.76085
          ],
          [
            -116.26762,
            43.76088
          ],
          [
            -116.26755,
            43.7609
          ],
          [
            -116.26753,
            43.76091
          ],
          [
            -116.26751,
            43.76092
          ],
          [
            -116.26747,
            43.76093
          ],
          [
            -116.26742,
            43.76095
          ],
          [
            -116.26735,
            43.76098
          ],
          [
            -116.26731,
            43.761
          ],
          [
            -116.26724,
            43.76103
          ],
          [
            -116.26713,
            43.76108
          ],
          [
            -116.26707,
            43.76112
          ],
          [
            -116.26694,
            43.76119
          ],
          [
            -116.26689,
            43.76121
          ],
          [
            -116.26687,
            43.76123
          ],
          [
            -116.26684,
            43.76124
          ],
          [
            -116.26681,
            43.76126
          ],
          [
            -116.26679,
            43.76128
          ],
          [
            -116.26675,
            43.76131
          ],
          [
            -116.26671,
            43.76133
          ],
          [
            -116.26657,
            43.76143
          ],
          [
            -116.26649,
            43.76149
          ],
          [
            -116.26642,
            43.76155
          ],
          [
            -116.26636,
            43.76159
          ],
          [
            -116.2663,
            43.76164
          ],
          [
            -116.26623,
            43.7617
          ],
          [
            -116.26621,
            43.76172
          ],
          [
            -116.26618,
            43.76175
          ],
          [
            -116.26612,
            43.76181
          ],
          [
            -116.26606,
            43.76186
          ],
          [
            -116.26606,
            43.76187
          ],
          [
            -116.266,
            43.76193
          ],
          [
            -116.26592,
            43.76201
          ],
          [
            -116.26591,
            43.76202
          ],
          [
            -116.26586,
            43.76208
          ],
          [
            -116.26581,
            43.76215
          ],
          [
            -116.26579,
            43.76217
          ],
          [
            -116.26576,
            43.76221
          ],
          [
            -116.26574,
            43.76225
          ],
          [
            -116.26571,
            43.76228
          ],
          [
            -116.26569,
            43.76232
          ],
          [
            -116.26566,
            43.76236
          ],
          [
            -116.26563,
            43.76241
          ],
          [
            -116.26559,
            43.76247
          ],
          [
            -116.26558,
            43.76249
          ],
          [
            -116.26556,
            43.76253
          ],
          [
            -116.26552,
            43.7626
          ],
          [
            -116.2655,
            43.76266
          ],
          [
            -116.26547,
            43.76272
          ],
          [
            -116.26543,
            43.76281
          ],
          [
            -116.26541,
            43.76285
          ],
          [
            -116.26539,
            43.76291
          ],
          [
            -116.26537,
            43.76298
          ],
          [
            -116.26535,
            43.76305
          ],
          [
            -116.26532,
            43.76317
          ],
          [
            -116.2653,
            43.76326
          ],
          [
            -116.26529,
            43.76331
          ],
          [
            -116.26528,
            43.76337
          ],
          [
            -116.26527,
            43.76347
          ],
          [
            -116.26526,
            43.76358
          ],
          [
            -116.26525,
            43.76369
          ],
          [
            -116.26525,
            43.76376
          ],
          [
            -116.26525,
            43.7638
          ],
          [
            -116.26525,
            43.76383
          ],
          [
            -116.26525,
            43.76387
          ],
          [
            -116.26526,
            43.7639
          ],
          [
            -116.26527,
            43.76393
          ],
          [
            -116.26527,
            43.76397
          ],
          [
            -116.26528,
            43.764
          ],
          [
            -116.26529,
            43.76406
          ],
          [
            -116.2653,
            43.76411
          ],
          [
            -116.26531,
            43.76419
          ],
          [
            -116.26533,
            43.76427
          ],
          [
            -116.26538,
            43.7645
          ],
          [
            -116.26538,
            43.76452
          ],
          [
            -116.26542,
            43.76469
          ],
          [
            -116.26545,
            43.76481
          ],
          [
            -116.26546,
            43.76487
          ],
          [
            -116.26554,
            43.76522
          ],
          [
            -116.26565,
            43.76569
          ],
          [
            -116.26567,
            43.76576
          ],
          [
            -116.26571,
            43.76594
          ],
          [
            -116.26575,
            43.76611
          ],
          [
            -116.26577,
            43.76618
          ],
          [
            -116.26579,
            43.76629
          ],
          [
            -116.26582,
            43.7664
          ],
          [
            -116.26591,
            43.76678
          ],
          [
            -116.26592,
            43.76682
          ],
          [
            -116.26596,
            43.767
          ],
          [
            -116.26599,
            43.7671
          ],
          [
            -116.266,
            43.76718
          ],
          [
            -116.26607,
            43.76745
          ],
          [
            -116.26609,
            43.76754
          ],
          [
            -116.26611,
            43.76761
          ],
          [
            -116.26613,
            43.7677
          ],
          [
            -116.26614,
            43.76778
          ],
          [
            -116.26615,
            43.76785
          ],
          [
            -116.26616,
            43.76789
          ],
          [
            -116.26617,
            43.76793
          ],
          [
            -116.26618,
            43.76798
          ],
          [
            -116.26618,
            43.76802
          ],
          [
            -116.26619,
            43.76807
          ],
          [
            -116.26619,
            43.76812
          ],
          [
            -116.2662,
            43.76815
          ],
          [
            -116.2662,
            43.76819
          ],
          [
            -116.26621,
            43.76825
          ],
          [
            -116.26621,
            43.76831
          ],
          [
            -116.26621,
            43.76836
          ],
          [
            -116.26622,
            43.76843
          ],
          [
            -116.26622,
            43.7685
          ],
          [
            -116.26622,
            43.76857
          ],
          [
            -116.26621,
            43.76868
          ],
          [
            -116.26621,
            43.76876
          ],
          [
            -116.2662,
            43.76881
          ],
          [
            -116.2662,
            43.76885
          ],
          [
            -116.26619,
            43.76894
          ],
          [
            -116.26618,
            43.76903
          ],
          [
            -116.26616,
            43.76914
          ],
          [
            -116.26613,
            43.76928
          ],
          [
            -116.26609,
            43.76947
          ],
          [
            -116.26606,
            43.76964
          ],
          [
            -116.26603,
            43.76979
          ],
          [
            -116.26602,
            43.76983
          ],
          [
            -116.26599,
            43.76997
          ],
          [
            -116.26595,
            43.77022
          ],
          [
            -116.2659,
            43.77045
          ],
          [
            -116.26586,
            43.77064
          ],
          [
            -116.26581,
            43.77089
          ],
          [
            -116.26576,
            43.77117
          ],
          [
            -116.26571,
            43.77144
          ],
          [
            -116.26567,
            43.77164
          ],
          [
            -116.26567,
            43.77168
          ],
          [
            -116.26563,
            43.77186
          ],
          [
            -116.26558,
            43.77208
          ],
          [
            -116.26558,
            43.7721
          ],
          [
            -116.26554,
            43.77233
          ],
          [
            -116.26548,
            43.77262
          ],
          [
            -116.26536,
            43.77326
          ],
          [
            -116.26533,
            43.77336
          ],
          [
            -116.26524,
            43.77379
          ],
          [
            -116.26493,
            43.77529
          ],
          [
            -116.26483,
            43.77577
          ],
          [
            -116.26473,
            43.77623
          ],
          [
            -116.26446,
            43.77759
          ],
          [
            -116.26443,
            43.77781
          ],
          [
            -116.26435,
            43.77814
          ],
          [
            -116.26425,
            43.77865
          ],
          [
            -116.26425,
            43.77867
          ],
          [
            -116.26424,
            43.77872
          ],
          [
            -116.26421,
            43.77885
          ],
          [
            -116.2642,
            43.7789
          ],
          [
            -116.26417,
            43.77907
          ],
          [
            -116.26411,
            43.77938
          ],
          [
            -116.26409,
            43.77945
          ],
          [
            -116.26407,
            43.77956
          ],
          [
            -116.26388,
            43.78045
          ],
          [
            -116.26379,
            43.78091
          ],
          [
            -116.2637,
            43.78134
          ],
          [
            -116.26367,
            43.78149
          ],
          [
            -116.26355,
            43.7821
          ],
          [
            -116.26347,
            43.78249
          ],
          [
            -116.26342,
            43.78276
          ],
          [
            -116.26338,
            43.78294
          ],
          [
            -116.26333,
            43.78322
          ],
          [
            -116.26327,
            43.78352
          ],
          [
            -116.26324,
            43.78373
          ],
          [
            -116.26322,
            43.78391
          ],
          [
            -116.2632,
            43.78417
          ],
          [
            -116.2632,
            43.78436
          ],
          [
            -116.2632,
            43.78472
          ],
          [
            -116.2632,
            43.78481
          ],
          [
            -116.2632,
            43.78578
          ],
          [
            -116.2632,
            43.78638
          ],
          [
            -116.2632,
            43.78676
          ],
          [
            -116.2632,
            43.78689
          ],
          [
            -116.2632,
            43.78707
          ],
          [
            -116.2632,
            43.78725
          ],
          [
            -116.26321,
            43.7873
          ],
          [
            -116.26321,
            43.78737
          ],
          [
            -116.26321,
            43.78743
          ],
          [
            -116.26321,
            43.78777
          ],
          [
            -116.26321,
            43.78793
          ],
          [
            -116.26321,
            43.78898
          ],
          [
            -116.26321,
            43.78991
          ],
          [
            -116.26321,
            43.79006
          ],
          [
            -116.26321,
            43.79011
          ],
          [
            -116.26321,
            43.79013
          ],
          [
            -116.26321,
            43.79029
          ],
          [
            -116.26321,
            43.79031
          ],
          [
            -116.26321,
            43.79036
          ],
          [
            -116.26321,
            43.79048
          ],
          [
            -116.26321,
            43.7907
          ],
          [
            -116.26322,
            43.79155
          ],
          [
            -116.26322,
            43.79177
          ],
          [
            -116.26322,
            43.79204
          ],
          [
            -116.26323,
            43.79231
          ],
          [
            -116.26324,
            43.79259
          ],
          [
            -116.26327,
            43.79287
          ],
          [
            -116.2633,
            43.79312
          ],
          [
            -116.26335,
            43.79338
          ],
          [
            -116.2634,
            43.79361
          ],
          [
            -116.26346,
            43.79381
          ],
          [
            -116.26353,
            43.79403
          ],
          [
            -116.26368,
            43.79447
          ],
          [
            -116.26378,
            43.79471
          ],
          [
            -116.2638,
            43.79475
          ],
          [
            -116.26389,
            43.79496
          ],
          [
            -116.26397,
            43.79515
          ],
          [
            -116.26407,
            43.79541
          ],
          [
            -116.26415,
            43.79562
          ],
          [
            -116.2642,
            43.79576
          ],
          [
            -116.26424,
            43.79588
          ],
          [
            -116.26429,
            43.796
          ],
          [
            -116.26436,
            43.79615
          ],
          [
            -116.26441,
            43.79626
          ],
          [
            -116.26445,
            43.79635
          ],
          [
            -116.26462,
            43.79675
          ],
          [
            -116.26489,
            43.79735
          ],
          [
            -116.2651,
            43.79783
          ],
          [
            -116.26525,
            43.79858
          ],
          [
            -116.26525,
            43.79862
          ],
          [
            -116.26526,
            43.79867
          ],
          [
            -116.26528,
            43.79885
          ],
          [
            -116.26529,
            43.79898
          ],
          [
            -116.2653,
            43.79928
          ],
          [
            -116.26529,
            43.79934
          ],
          [
            -116.26525,
            43.79975
          ],
          [
            -116.26518,
            43.80008
          ],
          [
            -116.26512,
            43.80028
          ],
          [
            -116.2651,
            43.80034
          ],
          [
            -116.26506,
            43.80045
          ],
          [
            -116.26506,
            43.80046
          ],
          [
            -116.26505,
            43.8005
          ],
          [
            -116.26493,
            43.8008
          ],
          [
            -116.26486,
            43.80097
          ],
          [
            -116.26485,
            43.801
          ],
          [
            -116.26481,
            43.80111
          ],
          [
            -116.26475,
            43.80126
          ],
          [
            -116.26468,
            43.80144
          ],
          [
            -116.26462,
            43.80161
          ],
          [
            -116.26457,
            43.80175
          ],
          [
            -116.26445,
            43.80211
          ],
          [
            -116.26438,
            43.80238
          ],
          [
            -116.26434,
            43.80267
          ],
          [
            -116.26433,
            43.80293
          ],
          [
            -116.26432,
            43.80307
          ],
          [
            -116.26433,
            43.80324
          ],
          [
            -116.26434,
            43.80339
          ],
          [
            -116.26436,
            43.80352
          ],
          [
            -116.26437,
            43.80362
          ],
          [
            -116.26438,
            43.80371
          ],
          [
            -116.26439,
            43.80379
          ],
          [
            -116.26441,
            43.80385
          ],
          [
            -116.26442,
            43.8039
          ],
          [
            -116.26444,
            43.80398
          ],
          [
            -116.26446,
            43.80404
          ],
          [
            -116.26448,
            43.80412
          ],
          [
            -116.2645,
            43.80419
          ],
          [
            -116.26453,
            43.80431
          ],
          [
            -116.26458,
            43.80445
          ],
          [
            -116.26479,
            43.80506
          ],
          [
            -116.26488,
            43.80533
          ],
          [
            -116.26494,
            43.8055
          ],
          [
            -116.26496,
            43.80557
          ],
          [
            -116.265,
            43.80567
          ],
          [
            -116.26506,
            43.80587
          ],
          [
            -116.26513,
            43.80608
          ],
          [
            -116.26517,
            43.80618
          ],
          [
            -116.26526,
            43.80646
          ],
          [
            -116.26534,
            43.8067
          ],
          [
            -116.26537,
            43.80677
          ],
          [
            -116.26539,
            43.80684
          ],
          [
            -116.26541,
            43.80691
          ],
          [
            -116.26544,
            43.807
          ],
          [
            -116.26548,
            43.80709
          ],
          [
            -116.26551,
            43.80717
          ],
          [
            -116.26554,
            43.80724
          ],
          [
            -116.26558,
            43.80732
          ],
          [
            -116.26561,
            43.80738
          ],
          [
            -116.26564,
            43.80744
          ],
          [
            -116.26573,
            43.80761
          ],
          [
            -116.26582,
            43.80776
          ],
          [
            -116.2659,
            43.80791
          ],
          [
            -116.26598,
            43.80805
          ],
          [
            -116.26604,
            43.80815
          ],
          [
            -116.26611,
            43.80827
          ],
          [
            -116.26618,
            43.80837
          ],
          [
            -116.26622,
            43.80845
          ],
          [
            -116.26632,
            43.80861
          ],
          [
            -116.26708,
            43.80988
          ],
          [
            -116.26713,
            43.80998
          ],
          [
            -116.26719,
            43.81008
          ],
          [
            -116.2673,
            43.81026
          ],
          [
            -116.26742,
            43.81046
          ],
          [
            -116.26746,
            43.81053
          ],
          [
            -116.26747,
            43.81055
          ],
          [
            -116.26747,
            43.81056
          ],
          [
            -116.26749,
            43.81059
          ],
          [
            -116.26752,
            43.81066
          ],
          [
            -116.26756,
            43.81075
          ],
          [
            -116.2676,
            43.81085
          ],
          [
            -116.26763,
            43.81095
          ],
          [
            -116.26766,
            43.81106
          ],
          [
            -116.26769,
            43.81115
          ],
          [
            -116.26769,
            43.81116
          ],
          [
            -116.2677,
            43.81121
          ],
          [
            -116.2677,
            43.81123
          ],
          [
            -116.26771,
            43.81125
          ],
          [
            -116.26773,
            43.81145
          ],
          [
            -116.26774,
            43.81162
          ],
          [
            -116.26773,
            43.81176
          ],
          [
            -116.26773,
            43.81185
          ],
          [
            -116.26772,
            43.81188
          ],
          [
            -116.26772,
            43.8119
          ],
          [
            -116.26771,
            43.81195
          ],
          [
            -116.26771,
            43.81198
          ],
          [
            -116.26769,
            43.8121
          ],
          [
            -116.26766,
            43.81223
          ],
          [
            -116.26763,
            43.81234
          ],
          [
            -116.26759,
            43.81246
          ],
          [
            -116.26753,
            43.81258
          ],
          [
            -116.26751,
            43.81264
          ],
          [
            -116.26748,
            43.81269
          ],
          [
            -116.26745,
            43.81274
          ],
          [
            -116.26743,
            43.81279
          ],
          [
            -116.2674,
            43.81283
          ],
          [
            -116.26738,
            43.81287
          ],
          [
            -116.26735,
            43.81292
          ],
          [
            -116.26729,
            43.81302
          ],
          [
            -116.26722,
            43.81311
          ],
          [
            -116.26713,
            43.81323
          ],
          [
            -116.26701,
            43.81337
          ],
          [
            -116.26697,
            43.81342
          ],
          [
            -116.26689,
            43.8135
          ],
          [
            -116.26678,
            43.8136
          ],
          [
            -116.26671,
            43.81367
          ],
          [
            -116.26662,
            43.81373
          ],
          [
            -116.26655,
            43.81379
          ],
          [
            -116.26652,
            43.81381
          ],
          [
            -116.26646,
            43.81386
          ],
          [
            -116.26639,
            43.81391
          ],
          [
            -116.26637,
            43.81392
          ],
          [
            -116.26631,
            43.81396
          ],
          [
            -116.26623,
            43.81401
          ],
          [
            -116.26618,
            43.81404
          ],
          [
            -116.26615,
            43.81407
          ],
          [
            -116.26609,
            43.8141
          ],
          [
            -116.26602,
            43.81414
          ],
          [
            -116.26599,
            43.81416
          ],
          [
            -116.26597,
            43.81417
          ],
          [
            -116.26595,
            43.81418
          ],
          [
            -116.26579,
            43.81426
          ],
          [
            -116.26576,
            43.81427
          ],
          [
            -116.26563,
            43.81433
          ],
          [
            -116.26557,
            43.81436
          ],
          [
            -116.26548,
            43.81439
          ],
          [
            -116.26531,
            43.81446
          ],
          [
            -116.26509,
            43.81454
          ],
          [
            -116.26491,
            43.81461
          ],
          [
            -116.26462,
            43.81472
          ],
          [
            -116.26429,
            43.81484
          ],
          [
            -116.26423,
            43.81486
          ],
          [
            -116.26403,
            43.81494
          ],
          [
            -116.26399,
            43.81495
          ],
          [
            -116.26359,
            43.8151
          ],
          [
            -116.26312,
            43.81527
          ],
          [
            -116.26289,
            43.81536
          ],
          [
            -116.26231,
            43.81557
          ],
          [
            -116.26188,
            43.81574
          ],
          [
            -116.26167,
            43.81582
          ],
          [
            -116.26151,
            43.8159
          ],
          [
            -116.26134,
            43.81599
          ],
          [
            -116.26108,
            43.81614
          ],
          [
            -116.26094,
            43.81624
          ],
          [
            -116.26083,
            43.81633
          ],
          [
            -116.26066,
            43.81647
          ],
          [
            -116.26046,
            43.81665
          ],
          [
            -116.26035,
            43.81676
          ],
          [
            -116.26026,
            43.81687
          ],
          [
            -116.26024,
            43.81689
          ],
          [
            -116.26022,
            43.81691
          ],
          [
            -116.26017,
            43.81697
          ],
          [
            -116.26012,
            43.81704
          ],
          [
            -116.25989,
            43.81734
          ],
          [
            -116.25988,
            43.81736
          ],
          [
            -116.25986,
            43.81738
          ],
          [
            -116.25974,
            43.81754
          ],
          [
            -116.25951,
            43.81783
          ],
          [
            -116.25949,
            43.81785
          ],
          [
            -116.25948,
            43.81786
          ],
          [
            -116.25931,
            43.81805
          ],
          [
            -116.25918,
            43.81816
          ],
          [
            -116.25906,
            43.81827
          ],
          [
            -116.25892,
            43.81837
          ],
          [
            -116.25889,
            43.81839
          ],
          [
            -116.25887,
            43.81841
          ],
          [
            -116.25873,
            43.81851
          ],
          [
            -116.25864,
            43.81857
          ],
          [
            -116.25838,
            43.81875
          ],
          [
            -116.25796,
            43.81904
          ],
          [
            -116.25767,
            43.81926
          ],
          [
            -116.25765,
            43.81928
          ],
          [
            -116.2576,
            43.81932
          ],
          [
            -116.25752,
            43.81939
          ],
          [
            -116.25745,
            43.81945
          ],
          [
            -116.25734,
            43.81956
          ],
          [
            -116.25722,
            43.81969
          ],
          [
            -116.2572,
            43.8197
          ],
          [
            -116.25716,
            43.81976
          ],
          [
            -116.25708,
            43.81986
          ],
          [
            -116.25706,
            43.81988
          ],
          [
            -116.25696,
            43.82002
          ],
          [
            -116.25695,
            43.82004
          ],
          [
            -116.25694,
            43.82005
          ],
          [
            -116.25687,
            43.82017
          ],
          [
            -116.25678,
            43.82033
          ],
          [
            -116.25673,
            43.82044
          ],
          [
            -116.25668,
            43.82057
          ],
          [
            -116.25664,
            43.8207
          ],
          [
            -116.25663,
            43.82072
          ],
          [
            -116.25663,
            43.82073
          ],
          [
            -116.2566,
            43.82087
          ],
          [
            -116.25659,
            43.8209
          ],
          [
            -116.25656,
            43.82102
          ],
          [
            -116.25652,
            43.82123
          ],
          [
            -116.25648,
            43.82139
          ],
          [
            -116.25644,
            43.82157
          ],
          [
            -116.25643,
            43.82161
          ],
          [
            -116.25639,
            43.82176
          ],
          [
            -116.25639,
            43.82179
          ],
          [
            -116.25638,
            43.82183
          ],
          [
            -116.25633,
            43.82199
          ],
          [
            -116.25627,
            43.82214
          ],
          [
            -116.25621,
            43.82231
          ],
          [
            -116.2562,
            43.82232
          ],
          [
            -116.25614,
            43.82248
          ],
          [
            -116.25609,
            43.8226
          ],
          [
            -116.25601,
            43.82277
          ],
          [
            -116.25593,
            43.82294
          ],
          [
            -116.2559,
            43.823
          ],
          [
            -116.25582,
            43.82313
          ],
          [
            -116.25581,
            43.82315
          ],
          [
            -116.2558,
            43.82318
          ],
          [
            -116.25575,
            43.82327
          ],
          [
            -116.25567,
            43.8234
          ],
          [
            -116.25556,
            43.82356
          ],
          [
            -116.25552,
            43.82363
          ],
          [
            -116.2555,
            43.82365
          ],
          [
            -116.25549,
            43.82366
          ],
          [
            -116.25545,
            43.82373
          ],
          [
            -116.25524,
            43.82401
          ],
          [
            -116.25516,
            43.82411
          ],
          [
            -116.25505,
            43.82425
          ],
          [
            -116.25499,
            43.82432
          ],
          [
            -116.25493,
            43.82439
          ],
          [
            -116.25481,
            43.82452
          ],
          [
            -116.25463,
            43.8247
          ],
          [
            -116.25446,
            43.82485
          ],
          [
            -116.2543,
            43.82499
          ],
          [
            -116.25419,
            43.82509
          ],
          [
            -116.25407,
            43.82518
          ],
          [
            -116.25396,
            43.82527
          ],
          [
            -116.25395,
            43.82528
          ],
          [
            -116.25389,
            43.82532
          ],
          [
            -116.25383,
            43.82536
          ],
          [
            -116.25377,
            43.8254
          ],
          [
            -116.25377,
            43.82541
          ],
          [
            -116.2537,
            43.82545
          ],
          [
            -116.2536,
            43.82552
          ],
          [
            -116.25349,
            43.8256
          ],
          [
            -116.25334,
            43.82569
          ],
          [
            -116.25309,
            43.82585
          ],
          [
            -116.25289,
            43.82598
          ],
          [
            -116.25261,
            43.82616
          ],
          [
            -116.25238,
            43.82631
          ],
          [
            -116.25229,
            43.82637
          ],
          [
            -116.25221,
            43.82643
          ],
          [
            -116.25213,
            43.82648
          ],
          [
            -116.25211,
            43.8265
          ],
          [
            -116.25199,
            43.8266
          ],
          [
            -116.25192,
            43.82666
          ],
          [
            -116.25184,
            43.82674
          ],
          [
            -116.25179,
            43.82679
          ],
          [
            -116.25174,
            43.82684
          ],
          [
            -116.25162,
            43.82698
          ],
          [
            -116.25151,
            43.8271
          ],
          [
            -116.25141,
            43.82723
          ],
          [
            -116.25136,
            43.82728
          ],
          [
            -116.25128,
            43.82739
          ],
          [
            -116.25121,
            43.82748
          ],
          [
            -116.25108,
            43.82763
          ],
          [
            -116.25096,
            43.82776
          ],
          [
            -116.25092,
            43.82781
          ],
          [
            -116.25087,
            43.82786
          ],
          [
            -116.25078,
            43.82794
          ],
          [
            -116.25068,
            43.82804
          ],
          [
            -116.25057,
            43.82813
          ],
          [
            -116.25044,
            43.82822
          ],
          [
            -116.25031,
            43.82831
          ],
          [
            -116.25017,
            43.8284
          ],
          [
            -116.25007,
            43.82846
          ],
          [
            -116.24997,
            43.82852
          ],
          [
            -116.24988,
            43.82856
          ],
          [
            -116.2498,
            43.82861
          ],
          [
            -116.24969,
            43.82866
          ],
          [
            -116.24958,
            43.82872
          ],
          [
            -116.2494,
            43.82881
          ],
          [
            -116.24922,
            43.82891
          ],
          [
            -116.2491,
            43.82896
          ],
          [
            -116.24895,
            43.82904
          ],
          [
            -116.24886,
            43.82908
          ],
          [
            -116.24772,
            43.82967
          ],
          [
            -116.24725,
            43.8299
          ],
          [
            -116.2467,
            43.83018
          ],
          [
            -116.24643,
            43.83034
          ],
          [
            -116.24624,
            43.83045
          ],
          [
            -116.24601,
            43.83061
          ],
          [
            -116.24579,
            43.8308
          ],
          [
            -116.24559,
            43.83099
          ],
          [
            -116.24549,
            43.83111
          ],
          [
            -116.24539,
            43.83124
          ],
          [
            -116.24535,
            43.83129
          ],
          [
            -116.24522,
            43.83148
          ],
          [
            -116.24508,
            43.83174
          ],
          [
            -116.24496,
            43.83202
          ],
          [
            -116.2449,
            43.83225
          ],
          [
            -116.24486,
            43.83249
          ],
          [
            -116.24485,
            43.83261
          ],
          [
            -116.24484,
            43.83274
          ],
          [
            -116.24485,
            43.833
          ],
          [
            -116.24487,
            43.83316
          ],
          [
            -116.24488,
            43.83318
          ],
          [
            -116.24488,
            43.83323
          ],
          [
            -116.2449,
            43.83328
          ],
          [
            -116.24496,
            43.83354
          ],
          [
            -116.24501,
            43.83368
          ],
          [
            -116.24501,
            43.83369
          ],
          [
            -116.24504,
            43.83379
          ],
          [
            -116.24506,
            43.83385
          ],
          [
            -116.24506,
            43.83386
          ],
          [
            -116.2451,
            43.83397
          ],
          [
            -116.2452,
            43.83431
          ],
          [
            -116.24527,
            43.83453
          ],
          [
            -116.2453,
            43.83463
          ],
          [
            -116.24532,
            43.83473
          ],
          [
            -116.24533,
            43.83482
          ],
          [
            -116.24535,
            43.83492
          ],
          [
            -116.24536,
            43.83501
          ],
          [
            -116.24537,
            43.8351
          ],
          [
            -116.24537,
            43.83515
          ],
          [
            -116.24537,
            43.8352
          ],
          [
            -116.24537,
            43.83524
          ],
          [
            -116.24537,
            43.83529
          ],
          [
            -116.24537,
            43.8353
          ],
          [
            -116.24537,
            43.83532
          ],
          [
            -116.24536,
            43.83539
          ],
          [
            -116.24535,
            43.83548
          ],
          [
            -116.24533,
            43.83556
          ],
          [
            -116.24532,
            43.83562
          ],
          [
            -116.24531,
            43.83568
          ],
          [
            -116.24528,
            43.83575
          ],
          [
            -116.24524,
            43.83585
          ],
          [
            -116.24508,
            43.83621
          ],
          [
            -116.245,
            43.83633
          ],
          [
            -116.24499,
            43.83636
          ],
          [
            -116.24493,
            43.83646
          ],
          [
            -116.24484,
            43.83657
          ],
          [
            -116.24481,
            43.83661
          ],
          [
            -116.24477,
            43.83665
          ],
          [
            -116.24476,
            43.83668
          ],
          [
            -116.24457,
            43.83688
          ],
          [
            -116.24455,
            43.8369
          ],
          [
            -116.24439,
            43.83706
          ],
          [
            -116.24429,
            43.83716
          ],
          [
            -116.24424,
            43.8372
          ],
          [
            -116.24419,
            43.83724
          ],
          [
            -116.24409,
            43.83731
          ],
          [
            -116.24407,
            43.83732
          ],
          [
            -116.24405,
            43.83734
          ],
          [
            -116.244,
            43.83737
          ],
          [
            -116.24387,
            43.83744
          ],
          [
            -116.24376,
            43.83749
          ],
          [
            -116.24355,
            43.8376
          ],
          [
            -116.24329,
            43.83772
          ],
          [
            -116.24325,
            43.83774
          ],
          [
            -116.24324,
            43.83774
          ],
          [
            -116.24301,
            43.83784
          ],
          [
            -116.24286,
            43.83791
          ],
          [
            -116.24263,
            43.83801
          ],
          [
            -116.24219,
            43.83821
          ],
          [
            -116.24185,
            43.83836
          ],
          [
            -116.24152,
            43.83851
          ],
          [
            -116.24119,
            43.83865
          ],
          [
            -116.24073,
            43.83886
          ],
          [
            -116.24004,
            43.83916
          ],
          [
            -116.23948,
            43.83943
          ],
          [
            -116.23929,
            43.83953
          ],
          [
            -116.23909,
            43.83964
          ],
          [
            -116.23891,
            43.83975
          ],
          [
            -116.23886,
            43.83979
          ],
          [
            -116.23874,
            43.83986
          ],
          [
            -116.23844,
            43.84006
          ],
          [
            -116.23827,
            43.84018
          ],
          [
            -116.23815,
            43.84026
          ],
          [
            -116.23805,
            43.84033
          ],
          [
            -116.23797,
            43.84039
          ],
          [
            -116.23788,
            43.84045
          ],
          [
            -116.23772,
            43.84055
          ],
          [
            -116.23762,
            43.84062
          ],
          [
            -116.23753,
            43.84068
          ],
          [
            -116.23742,
            43.84076
          ],
          [
            -116.23741,
            43.84077
          ],
          [
            -116.23724,
            43.84089
          ],
          [
            -116.23669,
            43.84127
          ],
          [
            -116.23664,
            43.8413
          ],
          [
            -116.23626,
            43.84157
          ],
          [
            -116.23604,
            43.84172
          ],
          [
            -116.23566,
            43.84197
          ],
          [
            -116.23544,
            43.84213
          ],
          [
            -116.23494,
            43.84247
          ],
          [
            -116.23456,
            43.84274
          ],
          [
            -116.23417,
            43.84301
          ],
          [
            -116.23408,
            43.84306
          ],
          [
            -116.23386,
            43.84321
          ],
          [
            -116.2338,
            43.84325
          ],
          [
            -116.2337,
            43.84332
          ],
          [
            -116.23348,
            43.84345
          ],
          [
            -116.23294,
            43.84377
          ],
          [
            -116.23234,
            43.84411
          ],
          [
            -116.23181,
            43.84439
          ],
          [
            -116.23142,
            43.84459
          ],
          [
            -116.23109,
            43.84476
          ],
          [
            -116.23056,
            43.84502
          ],
          [
            -116.23029,
            43.84516
          ],
          [
            -116.23017,
            43.84522
          ],
          [
            -116.23002,
            43.8453
          ],
          [
            -116.22984,
            43.8454
          ],
          [
            -116.22972,
            43.84547
          ],
          [
            -116.22961,
            43.84554
          ],
          [
            -116.22955,
            43.84557
          ],
          [
            -116.22948,
            43.84562
          ],
          [
            -116.22942,
            43.84566
          ],
          [
            -116.22935,
            43.84571
          ],
          [
            -116.2293,
            43.84575
          ],
          [
            -116.22917,
            43.84585
          ],
          [
            -116.22899,
            43.84601
          ],
          [
            -116.22886,
            43.84614
          ],
          [
            -116.22878,
            43.84621
          ],
          [
            -116.22875,
            43.84625
          ],
          [
            -116.22871,
            43.84629
          ],
          [
            -116.22868,
            43.84633
          ],
          [
            -116.22862,
            43.8464
          ],
          [
            -116.22854,
            43.8465
          ],
          [
            -116.22848,
            43.84658
          ],
          [
            -116.22847,
            43.84659
          ],
          [
            -116.22845,
            43.84662
          ],
          [
            -116.22843,
            43.84666
          ],
          [
            -116.22839,
            43.84672
          ],
          [
            -116.22837,
            43.84675
          ],
          [
            -116.22835,
            43.84678
          ],
          [
            -116.22831,
            43.84684
          ],
          [
            -116.22828,
            43.8469
          ],
          [
            -116.22825,
            43.84697
          ],
          [
            -116.22821,
            43.84705
          ],
          [
            -116.22819,
            43.84709
          ],
          [
            -116.22817,
            43.84714
          ],
          [
            -116.22814,
            43.8472
          ],
          [
            -116.22812,
            43.84725
          ],
          [
            -116.22811,
            43.84729
          ],
          [
            -116.22809,
            43.84735
          ],
          [
            -116.22804,
            43.84751
          ],
          [
            -116.228,
            43.84766
          ],
          [
            -116.22798,
            43.84777
          ],
          [
            -116.22797,
            43.84785
          ],
          [
            -116.22796,
            43.84794
          ],
          [
            -116.22795,
            43.84804
          ],
          [
            -116.22795,
            43.84821
          ],
          [
            -116.22795,
            43.84829
          ],
          [
            -116.22796,
            43.84838
          ],
          [
            -116.22797,
            43.8485
          ],
          [
            -116.22799,
            43.84859
          ],
          [
            -116.22802,
            43.84875
          ],
          [
            -116.22804,
            43.84887
          ],
          [
            -116.22809,
            43.84907
          ],
          [
            -116.22813,
            43.84924
          ],
          [
            -116.22816,
            43.84935
          ],
          [
            -116.22817,
            43.84942
          ],
          [
            -116.2282,
            43.84954
          ],
          [
            -116.22821,
            43.84957
          ],
          [
            -116.22822,
            43.84962
          ],
          [
            -116.22825,
            43.84972
          ],
          [
            -116.22825,
            43.84975
          ],
          [
            -116.22826,
            43.84979
          ],
          [
            -116.22829,
            43.84989
          ],
          [
            -116.22831,
            43.85
          ],
          [
            -116.22833,
            43.85007
          ],
          [
            -116.22834,
            43.85014
          ],
          [
            -116.22836,
            43.85024
          ],
          [
            -116.22836,
            43.85028
          ],
          [
            -116.22836,
            43.85029
          ],
          [
            -116.22837,
            43.85029
          ],
          [
            -116.22837,
            43.85035
          ],
          [
            -116.22837,
            43.85042
          ],
          [
            -116.22837,
            43.85046
          ],
          [
            -116.22837,
            43.85048
          ],
          [
            -116.22837,
            43.85055
          ],
          [
            -116.22836,
            43.85061
          ],
          [
            -116.22836,
            43.85064
          ],
          [
            -116.22835,
            43.85071
          ],
          [
            -116.22833,
            43.85081
          ],
          [
            -116.22832,
            43.85088
          ],
          [
            -116.22828,
            43.85099
          ],
          [
            -116.22824,
            43.85111
          ],
          [
            -116.22821,
            43.85117
          ],
          [
            -116.22819,
            43.85122
          ],
          [
            -116.22802,
            43.85152
          ],
          [
            -116.22796,
            43.85159
          ],
          [
            -116.22792,
            43.85164
          ],
          [
            -116.22788,
            43.85169
          ],
          [
            -116.22785,
            43.85172
          ],
          [
            -116.22783,
            43.85174
          ],
          [
            -116.2278,
            43.85178
          ],
          [
            -116.22775,
            43.85183
          ],
          [
            -116.22771,
            43.85187
          ],
          [
            -116.22758,
            43.85198
          ],
          [
            -116.22747,
            43.85206
          ],
          [
            -116.22735,
            43.85215
          ],
          [
            -116.22727,
            43.8522
          ],
          [
            -116.22726,
            43.85221
          ],
          [
            -116.22719,
            43.85225
          ],
          [
            -116.22707,
            43.85232
          ],
          [
            -116.22695,
            43.85238
          ],
          [
            -116.2268,
            43.85245
          ],
          [
            -116.22668,
            43.8525
          ],
          [
            -116.22656,
            43.85254
          ],
          [
            -116.22648,
            43.85257
          ],
          [
            -116.2264,
            43.8526
          ],
          [
            -116.22628,
            43.85263
          ],
          [
            -116.22601,
            43.85269
          ],
          [
            -116.22575,
            43.85275
          ],
          [
            -116.22549,
            43.85281
          ],
          [
            -116.2254,
            43.85283
          ],
          [
            -116.22464,
            43.85299
          ],
          [
            -116.22397,
            43.85316
          ],
          [
            -116.22385,
            43.85319
          ],
          [
            -116.2237,
            43.85323
          ],
          [
            -116.22359,
            43.85326
          ],
          [
            -116.22346,
            43.8533
          ],
          [
            -116.22339,
            43.85332
          ],
          [
            -116.2233,
            43.85335
          ],
          [
            -116.2232,
            43.85338
          ],
          [
            -116.22319,
            43.85339
          ],
          [
            -116.22311,
            43.85342
          ],
          [
            -116.22305,
            43.85344
          ],
          [
            -116.22299,
            43.85346
          ],
          [
            -116.22295,
            43.85348
          ],
          [
            -116.22283,
            43.85352
          ],
          [
            -116.22273,
            43.85356
          ],
          [
            -116.22253,
            43.85365
          ],
          [
            -116.22251,
            43.85366
          ],
          [
            -116.22238,
            43.85373
          ],
          [
            -116.22233,
            43.85375
          ],
          [
            -116.22227,
            43.85378
          ],
          [
            -116.22216,
            43.85384
          ],
          [
            -116.22205,
            43.8539
          ],
          [
            -116.22194,
            43.85396
          ],
          [
            -116.22184,
            43.85402
          ],
          [
            -116.22172,
            43.8541
          ],
          [
            -116.22163,
            43.85416
          ],
          [
            -116.22153,
            43.85422
          ],
          [
            -116.22146,
            43.85427
          ],
          [
            -116.22137,
            43.85434
          ],
          [
            -116.22129,
            43.85439
          ],
          [
            -116.2212,
            43.85446
          ],
          [
            -116.22114,
            43.85451
          ],
          [
            -116.22098,
            43.85465
          ],
          [
            -116.22092,
            43.85471
          ],
          [
            -116.22088,
            43.85473
          ],
          [
            -116.22088,
            43.85474
          ],
          [
            -116.22081,
            43.8548
          ],
          [
            -116.22076,
            43.85485
          ],
          [
            -116.22073,
            43.85488
          ],
          [
            -116.2206,
            43.85501
          ],
          [
            -116.22059,
            43.85502
          ],
          [
            -116.22053,
            43.85509
          ],
          [
            -116.22047,
            43.85516
          ],
          [
            -116.22043,
            43.85521
          ],
          [
            -116.22038,
            43.85527
          ],
          [
            -116.22033,
            43.85533
          ],
          [
            -116.22031,
            43.85535
          ],
          [
            -116.22024,
            43.85544
          ],
          [
            -116.22021,
            43.85549
          ],
          [
            -116.22015,
            43.85557
          ],
          [
            -116.22008,
            43.85568
          ],
          [
            -116.21999,
            43.85582
          ],
          [
            -116.21994,
            43.85591
          ],
          [
            -116.21983,
            43.85611
          ],
          [
            -116.21981,
            43.85615
          ],
          [
            -116.21979,
            43.85619
          ],
          [
            -116.21977,
            43.85624
          ],
          [
            -116.21976,
            43.85627
          ],
          [
            -116.21974,
            43.85632
          ],
          [
            -116.21971,
            43.85639
          ],
          [
            -116.21966,
            43.85651
          ],
          [
            -116.21961,
            43.85667
          ],
          [
            -116.21956,
            43.85684
          ],
          [
            -116.21954,
            43.8569
          ],
          [
            -116.21953,
            43.85697
          ],
          [
            -116.21952,
            43.85702
          ],
          [
            -116.21951,
            43.85707
          ],
          [
            -116.21949,
            43.85714
          ],
          [
            -116.21949,
            43.8572
          ],
          [
            -116.21949,
            43.85721
          ],
          [
            -116.21947,
            43.8573
          ],
          [
            -116.21947,
            43.85735
          ],
          [
            -116.21946,
            43.85738
          ],
          [
            -116.21946,
            43.85744
          ],
          [
            -116.21944,
            43.85755
          ],
          [
            -116.21943,
            43.85773
          ],
          [
            -116.21943,
            43.85774
          ],
          [
            -116.21941,
            43.85788
          ],
          [
            -116.21941,
            43.85791
          ],
          [
            -116.21941,
            43.85792
          ],
          [
            -116.2194,
            43.85803
          ],
          [
            -116.21939,
            43.85809
          ],
          [
            -116.21938,
            43.8582
          ],
          [
            -116.21937,
            43.85828
          ],
          [
            -116.21937,
            43.85833
          ],
          [
            -116.21934,
            43.85852
          ],
          [
            -116.21933,
            43.85859
          ],
          [
            -116.21932,
            43.85863
          ],
          [
            -116.2193,
            43.85872
          ],
          [
            -116.21929,
            43.85878
          ],
          [
            -116.21928,
            43.85881
          ],
          [
            -116.21926,
            43.85888
          ],
          [
            -116.21924,
            43.85897
          ],
          [
            -116.21921,
            43.85907
          ],
          [
            -116.21918,
            43.85915
          ],
          [
            -116.21918,
            43.85916
          ],
          [
            -116.21914,
            43.85926
          ],
          [
            -116.21911,
            43.85933
          ],
          [
            -116.21909,
            43.85938
          ],
          [
            -116.21906,
            43.85947
          ],
          [
            -116.21904,
            43.85951
          ],
          [
            -116.21898,
            43.85963
          ],
          [
            -116.2189,
            43.85979
          ],
          [
            -116.21883,
            43.85991
          ],
          [
            -116.21876,
            43.86001
          ],
          [
            -116.21874,
            43.86004
          ],
          [
            -116.21867,
            43.86014
          ],
          [
            -116.21865,
            43.86017
          ],
          [
            -116.21858,
            43.86027
          ],
          [
            -116.21844,
            43.86045
          ],
          [
            -116.21834,
            43.86057
          ],
          [
            -116.21825,
            43.86068
          ],
          [
            -116.21814,
            43.86079
          ],
          [
            -116.21813,
            43.8608
          ],
          [
            -116.21801,
            43.86091
          ],
          [
            -116.21786,
            43.86104
          ],
          [
            -116.21773,
            43.86116
          ],
          [
            -116.21752,
            43.86132
          ],
          [
            -116.21723,
            43.86152
          ],
          [
            -116.21695,
            43.86171
          ],
          [
            -116.21621,
            43.86219
          ],
          [
            -116.21613,
            43.86225
          ],
          [
            -116.21608,
            43.86228
          ],
          [
            -116.21604,
            43.86232
          ],
          [
            -116.21598,
            43.86236
          ],
          [
            -116.21592,
            43.86241
          ],
          [
            -116.21583,
            43.86248
          ],
          [
            -116.21577,
            43.86253
          ],
          [
            -116.21571,
            43.86259
          ],
          [
            -116.21564,
            43.86266
          ],
          [
            -116.2156,
            43.8627
          ],
          [
            -116.21556,
            43.86274
          ],
          [
            -116.2155,
            43.8628
          ],
          [
            -116.21546,
            43.86286
          ],
          [
            -116.2154,
            43.86293
          ],
          [
            -116.21535,
            43.863
          ],
          [
            -116.21532,
            43.86304
          ],
          [
            -116.21529,
            43.8631
          ],
          [
            -116.21523,
            43.86318
          ],
          [
            -116.21519,
            43.86326
          ],
          [
            -116.21516,
            43.86333
          ],
          [
            -116.21511,
            43.86343
          ],
          [
            -116.21507,
            43.86354
          ],
          [
            -116.21505,
            43.86361
          ],
          [
            -116.21503,
            43.86368
          ],
          [
            -116.21501,
            43.86374
          ],
          [
            -116.215,
            43.86379
          ],
          [
            -116.21499,
            43.86387
          ],
          [
            -116.21498,
            43.86394
          ],
          [
            -116.21497,
            43.86401
          ],
          [
            -116.21496,
            43.86412
          ],
          [
            -116.21496,
            43.86422
          ],
          [
            -116.21497,
            43.86432
          ],
          [
            -116.21498,
            43.86451
          ],
          [
            -116.21501,
            43.86478
          ],
          [
            -116.21504,
            43.86513
          ],
          [
            -116.21507,
            43.8655
          ],
          [
            -116.21508,
            43.86562
          ],
          [
            -116.21509,
            43.86573
          ],
          [
            -116.2151,
            43.86584
          ],
          [
            -116.21511,
            43.86593
          ],
          [
            -116.21511,
            43.86604
          ],
          [
            -116.21511,
            43.86608
          ],
          [
            -116.21511,
            43.86612
          ],
          [
            -116.21511,
            43.86617
          ],
          [
            -116.21511,
            43.86624
          ],
          [
            -116.2151,
            43.86632
          ],
          [
            -116.21509,
            43.86639
          ],
          [
            -116.21508,
            43.86645
          ],
          [
            -116.21506,
            43.86653
          ],
          [
            -116.21503,
            43.86662
          ],
          [
            -116.215,
            43.86671
          ],
          [
            -116.21497,
            43.8668
          ],
          [
            -116.21494,
            43.86687
          ],
          [
            -116.21491,
            43.86694
          ],
          [
            -116.2149,
            43.86694
          ],
          [
            -116.21489,
            43.86698
          ],
          [
            -116.21485,
            43.86706
          ],
          [
            -116.21481,
            43.86712
          ],
          [
            -116.21476,
            43.8672
          ],
          [
            -116.21472,
            43.86726
          ],
          [
            -116.21469,
            43.86731
          ],
          [
            -116.21464,
            43.86737
          ],
          [
            -116.21459,
            43.86743
          ],
          [
            -116.21452,
            43.86751
          ],
          [
            -116.21446,
            43.86758
          ],
          [
            -116.21444,
            43.8676
          ],
          [
            -116.21441,
            43.86763
          ],
          [
            -116.21436,
            43.86768
          ],
          [
            -116.2143,
            43.86773
          ],
          [
            -116.21429,
            43.86774
          ],
          [
            -116.21419,
            43.86782
          ],
          [
            -116.21411,
            43.86789
          ],
          [
            -116.21402,
            43.86796
          ],
          [
            -116.21387,
            43.86807
          ],
          [
            -116.21361,
            43.86825
          ],
          [
            -116.21357,
            43.86828
          ],
          [
            -116.21345,
            43.86836
          ],
          [
            -116.21331,
            43.86847
          ],
          [
            -116.21317,
            43.86857
          ],
          [
            -116.21308,
            43.86865
          ],
          [
            -116.21298,
            43.86873
          ],
          [
            -116.21294,
            43.86877
          ],
          [
            -116.21287,
            43.86883
          ],
          [
            -116.2128,
            43.8689
          ],
          [
            -116.21275,
            43.86895
          ],
          [
            -116.21269,
            43.86902
          ],
          [
            -116.21265,
            43.86906
          ],
          [
            -116.21262,
            43.86909
          ],
          [
            -116.21253,
            43.86919
          ],
          [
            -116.21252,
            43.86921
          ],
          [
            -116.21251,
            43.86922
          ],
          [
            -116.21246,
            43.86929
          ],
          [
            -116.2124,
            43.86937
          ],
          [
            -116.21234,
            43.86945
          ],
          [
            -116.21228,
            43.86953
          ],
          [
            -116.21227,
            43.86955
          ],
          [
            -116.21222,
            43.86964
          ],
          [
            -116.21218,
            43.86969
          ],
          [
            -116.21217,
            43.86971
          ],
          [
            -116.21212,
            43.8698
          ],
          [
            -116.21209,
            43.86986
          ],
          [
            -116.21208,
            43.8699
          ],
          [
            -116.21204,
            43.86997
          ],
          [
            -116.21202,
            43.87003
          ],
          [
            -116.21201,
            43.87004
          ],
          [
            -116.21198,
            43.87011
          ],
          [
            -116.21195,
            43.8702
          ],
          [
            -116.21192,
            43.8703
          ],
          [
            -116.21189,
            43.87038
          ],
          [
            -116.21182,
            43.87061
          ],
          [
            -116.21173,
            43.8709
          ],
          [
            -116.21171,
            43.87096
          ],
          [
            -116.21168,
            43.87108
          ],
          [
            -116.21163,
            43.87125
          ],
          [
            -116.21159,
            43.87136
          ],
          [
            -116.21157,
            43.87144
          ],
          [
            -116.21145,
            43.87185
          ],
          [
            -116.21134,
            43.87219
          ],
          [
            -116.21131,
            43.87231
          ],
          [
            -116.21128,
            43.87239
          ],
          [
            -116.21124,
            43.87252
          ],
          [
            -116.21121,
            43.87261
          ],
          [
            -116.21118,
            43.87267
          ],
          [
            -116.21118,
            43.87268
          ],
          [
            -116.21115,
            43.87273
          ],
          [
            -116.21112,
            43.87278
          ],
          [
            -116.2111,
            43.87283
          ],
          [
            -116.21108,
            43.87286
          ],
          [
            -116.21105,
            43.87291
          ],
          [
            -116.21102,
            43.87296
          ],
          [
            -116.21099,
            43.873
          ],
          [
            -116.21096,
            43.87304
          ],
          [
            -116.21092,
            43.8731
          ],
          [
            -116.21083,
            43.87321
          ],
          [
            -116.21073,
            43.8733
          ],
          [
            -116.2107,
            43.87334
          ],
          [
            -116.21051,
            43.8735
          ],
          [
            -116.21042,
            43.87357
          ],
          [
            -116.21038,
            43.87361
          ],
          [
            -116.21031,
            43.87365
          ],
          [
            -116.21025,
            43.87369
          ],
          [
            -116.2102,
            43.87372
          ],
          [
            -116.21014,
            43.87376
          ],
          [
            -116.21004,
            43.87381
          ],
          [
            -116.20994,
            43.87386
          ],
          [
            -116.20988,
            43.87389
          ],
          [
            -116.20979,
            43.87393
          ],
          [
            -116.2097,
            43.87397
          ],
          [
            -116.2096,
            43.87401
          ],
          [
            -116.20957,
            43.87402
          ],
          [
            -116.20942,
            43.87407
          ],
          [
            -116.20937,
            43.87409
          ],
          [
            -116.20926,
            43.87412
          ],
          [
            -116.20915,
            43.87415
          ],
          [
            -116.20882,
            43.87423
          ],
          [
            -116.20843,
            43.87433
          ],
          [
            -116.20819,
            43.87438
          ],
          [
            -116.20797,
            43.87444
          ],
          [
            -116.20796,
            43.87444
          ],
          [
            -116.20711,
            43.87465
          ],
          [
            -116.20671,
            43.87475
          ],
          [
            -116.2065,
            43.8748
          ],
          [
            -116.20631,
            43.87484
          ],
          [
            -116.20613,
            43.87487
          ],
          [
            -116.20583,
            43.87492
          ],
          [
            -116.20566,
            43.87493
          ],
          [
            -116.20551,
            43.87494
          ],
          [
            -116.20536,
            43.87494
          ],
          [
            -116.20524,
            43.87494
          ],
          [
            -116.20509,
            43.87493
          ],
          [
            -116.20496,
            43.87492
          ],
          [
            -116.20485,
            43.87492
          ],
          [
            -116.20462,
            43.8749
          ],
          [
            -116.20394,
            43.87483
          ],
          [
            -116.20342,
            43.87479
          ],
          [
            -116.20312,
            43.87478
          ],
          [
            -116.203,
            43.87478
          ],
          [
            -116.20287,
            43.87478
          ],
          [
            -116.20278,
            43.87478
          ],
          [
            -116.20266,
            43.87479
          ],
          [
            -116.20248,
            43.8748
          ],
          [
            -116.20232,
            43.87482
          ],
          [
            -116.20223,
            43.87483
          ],
          [
            -116.20212,
            43.87485
          ],
          [
            -116.20201,
            43.87487
          ],
          [
            -116.2019,
            43.8749
          ],
          [
            -116.20179,
            43.87492
          ],
          [
            -116.20175,
            43.87493
          ],
          [
            -116.20167,
            43.87495
          ],
          [
            -116.20159,
            43.87497
          ],
          [
            -116.2015,
            43.875
          ],
          [
            -116.20143,
            43.87502
          ],
          [
            -116.20137,
            43.87505
          ],
          [
            -116.2013,
            43.87507
          ],
          [
            -116.20121,
            43.8751
          ],
          [
            -116.20113,
            43.87514
          ],
          [
            -116.20099,
            43.8752
          ],
          [
            -116.20089,
            43.87525
          ],
          [
            -116.2008,
            43.87529
          ],
          [
            -116.20068,
            43.87535
          ],
          [
            -116.20056,
            43.87542
          ],
          [
            -116.20048,
            43.87546
          ],
          [
            -116.20038,
            43.87551
          ],
          [
            -116.20022,
            43.8756
          ],
          [
            -116.20019,
            43.87562
          ],
          [
            -116.20017,
            43.87563
          ],
          [
            -116.20002,
            43.87572
          ],
          [
            -116.19997,
            43.87575
          ],
          [
            -116.1999,
            43.8758
          ],
          [
            -116.19979,
            43.87586
          ],
          [
            -116.19965,
            43.87595
          ],
          [
            -116.19957,
            43.876
          ],
          [
            -116.19948,
            43.87607
          ],
          [
            -116.19938,
            43.87614
          ],
          [
            -116.19928,
            43.87621
          ],
          [
            -116.19918,
            43.87628
          ],
          [
            -116.19908,
            43.87636
          ],
          [
            -116.19899,
            43.87643
          ],
          [
            -116.19891,
            43.87649
          ],
          [
            -116.19886,
            43.87655
          ],
          [
            -116.1988,
            43.8766
          ],
          [
            -116.19876,
            43.87665
          ],
          [
            -116.19871,
            43.8767
          ],
          [
            -116.19852,
            43.87693
          ],
          [
            -116.19848,
            43.87699
          ],
          [
            -116.19844,
            43.87707
          ],
          [
            -116.19839,
            43.87714
          ],
          [
            -116.19836,
            43.8772
          ],
          [
            -116.19833,
            43.87728
          ],
          [
            -116.1983,
            43.87735
          ],
          [
            -116.19827,
            43.87743
          ],
          [
            -116.19825,
            43.87751
          ],
          [
            -116.19822,
            43.8776
          ],
          [
            -116.1982,
            43.8777
          ],
          [
            -116.19819,
            43.87778
          ],
          [
            -116.19819,
            43.87782
          ],
          [
            -116.19818,
            43.87787
          ],
          [
            -116.19818,
            43.87796
          ],
          [
            -116.19818,
            43.87802
          ],
          [
            -116.19818,
            43.87812
          ],
          [
            -116.19819,
            43.87817
          ],
          [
            -116.19819,
            43.87823
          ],
          [
            -116.19821,
            43.87833
          ],
          [
            -116.19823,
            43.8784
          ],
          [
            -116.19824,
            43.87847
          ],
          [
            -116.19826,
            43.87854
          ],
          [
            -116.19829,
            43.87862
          ],
          [
            -116.19831,
            43.87867
          ],
          [
            -116.19831,
            43.87868
          ],
          [
            -116.19834,
            43.87875
          ],
          [
            -116.19837,
            43.87882
          ],
          [
            -116.19839,
            43.87885
          ],
          [
            -116.19843,
            43.87892
          ],
          [
            -116.19847,
            43.879
          ],
          [
            -116.19851,
            43.87906
          ],
          [
            -116.19858,
            43.87916
          ],
          [
            -116.19863,
            43.87921
          ],
          [
            -116.19866,
            43.87926
          ],
          [
            -116.1987,
            43.8793
          ],
          [
            -116.19875,
            43.87935
          ],
          [
            -116.19883,
            43.87944
          ],
          [
            -116.1989,
            43.87951
          ],
          [
            -116.19896,
            43.87956
          ],
          [
            -116.19902,
            43.87961
          ],
          [
            -116.19913,
            43.8797
          ],
          [
            -116.19922,
            43.87977
          ],
          [
            -116.19941,
            43.87992
          ],
          [
            -116.19961,
            43.88008
          ],
          [
            -116.19983,
            43.88025
          ],
          [
            -116.19999,
            43.88038
          ],
          [
            -116.20012,
            43.88049
          ],
          [
            -116.20019,
            43.88055
          ],
          [
            -116.20029,
            43.88063
          ],
          [
            -116.20044,
            43.88077
          ],
          [
            -116.20053,
            43.88086
          ],
          [
            -116.20061,
            43.88095
          ],
          [
            -116.2011,
            43.88146
          ],
          [
            -116.20117,
            43.88154
          ],
          [
            -116.20159,
            43.882
          ],
          [
            -116.2018,
            43.88222
          ],
          [
            -116.20275,
            43.88326
          ],
          [
            -116.203,
            43.88353
          ],
          [
            -116.2031,
            43.88363
          ],
          [
            -116.20347,
            43.88404
          ],
          [
            -116.20356,
            43.88414
          ],
          [
            -116.2038,
            43.8844
          ],
          [
            -116.20395,
            43.88456
          ],
          [
            -116.20398,
            43.88459
          ],
          [
            -116.204,
            43.88462
          ],
          [
            -116.20407,
            43.88469
          ],
          [
            -116.20416,
            43.88477
          ],
          [
            -116.20422,
            43.88484
          ],
          [
            -116.20426,
            43.88487
          ],
          [
            -116.20429,
            43.8849
          ],
          [
            -116.20436,
            43.88496
          ],
          [
            -116.20445,
            43.88503
          ],
          [
            -116.20454,
            43.8851
          ],
          [
            -116.20459,
            43.88513
          ],
          [
            -116.20466,
            43.88518
          ],
          [
            -116.20473,
            43.88523
          ],
          [
            -116.20484,
            43.8853
          ],
          [
            -116.20491,
            43.88534
          ],
          [
            -116.20498,
            43.88539
          ],
          [
            -116.20501,
            43.8854
          ],
          [
            -116.20513,
            43.88547
          ],
          [
            -116.20516,
            43.88549
          ],
          [
            -116.20528,
            43.88556
          ],
          [
            -116.20536,
            43.8856
          ],
          [
            -116.2054,
            43.88562
          ],
          [
            -116.20557,
            43.88571
          ],
          [
            -116.20561,
            43.88573
          ],
          [
            -116.20576,
            43.88581
          ],
          [
            -116.20578,
            43.88582
          ],
          [
            -116.20596,
            43.88591
          ],
          [
            -116.20609,
            43.88598
          ],
          [
            -116.20644,
            43.88616
          ],
          [
            -116.20656,
            43.88623
          ],
          [
            -116.20666,
            43.88629
          ],
          [
            -116.20687,
            43.88643
          ],
          [
            -116.20696,
            43.8865
          ],
          [
            -116.20703,
            43.88656
          ],
          [
            -116.20712,
            43.88663
          ],
          [
            -116.20719,
            43.88669
          ],
          [
            -116.20733,
            43.88683
          ],
          [
            -116.20742,
            43.88693
          ],
          [
            -116.2075,
            43.88702
          ],
          [
            -116.20755,
            43.88708
          ],
          [
            -116.20761,
            43.88715
          ],
          [
            -116.20765,
            43.88721
          ],
          [
            -116.2077,
            43.88727
          ],
          [
            -116.20774,
            43.88733
          ],
          [
            -116.20777,
            43.88738
          ],
          [
            -116.20797,
            43.88768
          ],
          [
            -116.20821,
            43.88808
          ],
          [
            -116.20857,
            43.8887
          ],
          [
            -116.20875,
            43.889
          ],
          [
            -116.20898,
            43.88937
          ],
          [
            -116.20899,
            43.88941
          ],
          [
            -116.20934,
            43.89
          ],
          [
            -116.20943,
            43.89015
          ],
          [
            -116.20961,
            43.89045
          ],
          [
            -116.20969,
            43.89058
          ],
          [
            -116.20972,
            43.89064
          ],
          [
            -116.20979,
            43.89076
          ],
          [
            -116.20983,
            43.89086
          ],
          [
            -116.20985,
            43.8909
          ],
          [
            -116.20986,
            43.89093
          ],
          [
            -116.20989,
            43.891
          ],
          [
            -116.20993,
            43.89111
          ],
          [
            -116.20997,
            43.89122
          ],
          [
            -116.21,
            43.89134
          ],
          [
            -116.21002,
            43.89143
          ],
          [
            -116.21002,
            43.89146
          ],
          [
            -116.21003,
            43.8915
          ],
          [
            -116.21004,
            43.89157
          ],
          [
            -116.21005,
            43.89165
          ],
          [
            -116.21005,
            43.89173
          ],
          [
            -116.21006,
            43.89183
          ],
          [
            -116.21005,
            43.89191
          ],
          [
            -116.21005,
            43.89199
          ],
          [
            -116.21005,
            43.89204
          ],
          [
            -116.21004,
            43.8921
          ],
          [
            -116.21003,
            43.89218
          ],
          [
            -116.21002,
            43.89225
          ],
          [
            -116.21,
            43.89235
          ],
          [
            -116.20997,
            43.89245
          ],
          [
            -116.20994,
            43.89255
          ],
          [
            -116.20993,
            43.89261
          ],
          [
            -116.20991,
            43.89265
          ],
          [
            -116.20987,
            43.89277
          ],
          [
            -116.20984,
            43.89285
          ],
          [
            -116.20981,
            43.89291
          ],
          [
            -116.20979,
            43.89295
          ],
          [
            -116.20976,
            43.89301
          ],
          [
            -116.20971,
            43.8931
          ],
          [
            -116.20964,
            43.8932
          ],
          [
            -116.20959,
            43.89327
          ],
          [
            -116.20954,
            43.89334
          ],
          [
            -116.20947,
            43.89343
          ],
          [
            -116.20936,
            43.89355
          ],
          [
            -116.20926,
            43.89366
          ],
          [
            -116.20916,
            43.89377
          ],
          [
            -116.20908,
            43.89384
          ],
          [
            -116.20904,
            43.89389
          ],
          [
            -116.20898,
            43.89394
          ],
          [
            -116.20887,
            43.89406
          ],
          [
            -116.20833,
            43.89457
          ],
          [
            -116.20803,
            43.89486
          ],
          [
            -116.20791,
            43.89497
          ],
          [
            -116.20775,
            43.89512
          ],
          [
            -116.20754,
            43.8953
          ],
          [
            -116.20735,
            43.89546
          ],
          [
            -116.20716,
            43.89562
          ],
          [
            -116.20689,
            43.89584
          ],
          [
            -116.20669,
            43.89599
          ],
          [
            -116.20647,
            43.89616
          ],
          [
            -116.206,
            43.8965
          ],
          [
            -116.20556,
            43.89682
          ],
          [
            -116.20533,
            43.89697
          ],
          [
            -116.20522,
            43.89705
          ],
          [
            -116.2051,
            43.89714
          ],
          [
            -116.20499,
            43.89723
          ],
          [
            -116.2049,
            43.89731
          ],
          [
            -116.20477,
            43.89741
          ],
          [
            -116.20466,
            43.89752
          ],
          [
            -116.20458,
            43.89761
          ],
          [
            -116.20452,
            43.89767
          ],
          [
            -116.20448,
            43.89773
          ],
          [
            -116.20443,
            43.89779
          ],
          [
            -116.20435,
            43.89789
          ],
          [
            -116.20424,
            43.89805
          ],
          [
            -116.20418,
            43.89816
          ],
          [
            -116.20413,
            43.89824
          ],
          [
            -116.2041,
            43.8983
          ],
          [
            -116.20408,
            43.89833
          ],
          [
            -116.20403,
            43.89844
          ],
          [
            -116.204,
            43.89852
          ],
          [
            -116.20396,
            43.8986
          ],
          [
            -116.20395,
            43.89865
          ],
          [
            -116.20393,
            43.8987
          ],
          [
            -116.20391,
            43.89877
          ],
          [
            -116.20383,
            43.89902
          ],
          [
            -116.20371,
            43.89941
          ],
          [
            -116.20368,
            43.89953
          ],
          [
            -116.2036,
            43.89984
          ],
          [
            -116.20354,
            43.90005
          ],
          [
            -116.20351,
            43.90016
          ],
          [
            -116.20343,
            43.90046
          ],
          [
            -116.20341,
            43.90056
          ],
          [
            -116.2034,
            43.90057
          ],
          [
            -116.20336,
            43.90071
          ],
          [
            -116.20332,
            43.90084
          ],
          [
            -116.20329,
            43.90094
          ],
          [
            -116.20328,
            43.90097
          ],
          [
            -116.20325,
            43.90107
          ],
          [
            -116.20325,
            43.90108
          ],
          [
            -116.20321,
            43.90119
          ],
          [
            -116.20318,
            43.90129
          ],
          [
            -116.20314,
            43.9014
          ],
          [
            -116.2031,
            43.90146
          ],
          [
            -116.203,
            43.90161
          ],
          [
            -116.20293,
            43.90178
          ],
          [
            -116.20292,
            43.9018
          ],
          [
            -116.20286,
            43.90193
          ],
          [
            -116.20282,
            43.90203
          ],
          [
            -116.20276,
            43.90217
          ],
          [
            -116.20271,
            43.90226
          ],
          [
            -116.20255,
            43.90253
          ],
          [
            -116.20253,
            43.90256
          ],
          [
            -116.20245,
            43.90269
          ],
          [
            -116.20238,
            43.9028
          ],
          [
            -116.20225,
            43.90302
          ],
          [
            -116.20212,
            43.90322
          ],
          [
            -116.20198,
            43.90345
          ],
          [
            -116.20186,
            43.90368
          ],
          [
            -116.20168,
            43.90396
          ],
          [
            -116.20163,
            43.90405
          ],
          [
            -116.2014,
            43.90446
          ],
          [
            -116.20135,
            43.90453
          ],
          [
            -116.2013,
            43.90462
          ],
          [
            -116.20125,
            43.90469
          ],
          [
            -116.20124,
            43.90471
          ],
          [
            -116.20116,
            43.90488
          ],
          [
            -116.20101,
            43.90519
          ],
          [
            -116.20095,
            43.90529
          ],
          [
            -116.20088,
            43.9054
          ],
          [
            -116.2008,
            43.90554
          ],
          [
            -116.20072,
            43.90568
          ],
          [
            -116.20061,
            43.90587
          ],
          [
            -116.20052,
            43.90604
          ],
          [
            -116.20046,
            43.90619
          ],
          [
            -116.20038,
            43.90643
          ],
          [
            -116.20034,
            43.90655
          ],
          [
            -116.20031,
            43.90665
          ],
          [
            -116.20026,
            43.9068
          ],
          [
            -116.20023,
            43.90692
          ],
          [
            -116.20018,
            43.90709
          ],
          [
            -116.20011,
            43.90733
          ],
          [
            -116.19989,
            43.90816
          ],
          [
            -116.19974,
            43.9087
          ],
          [
            -116.19959,
            43.90925
          ],
          [
            -116.19935,
            43.91013
          ],
          [
            -116.19921,
            43.91066
          ],
          [
            -116.19914,
            43.91089
          ],
          [
            -116.19912,
            43.91099
          ],
          [
            -116.19894,
            43.91164
          ],
          [
            -116.19886,
            43.9119
          ],
          [
            -116.19885,
            43.91194
          ],
          [
            -116.19884,
            43.91199
          ],
          [
            -116.19882,
            43.91204
          ],
          [
            -116.19873,
            43.91238
          ],
          [
            -116.19855,
            43.91302
          ],
          [
            -116.19849,
            43.91326
          ],
          [
            -116.19848,
            43.91328
          ],
          [
            -116.19844,
            43.91344
          ],
          [
            -116.19838,
            43.91368
          ],
          [
            -116.19836,
            43.91379
          ],
          [
            -116.19831,
            43.91397
          ],
          [
            -116.19822,
            43.91432
          ],
          [
            -116.19817,
            43.91449
          ],
          [
            -116.19805,
            43.91493
          ],
          [
            -116.19792,
            43.91539
          ],
          [
            -116.19779,
            43.91587
          ],
          [
            -116.19764,
            43.91635
          ],
          [
            -116.19757,
            43.91661
          ],
          [
            -116.19754,
            43.9167
          ],
          [
            -116.1975,
            43.91684
          ],
          [
            -116.19746,
            43.91697
          ],
          [
            -116.19738,
            43.9173
          ],
          [
            -116.19726,
            43.91765
          ],
          [
            -116.19721,
            43.91781
          ],
          [
            -116.19719,
            43.91785
          ],
          [
            -116.19717,
            43.91791
          ],
          [
            -116.19714,
            43.91801
          ],
          [
            -116.19713,
            43.91806
          ],
          [
            -116.1971,
            43.91812
          ],
          [
            -116.19708,
            43.91819
          ],
          [
            -116.19704,
            43.91828
          ],
          [
            -116.19698,
            43.91842
          ],
          [
            -116.19692,
            43.91855
          ],
          [
            -116.19687,
            43.91866
          ],
          [
            -116.19682,
            43.91875
          ],
          [
            -116.19679,
            43.91882
          ],
          [
            -116.19676,
            43.91888
          ],
          [
            -116.19668,
            43.91901
          ],
          [
            -116.19664,
            43.91907
          ],
          [
            -116.19661,
            43.91912
          ],
          [
            -116.19654,
            43.91923
          ],
          [
            -116.19646,
            43.91934
          ],
          [
            -116.19633,
            43.9195
          ],
          [
            -116.19624,
            43.91963
          ],
          [
            -116.19598,
            43.91997
          ],
          [
            -116.1959,
            43.92007
          ],
          [
            -116.19587,
            43.92011
          ],
          [
            -116.19581,
            43.9202
          ],
          [
            -116.19562,
            43.92044
          ],
          [
            -116.1956,
            43.92047
          ],
          [
            -116.19557,
            43.92051
          ],
          [
            -116.19554,
            43.92055
          ],
          [
            -116.1954,
            43.92072
          ],
          [
            -116.19526,
            43.92091
          ],
          [
            -116.19511,
            43.9211
          ],
          [
            -116.19497,
            43.9213
          ],
          [
            -116.19491,
            43.92137
          ],
          [
            -116.19468,
            43.92167
          ],
          [
            -116.19435,
            43.92211
          ],
          [
            -116.19415,
            43.92236
          ],
          [
            -116.19395,
            43.92263
          ],
          [
            -116.19361,
            43.92308
          ],
          [
            -116.19336,
            43.9234
          ],
          [
            -116.19245,
            43.92459
          ],
          [
            -116.19186,
            43.92538
          ],
          [
            -116.19147,
            43.92589
          ],
          [
            -116.19108,
            43.92641
          ],
          [
            -116.19098,
            43.92654
          ],
          [
            -116.19093,
            43.92661
          ],
          [
            -116.19081,
            43.92677
          ],
          [
            -116.19069,
            43.92692
          ],
          [
            -116.19033,
            43.9274
          ],
          [
            -116.19009,
            43.92771
          ],
          [
            -116.1898,
            43.92808
          ],
          [
            -116.18928,
            43.92877
          ],
          [
            -116.18906,
            43.92908
          ],
          [
            -116.1888,
            43.9294
          ],
          [
            -116.18854,
            43.92976
          ],
          [
            -116.18845,
            43.92988
          ],
          [
            -116.18841,
            43.92993
          ],
          [
            -116.18837,
            43.93
          ],
          [
            -116.18834,
            43.93005
          ],
          [
            -116.18831,
            43.93009
          ],
          [
            -116.18828,
            43.93013
          ],
          [
            -116.18825,
            43.93019
          ],
          [
            -116.18822,
            43.93024
          ],
          [
            -116.18818,
            43.93031
          ],
          [
            -116.18815,
            43.93037
          ],
          [
            -116.18814,
            43.93039
          ],
          [
            -116.18809,
            43.93049
          ],
          [
            -116.18801,
            43.93068
          ],
          [
            -116.18794,
            43.93085
          ],
          [
            -116.18789,
            43.93095
          ],
          [
            -116.18785,
            43.93106
          ],
          [
            -116.18783,
            43.93114
          ],
          [
            -116.1878,
            43.93123
          ],
          [
            -116.18777,
            43.93135
          ],
          [
            -116.18774,
            43.93149
          ],
          [
            -116.18772,
            43.9316
          ],
          [
            -116.18769,
            43.93172
          ],
          [
            -116.18766,
            43.93191
          ],
          [
            -116.18765,
            43.93203
          ],
          [
            -116.18763,
            43.93217
          ],
          [
            -116.18762,
            43.93226
          ],
          [
            -116.18762,
            43.93234
          ],
          [
            -116.18762,
            43.9324
          ],
          [
            -116.18762,
            43.93248
          ],
          [
            -116.18762,
            43.93255
          ],
          [
            -116.18763,
            43.93262
          ],
          [
            -116.18764,
            43.9327
          ],
          [
            -116.18765,
            43.93278
          ],
          [
            -116.18766,
            43.9329
          ],
          [
            -116.18768,
            43.933
          ],
          [
            -116.18771,
            43.93312
          ],
          [
            -116.18773,
            43.9332
          ],
          [
            -116.18776,
            43.93333
          ],
          [
            -116.18779,
            43.93341
          ],
          [
            -116.18781,
            43.93348
          ],
          [
            -116.18784,
            43.93357
          ],
          [
            -116.18787,
            43.93366
          ],
          [
            -116.18794,
            43.93382
          ],
          [
            -116.18796,
            43.93387
          ],
          [
            -116.18801,
            43.93398
          ],
          [
            -116.18805,
            43.93406
          ],
          [
            -116.18808,
            43.93412
          ],
          [
            -116.18812,
            43.9342
          ],
          [
            -116.18819,
            43.93432
          ],
          [
            -116.18841,
            43.9346
          ],
          [
            -116.1885,
            43.93475
          ],
          [
            -116.18858,
            43.93485
          ],
          [
            -116.1886,
            43.93488
          ],
          [
            -116.18866,
            43.93496
          ],
          [
            -116.18874,
            43.93507
          ],
          [
            -116.1888,
            43.93514
          ],
          [
            -116.18883,
            43.93517
          ],
          [
            -116.18885,
            43.9352
          ],
          [
            -116.18892,
            43.93527
          ],
          [
            -116.18897,
            43.93532
          ],
          [
            -116.189,
            43.93535
          ],
          [
            -116.18907,
            43.93542
          ],
          [
            -116.18912,
            43.93546
          ],
          [
            -116.18918,
            43.93552
          ],
          [
            -116.18924,
            43.93557
          ],
          [
            -116.18927,
            43.9356
          ],
          [
            -116.1893,
            43.93563
          ],
          [
            -116.18943,
            43.93574
          ],
          [
            -116.18955,
            43.93583
          ],
          [
            -116.18969,
            43.93594
          ],
          [
            -116.18983,
            43.93604
          ],
          [
            -116.1899,
            43.93609
          ],
          [
            -116.18994,
            43.93612
          ],
          [
            -116.19004,
            43.93618
          ],
          [
            -116.19007,
            43.9362
          ],
          [
            -116.19032,
            43.93637
          ],
          [
            -116.19059,
            43.93655
          ],
          [
            -116.1907,
            43.93663
          ],
          [
            -116.19088,
            43.93676
          ],
          [
            -116.19094,
            43.9368
          ],
          [
            -116.19099,
            43.93683
          ],
          [
            -116.19113,
            43.93692
          ],
          [
            -116.19116,
            43.93695
          ],
          [
            -116.19131,
            43.93705
          ],
          [
            -116.19149,
            43.93717
          ],
          [
            -116.19153,
            43.9372
          ],
          [
            -116.19158,
            43.93723
          ],
          [
            -116.19168,
            43.93729
          ],
          [
            -116.19171,
            43.93732
          ],
          [
            -116.19176,
            43.93735
          ],
          [
            -116.19198,
            43.9375
          ],
          [
            -116.19213,
            43.9376
          ],
          [
            -116.19222,
            43.93766
          ],
          [
            -116.19228,
            43.9377
          ],
          [
            -116.1927,
            43.93799
          ],
          [
            -116.19284,
            43.93808
          ],
          [
            -116.19303,
            43.93822
          ],
          [
            -116.19305,
            43.93823
          ],
          [
            -116.19319,
            43.93833
          ],
          [
            -116.19321,
            43.93834
          ],
          [
            -116.19328,
            43.9384
          ],
          [
            -116.19338,
            43.93848
          ],
          [
            -116.19345,
            43.93854
          ],
          [
            -116.19359,
            43.93865
          ],
          [
            -116.19381,
            43.93885
          ],
          [
            -116.19381,
            43.93886
          ],
          [
            -116.19394,
            43.93898
          ],
          [
            -116.19402,
            43.93906
          ],
          [
            -116.19409,
            43.93914
          ],
          [
            -116.19414,
            43.93921
          ],
          [
            -116.19419,
            43.93927
          ],
          [
            -116.19425,
            43.93934
          ],
          [
            -116.19429,
            43.9394
          ],
          [
            -116.19432,
            43.93943
          ],
          [
            -116.19436,
            43.93949
          ],
          [
            -116.19437,
            43.93951
          ],
          [
            -116.19443,
            43.93959
          ],
          [
            -116.1945,
            43.93969
          ],
          [
            -116.19461,
            43.93987
          ],
          [
            -116.19467,
            43.93995
          ],
          [
            -116.19472,
            43.94004
          ],
          [
            -116.19489,
            43.94031
          ],
          [
            -116.19495,
            43.94041
          ],
          [
            -116.19498,
            43.94046
          ],
          [
            -116.19501,
            43.94051
          ],
          [
            -116.19505,
            43.94056
          ],
          [
            -116.1952,
            43.9408
          ],
          [
            -116.19528,
            43.94094
          ],
          [
            -116.19537,
            43.94108
          ],
          [
            -116.19538,
            43.9411
          ],
          [
            -116.19544,
            43.9412
          ],
          [
            -116.19557,
            43.9414
          ],
          [
            -116.19568,
            43.94158
          ],
          [
            -116.19577,
            43.94171
          ],
          [
            -116.19581,
            43.94178
          ],
          [
            -116.19586,
            43.94185
          ],
          [
            -116.1959,
            43.94193
          ],
          [
            -116.19593,
            43.94199
          ],
          [
            -116.19598,
            43.94208
          ],
          [
            -116.19603,
            43.94216
          ],
          [
            -116.19606,
            43.94222
          ],
          [
            -116.19607,
            43.94225
          ],
          [
            -116.19611,
            43.94233
          ],
          [
            -116.19614,
            43.9424
          ],
          [
            -116.19618,
            43.9425
          ],
          [
            -116.19621,
            43.94258
          ],
          [
            -116.19622,
            43.9426
          ],
          [
            -116.19624,
            43.94266
          ],
          [
            -116.19628,
            43.94276
          ],
          [
            -116.19628,
            43.94277
          ],
          [
            -116.19631,
            43.94286
          ],
          [
            -116.19632,
            43.94291
          ],
          [
            -116.19633,
            43.94293
          ],
          [
            -116.19635,
            43.943
          ],
          [
            -116.19637,
            43.94308
          ],
          [
            -116.19639,
            43.94319
          ],
          [
            -116.19641,
            43.94328
          ],
          [
            -116.19642,
            43.94334
          ],
          [
            -116.19642,
            43.94339
          ],
          [
            -116.19643,
            43.94344
          ],
          [
            -116.19643,
            43.94349
          ],
          [
            -116.19644,
            43.94353
          ],
          [
            -116.19644,
            43.94356
          ],
          [
            -116.19644,
            43.94363
          ],
          [
            -116.19645,
            43.94371
          ],
          [
            -116.19645,
            43.94382
          ],
          [
            -116.19645,
            43.94391
          ],
          [
            -116.19645,
            43.94403
          ],
          [
            -116.19644,
            43.94414
          ],
          [
            -116.19644,
            43.94417
          ],
          [
            -116.19643,
            43.94424
          ],
          [
            -116.19642,
            43.94431
          ],
          [
            -116.19642,
            43.94435
          ],
          [
            -116.19642,
            43.94438
          ],
          [
            -116.19641,
            43.94439
          ],
          [
            -116.19641,
            43.94443
          ],
          [
            -116.1964,
            43.94446
          ],
          [
            -116.19639,
            43.94452
          ],
          [
            -116.19639,
            43.94456
          ],
          [
            -116.19638,
            43.94458
          ],
          [
            -116.19638,
            43.94461
          ],
          [
            -116.19637,
            43.94465
          ],
          [
            -116.19635,
            43.94474
          ],
          [
            -116.19634,
            43.94479
          ],
          [
            -116.19634,
            43.94481
          ],
          [
            -116.19632,
            43.94488
          ],
          [
            -116.19629,
            43.94496
          ],
          [
            -116.19628,
            43.94503
          ],
          [
            -116.19627,
            43.94506
          ],
          [
            -116.19625,
            43.94511
          ],
          [
            -116.19622,
            43.9452
          ],
          [
            -116.19619,
            43.94528
          ],
          [
            -116.19618,
            43.94531
          ],
          [
            -116.19615,
            43.94537
          ],
          [
            -116.19614,
            43.9454
          ],
          [
            -116.19611,
            43.94547
          ],
          [
            -116.19611,
            43.94548
          ],
          [
            -116.19607,
            43.94557
          ],
          [
            -116.19607,
            43.94558
          ],
          [
            -116.19605,
            43.94561
          ],
          [
            -116.19603,
            43.94565
          ],
          [
            -116.19599,
            43.94572
          ],
          [
            -116.19594,
            43.94582
          ],
          [
            -116.19589,
            43.9459
          ],
          [
            -116.19584,
            43.94598
          ],
          [
            -116.19578,
            43.94609
          ],
          [
            -116.19571,
            43.94618
          ],
          [
            -116.19562,
            43.9463
          ],
          [
            -116.19556,
            43.9464
          ],
          [
            -116.19548,
            43.9465
          ],
          [
            -116.19541,
            43.94658
          ],
          [
            -116.19537,
            43.94662
          ],
          [
            -116.19534,
            43.94666
          ],
          [
            -116.1953,
            43.9467
          ],
          [
            -116.19527,
            43.94673
          ],
          [
            -116.19523,
            43.94677
          ],
          [
            -116.19517,
            43.94684
          ],
          [
            -116.19516,
            43.94685
          ],
          [
            -116.19505,
            43.94695
          ],
          [
            -116.19498,
            43.94702
          ],
          [
            -116.19496,
            43.94704
          ],
          [
            -116.19486,
            43.94712
          ],
          [
            -116.19477,
            43.94721
          ],
          [
            -116.19468,
            43.94728
          ],
          [
            -116.19454,
            43.94739
          ],
          [
            -116.19428,
            43.9476
          ],
          [
            -116.19401,
            43.94784
          ],
          [
            -116.19386,
            43.94795
          ],
          [
            -116.19379,
            43.94802
          ],
          [
            -116.19375,
            43.94805
          ],
          [
            -116.19364,
            43.94815
          ],
          [
            -116.19339,
            43.94837
          ],
          [
            -116.19325,
            43.94851
          ],
          [
            -116.1931,
            43.94865
          ],
          [
            -116.19298,
            43.94876
          ],
          [
            -116.19298,
            43.94877
          ],
          [
            -116.19292,
            43.94883
          ],
          [
            -116.19287,
            43.94888
          ],
          [
            -116.19285,
            43.94892
          ],
          [
            -116.19281,
            43.94896
          ],
          [
            -116.19276,
            43.94903
          ],
          [
            -116.19273,
            43.94908
          ],
          [
            -116.19269,
            43.94914
          ],
          [
            -116.19268,
            43.94917
          ],
          [
            -116.19266,
            43.94921
          ],
          [
            -116.19262,
            43.94928
          ],
          [
            -116.19261,
            43.94931
          ],
          [
            -116.19259,
            43.94936
          ],
          [
            -116.19258,
            43.94939
          ],
          [
            -116.19256,
            43.94945
          ],
          [
            -116.19254,
            43.94953
          ],
          [
            -116.19252,
            43.9496
          ],
          [
            -116.1925,
            43.94967
          ],
          [
            -116.19249,
            43.94975
          ],
          [
            -116.19248,
            43.94981
          ],
          [
            -116.19247,
            43.94987
          ],
          [
            -116.19246,
            43.94992
          ],
          [
            -116.19245,
            43.94999
          ],
          [
            -116.19245,
            43.95003
          ],
          [
            -116.19245,
            43.95009
          ],
          [
            -116.19244,
            43.95015
          ],
          [
            -116.19244,
            43.95022
          ],
          [
            -116.19244,
            43.95031
          ],
          [
            -116.19245,
            43.95037
          ],
          [
            -116.19245,
            43.95044
          ],
          [
            -116.19246,
            43.95047
          ],
          [
            -116.19246,
            43.95049
          ],
          [
            -116.19247,
            43.95053
          ],
          [
            -116.19248,
            43.95059
          ],
          [
            -116.19248,
            43.95065
          ],
          [
            -116.1925,
            43.9507
          ],
          [
            -116.19251,
            43.95078
          ],
          [
            -116.19254,
            43.95088
          ],
          [
            -116.19256,
            43.95096
          ],
          [
            -116.19258,
            43.95103
          ],
          [
            -116.1926,
            43.95109
          ],
          [
            -116.19262,
            43.95114
          ],
          [
            -116.19264,
            43.95121
          ],
          [
            -116.19267,
            43.95129
          ],
          [
            -116.1927,
            43.95137
          ],
          [
            -116.19274,
            43.95145
          ],
          [
            -116.19278,
            43.95154
          ],
          [
            -116.19279,
            43.95156
          ],
          [
            -116.19284,
            43.95166
          ],
          [
            -116.19287,
            43.95171
          ],
          [
            -116.19288,
            43.95174
          ],
          [
            -116.19294,
            43.95183
          ],
          [
            -116.19297,
            43.95187
          ],
          [
            -116.19297,
            43.95188
          ],
          [
            -116.19305,
            43.952
          ],
          [
            -116.19321,
            43.95222
          ],
          [
            -116.19331,
            43.95236
          ],
          [
            -116.19342,
            43.95252
          ],
          [
            -116.1935,
            43.95262
          ],
          [
            -116.19365,
            43.95283
          ],
          [
            -116.19365,
            43.95284
          ],
          [
            -116.19376,
            43.953
          ],
          [
            -116.19386,
            43.95313
          ],
          [
            -116.19399,
            43.95332
          ],
          [
            -116.19401,
            43.95333
          ],
          [
            -116.1941,
            43.95348
          ],
          [
            -116.19419,
            43.95361
          ],
          [
            -116.19427,
            43.95374
          ],
          [
            -116.19433,
            43.95384
          ],
          [
            -116.19439,
            43.95394
          ],
          [
            -116.19444,
            43.95404
          ],
          [
            -116.19447,
            43.95411
          ],
          [
            -116.19448,
            43.95414
          ],
          [
            -116.19451,
            43.9542
          ],
          [
            -116.19456,
            43.95431
          ],
          [
            -116.19459,
            43.95441
          ],
          [
            -116.19462,
            43.95449
          ],
          [
            -116.19464,
            43.95453
          ],
          [
            -116.19468,
            43.95466
          ],
          [
            -116.19468,
            43.95467
          ],
          [
            -116.19471,
            43.95477
          ],
          [
            -116.19473,
            43.95484
          ],
          [
            -116.19474,
            43.95489
          ],
          [
            -116.19478,
            43.95501
          ],
          [
            -116.19478,
            43.95504
          ],
          [
            -116.1948,
            43.95516
          ],
          [
            -116.19483,
            43.95528
          ],
          [
            -116.19484,
            43.95537
          ],
          [
            -116.19485,
            43.95545
          ],
          [
            -116.19486,
            43.95556
          ],
          [
            -116.19487,
            43.95565
          ],
          [
            -116.19487,
            43.95572
          ],
          [
            -116.19488,
            43.95582
          ],
          [
            -116.19488,
            43.9559
          ],
          [
            -116.19487,
            43.95595
          ],
          [
            -116.19487,
            43.95602
          ],
          [
            -116.19486,
            43.95617
          ],
          [
            -116.19485,
            43.95627
          ],
          [
            -116.19484,
            43.9563
          ],
          [
            -116.19483,
            43.95643
          ],
          [
            -116.19482,
            43.95645
          ],
          [
            -116.19481,
            43.95652
          ],
          [
            -116.19479,
            43.9566
          ],
          [
            -116.19479,
            43.95663
          ],
          [
            -116.19478,
            43.95669
          ],
          [
            -116.19476,
            43.95674
          ],
          [
            -116.19475,
            43.95681
          ],
          [
            -116.19472,
            43.95689
          ],
          [
            -116.1947,
            43.95697
          ],
          [
            -116.19466,
            43.95708
          ],
          [
            -116.19461,
            43.95722
          ],
          [
            -116.19452,
            43.95743
          ],
          [
            -116.19445,
            43.95759
          ],
          [
            -116.19433,
            43.95781
          ],
          [
            -116.19427,
            43.95792
          ],
          [
            -116.19422,
            43.958
          ],
          [
            -116.1942,
            43.95805
          ],
          [
            -116.19406,
            43.95828
          ],
          [
            -116.19404,
            43.95834
          ],
          [
            -116.19401,
            43.95838
          ],
          [
            -116.19394,
            43.9585
          ],
          [
            -116.19387,
            43.95863
          ],
          [
            -116.19385,
            43.95867
          ],
          [
            -116.19379,
            43.95878
          ],
          [
            -116.19376,
            43.95884
          ],
          [
            -116.19373,
            43.95889
          ],
          [
            -116.19371,
            43.95894
          ],
          [
            -116.19368,
            43.959
          ],
          [
            -116.19366,
            43.95905
          ],
          [
            -116.19364,
            43.95909
          ],
          [
            -116.19362,
            43.95913
          ],
          [
            -116.19361,
            43.95916
          ],
          [
            -116.19359,
            43.95922
          ],
          [
            -116.19358,
            43.95926
          ],
          [
            -116.19357,
            43.95929
          ],
          [
            -116.19356,
            43.95934
          ],
          [
            -116.19355,
            43.95938
          ],
          [
            -116.19354,
            43.9594
          ],
          [
            -116.19354,
            43.95942
          ],
          [
            -116.19354,
            43.95944
          ],
          [
            -116.19353,
            43.95947
          ],
          [
            -116.19353,
            43.95949
          ],
          [
            -116.19353,
            43.95951
          ],
          [
            -116.19353,
            43.95954
          ],
          [
            -116.19352,
            43.95957
          ],
          [
            -116.19352,
            43.9596
          ],
          [
            -116.19352,
            43.95977
          ],
          [
            -116.19353,
            43.96007
          ],
          [
            -116.19353,
            43.96009
          ],
          [
            -116.19353,
            43.96016
          ],
          [
            -116.19353,
            43.96023
          ],
          [
            -116.19353,
            43.96028
          ],
          [
            -116.19352,
            43.96033
          ],
          [
            -116.19352,
            43.96038
          ],
          [
            -116.19351,
            43.96044
          ],
          [
            -116.1935,
            43.96051
          ],
          [
            -116.19349,
            43.96057
          ],
          [
            -116.19348,
            43.96063
          ],
          [
            -116.19347,
            43.9607
          ],
          [
            -116.19346,
            43.96074
          ],
          [
            -116.19345,
            43.96079
          ],
          [
            -116.19343,
            43.96083
          ],
          [
            -116.19342,
            43.96089
          ],
          [
            -116.19339,
            43.96093
          ],
          [
            -116.19338,
            43.96096
          ],
          [
            -116.19336,
            43.961
          ],
          [
            -116.19334,
            43.96102
          ],
          [
            -116.19331,
            43.96107
          ],
          [
            -116.19329,
            43.96112
          ],
          [
            -116.19328,
            43.96113
          ],
          [
            -116.19323,
            43.96119
          ],
          [
            -116.19319,
            43.96123
          ],
          [
            -116.19315,
            43.96127
          ],
          [
            -116.19314,
            43.96128
          ],
          [
            -116.19311,
            43.96131
          ],
          [
            -116.19307,
            43.96134
          ],
          [
            -116.19303,
            43.96138
          ],
          [
            -116.19298,
            43.96141
          ],
          [
            -116.19297,
            43.96142
          ],
          [
            -116.19292,
            43.96145
          ],
          [
            -116.19288,
            43.96148
          ],
          [
            -116.19283,
            43.96151
          ],
          [
            -116.19279,
            43.96153
          ],
          [
            -116.19277,
            43.96154
          ],
          [
            -116.1927,
            43.96158
          ],
          [
            -116.19263,
            43.96161
          ],
          [
            -116.19255,
            43.96164
          ],
          [
            -116.19221,
            43.96176
          ],
          [
            -116.19193,
            43.96184
          ],
          [
            -116.1919,
            43.96185
          ],
          [
            -116.19167,
            43.96193
          ],
          [
            -116.19127,
            43.96206
          ],
          [
            -116.19109,
            43.96212
          ],
          [
            -116.19095,
            43.96216
          ],
          [
            -116.19074,
            43.96223
          ],
          [
            -116.19041,
            43.96235
          ],
          [
            -116.19012,
            43.96245
          ],
          [
            -116.18992,
            43.96252
          ],
          [
            -116.18981,
            43.96256
          ],
          [
            -116.18971,
            43.9626
          ],
          [
            -116.18964,
            43.96262
          ],
          [
            -116.18946,
            43.9627
          ],
          [
            -116.18943,
            43.96271
          ],
          [
            -116.18936,
            43.96274
          ],
          [
            -116.18928,
            43.96278
          ],
          [
            -116.18924,
            43.9628
          ],
          [
            -116.18922,
            43.96281
          ],
          [
            -116.1892,
            43.96283
          ],
          [
            -116.18915,
            43.96285
          ],
          [
            -116.1891,
            43.96289
          ],
          [
            -116.18907,
            43.96291
          ],
          [
            -116.18903,
            43.96294
          ],
          [
            -116.18898,
            43.96297
          ],
          [
            -116.18894,
            43.963
          ],
          [
            -116.1889,
            43.96303
          ],
          [
            -116.18887,
            43.96306
          ],
          [
            -116.18884,
            43.96308
          ],
          [
            -116.18881,
            43.96312
          ],
          [
            -116.18877,
            43.96316
          ],
          [
            -116.18874,
            43.96319
          ],
          [
            -116.18866,
            43.9633
          ],
          [
            -116.18862,
            43.96334
          ],
          [
            -116.1886,
            43.96338
          ],
          [
            -116.18858,
            43.96342
          ],
          [
            -116.18856,
            43.96345
          ],
          [
            -116.18855,
            43.96347
          ],
          [
            -116.18853,
            43.96351
          ],
          [
            -116.18851,
            43.96355
          ],
          [
            -116.18849,
            43.96361
          ],
          [
            -116.18847,
            43.96367
          ],
          [
            -116.18844,
            43.96374
          ],
          [
            -116.1884,
            43.96389
          ],
          [
            -116.18839,
            43.96394
          ],
          [
            -116.18837,
            43.96401
          ],
          [
            -116.18836,
            43.96407
          ],
          [
            -116.18835,
            43.96412
          ],
          [
            -116.18834,
            43.96419
          ],
          [
            -116.18834,
            43.96423
          ],
          [
            -116.18834,
            43.96427
          ],
          [
            -116.18834,
            43.96434
          ],
          [
            -116.18834,
            43.96443
          ],
          [
            -116.18834,
            43.96445
          ],
          [
            -116.18835,
            43.96471
          ],
          [
            -116.18836,
            43.96481
          ],
          [
            -116.18841,
            43.96574
          ],
          [
            -116.18848,
            43.96709
          ],
          [
            -116.18849,
            43.9673
          ],
          [
            -116.1885,
            43.96737
          ],
          [
            -116.1885,
            43.96754
          ],
          [
            -116.18853,
            43.96809
          ],
          [
            -116.18854,
            43.96826
          ],
          [
            -116.18854,
            43.96827
          ],
          [
            -116.18861,
            43.96969
          ],
          [
            -116.18863,
            43.97
          ],
          [
            -116.18866,
            43.97052
          ],
          [
            -116.18866,
            43.97061
          ],
          [
            -116.18867,
            43.9709
          ],
          [
            -116.18869,
            43.97135
          ],
          [
            -116.1887,
            43.97143
          ],
          [
            -116.18871,
            43.97151
          ],
          [
            -116.18871,
            43.97158
          ],
          [
            -116.18872,
            43.97164
          ],
          [
            -116.18872,
            43.97165
          ],
          [
            -116.18873,
            43.97171
          ],
          [
            -116.18874,
            43.97178
          ],
          [
            -116.18875,
            43.97189
          ],
          [
            -116.18877,
            43.97197
          ],
          [
            -116.18879,
            43.97205
          ],
          [
            -116.18881,
            43.97215
          ],
          [
            -116.18884,
            43.97226
          ],
          [
            -116.18888,
            43.97236
          ],
          [
            -116.18892,
            43.97248
          ],
          [
            -116.18897,
            43.97259
          ],
          [
            -116.18902,
            43.97272
          ],
          [
            -116.18911,
            43.97291
          ],
          [
            -116.18917,
            43.97303
          ],
          [
            -116.18924,
            43.97316
          ],
          [
            -116.18926,
            43.9732
          ],
          [
            -116.18928,
            43.97323
          ],
          [
            -116.18931,
            43.97329
          ],
          [
            -116.18934,
            43.97333
          ],
          [
            -116.18938,
            43.97339
          ],
          [
            -116.18948,
            43.97353
          ],
          [
            -116.1896,
            43.97368
          ],
          [
            -116.18977,
            43.97389
          ],
          [
            -116.18985,
            43.97399
          ],
          [
            -116.18998,
            43.97414
          ],
          [
            -116.19003,
            43.9742
          ],
          [
            -116.19024,
            43.97445
          ],
          [
            -116.19037,
            43.97461
          ],
          [
            -116.1905,
            43.97476
          ],
          [
            -116.19101,
            43.97538
          ],
          [
            -116.19102,
            43.97538
          ],
          [
            -116.19129,
            43.9757
          ],
          [
            -116.19155,
            43.976
          ],
          [
            -116.19167,
            43.97614
          ],
          [
            -116.1918,
            43.97629
          ],
          [
            -116.19221,
            43.97677
          ],
          [
            -116.19231,
            43.97688
          ],
          [
            -116.19234,
            43.97692
          ],
          [
            -116.19235,
            43.97693
          ],
          [
            -116.19247,
            43.97708
          ],
          [
            -116.1926,
            43.97723
          ],
          [
            -116.19261,
            43.97724
          ],
          [
            -116.19265,
            43.97729
          ],
          [
            -116.19273,
            43.9774
          ],
          [
            -116.193,
            43.97774
          ],
          [
            -116.19333,
            43.97817
          ],
          [
            -116.19335,
            43.9782
          ],
          [
            -116.19345,
            43.97833
          ],
          [
            -116.19361,
            43.97854
          ],
          [
            -116.19382,
            43.97882
          ],
          [
            -116.19389,
            43.97893
          ],
          [
            -116.19397,
            43.97904
          ],
          [
            -116.194,
            43.9791
          ],
          [
            -116.19402,
            43.97913
          ],
          [
            -116.19405,
            43.97918
          ],
          [
            -116.1941,
            43.97928
          ],
          [
            -116.19414,
            43.97936
          ],
          [
            -116.19417,
            43.97944
          ],
          [
            -116.19418,
            43.97948
          ],
          [
            -116.1942,
            43.97953
          ],
          [
            -116.19422,
            43.97961
          ],
          [
            -116.19423,
            43.97965
          ],
          [
            -116.19424,
            43.97967
          ],
          [
            -116.19425,
            43.97972
          ],
          [
            -116.19426,
            43.97977
          ],
          [
            -116.19426,
            43.97982
          ],
          [
            -116.19427,
            43.97982
          ],
          [
            -116.19427,
            43.97986
          ],
          [
            -116.19427,
            43.97992
          ],
          [
            -116.19428,
            43.98
          ],
          [
            -116.19428,
            43.98009
          ],
          [
            -116.19428,
            43.98017
          ],
          [
            -116.19428,
            43.98026
          ],
          [
            -116.19427,
            43.98033
          ],
          [
            -116.19427,
            43.98036
          ],
          [
            -116.19426,
            43.98042
          ],
          [
            -116.19425,
            43.98051
          ],
          [
            -116.19424,
            43.98058
          ],
          [
            -116.19422,
            43.98067
          ],
          [
            -116.1942,
            43.98072
          ],
          [
            -116.19419,
            43.98075
          ],
          [
            -116.19418,
            43.9808
          ],
          [
            -116.19416,
            43.98086
          ],
          [
            -116.19414,
            43.98089
          ],
          [
            -116.19414,
            43.98091
          ],
          [
            -116.19413,
            43.98094
          ],
          [
            -116.19409,
            43.98102
          ],
          [
            -116.19405,
            43.9811
          ],
          [
            -116.194,
            43.98118
          ],
          [
            -116.19397,
            43.98124
          ],
          [
            -116.19391,
            43.98132
          ],
          [
            -116.19386,
            43.98139
          ],
          [
            -116.19382,
            43.98145
          ],
          [
            -116.19374,
            43.98157
          ],
          [
            -116.19367,
            43.98165
          ],
          [
            -116.19358,
            43.98174
          ],
          [
            -116.19351,
            43.98181
          ],
          [
            -116.19345,
            43.98186
          ],
          [
            -116.19337,
            43.98193
          ],
          [
            -116.19325,
            43.98202
          ],
          [
            -116.19314,
            43.9821
          ],
          [
            -116.19301,
            43.98219
          ],
          [
            -116.19287,
            43.9823
          ],
          [
            -116.19269,
            43.98243
          ],
          [
            -116.19254,
            43.98254
          ],
          [
            -116.19241,
            43.98264
          ],
          [
            -116.19161,
            43.98322
          ],
          [
            -116.19136,
            43.98341
          ],
          [
            -116.19111,
            43.9836
          ],
          [
            -116.19078,
            43.98383
          ],
          [
            -116.19055,
            43.984
          ],
          [
            -116.19037,
            43.98413
          ],
          [
            -116.1902,
            43.98425
          ],
          [
            -116.18994,
            43.98442
          ],
          [
            -116.18976,
            43.98454
          ],
          [
            -116.18957,
            43.98466
          ],
          [
            -116.1895,
            43.9847
          ],
          [
            -116.18937,
            43.98478
          ],
          [
            -116.18904,
            43.98498
          ],
          [
            -116.18899,
            43.98501
          ],
          [
            -116.18855,
            43.98526
          ],
          [
            -116.18823,
            43.98544
          ],
          [
            -116.18775,
            43.98572
          ],
          [
            -116.18758,
            43.98584
          ],
          [
            -116.18749,
            43.9859
          ],
          [
            -116.18746,
            43.98593
          ],
          [
            -116.18742,
            43.98596
          ],
          [
            -116.18735,
            43.98601
          ],
          [
            -116.1873,
            43.98606
          ],
          [
            -116.18727,
            43.98608
          ],
          [
            -116.18722,
            43.98613
          ],
          [
            -116.18718,
            43.98618
          ],
          [
            -116.18715,
            43.98621
          ],
          [
            -116.18712,
            43.98624
          ],
          [
            -116.18705,
            43.98631
          ],
          [
            -116.187,
            43.98638
          ],
          [
            -116.18691,
            43.98649
          ],
          [
            -116.18687,
            43.98655
          ],
          [
            -116.18683,
            43.98661
          ],
          [
            -116.18681,
            43.98665
          ],
          [
            -116.18676,
            43.98673
          ],
          [
            -116.18667,
            43.98691
          ],
          [
            -116.18664,
            43.98702
          ],
          [
            -116.18661,
            43.98713
          ],
          [
            -116.18659,
            43.9872
          ],
          [
            -116.18657,
            43.98727
          ],
          [
            -116.18655,
            43.98738
          ],
          [
            -116.18653,
            43.9875
          ],
          [
            -116.18652,
            43.98755
          ],
          [
            -116.18652,
            43.98761
          ],
          [
            -116.18651,
            43.98762
          ],
          [
            -116.18651,
            43.98768
          ],
          [
            -116.18651,
            43.98776
          ],
          [
            -116.18651,
            43.9878
          ],
          [
            -116.18651,
            43.98784
          ],
          [
            -116.18651,
            43.98788
          ],
          [
            -116.18651,
            43.98793
          ],
          [
            -116.18652,
            43.98799
          ],
          [
            -116.18653,
            43.98805
          ],
          [
            -116.18655,
            43.98816
          ],
          [
            -116.18659,
            43.98831
          ],
          [
            -116.1866,
            43.98835
          ],
          [
            -116.18666,
            43.98859
          ],
          [
            -116.18673,
            43.98886
          ],
          [
            -116.18681,
            43.98915
          ],
          [
            -116.18699,
            43.9898
          ],
          [
            -116.18701,
            43.98989
          ],
          [
            -116.18741,
            43.99136
          ],
          [
            -116.18748,
            43.99161
          ],
          [
            -116.18755,
            43.99184
          ],
          [
            -116.18755,
            43.99185
          ],
          [
            -116.18759,
            43.99201
          ],
          [
            -116.18762,
            43.99216
          ],
          [
            -116.18762,
            43.99219
          ],
          [
            -116.18764,
            43.99225
          ],
          [
            -116.18765,
            43.99235
          ],
          [
            -116.18766,
            43.99245
          ],
          [
            -116.18767,
            43.99254
          ],
          [
            -116.18768,
            43.9927
          ],
          [
            -116.18768,
            43.99282
          ],
          [
            -116.18767,
            43.99291
          ],
          [
            -116.18766,
            43.99296
          ],
          [
            -116.18765,
            43.99307
          ],
          [
            -116.18764,
            43.99316
          ],
          [
            -116.18761,
            43.99329
          ],
          [
            -116.18758,
            43.99342
          ],
          [
            -116.18757,
            43.99348
          ],
          [
            -116.18755,
            43.99354
          ],
          [
            -116.18752,
            43.99363
          ],
          [
            -116.18748,
            43.99372
          ],
          [
            -116.1874,
            43.99392
          ],
          [
            -116.18733,
            43.99406
          ],
          [
            -116.18729,
            43.99415
          ],
          [
            -116.18723,
            43.99425
          ],
          [
            -116.18719,
            43.99431
          ],
          [
            -116.18714,
            43.99438
          ],
          [
            -116.18713,
            43.9944
          ],
          [
            -116.18707,
            43.99449
          ],
          [
            -116.18703,
            43.99454
          ],
          [
            -116.187,
            43.99459
          ],
          [
            -116.18692,
            43.9947
          ],
          [
            -116.1868,
            43.99483
          ],
          [
            -116.18677,
            43.99487
          ],
          [
            -116.18669,
            43.99495
          ],
          [
            -116.18665,
            43.995
          ],
          [
            -116.18663,
            43.99502
          ],
          [
            -116.18658,
            43.99508
          ],
          [
            -116.1865,
            43.99515
          ],
          [
            -116.18604,
            43.99561
          ],
          [
            -116.18575,
            43.9959
          ],
          [
            -116.18516,
            43.99648
          ],
          [
            -116.185,
            43.99664
          ],
          [
            -116.18474,
            43.9969
          ],
          [
            -116.18472,
            43.99692
          ],
          [
            -116.18461,
            43.99703
          ],
          [
            -116.18457,
            43.99706
          ],
          [
            -116.18386,
            43.99777
          ],
          [
            -116.18341,
            43.9982
          ],
          [
            -116.18298,
            43.99863
          ],
          [
            -116.18297,
            43.99864
          ],
          [
            -116.18295,
            43.99866
          ],
          [
            -116.18282,
            43.99878
          ],
          [
            -116.1828,
            43.9988
          ],
          [
            -116.18255,
            43.99905
          ],
          [
            -116.18232,
            43.99929
          ],
          [
            -116.18224,
            43.99939
          ],
          [
            -116.18217,
            43.99948
          ],
          [
            -116.18215,
            43.9995
          ],
          [
            -116.18209,
            43.99957
          ],
          [
            -116.18205,
            43.99964
          ],
          [
            -116.182,
            43.99971
          ],
          [
            -116.18186,
            43.99996
          ],
          [
            -116.18173,
            44.00019
          ],
          [
            -116.18167,
            44.00029
          ],
          [
            -116.18161,
            44.0004
          ],
          [
            -116.18147,
            44.00061
          ],
          [
            -116.18144,
            44.00065
          ],
          [
            -116.18139,
            44.00074
          ],
          [
            -116.18126,
            44.00091
          ],
          [
            -116.18114,
            44.00107
          ],
          [
            -116.1811,
            44.00112
          ],
          [
            -116.18106,
            44.00116
          ],
          [
            -116.18101,
            44.0012
          ],
          [
            -116.18098,
            44.00123
          ],
          [
            -116.18094,
            44.00126
          ],
          [
            -116.18087,
            44.00132
          ],
          [
            -116.18077,
            44.0014
          ],
          [
            -116.18072,
            44.00143
          ],
          [
            -116.18069,
            44.00146
          ],
          [
            -116.18065,
            44.00149
          ],
          [
            -116.18061,
            44.00153
          ],
          [
            -116.18057,
            44.00158
          ],
          [
            -116.18054,
            44.00162
          ],
          [
            -116.1805,
            44.00167
          ],
          [
            -116.18046,
            44.00174
          ],
          [
            -116.18041,
            44.00182
          ],
          [
            -116.18036,
            44.00189
          ],
          [
            -116.18033,
            44.00196
          ],
          [
            -116.1803,
            44.00203
          ],
          [
            -116.18025,
            44.00216
          ],
          [
            -116.18021,
            44.00226
          ],
          [
            -116.1802,
            44.00233
          ],
          [
            -116.18018,
            44.00239
          ],
          [
            -116.18018,
            44.00246
          ],
          [
            -116.18018,
            44.00254
          ],
          [
            -116.18018,
            44.00262
          ],
          [
            -116.18018,
            44.00273
          ],
          [
            -116.18019,
            44.00284
          ],
          [
            -116.18021,
            44.003
          ],
          [
            -116.18025,
            44.00326
          ],
          [
            -116.18027,
            44.00343
          ],
          [
            -116.18029,
            44.00353
          ],
          [
            -116.1803,
            44.00357
          ],
          [
            -116.18032,
            44.00371
          ],
          [
            -116.18032,
            44.00375
          ],
          [
            -116.18034,
            44.00389
          ],
          [
            -116.18035,
            44.004
          ],
          [
            -116.18035,
            44.00407
          ],
          [
            -116.18035,
            44.00414
          ],
          [
            -116.18034,
            44.0042
          ],
          [
            -116.18034,
            44.00424
          ],
          [
            -116.18033,
            44.0043
          ],
          [
            -116.18031,
            44.00435
          ],
          [
            -116.18029,
            44.00442
          ],
          [
            -116.18021,
            44.00466
          ],
          [
            -116.18017,
            44.00477
          ],
          [
            -116.18013,
            44.00485
          ],
          [
            -116.18012,
            44.00489
          ],
          [
            -116.18009,
            44.00494
          ],
          [
            -116.18007,
            44.00498
          ],
          [
            -116.18005,
            44.00502
          ],
          [
            -116.18002,
            44.00506
          ],
          [
            -116.18,
            44.00511
          ],
          [
            -116.17995,
            44.00517
          ],
          [
            -116.17992,
            44.00522
          ],
          [
            -116.17988,
            44.00527
          ],
          [
            -116.17983,
            44.00533
          ],
          [
            -116.17977,
            44.0054
          ],
          [
            -116.17969,
            44.00548
          ],
          [
            -116.17963,
            44.00554
          ],
          [
            -116.17939,
            44.00576
          ],
          [
            -116.17934,
            44.00581
          ],
          [
            -116.17929,
            44.00585
          ],
          [
            -116.17919,
            44.00593
          ],
          [
            -116.17907,
            44.00601
          ],
          [
            -116.17894,
            44.00608
          ],
          [
            -116.17885,
            44.00613
          ],
          [
            -116.17885,
            44.00614
          ],
          [
            -116.17872,
            44.0062
          ],
          [
            -116.17857,
            44.00627
          ],
          [
            -116.17834,
            44.00637
          ],
          [
            -116.17822,
            44.00642
          ],
          [
            -116.17749,
            44.00671
          ],
          [
            -116.17704,
            44.00689
          ],
          [
            -116.17691,
            44.00693
          ],
          [
            -116.17679,
            44.00698
          ],
          [
            -116.17666,
            44.00702
          ],
          [
            -116.17651,
            44.00707
          ],
          [
            -116.17637,
            44.00711
          ],
          [
            -116.17624,
            44.00715
          ],
          [
            -116.17614,
            44.00717
          ],
          [
            -116.17601,
            44.0072
          ],
          [
            -116.17589,
            44.00723
          ],
          [
            -116.17574,
            44.00726
          ],
          [
            -116.17571,
            44.00726
          ],
          [
            -116.17549,
            44.0073
          ],
          [
            -116.17532,
            44.00732
          ],
          [
            -116.17483,
            44.00738
          ],
          [
            -116.17475,
            44.00739
          ],
          [
            -116.17451,
            44.00742
          ],
          [
            -116.17445,
            44.00742
          ],
          [
            -116.17426,
            44.00744
          ],
          [
            -116.17411,
            44.00746
          ],
          [
            -116.17377,
            44.00749
          ],
          [
            -116.17376,
            44.00749
          ],
          [
            -116.17364,
            44.00751
          ],
          [
            -116.17353,
            44.00752
          ],
          [
            -116.17352,
            44.00752
          ],
          [
            -116.17343,
            44.00753
          ],
          [
            -116.17333,
            44.00754
          ],
          [
            -116.17323,
            44.00755
          ],
          [
            -116.17313,
            44.00756
          ],
          [
            -116.17296,
            44.00758
          ],
          [
            -116.17279,
            44.0076
          ],
          [
            -116.17262,
            44.00761
          ],
          [
            -116.1726,
            44.00762
          ],
          [
            -116.17241,
            44.00764
          ],
          [
            -116.17212,
            44.00767
          ],
          [
            -116.17164,
            44.00772
          ],
          [
            -116.17128,
            44.00776
          ],
          [
            -116.17083,
            44.0078
          ],
          [
            -116.16997,
            44.00789
          ],
          [
            -116.16974,
            44.00791
          ],
          [
            -116.16949,
            44.00793
          ],
          [
            -116.16933,
            44.00795
          ],
          [
            -116.16925,
            44.00796
          ],
          [
            -116.169,
            44.00798
          ],
          [
            -116.16885,
            44.008
          ],
          [
            -116.1685,
            44.00804
          ],
          [
            -116.16836,
            44.00806
          ],
          [
            -116.16826,
            44.00807
          ],
          [
            -116.16801,
            44.00811
          ],
          [
            -116.16794,
            44.00812
          ],
          [
            -116.16787,
            44.00813
          ],
          [
            -116.16782,
            44.00814
          ],
          [
            -116.16777,
            44.00815
          ],
          [
            -116.16771,
            44.00816
          ],
          [
            -116.16762,
            44.00818
          ],
          [
            -116.16753,
            44.00821
          ],
          [
            -116.16736,
            44.00825
          ],
          [
            -116.16724,
            44.00828
          ],
          [
            -116.16711,
            44.00832
          ],
          [
            -116.16692,
            44.00838
          ],
          [
            -116.16686,
            44.00841
          ],
          [
            -116.16678,
            44.00843
          ],
          [
            -116.16671,
            44.00846
          ],
          [
            -116.16663,
            44.00849
          ],
          [
            -116.16657,
            44.00851
          ],
          [
            -116.16651,
            44.00854
          ],
          [
            -116.1664,
            44.00858
          ],
          [
            -116.16629,
            44.00863
          ],
          [
            -116.16618,
            44.00867
          ],
          [
            -116.16601,
            44.00874
          ],
          [
            -116.16596,
            44.00876
          ],
          [
            -116.16575,
            44.00885
          ],
          [
            -116.16558,
            44.00892
          ],
          [
            -116.16553,
            44.00894
          ],
          [
            -116.16511,
            44.00911
          ],
          [
            -116.16476,
            44.00924
          ],
          [
            -116.16439,
            44.00939
          ],
          [
            -116.16378,
            44.00964
          ],
          [
            -116.16375,
            44.00965
          ],
          [
            -116.16356,
            44.00973
          ],
          [
            -116.16352,
            44.00975
          ],
          [
            -116.16335,
            44.00981
          ],
          [
            -116.16329,
            44.00984
          ],
          [
            -116.16315,
            44.00989
          ],
          [
            -116.16306,
            44.00993
          ],
          [
            -116.16302,
            44.00995
          ],
          [
            -116.16298,
            44.00997
          ],
          [
            -116.16293,
            44.00999
          ],
          [
            -116.16288,
            44.01002
          ],
          [
            -116.16283,
            44.01004
          ],
          [
            -116.16278,
            44.01006
          ],
          [
            -116.16275,
            44.01008
          ],
          [
            -116.16266,
            44.01013
          ],
          [
            -116.16258,
            44.01017
          ],
          [
            -116.1625,
            44.01022
          ],
          [
            -116.16243,
            44.01026
          ],
          [
            -116.16237,
            44.0103
          ],
          [
            -116.16233,
            44.01033
          ],
          [
            -116.16228,
            44.01036
          ],
          [
            -116.16224,
            44.01038
          ],
          [
            -116.1622,
            44.01041
          ],
          [
            -116.16216,
            44.01044
          ],
          [
            -116.16215,
            44.01046
          ],
          [
            -116.16213,
            44.01046
          ],
          [
            -116.1621,
            44.01049
          ],
          [
            -116.16207,
            44.01051
          ],
          [
            -116.16204,
            44.01054
          ],
          [
            -116.162,
            44.01058
          ],
          [
            -116.16198,
            44.01059
          ],
          [
            -116.16196,
            44.01061
          ],
          [
            -116.16192,
            44.01064
          ],
          [
            -116.16189,
            44.01067
          ],
          [
            -116.16185,
            44.01071
          ],
          [
            -116.16182,
            44.01073
          ],
          [
            -116.16181,
            44.01074
          ],
          [
            -116.16175,
            44.0108
          ],
          [
            -116.16151,
            44.01101
          ],
          [
            -116.1615,
            44.01102
          ],
          [
            -116.16129,
            44.01121
          ],
          [
            -116.16091,
            44.01154
          ],
          [
            -116.16088,
            44.01157
          ],
          [
            -116.1608,
            44.01163
          ],
          [
            -116.16072,
            44.01171
          ],
          [
            -116.16065,
            44.01176
          ],
          [
            -116.16056,
            44.01184
          ],
          [
            -116.16044,
            44.01194
          ],
          [
            -116.16023,
            44.01212
          ],
          [
            -116.16016,
            44.01218
          ],
          [
            -116.16007,
            44.01225
          ],
          [
            -116.15988,
            44.0124
          ],
          [
            -116.15973,
            44.01252
          ],
          [
            -116.15964,
            44.01259
          ],
          [
            -116.15943,
            44.01275
          ],
          [
            -116.1592,
            44.01292
          ],
          [
            -116.15899,
            44.01307
          ],
          [
            -116.15884,
            44.01317
          ],
          [
            -116.15878,
            44.01321
          ],
          [
            -116.15872,
            44.01325
          ],
          [
            -116.15863,
            44.0133
          ],
          [
            -116.15855,
            44.01335
          ],
          [
            -116.15849,
            44.01339
          ],
          [
            -116.15842,
            44.01343
          ],
          [
            -116.15836,
            44.01346
          ],
          [
            -116.1583,
            44.0135
          ],
          [
            -116.15825,
            44.01353
          ],
          [
            -116.15819,
            44.01356
          ],
          [
            -116.15814,
            44.01358
          ],
          [
            -116.15808,
            44.01361
          ],
          [
            -116.15803,
            44.01364
          ],
          [
            -116.15796,
            44.01367
          ],
          [
            -116.1579,
            44.01369
          ],
          [
            -116.15785,
            44.01372
          ],
          [
            -116.15778,
            44.01374
          ],
          [
            -116.15773,
            44.01376
          ],
          [
            -116.15765,
            44.01379
          ],
          [
            -116.15757,
            44.01382
          ],
          [
            -116.15747,
            44.01385
          ],
          [
            -116.15725,
            44.01391
          ],
          [
            -116.15701,
            44.01397
          ],
          [
            -116.15671,
            44.01405
          ],
          [
            -116.15632,
            44.01416
          ],
          [
            -116.15609,
            44.01422
          ],
          [
            -116.15602,
            44.01424
          ],
          [
            -116.15596,
            44.01426
          ],
          [
            -116.15584,
            44.01429
          ],
          [
            -116.15571,
            44.01434
          ],
          [
            -116.15558,
            44.01438
          ],
          [
            -116.15536,
            44.01445
          ],
          [
            -116.15522,
            44.0145
          ],
          [
            -116.15508,
            44.01456
          ],
          [
            -116.15497,
            44.01461
          ],
          [
            -116.1549,
            44.01465
          ],
          [
            -116.15478,
            44.01471
          ],
          [
            -116.15473,
            44.01475
          ],
          [
            -116.15462,
            44.01482
          ],
          [
            -116.15455,
            44.01487
          ],
          [
            -116.15451,
            44.0149
          ],
          [
            -116.15433,
            44.01505
          ],
          [
            -116.15408,
            44.01527
          ],
          [
            -116.15382,
            44.01552
          ],
          [
            -116.15377,
            44.01557
          ],
          [
            -116.15362,
            44.01571
          ],
          [
            -116.15349,
            44.01583
          ],
          [
            -116.15347,
            44.01586
          ],
          [
            -116.15332,
            44.016
          ],
          [
            -116.15326,
            44.01605
          ],
          [
            -116.15317,
            44.01614
          ],
          [
            -116.15303,
            44.01628
          ],
          [
            -116.15301,
            44.01629
          ],
          [
            -116.15292,
            44.01638
          ],
          [
            -116.15281,
            44.01648
          ],
          [
            -116.15271,
            44.01658
          ],
          [
            -116.15268,
            44.01661
          ],
          [
            -116.15258,
            44.0167
          ],
          [
            -116.15244,
            44.01684
          ],
          [
            -116.1523,
            44.017
          ],
          [
            -116.15224,
            44.01708
          ],
          [
            -116.15219,
            44.01714
          ],
          [
            -116.15215,
            44.01722
          ],
          [
            -116.15211,
            44.01728
          ],
          [
            -116.15208,
            44.01734
          ],
          [
            -116.15205,
            44.01739
          ],
          [
            -116.152,
            44.01751
          ],
          [
            -116.15194,
            44.01767
          ],
          [
            -116.15191,
            44.01783
          ],
          [
            -116.1519,
            44.01787
          ],
          [
            -116.15188,
            44.01799
          ],
          [
            -116.15187,
            44.01805
          ],
          [
            -116.15182,
            44.01834
          ],
          [
            -116.15177,
            44.0187
          ],
          [
            -116.15174,
            44.01896
          ],
          [
            -116.15171,
            44.01912
          ],
          [
            -116.15169,
            44.01924
          ],
          [
            -116.15168,
            44.0193
          ],
          [
            -116.15165,
            44.01948
          ],
          [
            -116.15163,
            44.01958
          ],
          [
            -116.15159,
            44.01983
          ],
          [
            -116.15156,
            44.01996
          ],
          [
            -116.1515,
            44.02016
          ],
          [
            -116.15145,
            44.02031
          ],
          [
            -116.15141,
            44.0204
          ],
          [
            -116.15134,
            44.02052
          ],
          [
            -116.15124,
            44.02066
          ],
          [
            -116.15115,
            44.02076
          ],
          [
            -116.15107,
            44.02086
          ],
          [
            -116.15097,
            44.02097
          ],
          [
            -116.15086,
            44.02108
          ],
          [
            -116.15085,
            44.02109
          ],
          [
            -116.15074,
            44.02118
          ],
          [
            -116.15071,
            44.0212
          ],
          [
            -116.15069,
            44.02122
          ],
          [
            -116.15059,
            44.02129
          ],
          [
            -116.15053,
            44.02133
          ],
          [
            -116.15051,
            44.02135
          ],
          [
            -116.15048,
            44.02137
          ],
          [
            -116.15034,
            44.02146
          ],
          [
            -116.15027,
            44.02149
          ],
          [
            -116.15021,
            44.02153
          ],
          [
            -116.15019,
            44.02154
          ],
          [
            -116.15009,
            44.0216
          ],
          [
            -116.14995,
            44.02167
          ],
          [
            -116.14993,
            44.02168
          ],
          [
            -116.14978,
            44.02175
          ],
          [
            -116.14974,
            44.02177
          ],
          [
            -116.14971,
            44.02178
          ],
          [
            -116.14957,
            44.02185
          ],
          [
            -116.14947,
            44.02191
          ],
          [
            -116.14921,
            44.02204
          ],
          [
            -116.14916,
            44.02206
          ],
          [
            -116.14913,
            44.02208
          ],
          [
            -116.14896,
            44.02216
          ],
          [
            -116.14876,
            44.02227
          ],
          [
            -116.14835,
            44.02248
          ],
          [
            -116.14815,
            44.02258
          ],
          [
            -116.14795,
            44.02269
          ],
          [
            -116.14791,
            44.02271
          ],
          [
            -116.14781,
            44.02275
          ],
          [
            -116.14752,
            44.02289
          ],
          [
            -116.14731,
            44.02298
          ],
          [
            -116.14728,
            44.023
          ],
          [
            -116.1471,
            44.02308
          ],
          [
            -116.14696,
            44.02315
          ],
          [
            -116.14669,
            44.02328
          ],
          [
            -116.14666,
            44.0233
          ],
          [
            -116.14643,
            44.02341
          ],
          [
            -116.146,
            44.02361
          ],
          [
            -116.14546,
            44.02383
          ],
          [
            -116.14531,
            44.0239
          ],
          [
            -116.1451,
            44.02398
          ],
          [
            -116.14469,
            44.02414
          ],
          [
            -116.14436,
            44.02426
          ],
          [
            -116.14414,
            44.02434
          ],
          [
            -116.14409,
            44.02435
          ],
          [
            -116.14391,
            44.02442
          ],
          [
            -116.14369,
            44.0245
          ],
          [
            -116.14347,
            44.02458
          ],
          [
            -116.14336,
            44.02462
          ],
          [
            -116.14325,
            44.02466
          ],
          [
            -116.14302,
            44.02474
          ],
          [
            -116.14279,
            44.02482
          ],
          [
            -116.14264,
            44.02487
          ],
          [
            -116.14257,
            44.0249
          ],
          [
            -116.14234,
            44.02498
          ],
          [
            -116.14214,
            44.02505
          ],
          [
            -116.14212,
            44.02505
          ],
          [
            -116.14189,
            44.02512
          ],
          [
            -116.14187,
            44.02513
          ],
          [
            -116.14166,
            44.02519
          ],
          [
            -116.1412,
            44.02533
          ],
          [
            -116.14102,
            44.02538
          ],
          [
            -116.14096,
            44.0254
          ],
          [
            -116.1405,
            44.02553
          ],
          [
            -116.14031,
            44.02558
          ],
          [
            -116.14027,
            44.0256
          ],
          [
            -116.14003,
            44.02566
          ],
          [
            -116.1398,
            44.02573
          ],
          [
            -116.13957,
            44.02579
          ],
          [
            -116.13933,
            44.02586
          ],
          [
            -116.13922,
            44.02589
          ],
          [
            -116.1387,
            44.02603
          ],
          [
            -116.13817,
            44.02619
          ],
          [
            -116.13816,
            44.02619
          ],
          [
            -116.13794,
            44.02627
          ],
          [
            -116.13778,
            44.02632
          ],
          [
            -116.13772,
            44.02635
          ],
          [
            -116.13751,
            44.02642
          ],
          [
            -116.13718,
            44.02656
          ],
          [
            -116.13686,
            44.02673
          ],
          [
            -116.13678,
            44.02678
          ],
          [
            -116.13666,
            44.02684
          ],
          [
            -116.13652,
            44.02693
          ],
          [
            -116.13648,
            44.02696
          ],
          [
            -116.13645,
            44.02699
          ],
          [
            -116.13622,
            44.02715
          ],
          [
            -116.13602,
            44.02732
          ],
          [
            -116.13594,
            44.02738
          ],
          [
            -116.1357,
            44.02759
          ],
          [
            -116.13533,
            44.028
          ],
          [
            -116.13506,
            44.0283
          ],
          [
            -116.13494,
            44.02844
          ],
          [
            -116.13484,
            44.02856
          ],
          [
            -116.13479,
            44.02862
          ],
          [
            -116.13473,
            44.02869
          ],
          [
            -116.13467,
            44.02878
          ],
          [
            -116.13466,
            44.0288
          ],
          [
            -116.13459,
            44.02891
          ],
          [
            -116.13454,
            44.02903
          ],
          [
            -116.13449,
            44.02915
          ],
          [
            -116.13442,
            44.02931
          ],
          [
            -116.13436,
            44.02946
          ],
          [
            -116.13426,
            44.02971
          ],
          [
            -116.13415,
            44.02999
          ],
          [
            -116.13403,
            44.03051
          ],
          [
            -116.134,
            44.03062
          ],
          [
            -116.13399,
            44.03069
          ],
          [
            -116.13396,
            44.03083
          ],
          [
            -116.13395,
            44.03086
          ],
          [
            -116.13392,
            44.03104
          ],
          [
            -116.13391,
            44.03107
          ],
          [
            -116.13389,
            44.03118
          ],
          [
            -116.13387,
            44.03133
          ],
          [
            -116.13387,
            44.03146
          ],
          [
            -116.13388,
            44.03159
          ],
          [
            -116.13389,
            44.03168
          ],
          [
            -116.13392,
            44.03178
          ],
          [
            -116.13394,
            44.03191
          ],
          [
            -116.13397,
            44.03205
          ],
          [
            -116.13398,
            44.03208
          ],
          [
            -116.13398,
            44.03209
          ],
          [
            -116.13401,
            44.03227
          ],
          [
            -116.13405,
            44.03246
          ],
          [
            -116.13412,
            44.03278
          ],
          [
            -116.13419,
            44.03315
          ],
          [
            -116.13419,
            44.03316
          ],
          [
            -116.13423,
            44.03332
          ],
          [
            -116.13423,
            44.03334
          ],
          [
            -116.1343,
            44.03367
          ],
          [
            -116.1343,
            44.03368
          ],
          [
            -116.13433,
            44.03383
          ],
          [
            -116.13441,
            44.03417
          ],
          [
            -116.13443,
            44.03438
          ],
          [
            -116.13443,
            44.03439
          ],
          [
            -116.13445,
            44.03453
          ],
          [
            -116.13445,
            44.03456
          ],
          [
            -116.13445,
            44.03468
          ],
          [
            -116.13445,
            44.03474
          ],
          [
            -116.13445,
            44.03475
          ],
          [
            -116.13445,
            44.03481
          ],
          [
            -116.13444,
            44.03494
          ],
          [
            -116.13443,
            44.03511
          ],
          [
            -116.13443,
            44.03525
          ],
          [
            -116.13438,
            44.03565
          ],
          [
            -116.13432,
            44.03601
          ],
          [
            -116.13424,
            44.03634
          ],
          [
            -116.13419,
            44.03651
          ],
          [
            -116.13413,
            44.03668
          ],
          [
            -116.13407,
            44.03681
          ],
          [
            -116.13405,
            44.03686
          ],
          [
            -116.134,
            44.03698
          ],
          [
            -116.13399,
            44.03699
          ],
          [
            -116.13397,
            44.03703
          ],
          [
            -116.13381,
            44.03731
          ],
          [
            -116.1338,
            44.03734
          ],
          [
            -116.13379,
            44.03736
          ],
          [
            -116.13372,
            44.03748
          ],
          [
            -116.13369,
            44.03753
          ],
          [
            -116.13362,
            44.03767
          ],
          [
            -116.13336,
            44.03815
          ],
          [
            -116.1333,
            44.03827
          ],
          [
            -116.13326,
            44.03833
          ],
          [
            -116.13324,
            44.03837
          ],
          [
            -116.13318,
            44.03849
          ],
          [
            -116.13297,
            44.03887
          ],
          [
            -116.1329,
            44.03899
          ],
          [
            -116.13288,
            44.03904
          ],
          [
            -116.13279,
            44.03921
          ],
          [
            -116.13251,
            44.03971
          ],
          [
            -116.13245,
            44.03983
          ],
          [
            -116.13242,
            44.03988
          ],
          [
            -116.13233,
            44.04004
          ],
          [
            -116.13227,
            44.04016
          ],
          [
            -116.13224,
            44.04021
          ],
          [
            -116.13216,
            44.04036
          ],
          [
            -116.13215,
            44.04038
          ],
          [
            -116.13206,
            44.04055
          ],
          [
            -116.132,
            44.04066
          ],
          [
            -116.13197,
            44.04072
          ],
          [
            -116.1319,
            44.04083
          ],
          [
            -116.13188,
            44.04088
          ],
          [
            -116.13179,
            44.04105
          ],
          [
            -116.13172,
            44.04117
          ],
          [
            -116.1317,
            44.04121
          ],
          [
            -116.13168,
            44.04125
          ],
          [
            -116.13156,
            44.04148
          ],
          [
            -116.13116,
            44.04223
          ],
          [
            -116.13108,
            44.04236
          ],
          [
            -116.13107,
            44.04239
          ],
          [
            -116.13099,
            44.04253
          ],
          [
            -116.13098,
            44.04256
          ],
          [
            -116.13092,
            44.04267
          ],
          [
            -116.1309,
            44.0427
          ],
          [
            -116.13082,
            44.04287
          ],
          [
            -116.13078,
            44.04295
          ],
          [
            -116.13071,
            44.04311
          ],
          [
            -116.13064,
            44.04331
          ],
          [
            -116.1306,
            44.04347
          ],
          [
            -116.13056,
            44.04364
          ],
          [
            -116.1305,
            44.04388
          ],
          [
            -116.13049,
            44.04395
          ],
          [
            -116.13047,
            44.04407
          ],
          [
            -116.13044,
            44.04427
          ],
          [
            -116.13043,
            44.04446
          ],
          [
            -116.13043,
            44.04464
          ],
          [
            -116.13042,
            44.04485
          ],
          [
            -116.13042,
            44.04486
          ],
          [
            -116.13042,
            44.045
          ],
          [
            -116.13042,
            44.04503
          ],
          [
            -116.13042,
            44.04507
          ],
          [
            -116.13043,
            44.04518
          ],
          [
            -116.13043,
            44.04519
          ],
          [
            -116.13043,
            44.04521
          ],
          [
            -116.13045,
            44.04533
          ],
          [
            -116.13046,
            44.04539
          ],
          [
            -116.13047,
            44.04546
          ],
          [
            -116.13048,
            44.04554
          ],
          [
            -116.13049,
            44.04557
          ],
          [
            -116.13052,
            44.04568
          ],
          [
            -116.13055,
            44.04577
          ],
          [
            -116.13067,
            44.04606
          ],
          [
            -116.13079,
            44.04628
          ],
          [
            -116.13094,
            44.04655
          ],
          [
            -116.13114,
            44.04686
          ],
          [
            -116.13124,
            44.04703
          ],
          [
            -116.13129,
            44.04711
          ],
          [
            -116.13134,
            44.04719
          ],
          [
            -116.13153,
            44.04752
          ],
          [
            -116.13177,
            44.04795
          ],
          [
            -116.13178,
            44.04798
          ],
          [
            -116.13198,
            44.04841
          ],
          [
            -116.13209,
            44.04866
          ],
          [
            -116.13233,
            44.04918
          ],
          [
            -116.13253,
            44.04962
          ],
          [
            -116.13261,
            44.0498
          ],
          [
            -116.1327,
            44.05001
          ],
          [
            -116.1327,
            44.05002
          ],
          [
            -116.13274,
            44.05012
          ],
          [
            -116.13276,
            44.0502
          ],
          [
            -116.13278,
            44.05024
          ],
          [
            -116.13282,
            44.05037
          ],
          [
            -116.13284,
            44.05046
          ],
          [
            -116.13286,
            44.05056
          ],
          [
            -116.13287,
            44.05064
          ],
          [
            -116.13288,
            44.05073
          ],
          [
            -116.13288,
            44.05074
          ],
          [
            -116.13288,
            44.05078
          ],
          [
            -116.13289,
            44.05083
          ],
          [
            -116.13288,
            44.05092
          ],
          [
            -116.13288,
            44.051
          ],
          [
            -116.13287,
            44.05105
          ],
          [
            -116.13287,
            44.05111
          ],
          [
            -116.13285,
            44.05119
          ],
          [
            -116.13283,
            44.05124
          ],
          [
            -116.13282,
            44.0513
          ],
          [
            -116.13279,
            44.05138
          ],
          [
            -116.13275,
            44.0515
          ],
          [
            -116.13271,
            44.05161
          ],
          [
            -116.13271,
            44.05162
          ],
          [
            -116.13251,
            44.05206
          ],
          [
            -116.13248,
            44.05213
          ],
          [
            -116.13241,
            44.05228
          ],
          [
            -116.13233,
            44.05243
          ],
          [
            -116.13231,
            44.05247
          ],
          [
            -116.13229,
            44.05252
          ],
          [
            -116.13225,
            44.05258
          ],
          [
            -116.13221,
            44.05266
          ],
          [
            -116.13217,
            44.05274
          ],
          [
            -116.13212,
            44.05282
          ],
          [
            -116.13206,
            44.05293
          ],
          [
            -116.13199,
            44.05305
          ],
          [
            -116.1319,
            44.05317
          ],
          [
            -116.13182,
            44.05329
          ],
          [
            -116.13181,
            44.0533
          ],
          [
            -116.13174,
            44.0534
          ],
          [
            -116.13166,
            44.05351
          ],
          [
            -116.13159,
            44.05359
          ],
          [
            -116.13158,
            44.05361
          ],
          [
            -116.13151,
            44.05368
          ],
          [
            -116.13144,
            44.05376
          ],
          [
            -116.13142,
            44.05378
          ],
          [
            -116.13133,
            44.05388
          ],
          [
            -116.13129,
            44.05392
          ],
          [
            -116.13125,
            44.05395
          ],
          [
            -116.13113,
            44.05406
          ],
          [
            -116.13101,
            44.05417
          ],
          [
            -116.13082,
            44.05432
          ],
          [
            -116.13067,
            44.05445
          ],
          [
            -116.13065,
            44.05446
          ],
          [
            -116.13044,
            44.05462
          ],
          [
            -116.12987,
            44.05503
          ],
          [
            -116.12961,
            44.05522
          ],
          [
            -116.12925,
            44.05547
          ],
          [
            -116.12908,
            44.0556
          ],
          [
            -116.12904,
            44.05562
          ],
          [
            -116.12888,
            44.05573
          ],
          [
            -116.12886,
            44.05575
          ],
          [
            -116.12871,
            44.05584
          ],
          [
            -116.12864,
            44.05589
          ],
          [
            -116.12853,
            44.05597
          ],
          [
            -116.12841,
            44.05605
          ],
          [
            -116.12835,
            44.05609
          ],
          [
            -116.12804,
            44.05631
          ],
          [
            -116.12795,
            44.05637
          ],
          [
            -116.12784,
            44.05645
          ],
          [
            -116.12774,
            44.05653
          ],
          [
            -116.12764,
            44.05661
          ],
          [
            -116.12754,
            44.05669
          ],
          [
            -116.12748,
            44.05674
          ],
          [
            -116.12742,
            44.05679
          ],
          [
            -116.12735,
            44.05686
          ],
          [
            -116.12733,
            44.05688
          ],
          [
            -116.12724,
            44.05696
          ],
          [
            -116.12717,
            44.05704
          ],
          [
            -116.12707,
            44.05716
          ],
          [
            -116.12705,
            44.05718
          ],
          [
            -116.12693,
            44.05733
          ],
          [
            -116.12692,
            44.05735
          ],
          [
            -116.12687,
            44.05741
          ],
          [
            -116.1266,
            44.05776
          ],
          [
            -116.12657,
            44.05781
          ],
          [
            -116.12646,
            44.05797
          ],
          [
            -116.12644,
            44.05801
          ],
          [
            -116.12638,
            44.05809
          ],
          [
            -116.1263,
            44.05819
          ],
          [
            -116.1262,
            44.05831
          ],
          [
            -116.12613,
            44.0584
          ],
          [
            -116.12572,
            44.05889
          ],
          [
            -116.12571,
            44.0589
          ],
          [
            -116.12569,
            44.05893
          ],
          [
            -116.12566,
            44.05896
          ],
          [
            -116.12558,
            44.05906
          ],
          [
            -116.12532,
            44.05937
          ],
          [
            -116.12527,
            44.05943
          ],
          [
            -116.12519,
            44.05951
          ],
          [
            -116.12518,
            44.05952
          ],
          [
            -116.12511,
            44.0596
          ],
          [
            -116.12504,
            44.05967
          ],
          [
            -116.125,
            44.05972
          ],
          [
            -116.12497,
            44.05975
          ],
          [
            -116.12491,
            44.05982
          ],
          [
            -116.12488,
            44.05986
          ],
          [
            -116.12475,
            44.06001
          ],
          [
            -116.12464,
            44.06012
          ],
          [
            -116.12453,
            44.06022
          ],
          [
            -116.12441,
            44.06033
          ],
          [
            -116.12422,
            44.0605
          ],
          [
            -116.12401,
            44.06068
          ],
          [
            -116.12399,
            44.0607
          ],
          [
            -116.12385,
            44.06081
          ],
          [
            -116.12385,
            44.06082
          ],
          [
            -116.12372,
            44.06092
          ],
          [
            -116.12356,
            44.06106
          ],
          [
            -116.12347,
            44.06114
          ],
          [
            -116.12335,
            44.06124
          ],
          [
            -116.12327,
            44.06131
          ],
          [
            -116.12319,
            44.0614
          ],
          [
            -116.12311,
            44.06148
          ],
          [
            -116.12307,
            44.06152
          ],
          [
            -116.12303,
            44.06157
          ],
          [
            -116.12295,
            44.06167
          ],
          [
            -116.12295,
            44.06168
          ],
          [
            -116.12285,
            44.06181
          ],
          [
            -116.12278,
            44.06191
          ],
          [
            -116.12272,
            44.062
          ],
          [
            -116.12263,
            44.06214
          ],
          [
            -116.12261,
            44.06216
          ],
          [
            -116.12252,
            44.0623
          ],
          [
            -116.12251,
            44.06232
          ],
          [
            -116.12227,
            44.06274
          ],
          [
            -116.12225,
            44.06278
          ],
          [
            -116.12213,
            44.06296
          ],
          [
            -116.12201,
            44.06315
          ],
          [
            -116.1219,
            44.06331
          ],
          [
            -116.12169,
            44.06364
          ],
          [
            -116.12159,
            44.06379
          ],
          [
            -116.12159,
            44.0638
          ],
          [
            -116.1214,
            44.06408
          ],
          [
            -116.12137,
            44.06413
          ],
          [
            -116.12113,
            44.06455
          ],
          [
            -116.12105,
            44.06469
          ],
          [
            -116.12099,
            44.06481
          ],
          [
            -116.12093,
            44.06494
          ],
          [
            -116.12092,
            44.06496
          ],
          [
            -116.12088,
            44.06508
          ],
          [
            -116.12085,
            44.06513
          ],
          [
            -116.12082,
            44.06522
          ],
          [
            -116.12078,
            44.06536
          ],
          [
            -116.12075,
            44.06544
          ],
          [
            -116.12075,
            44.06549
          ],
          [
            -116.12074,
            44.06552
          ],
          [
            -116.12072,
            44.06566
          ],
          [
            -116.1207,
            44.06581
          ],
          [
            -116.12067,
            44.06617
          ],
          [
            -116.12066,
            44.06633
          ],
          [
            -116.12065,
            44.06643
          ],
          [
            -116.12064,
            44.06653
          ],
          [
            -116.12064,
            44.06655
          ],
          [
            -116.12061,
            44.06676
          ],
          [
            -116.12057,
            44.06692
          ],
          [
            -116.12057,
            44.06693
          ],
          [
            -116.12054,
            44.06705
          ],
          [
            -116.12052,
            44.06713
          ],
          [
            -116.12047,
            44.06724
          ],
          [
            -116.12044,
            44.06732
          ],
          [
            -116.12041,
            44.06739
          ],
          [
            -116.12033,
            44.06756
          ],
          [
            -116.12029,
            44.06762
          ],
          [
            -116.12024,
            44.06769
          ],
          [
            -116.12019,
            44.06775
          ],
          [
            -116.12015,
            44.06781
          ],
          [
            -116.12005,
            44.06795
          ],
          [
            -116.11997,
            44.06806
          ],
          [
            -116.1196,
            44.06853
          ],
          [
            -116.11947,
            44.06869
          ],
          [
            -116.1194,
            44.06878
          ],
          [
            -116.11935,
            44.06884
          ],
          [
            -116.11928,
            44.06892
          ],
          [
            -116.11921,
            44.069
          ],
          [
            -116.11917,
            44.06905
          ],
          [
            -116.11908,
            44.06916
          ],
          [
            -116.119,
            44.06927
          ],
          [
            -116.11895,
            44.06934
          ],
          [
            -116.11892,
            44.0694
          ],
          [
            -116.11886,
            44.06953
          ],
          [
            -116.11881,
            44.06963
          ],
          [
            -116.11878,
            44.06973
          ],
          [
            -116.11875,
            44.06981
          ],
          [
            -116.11873,
            44.06988
          ],
          [
            -116.11871,
            44.06996
          ],
          [
            -116.1187,
            44.0701
          ],
          [
            -116.11865,
            44.07054
          ],
          [
            -116.11863,
            44.07072
          ],
          [
            -116.11862,
            44.07082
          ],
          [
            -116.11859,
            44.07109
          ],
          [
            -116.11855,
            44.07139
          ],
          [
            -116.11852,
            44.07164
          ],
          [
            -116.11852,
            44.0717
          ],
          [
            -116.11852,
            44.07177
          ],
          [
            -116.11852,
            44.0718
          ],
          [
            -116.11851,
            44.07194
          ],
          [
            -116.11852,
            44.07198
          ],
          [
            -116.11852,
            44.07214
          ],
          [
            -116.11852,
            44.07216
          ],
          [
            -116.11853,
            44.07233
          ],
          [
            -116.11853,
            44.07234
          ],
          [
            -116.11855,
            44.07244
          ],
          [
            -116.11855,
            44.07248
          ],
          [
            -116.11857,
            44.07254
          ],
          [
            -116.11858,
            44.0726
          ],
          [
            -116.11859,
            44.07267
          ],
          [
            -116.1186,
            44.07269
          ],
          [
            -116.11862,
            44.07274
          ],
          [
            -116.11865,
            44.07281
          ],
          [
            -116.11867,
            44.07286
          ],
          [
            -116.11871,
            44.07294
          ],
          [
            -116.1188,
            44.07311
          ],
          [
            -116.11885,
            44.0732
          ],
          [
            -116.11892,
            44.0733
          ],
          [
            -116.11896,
            44.07336
          ],
          [
            -116.11899,
            44.07341
          ],
          [
            -116.119,
            44.07342
          ],
          [
            -116.11908,
            44.07352
          ],
          [
            -116.11931,
            44.07382
          ],
          [
            -116.11985,
            44.07449
          ],
          [
            -116.11994,
            44.07461
          ],
          [
            -116.12001,
            44.07472
          ],
          [
            -116.12005,
            44.07478
          ],
          [
            -116.1201,
            44.07487
          ],
          [
            -116.12014,
            44.07493
          ],
          [
            -116.12014,
            44.07494
          ],
          [
            -116.12018,
            44.07502
          ],
          [
            -116.12023,
            44.07511
          ],
          [
            -116.12027,
            44.07521
          ],
          [
            -116.1203,
            44.07529
          ],
          [
            -116.12037,
            44.07547
          ],
          [
            -116.12048,
            44.07577
          ],
          [
            -116.12049,
            44.07579
          ],
          [
            -116.12058,
            44.07602
          ],
          [
            -116.12066,
            44.07621
          ],
          [
            -116.12071,
            44.07636
          ],
          [
            -116.12074,
            44.0764
          ],
          [
            -116.12075,
            44.07644
          ],
          [
            -116.12077,
            44.07649
          ],
          [
            -116.12079,
            44.07652
          ],
          [
            -116.12082,
            44.07658
          ],
          [
            -116.12085,
            44.07664
          ],
          [
            -116.12091,
            44.07674
          ],
          [
            -116.12099,
            44.07687
          ],
          [
            -116.12113,
            44.07707
          ],
          [
            -116.12119,
            44.07718
          ],
          [
            -116.12127,
            44.0773
          ],
          [
            -116.12134,
            44.07741
          ],
          [
            -116.12138,
            44.07751
          ],
          [
            -116.12144,
            44.07762
          ],
          [
            -116.1215,
            44.07777
          ],
          [
            -116.12154,
            44.07787
          ],
          [
            -116.12155,
            44.07792
          ],
          [
            -116.12159,
            44.0781
          ],
          [
            -116.12161,
            44.07824
          ],
          [
            -116.12162,
            44.07826
          ],
          [
            -116.12163,
            44.07833
          ],
          [
            -116.12163,
            44.07835
          ],
          [
            -116.12163,
            44.07844
          ],
          [
            -116.12163,
            44.07852
          ],
          [
            -116.12163,
            44.07853
          ],
          [
            -116.12163,
            44.07855
          ],
          [
            -116.12163,
            44.07865
          ],
          [
            -116.12163,
            44.07867
          ],
          [
            -116.12163,
            44.07886
          ],
          [
            -116.12162,
            44.07904
          ],
          [
            -116.1216,
            44.07927
          ],
          [
            -116.12157,
            44.07949
          ],
          [
            -116.12155,
            44.07965
          ],
          [
            -116.12153,
            44.07986
          ],
          [
            -116.12151,
            44.07997
          ],
          [
            -116.12149,
            44.08012
          ],
          [
            -116.12146,
            44.08033
          ],
          [
            -116.12144,
            44.08044
          ],
          [
            -116.12144,
            44.08045
          ],
          [
            -116.12143,
            44.08049
          ],
          [
            -116.12143,
            44.0805
          ],
          [
            -116.12142,
            44.08055
          ],
          [
            -116.12139,
            44.08065
          ],
          [
            -116.12138,
            44.08068
          ],
          [
            -116.12135,
            44.08077
          ],
          [
            -116.12133,
            44.08081
          ],
          [
            -116.1213,
            44.08088
          ],
          [
            -116.12126,
            44.08099
          ],
          [
            -116.1212,
            44.0811
          ],
          [
            -116.12116,
            44.08117
          ],
          [
            -116.12116,
            44.08119
          ],
          [
            -116.12115,
            44.08119
          ],
          [
            -116.12114,
            44.08121
          ],
          [
            -116.1211,
            44.08128
          ],
          [
            -116.12106,
            44.08134
          ],
          [
            -116.12105,
            44.08136
          ],
          [
            -116.12093,
            44.0815
          ],
          [
            -116.1208,
            44.08166
          ],
          [
            -116.12074,
            44.08172
          ],
          [
            -116.12062,
            44.08186
          ],
          [
            -116.1205,
            44.08198
          ],
          [
            -116.12034,
            44.08213
          ],
          [
            -116.1202,
            44.08225
          ],
          [
            -116.1202,
            44.08226
          ],
          [
            -116.12006,
            44.08236
          ],
          [
            -116.12005,
            44.08237
          ],
          [
            -116.12004,
            44.08238
          ],
          [
            -116.11992,
            44.08247
          ],
          [
            -116.11987,
            44.0825
          ],
          [
            -116.1198,
            44.08255
          ],
          [
            -116.11968,
            44.08262
          ],
          [
            -116.11957,
            44.08269
          ],
          [
            -116.11935,
            44.08283
          ],
          [
            -116.11929,
            44.08286
          ],
          [
            -116.11914,
            44.08294
          ],
          [
            -116.11911,
            44.08295
          ],
          [
            -116.11908,
            44.08297
          ],
          [
            -116.11905,
            44.08298
          ],
          [
            -116.11894,
            44.08303
          ],
          [
            -116.1189,
            44.08305
          ],
          [
            -116.11887,
            44.08306
          ],
          [
            -116.11883,
            44.08308
          ],
          [
            -116.11874,
            44.08312
          ],
          [
            -116.11863,
            44.08316
          ],
          [
            -116.11847,
            44.08322
          ],
          [
            -116.11828,
            44.08328
          ],
          [
            -116.11821,
            44.0833
          ],
          [
            -116.11818,
            44.08331
          ],
          [
            -116.11811,
            44.08332
          ],
          [
            -116.11797,
            44.08335
          ],
          [
            -116.11779,
            44.08338
          ],
          [
            -116.11759,
            44.08342
          ],
          [
            -116.11745,
            44.08343
          ],
          [
            -116.11731,
            44.08346
          ],
          [
            -116.11726,
            44.08347
          ],
          [
            -116.11699,
            44.08351
          ],
          [
            -116.11679,
            44.08354
          ],
          [
            -116.11659,
            44.08358
          ],
          [
            -116.11639,
            44.08362
          ],
          [
            -116.11628,
            44.08365
          ],
          [
            -116.11619,
            44.08368
          ],
          [
            -116.11612,
            44.0837
          ],
          [
            -116.11606,
            44.08372
          ],
          [
            -116.11598,
            44.08375
          ],
          [
            -116.11592,
            44.08378
          ],
          [
            -116.11587,
            44.0838
          ],
          [
            -116.11574,
            44.08386
          ],
          [
            -116.11562,
            44.08391
          ],
          [
            -116.11549,
            44.08397
          ],
          [
            -116.11539,
            44.08403
          ],
          [
            -116.11525,
            44.08411
          ],
          [
            -116.11513,
            44.08419
          ],
          [
            -116.11507,
            44.08424
          ],
          [
            -116.11496,
            44.08432
          ],
          [
            -116.11485,
            44.08441
          ],
          [
            -116.11482,
            44.08443
          ],
          [
            -116.11479,
            44.08446
          ],
          [
            -116.11476,
            44.08449
          ],
          [
            -116.11471,
            44.08455
          ],
          [
            -116.11464,
            44.08464
          ],
          [
            -116.1146429,
            44.0846387
          ],
          [
            -116.11451,
            44.08455
          ],
          [
            -116.11441,
            44.0845
          ],
          [
            -116.11387,
            44.0842
          ],
          [
            -116.11377,
            44.08416
          ],
          [
            -116.11357,
            44.08407
          ],
          [
            -116.11336,
            44.08398
          ],
          [
            -116.11306,
            44.08389
          ],
          [
            -116.11299,
            44.08387
          ],
          [
            -116.1128,
            44.08382
          ],
          [
            -116.11253,
            44.08377
          ],
          [
            -116.11252,
            44.08377
          ],
          [
            -116.11251,
            44.08377
          ],
          [
            -116.11246,
            44.08376
          ],
          [
            -116.11226,
            44.08374
          ],
          [
            -116.11213,
            44.08373
          ],
          [
            -116.11178,
            44.0837
          ],
          [
            -116.11152,
            44.08368
          ],
          [
            -116.11102,
            44.08365
          ],
          [
            -116.11077,
            44.08364
          ],
          [
            -116.11027,
            44.0836
          ],
          [
            -116.11002,
            44.08359
          ],
          [
            -116.10976,
            44.08357
          ],
          [
            -116.10952,
            44.08356
          ],
          [
            -116.10915,
            44.08353
          ],
          [
            -116.10898,
            44.08352
          ],
          [
            -116.10877,
            44.08351
          ],
          [
            -116.10852,
            44.0835
          ],
          [
            -116.10848,
            44.0835
          ],
          [
            -116.10829,
            44.0835
          ],
          [
            -116.10798,
            44.0835
          ],
          [
            -116.10773,
            44.0835
          ],
          [
            -116.10725,
            44.08353
          ],
          [
            -116.10678,
            44.08356
          ],
          [
            -116.10672,
            44.08357
          ],
          [
            -116.10653,
            44.08358
          ],
          [
            -116.10648,
            44.08358
          ],
          [
            -116.1063,
            44.0836
          ],
          [
            -116.10627,
            44.0836
          ],
          [
            -116.10624,
            44.0836
          ],
          [
            -116.10623,
            44.0836
          ],
          [
            -116.10595,
            44.08362
          ],
          [
            -116.10578,
            44.08363
          ],
          [
            -116.10529,
            44.08368
          ],
          [
            -116.10523,
            44.08368
          ],
          [
            -116.10521,
            44.08369
          ],
          [
            -116.10506,
            44.08371
          ],
          [
            -116.10504,
            44.08372
          ],
          [
            -116.105,
            44.08372
          ],
          [
            -116.10499,
            44.08373
          ],
          [
            -116.10474,
            44.08378
          ],
          [
            -116.1043,
            44.08394
          ],
          [
            -116.10414,
            44.08401
          ],
          [
            -116.10378,
            44.08419
          ],
          [
            -116.10332,
            44.08442
          ],
          [
            -116.10271,
            44.08474
          ],
          [
            -116.10268,
            44.08476
          ],
          [
            -116.10266,
            44.08476
          ],
          [
            -116.1026,
            44.0848
          ],
          [
            -116.10252,
            44.08484
          ],
          [
            -116.10251,
            44.08484
          ],
          [
            -116.10246,
            44.08487
          ],
          [
            -116.10192,
            44.08518
          ],
          [
            -116.10146,
            44.08545
          ],
          [
            -116.1014,
            44.08549
          ],
          [
            -116.10106,
            44.0857
          ],
          [
            -116.10084,
            44.08584
          ],
          [
            -116.10048,
            44.08606
          ],
          [
            -116.10016,
            44.08626
          ],
          [
            -116.09974,
            44.08653
          ],
          [
            -116.09952,
            44.08667
          ],
          [
            -116.09946,
            44.08671
          ],
          [
            -116.09934,
            44.0868
          ],
          [
            -116.09932,
            44.08681
          ],
          [
            -116.09929,
            44.08684
          ],
          [
            -116.09919,
            44.08693
          ],
          [
            -116.0991,
            44.08702
          ],
          [
            -116.09904,
            44.08708
          ],
          [
            -116.09901,
            44.08711
          ],
          [
            -116.09885,
            44.08733
          ],
          [
            -116.09874,
            44.08751
          ],
          [
            -116.0986,
            44.08773
          ],
          [
            -116.09856,
            44.08779
          ],
          [
            -116.09849,
            44.08789
          ],
          [
            -116.09828,
            44.08822
          ],
          [
            -116.09812,
            44.08846
          ],
          [
            -116.09773,
            44.08902
          ],
          [
            -116.0975,
            44.08935
          ],
          [
            -116.09738,
            44.08951
          ],
          [
            -116.09727,
            44.08966
          ],
          [
            -116.09727,
            44.08967
          ],
          [
            -116.09715,
            44.08982
          ],
          [
            -116.09715,
            44.08983
          ],
          [
            -116.09703,
            44.08998
          ],
          [
            -116.097,
            44.09003
          ],
          [
            -116.09691,
            44.09014
          ],
          [
            -116.09676,
            44.09033
          ],
          [
            -116.09665,
            44.09045
          ],
          [
            -116.0965,
            44.09061
          ],
          [
            -116.09625,
            44.09088
          ],
          [
            -116.09595,
            44.0912
          ],
          [
            -116.0959,
            44.09125
          ],
          [
            -116.09582,
            44.09134
          ],
          [
            -116.09581,
            44.09135
          ],
          [
            -116.09567,
            44.0915
          ],
          [
            -116.09554,
            44.09165
          ],
          [
            -116.09541,
            44.0918
          ],
          [
            -116.0954,
            44.09182
          ],
          [
            -116.09528,
            44.09196
          ],
          [
            -116.09513,
            44.09215
          ],
          [
            -116.09501,
            44.09232
          ],
          [
            -116.09493,
            44.09243
          ],
          [
            -116.09482,
            44.09259
          ],
          [
            -116.09473,
            44.09272
          ],
          [
            -116.09461,
            44.0929
          ],
          [
            -116.09459,
            44.09293
          ],
          [
            -116.09455,
            44.09298
          ],
          [
            -116.09448,
            44.0931
          ],
          [
            -116.0944,
            44.09324
          ],
          [
            -116.09438,
            44.0933
          ],
          [
            -116.09435,
            44.09338
          ],
          [
            -116.09432,
            44.09345
          ],
          [
            -116.09428,
            44.09359
          ],
          [
            -116.09426,
            44.09364
          ],
          [
            -116.09418,
            44.09386
          ],
          [
            -116.09413,
            44.09399
          ],
          [
            -116.09408,
            44.09411
          ],
          [
            -116.09398,
            44.09428
          ],
          [
            -116.09395,
            44.09433
          ],
          [
            -116.09391,
            44.0944
          ],
          [
            -116.09388,
            44.09444
          ],
          [
            -116.09372,
            44.09468
          ],
          [
            -116.09358,
            44.09487
          ],
          [
            -116.09348,
            44.09501
          ],
          [
            -116.09324,
            44.09535
          ],
          [
            -116.09318,
            44.09543
          ],
          [
            -116.09311,
            44.09554
          ],
          [
            -116.09308,
            44.09557
          ],
          [
            -116.09295,
            44.09572
          ],
          [
            -116.09287,
            44.0958
          ],
          [
            -116.09281,
            44.09585
          ],
          [
            -116.0928,
            44.09586
          ],
          [
            -116.09279,
            44.09587
          ],
          [
            -116.09272,
            44.09591
          ],
          [
            -116.09261,
            44.09599
          ],
          [
            -116.09247,
            44.09606
          ],
          [
            -116.09232,
            44.09613
          ],
          [
            -116.0922,
            44.09617
          ],
          [
            -116.09205,
            44.09623
          ],
          [
            -116.09179,
            44.09632
          ],
          [
            -116.09172,
            44.09634
          ],
          [
            -116.0916,
            44.09638
          ],
          [
            -116.0915,
            44.09642
          ],
          [
            -116.09143,
            44.09645
          ],
          [
            -116.09131,
            44.09651
          ],
          [
            -116.09127,
            44.09652
          ],
          [
            -116.09122,
            44.09655
          ],
          [
            -116.09112,
            44.0966
          ],
          [
            -116.09109,
            44.09662
          ],
          [
            -116.09104,
            44.09664
          ],
          [
            -116.09089,
            44.09674
          ],
          [
            -116.09081,
            44.09679
          ],
          [
            -116.09071,
            44.09686
          ],
          [
            -116.09058,
            44.09696
          ],
          [
            -116.09035,
            44.09714
          ],
          [
            -116.09009,
            44.09735
          ],
          [
            -116.09005,
            44.09738
          ],
          [
            -116.08988,
            44.09751
          ],
          [
            -116.08979,
            44.09759
          ],
          [
            -116.08971,
            44.09765
          ],
          [
            -116.0897,
            44.09765
          ],
          [
            -116.08957,
            44.09775
          ],
          [
            -116.08953,
            44.09778
          ],
          [
            -116.08942,
            44.09786
          ],
          [
            -116.08913,
            44.09804
          ],
          [
            -116.08897,
            44.09813
          ],
          [
            -116.08893,
            44.09815
          ],
          [
            -116.08862,
            44.09833
          ],
          [
            -116.08841,
            44.09844
          ],
          [
            -116.08837,
            44.09847
          ],
          [
            -116.08781,
            44.09879
          ],
          [
            -116.08778,
            44.09881
          ],
          [
            -116.08759,
            44.09892
          ],
          [
            -116.08739,
            44.09903
          ],
          [
            -116.08719,
            44.09915
          ],
          [
            -116.08697,
            44.09928
          ],
          [
            -116.08616,
            44.09974
          ],
          [
            -116.08524,
            44.10027
          ],
          [
            -116.08522,
            44.10028
          ],
          [
            -116.08486,
            44.10049
          ],
          [
            -116.08471,
            44.10058
          ],
          [
            -116.08456,
            44.10067
          ],
          [
            -116.08429,
            44.10086
          ],
          [
            -116.08415,
            44.10096
          ],
          [
            -116.08392,
            44.10115
          ],
          [
            -116.0838,
            44.10123
          ],
          [
            -116.08361,
            44.10138
          ],
          [
            -116.08352,
            44.10143
          ],
          [
            -116.08343,
            44.10149
          ],
          [
            -116.08336,
            44.10153
          ],
          [
            -116.08331,
            44.10155
          ],
          [
            -116.08321,
            44.10159
          ],
          [
            -116.08304,
            44.10165
          ],
          [
            -116.08294,
            44.10168
          ],
          [
            -116.08287,
            44.1017
          ],
          [
            -116.08273,
            44.10173
          ],
          [
            -116.08262,
            44.10174
          ],
          [
            -116.08255,
            44.10175
          ],
          [
            -116.08246,
            44.10176
          ],
          [
            -116.08236,
            44.10176
          ],
          [
            -116.08226,
            44.10176
          ],
          [
            -116.08216,
            44.10176
          ],
          [
            -116.08204,
            44.10174
          ],
          [
            -116.08198,
            44.10174
          ],
          [
            -116.08182,
            44.10171
          ],
          [
            -116.08168,
            44.10168
          ],
          [
            -116.0814,
            44.10161
          ],
          [
            -116.08134,
            44.10159
          ],
          [
            -116.08116,
            44.10154
          ],
          [
            -116.08094,
            44.10148
          ],
          [
            -116.08093,
            44.10148
          ],
          [
            -116.0808,
            44.10144
          ],
          [
            -116.0807,
            44.10141
          ],
          [
            -116.08013,
            44.10125
          ],
          [
            -116.07976,
            44.10115
          ],
          [
            -116.07867,
            44.10085
          ],
          [
            -116.0786,
            44.10082
          ],
          [
            -116.07847,
            44.10078
          ],
          [
            -116.07837,
            44.10075
          ],
          [
            -116.07829,
            44.10073
          ],
          [
            -116.07809,
            44.10066
          ],
          [
            -116.07793,
            44.10059
          ],
          [
            -116.07786,
            44.10056
          ],
          [
            -116.07771,
            44.10049
          ],
          [
            -116.0777,
            44.10049
          ],
          [
            -116.07756,
            44.10042
          ],
          [
            -116.07745,
            44.10036
          ],
          [
            -116.07733,
            44.10029
          ],
          [
            -116.07717,
            44.10019
          ],
          [
            -116.07698,
            44.10005
          ],
          [
            -116.07675,
            44.09988
          ],
          [
            -116.07645,
            44.09962
          ],
          [
            -116.07639,
            44.09958
          ],
          [
            -116.07629,
            44.09948
          ],
          [
            -116.07626,
            44.09947
          ],
          [
            -116.07613,
            44.09935
          ],
          [
            -116.07596,
            44.09921
          ],
          [
            -116.07589,
            44.09914
          ],
          [
            -116.07581,
            44.09908
          ],
          [
            -116.0758,
            44.09907
          ],
          [
            -116.07565,
            44.09894
          ],
          [
            -116.07548,
            44.0988
          ],
          [
            -116.07537,
            44.09871
          ],
          [
            -116.07515,
            44.09852
          ],
          [
            -116.07483,
            44.09825
          ],
          [
            -116.07471,
            44.09815
          ],
          [
            -116.07467,
            44.09812
          ],
          [
            -116.07467,
            44.09811
          ],
          [
            -116.07452,
            44.09798
          ],
          [
            -116.07436,
            44.09784
          ],
          [
            -116.07435,
            44.09783
          ],
          [
            -116.07433,
            44.09782
          ],
          [
            -116.07385,
            44.09737
          ],
          [
            -116.07354,
            44.09708
          ],
          [
            -116.07318,
            44.09676
          ],
          [
            -116.07312,
            44.0967
          ],
          [
            -116.07296,
            44.09657
          ],
          [
            -116.07296,
            44.09656
          ],
          [
            -116.07288,
            44.0965
          ],
          [
            -116.0728,
            44.09643
          ],
          [
            -116.07262,
            44.0963
          ],
          [
            -116.07249,
            44.09621
          ],
          [
            -116.07244,
            44.09618
          ],
          [
            -116.07244,
            44.09617
          ],
          [
            -116.07234,
            44.09611
          ],
          [
            -116.07225,
            44.09605
          ],
          [
            -116.0722,
            44.09602
          ],
          [
            -116.07181,
            44.09576
          ],
          [
            -116.0717,
            44.09569
          ],
          [
            -116.07163,
            44.09565
          ],
          [
            -116.07143,
            44.09553
          ],
          [
            -116.07128,
            44.09545
          ],
          [
            -116.07113,
            44.09538
          ],
          [
            -116.071,
            44.09532
          ],
          [
            -116.07092,
            44.09529
          ],
          [
            -116.07088,
            44.09527
          ],
          [
            -116.07075,
            44.09522
          ],
          [
            -116.07054,
            44.09515
          ],
          [
            -116.07029,
            44.09506
          ],
          [
            -116.07021,
            44.09503
          ],
          [
            -116.07011,
            44.09499
          ],
          [
            -116.06989,
            44.09491
          ],
          [
            -116.06967,
            44.09483
          ],
          [
            -116.06955,
            44.09478
          ],
          [
            -116.06949,
            44.09475
          ],
          [
            -116.06939,
            44.09471
          ],
          [
            -116.06934,
            44.09468
          ],
          [
            -116.06927,
            44.09465
          ],
          [
            -116.06913,
            44.09459
          ],
          [
            -116.06913,
            44.09458
          ],
          [
            -116.06909,
            44.09457
          ],
          [
            -116.06902,
            44.09453
          ],
          [
            -116.06892,
            44.09448
          ],
          [
            -116.06887,
            44.09445
          ],
          [
            -116.06873,
            44.09437
          ],
          [
            -116.06854,
            44.09426
          ],
          [
            -116.06834,
            44.09414
          ],
          [
            -116.06825,
            44.09409
          ],
          [
            -116.06762,
            44.09371
          ],
          [
            -116.06725,
            44.0935
          ],
          [
            -116.06698,
            44.09334
          ],
          [
            -116.06695,
            44.09332
          ],
          [
            -116.06679,
            44.09324
          ],
          [
            -116.06678,
            44.09323
          ],
          [
            -116.06659,
            44.09313
          ],
          [
            -116.06637,
            44.09303
          ],
          [
            -116.06634,
            44.09301
          ],
          [
            -116.06616,
            44.09293
          ],
          [
            -116.06606,
            44.09289
          ],
          [
            -116.06578,
            44.09276
          ],
          [
            -116.06574,
            44.09274
          ],
          [
            -116.0656,
            44.09268
          ],
          [
            -116.06549,
            44.09263
          ],
          [
            -116.06529,
            44.09253
          ],
          [
            -116.06513,
            44.09245
          ],
          [
            -116.06498,
            44.09237
          ],
          [
            -116.06489,
            44.09232
          ],
          [
            -116.06472,
            44.09221
          ],
          [
            -116.06458,
            44.09211
          ],
          [
            -116.06454,
            44.09209
          ],
          [
            -116.06444,
            44.09202
          ],
          [
            -116.0643,
            44.09191
          ],
          [
            -116.0642,
            44.09184
          ],
          [
            -116.06412,
            44.09177
          ],
          [
            -116.06404,
            44.09171
          ],
          [
            -116.06393,
            44.09161
          ],
          [
            -116.06371,
            44.0914
          ],
          [
            -116.0636,
            44.09131
          ],
          [
            -116.06356,
            44.09127
          ],
          [
            -116.06353,
            44.09125
          ],
          [
            -116.06347,
            44.09121
          ],
          [
            -116.06339,
            44.09116
          ],
          [
            -116.06338,
            44.09115
          ],
          [
            -116.06326,
            44.09108
          ],
          [
            -116.0632,
            44.09104
          ],
          [
            -116.06319,
            44.09104
          ],
          [
            -116.0631,
            44.09099
          ],
          [
            -116.06298,
            44.09093
          ],
          [
            -116.06294,
            44.09092
          ],
          [
            -116.06283,
            44.09086
          ],
          [
            -116.06269,
            44.0908
          ],
          [
            -116.06256,
            44.09074
          ],
          [
            -116.06235,
            44.09064
          ],
          [
            -116.0623,
            44.09062
          ],
          [
            -116.06214,
            44.09055
          ],
          [
            -116.06154,
            44.09027
          ],
          [
            -116.06125,
            44.09015
          ],
          [
            -116.06103,
            44.09006
          ],
          [
            -116.06078,
            44.08996
          ],
          [
            -116.06063,
            44.08991
          ],
          [
            -116.0606,
            44.08989
          ],
          [
            -116.0604,
            44.08983
          ],
          [
            -116.05997,
            44.08971
          ],
          [
            -116.0597,
            44.08964
          ],
          [
            -116.05923,
            44.08952
          ],
          [
            -116.0591,
            44.08948
          ],
          [
            -116.059,
            44.08946
          ],
          [
            -116.05875,
            44.08941
          ],
          [
            -116.05871,
            44.0894
          ],
          [
            -116.05858,
            44.08938
          ],
          [
            -116.0585,
            44.08937
          ],
          [
            -116.05839,
            44.08937
          ],
          [
            -116.0583,
            44.08936
          ],
          [
            -116.05812,
            44.08937
          ],
          [
            -116.058,
            44.08938
          ],
          [
            -116.05789,
            44.08939
          ],
          [
            -116.05777,
            44.08941
          ],
          [
            -116.05773,
            44.08942
          ],
          [
            -116.05705,
            44.08956
          ],
          [
            -116.05697,
            44.08958
          ],
          [
            -116.05681,
            44.08961
          ],
          [
            -116.05656,
            44.08967
          ],
          [
            -116.05628,
            44.08973
          ],
          [
            -116.05593,
            44.08981
          ],
          [
            -116.05575,
            44.08985
          ],
          [
            -116.05554,
            44.0899
          ],
          [
            -116.05538,
            44.08995
          ],
          [
            -116.05532,
            44.08997
          ],
          [
            -116.05518,
            44.09001
          ],
          [
            -116.05494,
            44.0901
          ],
          [
            -116.05462,
            44.09022
          ],
          [
            -116.05411,
            44.09042
          ],
          [
            -116.05405,
            44.09044
          ],
          [
            -116.0535,
            44.09064
          ],
          [
            -116.05319,
            44.09074
          ],
          [
            -116.05276,
            44.09086
          ],
          [
            -116.05268,
            44.09088
          ],
          [
            -116.05255,
            44.09091
          ],
          [
            -116.05244,
            44.09094
          ],
          [
            -116.05242,
            44.09094
          ],
          [
            -116.05218,
            44.091
          ],
          [
            -116.05196,
            44.09104
          ],
          [
            -116.05195,
            44.09104
          ],
          [
            -116.05189,
            44.09106
          ],
          [
            -116.05176,
            44.09108
          ],
          [
            -116.05172,
            44.09108
          ],
          [
            -116.05165,
            44.0911
          ],
          [
            -116.05147,
            44.09113
          ],
          [
            -116.05134,
            44.09115
          ],
          [
            -116.05104,
            44.09119
          ],
          [
            -116.05046,
            44.09128
          ],
          [
            -116.04983,
            44.09138
          ],
          [
            -116.04931,
            44.09145
          ],
          [
            -116.04927,
            44.09146
          ],
          [
            -116.04874,
            44.09155
          ],
          [
            -116.04838,
            44.09162
          ],
          [
            -116.048,
            44.09171
          ],
          [
            -116.04757,
            44.09182
          ],
          [
            -116.04735,
            44.09188
          ],
          [
            -116.04712,
            44.09193
          ],
          [
            -116.04711,
            44.09194
          ],
          [
            -116.04703,
            44.09195
          ],
          [
            -116.04688,
            44.09199
          ],
          [
            -116.04687,
            44.09199
          ],
          [
            -116.04657,
            44.09206
          ],
          [
            -116.04633,
            44.09211
          ],
          [
            -116.04602,
            44.09217
          ],
          [
            -116.0457,
            44.0922
          ],
          [
            -116.04536,
            44.09224
          ],
          [
            -116.04522,
            44.09225
          ],
          [
            -116.04503,
            44.09227
          ],
          [
            -116.04488,
            44.09229
          ],
          [
            -116.04466,
            44.09233
          ],
          [
            -116.04457,
            44.09235
          ],
          [
            -116.04446,
            44.09237
          ],
          [
            -116.04437,
            44.09239
          ],
          [
            -116.04427,
            44.09242
          ],
          [
            -116.0442,
            44.09244
          ],
          [
            -116.04409,
            44.09247
          ],
          [
            -116.04397,
            44.09251
          ],
          [
            -116.04392,
            44.09252
          ],
          [
            -116.04365,
            44.09261
          ],
          [
            -116.04351,
            44.09265
          ],
          [
            -116.04339,
            44.09269
          ],
          [
            -116.04327,
            44.09272
          ],
          [
            -116.04324,
            44.09273
          ],
          [
            -116.04304,
            44.09277
          ],
          [
            -116.04303,
            44.09277
          ],
          [
            -116.04299,
            44.09278
          ],
          [
            -116.0429,
            44.0928
          ],
          [
            -116.04268,
            44.09282
          ],
          [
            -116.04252,
            44.09284
          ],
          [
            -116.04239,
            44.09284
          ],
          [
            -116.0423,
            44.09285
          ],
          [
            -116.04216,
            44.09284
          ],
          [
            -116.04204,
            44.09284
          ],
          [
            -116.04191,
            44.09283
          ],
          [
            -116.04175,
            44.09281
          ],
          [
            -116.04147,
            44.09276
          ],
          [
            -116.04129,
            44.09274
          ],
          [
            -116.04114,
            44.09272
          ],
          [
            -116.04095,
            44.09269
          ],
          [
            -116.04082,
            44.09268
          ],
          [
            -116.04074,
            44.09267
          ],
          [
            -116.04057,
            44.09267
          ],
          [
            -116.04046,
            44.09266
          ],
          [
            -116.04032,
            44.09266
          ],
          [
            -116.04019,
            44.09266
          ],
          [
            -116.03932,
            44.09266
          ],
          [
            -116.03931,
            44.09266
          ],
          [
            -116.03926,
            44.09266
          ],
          [
            -116.03907,
            44.09266
          ],
          [
            -116.03906,
            44.09266
          ],
          [
            -116.03806,
            44.09265
          ],
          [
            -116.03789,
            44.09265
          ],
          [
            -116.03781,
            44.09265
          ],
          [
            -116.03721,
            44.09265
          ],
          [
            -116.03687,
            44.09265
          ],
          [
            -116.03664,
            44.09266
          ],
          [
            -116.03656,
            44.09266
          ],
          [
            -116.03646,
            44.09267
          ],
          [
            -116.03637,
            44.09268
          ],
          [
            -116.03631,
            44.09268
          ],
          [
            -116.03626,
            44.09269
          ],
          [
            -116.03616,
            44.09271
          ],
          [
            -116.03603,
            44.09273
          ],
          [
            -116.03583,
            44.09277
          ],
          [
            -116.03577,
            44.09278
          ],
          [
            -116.03561,
            44.0928
          ],
          [
            -116.03549,
            44.09282
          ],
          [
            -116.03537,
            44.09283
          ],
          [
            -116.03534,
            44.09284
          ],
          [
            -116.03526,
            44.09284
          ],
          [
            -116.03514,
            44.09284
          ],
          [
            -116.03509,
            44.09285
          ],
          [
            -116.03504,
            44.09285
          ],
          [
            -116.03492,
            44.09284
          ],
          [
            -116.03484,
            44.09284
          ],
          [
            -116.0348,
            44.09284
          ],
          [
            -116.03466,
            44.09282
          ],
          [
            -116.03445,
            44.09279
          ],
          [
            -116.03421,
            44.09275
          ],
          [
            -116.03397,
            44.09271
          ],
          [
            -116.03386,
            44.09269
          ],
          [
            -116.03352,
            44.09263
          ],
          [
            -116.03334,
            44.0926
          ],
          [
            -116.03312,
            44.09257
          ],
          [
            -116.03306,
            44.09256
          ],
          [
            -116.03293,
            44.09255
          ],
          [
            -116.03284,
            44.09254
          ],
          [
            -116.03273,
            44.09253
          ],
          [
            -116.03263,
            44.09252
          ],
          [
            -116.03253,
            44.09252
          ],
          [
            -116.03239,
            44.09252
          ],
          [
            -116.03232,
            44.09252
          ],
          [
            -116.03215,
            44.09253
          ],
          [
            -116.03198,
            44.09253
          ],
          [
            -116.03185,
            44.09254
          ],
          [
            -116.03166,
            44.09255
          ],
          [
            -116.03152,
            44.09256
          ],
          [
            -116.03139,
            44.09256
          ],
          [
            -116.03127,
            44.09257
          ],
          [
            -116.03106,
            44.09257
          ],
          [
            -116.03094,
            44.09257
          ],
          [
            -116.03088,
            44.09256
          ],
          [
            -116.03083,
            44.09256
          ],
          [
            -116.03074,
            44.09256
          ],
          [
            -116.03064,
            44.09255
          ],
          [
            -116.03062,
            44.09255
          ],
          [
            -116.03055,
            44.09255
          ],
          [
            -116.0304,
            44.09253
          ],
          [
            -116.02988,
            44.09249
          ],
          [
            -116.02982,
            44.09248
          ],
          [
            -116.02973,
            44.09247
          ],
          [
            -116.02963,
            44.09247
          ],
          [
            -116.0296,
            44.09246
          ],
          [
            -116.02939,
            44.09244
          ],
          [
            -116.02938,
            44.09244
          ],
          [
            -116.02931,
            44.09244
          ],
          [
            -116.02916,
            44.09242
          ],
          [
            -116.02914,
            44.09242
          ],
          [
            -116.02913,
            44.09242
          ],
          [
            -116.02895,
            44.0924
          ],
          [
            -116.02889,
            44.09239
          ],
          [
            -116.02883,
            44.09238
          ],
          [
            -116.02867,
            44.09236
          ],
          [
            -116.02846,
            44.09231
          ],
          [
            -116.02831,
            44.09227
          ],
          [
            -116.02813,
            44.09221
          ],
          [
            -116.02797,
            44.09215
          ],
          [
            -116.02784,
            44.09209
          ],
          [
            -116.02771,
            44.09202
          ],
          [
            -116.02766,
            44.09199
          ],
          [
            -116.02762,
            44.09197
          ],
          [
            -116.02753,
            44.09192
          ],
          [
            -116.02745,
            44.09186
          ],
          [
            -116.02739,
            44.09182
          ],
          [
            -116.02728,
            44.09173
          ],
          [
            -116.02716,
            44.09162
          ],
          [
            -116.0271,
            44.09155
          ],
          [
            -116.02692,
            44.09132
          ],
          [
            -116.02686,
            44.09125
          ],
          [
            -116.02682,
            44.09116
          ],
          [
            -116.02675,
            44.09105
          ],
          [
            -116.02662,
            44.09082
          ],
          [
            -116.02654,
            44.09067
          ],
          [
            -116.02642,
            44.09049
          ],
          [
            -116.02634,
            44.0904
          ],
          [
            -116.02621,
            44.09028
          ],
          [
            -116.02609,
            44.09017
          ],
          [
            -116.02592,
            44.09005
          ],
          [
            -116.02586,
            44.09001
          ],
          [
            -116.02569,
            44.08991
          ],
          [
            -116.02558,
            44.08985
          ],
          [
            -116.02543,
            44.08979
          ],
          [
            -116.02533,
            44.08975
          ],
          [
            -116.02524,
            44.08972
          ],
          [
            -116.02516,
            44.0897
          ],
          [
            -116.02501,
            44.08966
          ],
          [
            -116.02484,
            44.08962
          ],
          [
            -116.02478,
            44.08961
          ],
          [
            -116.02473,
            44.0896
          ],
          [
            -116.02457,
            44.08958
          ],
          [
            -116.02454,
            44.08958
          ],
          [
            -116.02443,
            44.08957
          ],
          [
            -116.02429,
            44.08957
          ],
          [
            -116.02422,
            44.08956
          ],
          [
            -116.02414,
            44.08957
          ],
          [
            -116.02402,
            44.08957
          ],
          [
            -116.02393,
            44.08958
          ],
          [
            -116.02384,
            44.08958
          ],
          [
            -116.02366,
            44.08961
          ],
          [
            -116.02354,
            44.08963
          ],
          [
            -116.02345,
            44.08965
          ],
          [
            -116.02332,
            44.08968
          ],
          [
            -116.02311,
            44.08974
          ],
          [
            -116.02298,
            44.08979
          ],
          [
            -116.02292,
            44.08982
          ],
          [
            -116.0228,
            44.08987
          ],
          [
            -116.02267,
            44.08993
          ],
          [
            -116.02256,
            44.08999
          ],
          [
            -116.02241,
            44.09008
          ],
          [
            -116.022,
            44.09033
          ],
          [
            -116.02157,
            44.0906
          ],
          [
            -116.0211,
            44.09089
          ],
          [
            -116.02099,
            44.09096
          ],
          [
            -116.0208,
            44.09107
          ],
          [
            -116.02063,
            44.09118
          ],
          [
            -116.02048,
            44.09126
          ],
          [
            -116.02035,
            44.09133
          ],
          [
            -116.02023,
            44.09139
          ],
          [
            -116.02011,
            44.09143
          ],
          [
            -116.02008,
            44.09145
          ],
          [
            -116.01993,
            44.0915
          ],
          [
            -116.01983,
            44.09153
          ],
          [
            -116.01972,
            44.09156
          ],
          [
            -116.01966,
            44.09157
          ],
          [
            -116.0196,
            44.09159
          ],
          [
            -116.01944,
            44.09162
          ],
          [
            -116.01931,
            44.09164
          ],
          [
            -116.01896,
            44.0917
          ],
          [
            -116.01844,
            44.09179
          ],
          [
            -116.0181,
            44.09184
          ],
          [
            -116.01786,
            44.09188
          ],
          [
            -116.01782,
            44.09189
          ],
          [
            -116.01772,
            44.0919
          ],
          [
            -116.0176,
            44.09191
          ],
          [
            -116.01752,
            44.09192
          ],
          [
            -116.01742,
            44.09193
          ],
          [
            -116.01729,
            44.09193
          ],
          [
            -116.01716,
            44.09193
          ],
          [
            -116.0171,
            44.09192
          ],
          [
            -116.01707,
            44.09192
          ],
          [
            -116.01697,
            44.09191
          ],
          [
            -116.01689,
            44.0919
          ],
          [
            -116.01685,
            44.09189
          ],
          [
            -116.01683,
            44.09189
          ],
          [
            -116.01682,
            44.09189
          ],
          [
            -116.01671,
            44.09187
          ],
          [
            -116.01663,
            44.09185
          ],
          [
            -116.01659,
            44.09184
          ],
          [
            -116.01658,
            44.09184
          ],
          [
            -116.01647,
            44.09181
          ],
          [
            -116.01635,
            44.09178
          ],
          [
            -116.01633,
            44.09178
          ],
          [
            -116.01623,
            44.09175
          ],
          [
            -116.01597,
            44.0917
          ],
          [
            -116.01587,
            44.09168
          ],
          [
            -116.01582,
            44.09167
          ],
          [
            -116.01568,
            44.09165
          ],
          [
            -116.01562,
            44.09165
          ],
          [
            -116.01556,
            44.09164
          ],
          [
            -116.01546,
            44.09164
          ],
          [
            -116.01539,
            44.09164
          ],
          [
            -116.01528,
            44.09164
          ],
          [
            -116.01518,
            44.09165
          ],
          [
            -116.01507,
            44.09166
          ],
          [
            -116.01496,
            44.09168
          ],
          [
            -116.01486,
            44.09169
          ],
          [
            -116.01467,
            44.09174
          ],
          [
            -116.01464,
            44.09175
          ],
          [
            -116.01461,
            44.09176
          ],
          [
            -116.01454,
            44.09179
          ],
          [
            -116.01443,
            44.09184
          ],
          [
            -116.01442,
            44.09184
          ],
          [
            -116.01432,
            44.09189
          ],
          [
            -116.0142,
            44.09194
          ],
          [
            -116.01399,
            44.09207
          ],
          [
            -116.01388,
            44.09213
          ],
          [
            -116.01344,
            44.09239
          ],
          [
            -116.0133,
            44.09247
          ],
          [
            -116.0129,
            44.0927
          ],
          [
            -116.01239,
            44.093
          ],
          [
            -116.01166,
            44.09342
          ],
          [
            -116.01131,
            44.09363
          ],
          [
            -116.01129,
            44.09364
          ],
          [
            -116.01092,
            44.09386
          ],
          [
            -116.01073,
            44.09397
          ],
          [
            -116.01061,
            44.09404
          ],
          [
            -116.01053,
            44.09409
          ],
          [
            -116.01025,
            44.09426
          ],
          [
            -116.01015,
            44.09432
          ],
          [
            -116.00971,
            44.09457
          ],
          [
            -116.00918,
            44.09489
          ],
          [
            -116.00901,
            44.09498
          ],
          [
            -116.00878,
            44.09513
          ],
          [
            -116.00857,
            44.09526
          ],
          [
            -116.00838,
            44.09539
          ],
          [
            -116.00828,
            44.09546
          ],
          [
            -116.00814,
            44.09557
          ],
          [
            -116.00808,
            44.09562
          ],
          [
            -116.00787,
            44.09578
          ],
          [
            -116.0076,
            44.09599
          ],
          [
            -116.00734,
            44.0962
          ],
          [
            -116.00706,
            44.09643
          ],
          [
            -116.00695,
            44.09653
          ],
          [
            -116.00682,
            44.09663
          ],
          [
            -116.0067,
            44.09675
          ],
          [
            -116.00655,
            44.09691
          ],
          [
            -116.00643,
            44.09706
          ],
          [
            -116.00636,
            44.09715
          ],
          [
            -116.00634,
            44.09718
          ],
          [
            -116.0063,
            44.09723
          ],
          [
            -116.00624,
            44.09732
          ],
          [
            -116.00624,
            44.09733
          ],
          [
            -116.00619,
            44.09741
          ],
          [
            -116.00615,
            44.09749
          ],
          [
            -116.00611,
            44.09758
          ],
          [
            -116.00606,
            44.09769
          ],
          [
            -116.00603,
            44.09779
          ],
          [
            -116.00602,
            44.09783
          ],
          [
            -116.00599,
            44.09792
          ],
          [
            -116.00597,
            44.09801
          ],
          [
            -116.00596,
            44.09805
          ],
          [
            -116.00595,
            44.09813
          ],
          [
            -116.00595,
            44.09819
          ],
          [
            -116.00593,
            44.09833
          ],
          [
            -116.00593,
            44.09837
          ],
          [
            -116.00593,
            44.09838
          ],
          [
            -116.00593,
            44.09851
          ],
          [
            -116.00593,
            44.09855
          ],
          [
            -116.00594,
            44.09873
          ],
          [
            -116.00597,
            44.0989
          ],
          [
            -116.00602,
            44.09908
          ],
          [
            -116.00602,
            44.09909
          ],
          [
            -116.00608,
            44.09926
          ],
          [
            -116.00608,
            44.09927
          ],
          [
            -116.0061,
            44.09932
          ],
          [
            -116.00621,
            44.09957
          ],
          [
            -116.00637,
            44.09995
          ],
          [
            -116.00654,
            44.10036
          ],
          [
            -116.00658,
            44.10051
          ],
          [
            -116.00662,
            44.10064
          ],
          [
            -116.00665,
            44.10076
          ],
          [
            -116.00666,
            44.10086
          ],
          [
            -116.00667,
            44.10105
          ],
          [
            -116.00666,
            44.10127
          ],
          [
            -116.00664,
            44.10142
          ],
          [
            -116.00661,
            44.10153
          ],
          [
            -116.0066,
            44.10161
          ],
          [
            -116.00658,
            44.10168
          ],
          [
            -116.00652,
            44.10183
          ],
          [
            -116.00645,
            44.10199
          ],
          [
            -116.0064,
            44.10207
          ],
          [
            -116.00633,
            44.10219
          ],
          [
            -116.00627,
            44.10229
          ],
          [
            -116.00616,
            44.10243
          ],
          [
            -116.00605,
            44.10255
          ],
          [
            -116.00596,
            44.10264
          ],
          [
            -116.00585,
            44.10274
          ],
          [
            -116.00565,
            44.1029
          ],
          [
            -116.00554,
            44.10298
          ],
          [
            -116.00546,
            44.10303
          ],
          [
            -116.00536,
            44.1031
          ],
          [
            -116.00528,
            44.10315
          ],
          [
            -116.00524,
            44.10317
          ],
          [
            -116.00522,
            44.10318
          ],
          [
            -116.0051,
            44.10324
          ],
          [
            -116.00508,
            44.10325
          ],
          [
            -116.005,
            44.10329
          ],
          [
            -116.00489,
            44.10334
          ],
          [
            -116.00478,
            44.10339
          ],
          [
            -116.00465,
            44.10343
          ],
          [
            -116.00458,
            44.10346
          ],
          [
            -116.0045,
            44.10349
          ],
          [
            -116.00442,
            44.10351
          ],
          [
            -116.00435,
            44.10353
          ],
          [
            -116.00434,
            44.10354
          ],
          [
            -116.00419,
            44.10358
          ],
          [
            -116.00411,
            44.1036
          ],
          [
            -116.00388,
            44.10366
          ],
          [
            -116.00372,
            44.10369
          ],
          [
            -116.00364,
            44.10371
          ],
          [
            -116.0035,
            44.10374
          ],
          [
            -116.00348,
            44.10375
          ],
          [
            -116.0034,
            44.10376
          ],
          [
            -116.00316,
            44.10381
          ],
          [
            -116.00302,
            44.10384
          ],
          [
            -116.00291,
            44.10386
          ],
          [
            -116.00256,
            44.10394
          ],
          [
            -116.00213,
            44.10403
          ],
          [
            -116.00165,
            44.10413
          ],
          [
            -116.00123,
            44.10422
          ],
          [
            -116.00107,
            44.10425
          ],
          [
            -116.00015,
            44.10444
          ],
          [
            -116.00003,
            44.10446
          ],
          [
            -115.99999,
            44.10447
          ],
          [
            -115.99954,
            44.10457
          ],
          [
            -115.99943,
            44.10459
          ],
          [
            -115.9993,
            44.10462
          ],
          [
            -115.99896,
            44.10469
          ],
          [
            -115.99883,
            44.10472
          ],
          [
            -115.99795,
            44.1049
          ],
          [
            -115.99773,
            44.10495
          ],
          [
            -115.99741,
            44.10502
          ],
          [
            -115.99707,
            44.1051
          ],
          [
            -115.99705,
            44.1051
          ],
          [
            -115.99696,
            44.10512
          ],
          [
            -115.9968,
            44.10517
          ],
          [
            -115.99673,
            44.10519
          ],
          [
            -115.99666,
            44.10521
          ],
          [
            -115.99659,
            44.10524
          ],
          [
            -115.99649,
            44.10527
          ],
          [
            -115.99645,
            44.10529
          ],
          [
            -115.99637,
            44.10532
          ],
          [
            -115.99632,
            44.10534
          ],
          [
            -115.99623,
            44.10537
          ],
          [
            -115.99613,
            44.10542
          ],
          [
            -115.996,
            44.10548
          ],
          [
            -115.99593,
            44.10552
          ],
          [
            -115.99585,
            44.10556
          ],
          [
            -115.99578,
            44.1056
          ],
          [
            -115.99565,
            44.10567
          ],
          [
            -115.99552,
            44.10576
          ],
          [
            -115.99542,
            44.10582
          ],
          [
            -115.99534,
            44.10588
          ],
          [
            -115.9953,
            44.1059
          ],
          [
            -115.99526,
            44.10594
          ],
          [
            -115.99519,
            44.10599
          ],
          [
            -115.99509,
            44.10607
          ],
          [
            -115.99502,
            44.10613
          ],
          [
            -115.99466,
            44.10641
          ],
          [
            -115.9945,
            44.10655
          ],
          [
            -115.99432,
            44.10668
          ],
          [
            -115.9943,
            44.10669
          ],
          [
            -115.9942,
            44.10676
          ],
          [
            -115.99414,
            44.1068
          ],
          [
            -115.99409,
            44.10684
          ],
          [
            -115.994,
            44.10689
          ],
          [
            -115.99394,
            44.10693
          ],
          [
            -115.99387,
            44.10697
          ],
          [
            -115.99381,
            44.107
          ],
          [
            -115.99375,
            44.10703
          ],
          [
            -115.99372,
            44.10705
          ],
          [
            -115.99359,
            44.10711
          ],
          [
            -115.99355,
            44.10713
          ],
          [
            -115.99354,
            44.10713
          ],
          [
            -115.99345,
            44.10717
          ],
          [
            -115.99336,
            44.10721
          ],
          [
            -115.99333,
            44.10723
          ],
          [
            -115.99322,
            44.10727
          ],
          [
            -115.99311,
            44.10731
          ],
          [
            -115.99259,
            44.1075
          ],
          [
            -115.99207,
            44.10768
          ],
          [
            -115.99197,
            44.10772
          ],
          [
            -115.99149,
            44.10789
          ],
          [
            -115.99128,
            44.10797
          ],
          [
            -115.99111,
            44.10803
          ],
          [
            -115.99047,
            44.10825
          ],
          [
            -115.99011,
            44.10838
          ],
          [
            -115.98996,
            44.10844
          ],
          [
            -115.98936,
            44.10865
          ],
          [
            -115.9891,
            44.10875
          ],
          [
            -115.98887,
            44.10883
          ],
          [
            -115.98839,
            44.109
          ],
          [
            -115.988,
            44.10914
          ],
          [
            -115.98755,
            44.1093
          ],
          [
            -115.98728,
            44.10939
          ],
          [
            -115.98714,
            44.10943
          ],
          [
            -115.98699,
            44.10946
          ],
          [
            -115.98691,
            44.10949
          ],
          [
            -115.98683,
            44.1095
          ],
          [
            -115.98646,
            44.10957
          ],
          [
            -115.98624,
            44.10961
          ],
          [
            -115.98597,
            44.10964
          ],
          [
            -115.98587,
            44.10964
          ],
          [
            -115.98573,
            44.10965
          ],
          [
            -115.98558,
            44.10965
          ],
          [
            -115.98547,
            44.10965
          ],
          [
            -115.98527,
            44.10964
          ],
          [
            -115.98509,
            44.10963
          ],
          [
            -115.98495,
            44.10962
          ],
          [
            -115.98481,
            44.1096
          ],
          [
            -115.98467,
            44.10958
          ],
          [
            -115.98457,
            44.10956
          ],
          [
            -115.98448,
            44.10954
          ],
          [
            -115.98445,
            44.10954
          ],
          [
            -115.98439,
            44.10953
          ],
          [
            -115.98428,
            44.1095
          ],
          [
            -115.9842,
            44.10949
          ],
          [
            -115.98416,
            44.10948
          ],
          [
            -115.98409,
            44.10946
          ],
          [
            -115.98401,
            44.10944
          ],
          [
            -115.98395,
            44.10942
          ],
          [
            -115.98386,
            44.1094
          ],
          [
            -115.98376,
            44.10937
          ],
          [
            -115.98344,
            44.10926
          ],
          [
            -115.98325,
            44.10919
          ],
          [
            -115.98273,
            44.10898
          ],
          [
            -115.98257,
            44.10892
          ],
          [
            -115.98229,
            44.10881
          ],
          [
            -115.98184,
            44.10863
          ],
          [
            -115.98096,
            44.10828
          ],
          [
            -115.98082,
            44.10822
          ],
          [
            -115.98075,
            44.10818
          ],
          [
            -115.98074,
            44.10818
          ],
          [
            -115.98009,
            44.1079
          ],
          [
            -115.97975,
            44.10774
          ],
          [
            -115.97947,
            44.1076
          ],
          [
            -115.97926,
            44.1075
          ],
          [
            -115.97917,
            44.10745
          ],
          [
            -115.97915,
            44.10744
          ],
          [
            -115.97903,
            44.10737
          ],
          [
            -115.97897,
            44.10734
          ],
          [
            -115.9789,
            44.1073
          ],
          [
            -115.97867,
            44.10717
          ],
          [
            -115.97838,
            44.10698
          ],
          [
            -115.97813,
            44.10682
          ],
          [
            -115.97785,
            44.10662
          ],
          [
            -115.97781,
            44.1066
          ],
          [
            -115.97736,
            44.10625
          ],
          [
            -115.97712,
            44.10607
          ],
          [
            -115.97678,
            44.10581
          ],
          [
            -115.97667,
            44.10572
          ],
          [
            -115.97661,
            44.10568
          ],
          [
            -115.97609,
            44.10529
          ],
          [
            -115.97598,
            44.10521
          ],
          [
            -115.97591,
            44.10516
          ],
          [
            -115.97538,
            44.10478
          ],
          [
            -115.97519,
            44.10466
          ],
          [
            -115.97451,
            44.1042
          ],
          [
            -115.9745,
            44.10419
          ],
          [
            -115.97435,
            44.10409
          ],
          [
            -115.97397,
            44.10385
          ],
          [
            -115.97394,
            44.10383
          ],
          [
            -115.97355,
            44.10358
          ],
          [
            -115.97283,
            44.10314
          ],
          [
            -115.97262,
            44.10302
          ],
          [
            -115.97241,
            44.1029
          ],
          [
            -115.97202,
            44.10268
          ],
          [
            -115.97183,
            44.10257
          ],
          [
            -115.97172,
            44.10251
          ],
          [
            -115.97162,
            44.10246
          ],
          [
            -115.97112,
            44.10219
          ],
          [
            -115.97026,
            44.10174
          ],
          [
            -115.97006,
            44.10164
          ],
          [
            -115.96966,
            44.10143
          ],
          [
            -115.96919,
            44.10121
          ],
          [
            -115.96859,
            44.10089
          ],
          [
            -115.96853,
            44.10086
          ],
          [
            -115.96833,
            44.10075
          ],
          [
            -115.96798,
            44.10055
          ],
          [
            -115.96774,
            44.10042
          ],
          [
            -115.9672,
            44.10008
          ],
          [
            -115.96689,
            44.09989
          ],
          [
            -115.96638,
            44.09957
          ],
          [
            -115.9643,
            44.09821
          ],
          [
            -115.96417,
            44.09813
          ],
          [
            -115.96368,
            44.09781
          ],
          [
            -115.9627,
            44.09717
          ],
          [
            -115.96244,
            44.09701
          ],
          [
            -115.96195,
            44.09669
          ],
          [
            -115.96139,
            44.09632
          ],
          [
            -115.96049,
            44.09575
          ],
          [
            -115.96032,
            44.09564
          ],
          [
            -115.96027,
            44.09561
          ],
          [
            -115.95924,
            44.09494
          ],
          [
            -115.95913,
            44.09487
          ],
          [
            -115.95904,
            44.09481
          ],
          [
            -115.95848,
            44.09444
          ],
          [
            -115.95811,
            44.0942
          ],
          [
            -115.95795,
            44.0941
          ],
          [
            -115.95774,
            44.09397
          ],
          [
            -115.95741,
            44.09375
          ],
          [
            -115.95677,
            44.09336
          ],
          [
            -115.95562,
            44.09267
          ],
          [
            -115.95443,
            44.09195
          ],
          [
            -115.95419,
            44.0918
          ],
          [
            -115.95398,
            44.09165
          ],
          [
            -115.95387,
            44.09157
          ],
          [
            -115.95381,
            44.09152
          ],
          [
            -115.95378,
            44.0915
          ],
          [
            -115.95371,
            44.09143
          ],
          [
            -115.95362,
            44.09134
          ],
          [
            -115.95349,
            44.09122
          ],
          [
            -115.95339,
            44.09109
          ],
          [
            -115.95331,
            44.091
          ],
          [
            -115.95327,
            44.09093
          ],
          [
            -115.95321,
            44.09085
          ],
          [
            -115.95313,
            44.09074
          ],
          [
            -115.95302,
            44.09055
          ],
          [
            -115.95275,
            44.09011
          ],
          [
            -115.95249,
            44.08971
          ],
          [
            -115.95231,
            44.08942
          ],
          [
            -115.95194,
            44.08882
          ],
          [
            -115.95139,
            44.08795
          ],
          [
            -115.95126,
            44.08775
          ],
          [
            -115.95124,
            44.08772
          ],
          [
            -115.95096,
            44.08728
          ],
          [
            -115.95094,
            44.08725
          ],
          [
            -115.95082,
            44.08706
          ],
          [
            -115.95068,
            44.08683
          ],
          [
            -115.95053,
            44.08659
          ],
          [
            -115.95031,
            44.08624
          ],
          [
            -115.9503,
            44.08623
          ],
          [
            -115.94999,
            44.08574
          ],
          [
            -115.94954,
            44.08501
          ],
          [
            -115.94932,
            44.08466
          ],
          [
            -115.94925,
            44.08455
          ],
          [
            -115.94922,
            44.08451
          ],
          [
            -115.94907,
            44.08428
          ],
          [
            -115.94897,
            44.08411
          ],
          [
            -115.94883,
            44.08388
          ],
          [
            -115.94871,
            44.08371
          ],
          [
            -115.94847,
            44.08328
          ],
          [
            -115.94837,
            44.08311
          ],
          [
            -115.94816,
            44.08263
          ],
          [
            -115.94804,
            44.08234
          ],
          [
            -115.94796,
            44.08205
          ],
          [
            -115.94788,
            44.08175
          ],
          [
            -115.94782,
            44.08149
          ],
          [
            -115.94779,
            44.08131
          ],
          [
            -115.94778,
            44.08121
          ],
          [
            -115.94776,
            44.08108
          ],
          [
            -115.94774,
            44.08089
          ],
          [
            -115.94772,
            44.08048
          ],
          [
            -115.94772,
            44.08025
          ],
          [
            -115.94773,
            44.08
          ],
          [
            -115.94774,
            44.07978
          ],
          [
            -115.94774,
            44.07956
          ],
          [
            -115.94775,
            44.07947
          ],
          [
            -115.94775,
            44.07924
          ],
          [
            -115.94776,
            44.07892
          ],
          [
            -115.94776,
            44.07885
          ],
          [
            -115.94776,
            44.07847
          ],
          [
            -115.94772,
            44.07815
          ],
          [
            -115.94771,
            44.07807
          ],
          [
            -115.94769,
            44.07797
          ],
          [
            -115.94765,
            44.07778
          ],
          [
            -115.94762,
            44.07766
          ],
          [
            -115.9476,
            44.07758
          ],
          [
            -115.94756,
            44.07749
          ],
          [
            -115.94752,
            44.07736
          ],
          [
            -115.94741,
            44.07709
          ],
          [
            -115.94736,
            44.07699
          ],
          [
            -115.94727,
            44.0768
          ],
          [
            -115.94722,
            44.07672
          ],
          [
            -115.94713,
            44.07657
          ],
          [
            -115.94697,
            44.07632
          ],
          [
            -115.94695,
            44.07629
          ],
          [
            -115.94684,
            44.07615
          ],
          [
            -115.94677,
            44.07605
          ],
          [
            -115.94658,
            44.07584
          ],
          [
            -115.94635,
            44.0756
          ],
          [
            -115.94622,
            44.07547
          ],
          [
            -115.94601,
            44.07527
          ],
          [
            -115.946,
            44.07526
          ],
          [
            -115.94587,
            44.07514
          ],
          [
            -115.94538,
            44.07469
          ],
          [
            -115.94494,
            44.07427
          ],
          [
            -115.94462,
            44.07397
          ],
          [
            -115.94448,
            44.07384
          ],
          [
            -115.9441,
            44.07348
          ],
          [
            -115.94406,
            44.07345
          ],
          [
            -115.94311,
            44.07256
          ],
          [
            -115.94271,
            44.07219
          ],
          [
            -115.94265,
            44.07214
          ],
          [
            -115.94256,
            44.07205
          ],
          [
            -115.94215,
            44.07167
          ],
          [
            -115.94188,
            44.07145
          ],
          [
            -115.94185,
            44.07143
          ],
          [
            -115.94184,
            44.07141
          ],
          [
            -115.94158,
            44.07123
          ],
          [
            -115.94148,
            44.07116
          ],
          [
            -115.94103,
            44.07089
          ],
          [
            -115.94059,
            44.07068
          ],
          [
            -115.94056,
            44.07067
          ],
          [
            -115.94037,
            44.0706
          ],
          [
            -115.93989,
            44.07042
          ],
          [
            -115.9397,
            44.07036
          ],
          [
            -115.93891,
            44.07008
          ],
          [
            -115.93812,
            44.0698
          ],
          [
            -115.93754,
            44.0696
          ],
          [
            -115.93616,
            44.06912
          ],
          [
            -115.93565,
            44.06894
          ],
          [
            -115.93542,
            44.06886
          ],
          [
            -115.93384,
            44.06831
          ],
          [
            -115.93339,
            44.06816
          ],
          [
            -115.93249,
            44.06784
          ],
          [
            -115.93227,
            44.06776
          ],
          [
            -115.93114,
            44.06737
          ],
          [
            -115.93092,
            44.06729
          ],
          [
            -115.9307,
            44.06722
          ],
          [
            -115.93062,
            44.06719
          ],
          [
            -115.93047,
            44.06713
          ],
          [
            -115.92979,
            44.0669
          ],
          [
            -115.92879,
            44.06655
          ],
          [
            -115.92842,
            44.06642
          ],
          [
            -115.92736,
            44.06605
          ],
          [
            -115.92721,
            44.066
          ],
          [
            -115.92707,
            44.06595
          ],
          [
            -115.92699,
            44.06592
          ],
          [
            -115.92695,
            44.06591
          ],
          [
            -115.92642,
            44.06572
          ],
          [
            -115.92582,
            44.06551
          ],
          [
            -115.92547,
            44.06539
          ],
          [
            -115.92527,
            44.06531
          ],
          [
            -115.92519,
            44.06529
          ],
          [
            -115.92512,
            44.06526
          ],
          [
            -115.92497,
            44.0652
          ],
          [
            -115.92479,
            44.06513
          ],
          [
            -115.92475,
            44.06511
          ],
          [
            -115.92461,
            44.06505
          ],
          [
            -115.92454,
            44.06502
          ],
          [
            -115.92444,
            44.06498
          ],
          [
            -115.92425,
            44.06489
          ],
          [
            -115.92402,
            44.06478
          ],
          [
            -115.92391,
            44.06472
          ],
          [
            -115.92378,
            44.06465
          ],
          [
            -115.92371,
            44.06462
          ],
          [
            -115.92357,
            44.06454
          ],
          [
            -115.92332,
            44.0644
          ],
          [
            -115.92301,
            44.06421
          ],
          [
            -115.92203,
            44.06363
          ],
          [
            -115.9211,
            44.06305
          ],
          [
            -115.91952,
            44.06211
          ],
          [
            -115.91936,
            44.06202
          ],
          [
            -115.91915,
            44.06191
          ],
          [
            -115.91896,
            44.06181
          ],
          [
            -115.91874,
            44.06172
          ],
          [
            -115.9187,
            44.0617
          ],
          [
            -115.9185,
            44.06163
          ],
          [
            -115.91848,
            44.06162
          ],
          [
            -115.91833,
            44.06157
          ],
          [
            -115.91813,
            44.06152
          ],
          [
            -115.91779,
            44.06144
          ],
          [
            -115.91704,
            44.06131
          ],
          [
            -115.9168,
            44.06127
          ],
          [
            -115.91656,
            44.06123
          ],
          [
            -115.91655,
            44.06122
          ],
          [
            -115.91631,
            44.06119
          ],
          [
            -115.9161,
            44.06115
          ],
          [
            -115.91607,
            44.06114
          ],
          [
            -115.91583,
            44.0611
          ],
          [
            -115.91582,
            44.0611
          ],
          [
            -115.91561,
            44.06107
          ],
          [
            -115.91558,
            44.06106
          ],
          [
            -115.9151,
            44.06097
          ],
          [
            -115.91499,
            44.06094
          ],
          [
            -115.91486,
            44.06091
          ],
          [
            -115.9147,
            44.06087
          ],
          [
            -115.91463,
            44.06085
          ],
          [
            -115.91443,
            44.06078
          ],
          [
            -115.9144,
            44.06077
          ],
          [
            -115.91417,
            44.06067
          ],
          [
            -115.91398,
            44.06057
          ],
          [
            -115.9139,
            44.06052
          ],
          [
            -115.91369,
            44.06038
          ],
          [
            -115.91363,
            44.06031
          ],
          [
            -115.91349,
            44.06018
          ],
          [
            -115.91345,
            44.06012
          ],
          [
            -115.91339,
            44.06002
          ],
          [
            -115.91334,
            44.05993
          ],
          [
            -115.91329,
            44.05981
          ],
          [
            -115.91326,
            44.05964
          ],
          [
            -115.91324,
            44.05939
          ],
          [
            -115.91323,
            44.0593
          ],
          [
            -115.91323,
            44.05919
          ],
          [
            -115.91322,
            44.05912
          ],
          [
            -115.91322,
            44.05894
          ],
          [
            -115.91321,
            44.05864
          ],
          [
            -115.91318,
            44.05788
          ],
          [
            -115.91317,
            44.05734
          ],
          [
            -115.91316,
            44.05715
          ],
          [
            -115.91316,
            44.05714
          ],
          [
            -115.91315,
            44.05688
          ],
          [
            -115.91314,
            44.05659
          ],
          [
            -115.91311,
            44.05637
          ],
          [
            -115.91304,
            44.05612
          ],
          [
            -115.91302,
            44.05607
          ],
          [
            -115.91299,
            44.05598
          ],
          [
            -115.91294,
            44.0559
          ],
          [
            -115.91291,
            44.05585
          ],
          [
            -115.91283,
            44.05574
          ],
          [
            -115.91278,
            44.05568
          ],
          [
            -115.91269,
            44.05559
          ],
          [
            -115.91263,
            44.05553
          ],
          [
            -115.91246,
            44.0554
          ],
          [
            -115.91235,
            44.05532
          ],
          [
            -115.91216,
            44.05521
          ],
          [
            -115.91215,
            44.05521
          ],
          [
            -115.9121,
            44.05518
          ],
          [
            -115.91177,
            44.05506
          ],
          [
            -115.91127,
            44.05494
          ],
          [
            -115.91086,
            44.05486
          ],
          [
            -115.91073,
            44.05481
          ],
          [
            -115.90954,
            44.05459
          ],
          [
            -115.90916,
            44.05452
          ],
          [
            -115.90867,
            44.05445
          ],
          [
            -115.90837,
            44.05443
          ],
          [
            -115.90808,
            44.05443
          ],
          [
            -115.90775,
            44.05445
          ],
          [
            -115.90752,
            44.05447
          ],
          [
            -115.90746,
            44.05448
          ],
          [
            -115.90739,
            44.05451
          ],
          [
            -115.90736,
            44.05451
          ],
          [
            -115.9069,
            44.05457
          ],
          [
            -115.90678,
            44.05459
          ],
          [
            -115.90665,
            44.05461
          ],
          [
            -115.9061,
            44.0547
          ],
          [
            -115.90592,
            44.05471
          ],
          [
            -115.90567,
            44.05473
          ],
          [
            -115.90554,
            44.05474
          ],
          [
            -115.90542,
            44.05474
          ],
          [
            -115.905,
            44.05475
          ],
          [
            -115.90482,
            44.05474
          ],
          [
            -115.90469,
            44.05475
          ],
          [
            -115.90433,
            44.05472
          ],
          [
            -115.90411,
            44.0547
          ],
          [
            -115.90408,
            44.0547
          ],
          [
            -115.90377,
            44.05466
          ],
          [
            -115.90358,
            44.05463
          ],
          [
            -115.9034,
            44.05459
          ],
          [
            -115.90335,
            44.05457
          ],
          [
            -115.90284,
            44.05445
          ],
          [
            -115.90264,
            44.05438
          ],
          [
            -115.90171,
            44.05409
          ],
          [
            -115.90127,
            44.05395
          ],
          [
            -115.90107,
            44.05388
          ],
          [
            -115.90083,
            44.05378
          ],
          [
            -115.90064,
            44.0537
          ],
          [
            -115.90041,
            44.05358
          ],
          [
            -115.8998,
            44.05327
          ],
          [
            -115.89959,
            44.05317
          ],
          [
            -115.89959,
            44.05316
          ],
          [
            -115.89939,
            44.05306
          ],
          [
            -115.89918,
            44.05296
          ],
          [
            -115.89898,
            44.05285
          ],
          [
            -115.89878,
            44.05275
          ],
          [
            -115.89857,
            44.05264
          ],
          [
            -115.89837,
            44.05254
          ],
          [
            -115.89834,
            44.05253
          ],
          [
            -115.89817,
            44.05244
          ],
          [
            -115.89816,
            44.05244
          ],
          [
            -115.89796,
            44.05233
          ],
          [
            -115.89776,
            44.05223
          ],
          [
            -115.89755,
            44.05212
          ],
          [
            -115.89735,
            44.05202
          ],
          [
            -115.89695,
            44.05181
          ],
          [
            -115.89694,
            44.05181
          ],
          [
            -115.8968,
            44.05173
          ],
          [
            -115.89654,
            44.05159
          ],
          [
            -115.89634,
            44.05149
          ],
          [
            -115.89582,
            44.05122
          ],
          [
            -115.89573,
            44.05118
          ],
          [
            -115.89552,
            44.05108
          ],
          [
            -115.89531,
            44.05098
          ],
          [
            -115.8951,
            44.05088
          ],
          [
            -115.895,
            44.05083
          ],
          [
            -115.89489,
            44.05078
          ],
          [
            -115.89436,
            44.05057
          ],
          [
            -115.89415,
            44.0505
          ],
          [
            -115.894,
            44.05046
          ],
          [
            -115.8939,
            44.05043
          ],
          [
            -115.89352,
            44.05035
          ],
          [
            -115.89338,
            44.05032
          ],
          [
            -115.89328,
            44.0503
          ],
          [
            -115.893,
            44.05026
          ],
          [
            -115.89257,
            44.05022
          ],
          [
            -115.89254,
            44.05022
          ],
          [
            -115.89229,
            44.05021
          ],
          [
            -115.89211,
            44.05021
          ],
          [
            -115.89204,
            44.05021
          ],
          [
            -115.89179,
            44.05022
          ],
          [
            -115.89168,
            44.05022
          ],
          [
            -115.89154,
            44.05024
          ],
          [
            -115.8913,
            44.05027
          ],
          [
            -115.89088,
            44.05034
          ],
          [
            -115.8908,
            44.05036
          ],
          [
            -115.89057,
            44.05041
          ],
          [
            -115.89039,
            44.05046
          ],
          [
            -115.89034,
            44.05048
          ],
          [
            -115.89033,
            44.05048
          ],
          [
            -115.8901,
            44.05055
          ],
          [
            -115.88998,
            44.05059
          ],
          [
            -115.88989,
            44.05063
          ],
          [
            -115.88988,
            44.05064
          ],
          [
            -115.8897,
            44.05072
          ],
          [
            -115.88967,
            44.05073
          ],
          [
            -115.88926,
            44.05091
          ],
          [
            -115.88925,
            44.05092
          ],
          [
            -115.88906,
            44.05104
          ],
          [
            -115.88893,
            44.05112
          ],
          [
            -115.88812,
            44.0517
          ],
          [
            -115.88792,
            44.05182
          ],
          [
            -115.88777,
            44.05189
          ],
          [
            -115.88763,
            44.05196
          ],
          [
            -115.88742,
            44.05205
          ],
          [
            -115.88711,
            44.05214
          ],
          [
            -115.88709,
            44.05215
          ],
          [
            -115.88688,
            44.0522
          ],
          [
            -115.88687,
            44.0522
          ],
          [
            -115.88679,
            44.05222
          ],
          [
            -115.88664,
            44.05225
          ],
          [
            -115.88663,
            44.05225
          ],
          [
            -115.88645,
            44.05228
          ],
          [
            -115.88639,
            44.05229
          ],
          [
            -115.88614,
            44.0523
          ],
          [
            -115.88613,
            44.05231
          ],
          [
            -115.8859,
            44.05231
          ],
          [
            -115.88589,
            44.05231
          ],
          [
            -115.88585,
            44.05231
          ],
          [
            -115.88564,
            44.05231
          ],
          [
            -115.88558,
            44.05231
          ],
          [
            -115.8854,
            44.05229
          ],
          [
            -115.88539,
            44.05229
          ],
          [
            -115.88526,
            44.05227
          ],
          [
            -115.88515,
            44.05226
          ],
          [
            -115.88514,
            44.05226
          ],
          [
            -115.88502,
            44.05223
          ],
          [
            -115.8849,
            44.05221
          ],
          [
            -115.88477,
            44.05218
          ],
          [
            -115.88466,
            44.05215
          ],
          [
            -115.8845,
            44.0521
          ],
          [
            -115.88432,
            44.05204
          ],
          [
            -115.88414,
            44.05196
          ],
          [
            -115.884,
            44.0519
          ],
          [
            -115.88393,
            44.05186
          ],
          [
            -115.88352,
            44.05162
          ],
          [
            -115.88344,
            44.05155
          ],
          [
            -115.88343,
            44.05155
          ],
          [
            -115.88331,
            44.05144
          ],
          [
            -115.88328,
            44.05142
          ],
          [
            -115.88327,
            44.05141
          ],
          [
            -115.88315,
            44.05129
          ],
          [
            -115.88312,
            44.05127
          ],
          [
            -115.88299,
            44.05111
          ],
          [
            -115.88294,
            44.05106
          ],
          [
            -115.88288,
            44.05096
          ],
          [
            -115.88287,
            44.05096
          ],
          [
            -115.88264,
            44.05059
          ],
          [
            -115.88238,
            44.05013
          ],
          [
            -115.88233,
            44.05005
          ],
          [
            -115.88229,
            44.04997
          ],
          [
            -115.8821,
            44.04963
          ],
          [
            -115.88201,
            44.04947
          ],
          [
            -115.88201,
            44.04946
          ],
          [
            -115.88191,
            44.0493
          ],
          [
            -115.88182,
            44.04913
          ],
          [
            -115.88154,
            44.04863
          ],
          [
            -115.88135,
            44.0483
          ],
          [
            -115.88124,
            44.04809
          ],
          [
            -115.88123,
            44.04808
          ],
          [
            -115.88102,
            44.04774
          ],
          [
            -115.88087,
            44.04755
          ],
          [
            -115.88081,
            44.04749
          ],
          [
            -115.88074,
            44.04741
          ],
          [
            -115.88068,
            44.04735
          ],
          [
            -115.88067,
            44.04734
          ],
          [
            -115.88059,
            44.04727
          ],
          [
            -115.88046,
            44.04716
          ],
          [
            -115.88043,
            44.04714
          ],
          [
            -115.88042,
            44.04713
          ],
          [
            -115.88019,
            44.04697
          ],
          [
            -115.87992,
            44.04682
          ],
          [
            -115.87984,
            44.04678
          ],
          [
            -115.87953,
            44.04664
          ],
          [
            -115.8786,
            44.04625
          ],
          [
            -115.87816,
            44.04608
          ],
          [
            -115.87789,
            44.04599
          ],
          [
            -115.87778,
            44.04596
          ],
          [
            -115.8777,
            44.04593
          ],
          [
            -115.87767,
            44.04592
          ],
          [
            -115.87735,
            44.04584
          ],
          [
            -115.8768,
            44.04573
          ],
          [
            -115.87622,
            44.04562
          ],
          [
            -115.87611,
            44.0456
          ],
          [
            -115.87599,
            44.04557
          ],
          [
            -115.87598,
            44.04557
          ],
          [
            -115.87587,
            44.04555
          ],
          [
            -115.87574,
            44.04553
          ],
          [
            -115.87526,
            44.04544
          ],
          [
            -115.87526,
            44.04543
          ],
          [
            -115.87514,
            44.04541
          ],
          [
            -115.87502,
            44.04539
          ],
          [
            -115.87501,
            44.04539
          ],
          [
            -115.87477,
            44.04534
          ],
          [
            -115.8737,
            44.04513
          ],
          [
            -115.87312,
            44.04502
          ],
          [
            -115.87188,
            44.04479
          ],
          [
            -115.87157,
            44.04475
          ],
          [
            -115.87146,
            44.04475
          ],
          [
            -115.87133,
            44.04475
          ],
          [
            -115.87123,
            44.04475
          ],
          [
            -115.87115,
            44.04475
          ],
          [
            -115.87114,
            44.04475
          ],
          [
            -115.87106,
            44.04476
          ],
          [
            -115.87096,
            44.04478
          ],
          [
            -115.87089,
            44.04479
          ],
          [
            -115.87079,
            44.04481
          ],
          [
            -115.87062,
            44.04486
          ],
          [
            -115.87047,
            44.04491
          ],
          [
            -115.87039,
            44.04495
          ],
          [
            -115.87031,
            44.04499
          ],
          [
            -115.87023,
            44.04503
          ],
          [
            -115.87018,
            44.04506
          ],
          [
            -115.87004,
            44.04515
          ],
          [
            -115.86998,
            44.04519
          ],
          [
            -115.86985,
            44.04529
          ],
          [
            -115.8694,
            44.04567
          ],
          [
            -115.86919,
            44.04584
          ],
          [
            -115.86899,
            44.04597
          ],
          [
            -115.86888,
            44.04603
          ],
          [
            -115.86876,
            44.04609
          ],
          [
            -115.86865,
            44.04613
          ],
          [
            -115.8686,
            44.04615
          ],
          [
            -115.86846,
            44.0462
          ],
          [
            -115.86833,
            44.04624
          ],
          [
            -115.8682,
            44.04627
          ],
          [
            -115.86809,
            44.0463
          ],
          [
            -115.86798,
            44.04632
          ],
          [
            -115.86786,
            44.04634
          ],
          [
            -115.86775,
            44.04635
          ],
          [
            -115.86761,
            44.04636
          ],
          [
            -115.86748,
            44.04637
          ],
          [
            -115.86733,
            44.04637
          ],
          [
            -115.86721,
            44.04636
          ],
          [
            -115.86701,
            44.04635
          ],
          [
            -115.86678,
            44.04632
          ],
          [
            -115.86622,
            44.04621
          ],
          [
            -115.86614,
            44.04619
          ],
          [
            -115.86533,
            44.04602
          ],
          [
            -115.86486,
            44.04592
          ],
          [
            -115.86426,
            44.04579
          ],
          [
            -115.86392,
            44.04574
          ],
          [
            -115.86378,
            44.04572
          ],
          [
            -115.86327,
            44.04567
          ],
          [
            -115.86268,
            44.04562
          ],
          [
            -115.86266,
            44.04562
          ],
          [
            -115.86215,
            44.04557
          ],
          [
            -115.86074,
            44.04549
          ],
          [
            -115.86065,
            44.04548
          ],
          [
            -115.86049,
            44.04547
          ],
          [
            -115.8604,
            44.04547
          ],
          [
            -115.86024,
            44.04546
          ],
          [
            -115.85927,
            44.0454
          ],
          [
            -115.85916,
            44.04539
          ],
          [
            -115.85829,
            44.04534
          ],
          [
            -115.8573,
            44.04528
          ],
          [
            -115.85681,
            44.04525
          ],
          [
            -115.8568,
            44.04525
          ],
          [
            -115.85655,
            44.04524
          ],
          [
            -115.85649,
            44.04523
          ],
          [
            -115.85641,
            44.04523
          ],
          [
            -115.85598,
            44.04521
          ],
          [
            -115.85524,
            44.04516
          ],
          [
            -115.85505,
            44.04515
          ],
          [
            -115.85463,
            44.04512
          ],
          [
            -115.85437,
            44.04509
          ],
          [
            -115.85422,
            44.04507
          ],
          [
            -115.85393,
            44.04502
          ],
          [
            -115.85388,
            44.04501
          ],
          [
            -115.85376,
            44.04499
          ],
          [
            -115.85373,
            44.04498
          ],
          [
            -115.8537,
            44.04498
          ],
          [
            -115.85368,
            44.04497
          ],
          [
            -115.85351,
            44.04494
          ],
          [
            -115.85311,
            44.04486
          ],
          [
            -115.85294,
            44.04483
          ],
          [
            -115.85272,
            44.04478
          ],
          [
            -115.85263,
            44.04476
          ],
          [
            -115.8526,
            44.04476
          ],
          [
            -115.85255,
            44.04475
          ],
          [
            -115.85249,
            44.04474
          ],
          [
            -115.85248,
            44.04473
          ],
          [
            -115.85237,
            44.04471
          ],
          [
            -115.8523,
            44.0447
          ],
          [
            -115.85223,
            44.04468
          ],
          [
            -115.85215,
            44.04467
          ],
          [
            -115.85203,
            44.04466
          ],
          [
            -115.852,
            44.04466
          ],
          [
            -115.85194,
            44.04465
          ],
          [
            -115.85188,
            44.04465
          ],
          [
            -115.85179,
            44.04464
          ],
          [
            -115.85175,
            44.04464
          ],
          [
            -115.85174,
            44.04464
          ],
          [
            -115.8517,
            44.04464
          ],
          [
            -115.85163,
            44.04464
          ],
          [
            -115.8515,
            44.04465
          ],
          [
            -115.85086,
            44.04473
          ],
          [
            -115.85055,
            44.04476
          ],
          [
            -115.85029,
            44.04476
          ],
          [
            -115.85001,
            44.04473
          ],
          [
            -115.84979,
            44.04469
          ],
          [
            -115.8494,
            44.0446
          ],
          [
            -115.84893,
            44.04449
          ],
          [
            -115.84864,
            44.04442
          ],
          [
            -115.84854,
            44.0444
          ],
          [
            -115.84844,
            44.04439
          ],
          [
            -115.8484,
            44.04438
          ],
          [
            -115.84818,
            44.04435
          ],
          [
            -115.84791,
            44.04433
          ],
          [
            -115.8478,
            44.04433
          ],
          [
            -115.8477,
            44.04432
          ],
          [
            -115.84765,
            44.04432
          ],
          [
            -115.84744,
            44.04433
          ],
          [
            -115.84741,
            44.04433
          ],
          [
            -115.8474,
            44.04433
          ],
          [
            -115.84717,
            44.04434
          ],
          [
            -115.84716,
            44.04434
          ],
          [
            -115.84691,
            44.04437
          ],
          [
            -115.84686,
            44.04437
          ],
          [
            -115.84673,
            44.04439
          ],
          [
            -115.84666,
            44.0444
          ],
          [
            -115.84652,
            44.04443
          ],
          [
            -115.84643,
            44.04445
          ],
          [
            -115.84642,
            44.04445
          ],
          [
            -115.84619,
            44.04451
          ],
          [
            -115.84615,
            44.04452
          ],
          [
            -115.84596,
            44.04458
          ],
          [
            -115.84586,
            44.04461
          ],
          [
            -115.84578,
            44.04464
          ],
          [
            -115.84573,
            44.04466
          ],
          [
            -115.84554,
            44.04474
          ],
          [
            -115.84521,
            44.04488
          ],
          [
            -115.84509,
            44.04493
          ],
          [
            -115.84482,
            44.04505
          ],
          [
            -115.8445,
            44.04519
          ],
          [
            -115.84413,
            44.04536
          ],
          [
            -115.84403,
            44.04541
          ],
          [
            -115.84391,
            44.04548
          ],
          [
            -115.84386,
            44.0455
          ],
          [
            -115.84383,
            44.04553
          ],
          [
            -115.84369,
            44.04563
          ],
          [
            -115.84365,
            44.04565
          ],
          [
            -115.84324,
            44.04606
          ],
          [
            -115.84321,
            44.04609
          ],
          [
            -115.84294,
            44.04639
          ],
          [
            -115.8429,
            44.04643
          ],
          [
            -115.84279,
            44.04653
          ],
          [
            -115.84268,
            44.04663
          ],
          [
            -115.84263,
            44.04668
          ],
          [
            -115.84262,
            44.04669
          ],
          [
            -115.84251,
            44.04677
          ],
          [
            -115.84246,
            44.04681
          ],
          [
            -115.8424,
            44.04685
          ],
          [
            -115.84228,
            44.04693
          ],
          [
            -115.84215,
            44.047
          ],
          [
            -115.84211,
            44.04703
          ],
          [
            -115.84208,
            44.04704
          ],
          [
            -115.84188,
            44.04715
          ],
          [
            -115.8418,
            44.04718
          ],
          [
            -115.84162,
            44.04725
          ],
          [
            -115.84145,
            44.04733
          ],
          [
            -115.84124,
            44.0474
          ],
          [
            -115.84102,
            44.04748
          ],
          [
            -115.84079,
            44.04755
          ],
          [
            -115.84069,
            44.04759
          ],
          [
            -115.84001,
            44.04782
          ],
          [
            -115.83966,
            44.04794
          ],
          [
            -115.83944,
            44.04801
          ],
          [
            -115.83943,
            44.04802
          ],
          [
            -115.8392,
            44.04809
          ],
          [
            -115.83902,
            44.04815
          ],
          [
            -115.83874,
            44.04823
          ],
          [
            -115.83865,
            44.04825
          ],
          [
            -115.83851,
            44.04829
          ],
          [
            -115.8385,
            44.04829
          ],
          [
            -115.83826,
            44.04835
          ],
          [
            -115.83803,
            44.0484
          ],
          [
            -115.83779,
            44.04846
          ],
          [
            -115.83773,
            44.04847
          ],
          [
            -115.83756,
            44.04851
          ],
          [
            -115.83755,
            44.04851
          ],
          [
            -115.83733,
            44.04857
          ],
          [
            -115.8369,
            44.04868
          ],
          [
            -115.8366,
            44.04877
          ],
          [
            -115.83632,
            44.04886
          ],
          [
            -115.83616,
            44.04892
          ],
          [
            -115.83613,
            44.04893
          ],
          [
            -115.83592,
            44.04901
          ],
          [
            -115.83551,
            44.04918
          ],
          [
            -115.83547,
            44.0492
          ],
          [
            -115.83526,
            44.0493
          ],
          [
            -115.83509,
            44.04938
          ],
          [
            -115.83501,
            44.04942
          ],
          [
            -115.83489,
            44.04948
          ],
          [
            -115.83482,
            44.04952
          ],
          [
            -115.8347,
            44.04959
          ],
          [
            -115.83469,
            44.04959
          ],
          [
            -115.83459,
            44.04965
          ],
          [
            -115.8345,
            44.0497
          ],
          [
            -115.83434,
            44.0498
          ],
          [
            -115.83431,
            44.04982
          ],
          [
            -115.83413,
            44.04994
          ],
          [
            -115.83406,
            44.04999
          ],
          [
            -115.83395,
            44.05007
          ],
          [
            -115.83386,
            44.05013
          ],
          [
            -115.83367,
            44.05027
          ],
          [
            -115.83344,
            44.05046
          ],
          [
            -115.83328,
            44.0506
          ],
          [
            -115.83305,
            44.05082
          ],
          [
            -115.8329,
            44.05098
          ],
          [
            -115.83257,
            44.05133
          ],
          [
            -115.83243,
            44.05149
          ],
          [
            -115.83229,
            44.05164
          ],
          [
            -115.83214,
            44.05179
          ],
          [
            -115.83212,
            44.05181
          ],
          [
            -115.83191,
            44.05201
          ],
          [
            -115.83184,
            44.05207
          ],
          [
            -115.83168,
            44.05221
          ],
          [
            -115.83155,
            44.05232
          ],
          [
            -115.83152,
            44.05235
          ],
          [
            -115.83135,
            44.05248
          ],
          [
            -115.83116,
            44.05264
          ],
          [
            -115.83094,
            44.05283
          ],
          [
            -115.83087,
            44.05289
          ],
          [
            -115.83071,
            44.05303
          ],
          [
            -115.83071,
            44.05304
          ],
          [
            -115.83055,
            44.0532
          ],
          [
            -115.83036,
            44.0534
          ],
          [
            -115.83016,
            44.05363
          ],
          [
            -115.83005,
            44.05376
          ],
          [
            -115.82992,
            44.0539
          ],
          [
            -115.82979,
            44.05405
          ],
          [
            -115.82964,
            44.05419
          ],
          [
            -115.82944,
            44.05437
          ],
          [
            -115.82943,
            44.05437
          ],
          [
            -115.82927,
            44.0545
          ],
          [
            -115.82918,
            44.05457
          ],
          [
            -115.82909,
            44.05462
          ],
          [
            -115.82904,
            44.05466
          ],
          [
            -115.82888,
            44.05476
          ],
          [
            -115.8287,
            44.05485
          ],
          [
            -115.8286,
            44.05491
          ],
          [
            -115.8285,
            44.05496
          ],
          [
            -115.82846,
            44.05497
          ],
          [
            -115.82831,
            44.05504
          ],
          [
            -115.82785,
            44.05523
          ],
          [
            -115.82719,
            44.05549
          ],
          [
            -115.82697,
            44.05557
          ],
          [
            -115.82675,
            44.05566
          ],
          [
            -115.82665,
            44.0557
          ],
          [
            -115.82653,
            44.05575
          ],
          [
            -115.82631,
            44.05584
          ],
          [
            -115.82609,
            44.05592
          ],
          [
            -115.82544,
            44.05618
          ],
          [
            -115.82471,
            44.05647
          ],
          [
            -115.82462,
            44.0565
          ],
          [
            -115.82454,
            44.05654
          ],
          [
            -115.82449,
            44.05656
          ],
          [
            -115.82444,
            44.05658
          ],
          [
            -115.82436,
            44.05661
          ],
          [
            -115.82433,
            44.05663
          ],
          [
            -115.82432,
            44.05663
          ],
          [
            -115.82422,
            44.05668
          ],
          [
            -115.82414,
            44.05672
          ],
          [
            -115.82401,
            44.05679
          ],
          [
            -115.8239,
            44.05686
          ],
          [
            -115.82388,
            44.05687
          ],
          [
            -115.82377,
            44.05695
          ],
          [
            -115.82374,
            44.05697
          ],
          [
            -115.82363,
            44.05705
          ],
          [
            -115.82357,
            44.0571
          ],
          [
            -115.82341,
            44.05723
          ],
          [
            -115.82329,
            44.05734
          ],
          [
            -115.82313,
            44.05747
          ],
          [
            -115.82309,
            44.05751
          ],
          [
            -115.823,
            44.05759
          ],
          [
            -115.82245,
            44.05805
          ],
          [
            -115.82245,
            44.05806
          ],
          [
            -115.82228,
            44.0582
          ],
          [
            -115.82224,
            44.05822
          ],
          [
            -115.82207,
            44.05836
          ],
          [
            -115.82194,
            44.05846
          ],
          [
            -115.82185,
            44.05853
          ],
          [
            -115.82167,
            44.05866
          ],
          [
            -115.82142,
            44.05883
          ],
          [
            -115.82108,
            44.05906
          ],
          [
            -115.82081,
            44.05923
          ],
          [
            -115.8207,
            44.0593
          ],
          [
            -115.82053,
            44.05941
          ],
          [
            -115.82012,
            44.05965
          ],
          [
            -115.81989,
            44.05978
          ],
          [
            -115.8197,
            44.05988
          ],
          [
            -115.8196,
            44.05993
          ],
          [
            -115.81951,
            44.05997
          ],
          [
            -115.81948,
            44.05998
          ],
          [
            -115.81945,
            44.06
          ],
          [
            -115.81943,
            44.06001
          ],
          [
            -115.81933,
            44.06006
          ],
          [
            -115.81927,
            44.06008
          ],
          [
            -115.81922,
            44.0601
          ],
          [
            -115.81916,
            44.06013
          ],
          [
            -115.81885,
            44.06025
          ],
          [
            -115.81883,
            44.06026
          ],
          [
            -115.81861,
            44.06034
          ],
          [
            -115.81856,
            44.06035
          ],
          [
            -115.81852,
            44.06037
          ],
          [
            -115.81838,
            44.06041
          ],
          [
            -115.81812,
            44.06049
          ],
          [
            -115.8179,
            44.06055
          ],
          [
            -115.81748,
            44.06065
          ],
          [
            -115.81744,
            44.06066
          ],
          [
            -115.8172,
            44.06071
          ],
          [
            -115.81696,
            44.06076
          ],
          [
            -115.81666,
            44.06081
          ],
          [
            -115.8165,
            44.06084
          ],
          [
            -115.81642,
            44.06086
          ],
          [
            -115.81623,
            44.06089
          ],
          [
            -115.81593,
            44.06095
          ],
          [
            -115.8157,
            44.061
          ],
          [
            -115.81562,
            44.06102
          ],
          [
            -115.81534,
            44.06108
          ],
          [
            -115.81512,
            44.06114
          ],
          [
            -115.81501,
            44.06118
          ],
          [
            -115.81485,
            44.06126
          ],
          [
            -115.81471,
            44.06133
          ],
          [
            -115.81461,
            44.06138
          ],
          [
            -115.81451,
            44.06145
          ],
          [
            -115.81444,
            44.0615
          ],
          [
            -115.81433,
            44.06158
          ],
          [
            -115.81419,
            44.06169
          ],
          [
            -115.81407,
            44.06181
          ],
          [
            -115.81405,
            44.06183
          ],
          [
            -115.81394,
            44.06198
          ],
          [
            -115.81387,
            44.06208
          ],
          [
            -115.81379,
            44.06224
          ],
          [
            -115.81376,
            44.06231
          ],
          [
            -115.81374,
            44.06238
          ],
          [
            -115.81371,
            44.06248
          ],
          [
            -115.81365,
            44.0627
          ],
          [
            -115.81356,
            44.06305
          ],
          [
            -115.81355,
            44.06309
          ],
          [
            -115.81349,
            44.06331
          ],
          [
            -115.81346,
            44.06348
          ],
          [
            -115.81337,
            44.06389
          ],
          [
            -115.81332,
            44.06416
          ],
          [
            -115.81329,
            44.06427
          ],
          [
            -115.81326,
            44.06438
          ],
          [
            -115.81325,
            44.06444
          ],
          [
            -115.81323,
            44.0645
          ],
          [
            -115.81318,
            44.06463
          ],
          [
            -115.81318,
            44.06464
          ],
          [
            -115.81317,
            44.06466
          ],
          [
            -115.81316,
            44.06466
          ],
          [
            -115.81312,
            44.06476
          ],
          [
            -115.81309,
            44.0648
          ],
          [
            -115.81307,
            44.06482
          ],
          [
            -115.81307,
            44.06483
          ],
          [
            -115.81303,
            44.0649
          ],
          [
            -115.81296,
            44.06499
          ],
          [
            -115.81292,
            44.06503
          ],
          [
            -115.81283,
            44.06511
          ],
          [
            -115.81269,
            44.06523
          ],
          [
            -115.81265,
            44.06526
          ],
          [
            -115.81264,
            44.06526
          ],
          [
            -115.81262,
            44.06528
          ],
          [
            -115.81254,
            44.06534
          ],
          [
            -115.81249,
            44.06537
          ],
          [
            -115.81246,
            44.06539
          ],
          [
            -115.81243,
            44.0654
          ],
          [
            -115.81235,
            44.06545
          ],
          [
            -115.81229,
            44.06548
          ],
          [
            -115.81226,
            44.06549
          ],
          [
            -115.81219,
            44.06552
          ],
          [
            -115.81208,
            44.06556
          ],
          [
            -115.81204,
            44.06558
          ],
          [
            -115.81202,
            44.06558
          ],
          [
            -115.81193,
            44.06561
          ],
          [
            -115.81184,
            44.06564
          ],
          [
            -115.81183,
            44.06564
          ],
          [
            -115.81181,
            44.06565
          ],
          [
            -115.81163,
            44.06569
          ],
          [
            -115.81157,
            44.0657
          ],
          [
            -115.81145,
            44.06572
          ],
          [
            -115.81128,
            44.06574
          ],
          [
            -115.81114,
            44.06575
          ],
          [
            -115.811,
            44.06575
          ],
          [
            -115.81088,
            44.06575
          ],
          [
            -115.81061,
            44.06575
          ],
          [
            -115.81058,
            44.06575
          ],
          [
            -115.81033,
            44.06574
          ],
          [
            -115.81021,
            44.06573
          ],
          [
            -115.81011,
            44.06573
          ],
          [
            -115.81008,
            44.06573
          ],
          [
            -115.80998,
            44.06573
          ],
          [
            -115.80978,
            44.06573
          ],
          [
            -115.80954,
            44.06574
          ],
          [
            -115.80938,
            44.06575
          ],
          [
            -115.80917,
            44.06577
          ],
          [
            -115.80906,
            44.06579
          ],
          [
            -115.80882,
            44.06583
          ],
          [
            -115.80862,
            44.06588
          ],
          [
            -115.80854,
            44.06591
          ],
          [
            -115.80837,
            44.06596
          ],
          [
            -115.80824,
            44.06601
          ],
          [
            -115.80818,
            44.06604
          ],
          [
            -115.80799,
            44.06612
          ],
          [
            -115.80782,
            44.06622
          ],
          [
            -115.80774,
            44.06626
          ],
          [
            -115.80762,
            44.06633
          ],
          [
            -115.80743,
            44.06647
          ],
          [
            -115.80738,
            44.06651
          ],
          [
            -115.8073,
            44.06658
          ],
          [
            -115.80725,
            44.06663
          ],
          [
            -115.80723,
            44.06665
          ],
          [
            -115.8071,
            44.06678
          ],
          [
            -115.80709,
            44.0668
          ],
          [
            -115.80708,
            44.0668
          ],
          [
            -115.80697,
            44.06694
          ],
          [
            -115.80696,
            44.06696
          ],
          [
            -115.80688,
            44.06708
          ],
          [
            -115.80685,
            44.06712
          ],
          [
            -115.80681,
            44.06721
          ],
          [
            -115.80678,
            44.06727
          ],
          [
            -115.80677,
            44.06728
          ],
          [
            -115.80677,
            44.06729
          ],
          [
            -115.80673,
            44.06739
          ],
          [
            -115.80671,
            44.06746
          ],
          [
            -115.8067,
            44.06749
          ],
          [
            -115.80667,
            44.06757
          ],
          [
            -115.80665,
            44.06767
          ],
          [
            -115.80663,
            44.06774
          ],
          [
            -115.80662,
            44.06782
          ],
          [
            -115.80662,
            44.06791
          ],
          [
            -115.80661,
            44.06798
          ],
          [
            -115.80661,
            44.06799
          ],
          [
            -115.80661,
            44.068
          ],
          [
            -115.80661,
            44.06817
          ],
          [
            -115.80661,
            44.06818
          ],
          [
            -115.80661,
            44.06826
          ],
          [
            -115.80661,
            44.06841
          ],
          [
            -115.80661,
            44.06857
          ],
          [
            -115.8066,
            44.06865
          ],
          [
            -115.8066,
            44.0687
          ],
          [
            -115.80659,
            44.06874
          ],
          [
            -115.80658,
            44.06882
          ],
          [
            -115.80656,
            44.06889
          ],
          [
            -115.80655,
            44.06896
          ],
          [
            -115.80651,
            44.06905
          ],
          [
            -115.80645,
            44.06918
          ],
          [
            -115.80636,
            44.06931
          ],
          [
            -115.80628,
            44.06941
          ],
          [
            -115.80623,
            44.06947
          ],
          [
            -115.80615,
            44.06954
          ],
          [
            -115.80612,
            44.06956
          ],
          [
            -115.80605,
            44.06962
          ],
          [
            -115.806,
            44.06965
          ],
          [
            -115.80598,
            44.06967
          ],
          [
            -115.8059,
            44.06972
          ],
          [
            -115.80581,
            44.06977
          ],
          [
            -115.80569,
            44.06983
          ],
          [
            -115.80563,
            44.06985
          ],
          [
            -115.80557,
            44.06988
          ],
          [
            -115.80555,
            44.06989
          ],
          [
            -115.80543,
            44.06993
          ],
          [
            -115.80529,
            44.06998
          ],
          [
            -115.80507,
            44.07005
          ],
          [
            -115.8047,
            44.07017
          ],
          [
            -115.80467,
            44.07018
          ],
          [
            -115.8046,
            44.0702
          ],
          [
            -115.80444,
            44.07025
          ],
          [
            -115.80421,
            44.07032
          ],
          [
            -115.80375,
            44.07047
          ],
          [
            -115.80352,
            44.07054
          ],
          [
            -115.80329,
            44.07061
          ],
          [
            -115.8031,
            44.07067
          ],
          [
            -115.80306,
            44.07069
          ],
          [
            -115.8024,
            44.0709
          ],
          [
            -115.80238,
            44.0709
          ],
          [
            -115.80218,
            44.07096
          ],
          [
            -115.80215,
            44.07097
          ],
          [
            -115.80195,
            44.07103
          ],
          [
            -115.80192,
            44.07104
          ],
          [
            -115.80158,
            44.07115
          ],
          [
            -115.80146,
            44.07119
          ],
          [
            -115.80126,
            44.07125
          ],
          [
            -115.80081,
            44.0714
          ],
          [
            -115.80077,
            44.07141
          ],
          [
            -115.80069,
            44.07144
          ],
          [
            -115.80054,
            44.07148
          ],
          [
            -115.80009,
            44.07164
          ],
          [
            -115.79967,
            44.07178
          ],
          [
            -115.79919,
            44.07195
          ],
          [
            -115.799,
            44.07202
          ],
          [
            -115.79848,
            44.07222
          ],
          [
            -115.79821,
            44.07233
          ],
          [
            -115.79808,
            44.07238
          ],
          [
            -115.798,
            44.07242
          ],
          [
            -115.79791,
            44.07246
          ],
          [
            -115.7978,
            44.07251
          ],
          [
            -115.79779,
            44.07252
          ],
          [
            -115.79772,
            44.07254
          ],
          [
            -115.79768,
            44.07256
          ],
          [
            -115.7974,
            44.0727
          ],
          [
            -115.79716,
            44.07282
          ],
          [
            -115.79697,
            44.07292
          ],
          [
            -115.79696,
            44.07292
          ],
          [
            -115.7969,
            44.07296
          ],
          [
            -115.79688,
            44.07297
          ],
          [
            -115.79677,
            44.07303
          ],
          [
            -115.79676,
            44.07303
          ],
          [
            -115.79668,
            44.07308
          ],
          [
            -115.79651,
            44.07317
          ],
          [
            -115.79637,
            44.07325
          ],
          [
            -115.79618,
            44.07336
          ],
          [
            -115.79603,
            44.07344
          ],
          [
            -115.79589,
            44.07352
          ],
          [
            -115.79569,
            44.07363
          ],
          [
            -115.79558,
            44.0737
          ],
          [
            -115.79557,
            44.0737
          ],
          [
            -115.79549,
            44.07374
          ],
          [
            -115.79538,
            44.07381
          ],
          [
            -115.79528,
            44.07386
          ],
          [
            -115.79498,
            44.07401
          ],
          [
            -115.79476,
            44.0741
          ],
          [
            -115.7946,
            44.07414
          ],
          [
            -115.7945,
            44.07417
          ],
          [
            -115.79441,
            44.07419
          ],
          [
            -115.7942,
            44.07424
          ],
          [
            -115.79394,
            44.07428
          ],
          [
            -115.79384,
            44.0743
          ],
          [
            -115.79379,
            44.07431
          ],
          [
            -115.79369,
            44.07433
          ],
          [
            -115.79364,
            44.07434
          ],
          [
            -115.79357,
            44.07436
          ],
          [
            -115.79356,
            44.07436
          ],
          [
            -115.7935,
            44.07437
          ],
          [
            -115.79345,
            44.07438
          ],
          [
            -115.79338,
            44.0744
          ],
          [
            -115.79326,
            44.07444
          ],
          [
            -115.79318,
            44.07447
          ],
          [
            -115.79311,
            44.07449
          ],
          [
            -115.7931,
            44.0745
          ],
          [
            -115.79301,
            44.07453
          ],
          [
            -115.793,
            44.07453
          ],
          [
            -115.79291,
            44.07458
          ],
          [
            -115.79288,
            44.07459
          ],
          [
            -115.79282,
            44.07462
          ],
          [
            -115.79279,
            44.07464
          ],
          [
            -115.79271,
            44.07468
          ],
          [
            -115.7926,
            44.07475
          ],
          [
            -115.79251,
            44.0748
          ],
          [
            -115.7925,
            44.07481
          ],
          [
            -115.79249,
            44.07481
          ],
          [
            -115.79241,
            44.07486
          ],
          [
            -115.79233,
            44.07491
          ],
          [
            -115.79231,
            44.07492
          ],
          [
            -115.79228,
            44.07494
          ],
          [
            -115.79203,
            44.07509
          ],
          [
            -115.7919,
            44.07517
          ],
          [
            -115.79183,
            44.07521
          ],
          [
            -115.79175,
            44.07525
          ],
          [
            -115.79171,
            44.07527
          ],
          [
            -115.79159,
            44.07534
          ],
          [
            -115.79136,
            44.07545
          ],
          [
            -115.79131,
            44.07548
          ],
          [
            -115.79122,
            44.07552
          ],
          [
            -115.79117,
            44.07554
          ],
          [
            -115.79109,
            44.07557
          ],
          [
            -115.79107,
            44.07558
          ],
          [
            -115.791,
            44.07561
          ],
          [
            -115.79097,
            44.07562
          ],
          [
            -115.7909,
            44.07565
          ],
          [
            -115.79088,
            44.07566
          ],
          [
            -115.79087,
            44.07566
          ],
          [
            -115.79071,
            44.07572
          ],
          [
            -115.79065,
            44.07574
          ],
          [
            -115.79051,
            44.07579
          ],
          [
            -115.79043,
            44.07582
          ],
          [
            -115.79033,
            44.07585
          ],
          [
            -115.79025,
            44.07588
          ],
          [
            -115.79007,
            44.07594
          ],
          [
            -115.78991,
            44.076
          ],
          [
            -115.7892,
            44.07623
          ],
          [
            -115.78915,
            44.07625
          ],
          [
            -115.78907,
            44.07628
          ],
          [
            -115.78862,
            44.07643
          ],
          [
            -115.78861,
            44.07643
          ],
          [
            -115.78854,
            44.07645
          ],
          [
            -115.78851,
            44.07647
          ],
          [
            -115.78839,
            44.0765
          ],
          [
            -115.78839,
            44.07651
          ],
          [
            -115.78829,
            44.07654
          ],
          [
            -115.78794,
            44.07666
          ],
          [
            -115.78793,
            44.07666
          ],
          [
            -115.78788,
            44.07668
          ],
          [
            -115.78784,
            44.07669
          ],
          [
            -115.78771,
            44.07673
          ],
          [
            -115.7877,
            44.07673
          ],
          [
            -115.78761,
            44.07676
          ],
          [
            -115.78752,
            44.07679
          ],
          [
            -115.78747,
            44.0768
          ],
          [
            -115.78725,
            44.07686
          ],
          [
            -115.78724,
            44.07686
          ],
          [
            -115.78714,
            44.07689
          ],
          [
            -115.78712,
            44.07689
          ],
          [
            -115.787,
            44.07692
          ],
          [
            -115.78677,
            44.07697
          ],
          [
            -115.78676,
            44.07697
          ],
          [
            -115.78675,
            44.07698
          ],
          [
            -115.78666,
            44.07699
          ],
          [
            -115.78657,
            44.07701
          ],
          [
            -115.78652,
            44.07702
          ],
          [
            -115.78642,
            44.07704
          ],
          [
            -115.78628,
            44.07706
          ],
          [
            -115.78619,
            44.07707
          ],
          [
            -115.7858,
            44.07712
          ],
          [
            -115.7854,
            44.07715
          ],
          [
            -115.78526,
            44.07716
          ],
          [
            -115.78511,
            44.07716
          ],
          [
            -115.78496,
            44.07717
          ],
          [
            -115.78493,
            44.07717
          ],
          [
            -115.78479,
            44.07717
          ],
          [
            -115.78468,
            44.07717
          ],
          [
            -115.78467,
            44.07717
          ],
          [
            -115.78439,
            44.07716
          ],
          [
            -115.78429,
            44.07716
          ],
          [
            -115.78421,
            44.07715
          ],
          [
            -115.78418,
            44.07715
          ],
          [
            -115.78404,
            44.07714
          ],
          [
            -115.78395,
            44.07713
          ],
          [
            -115.78393,
            44.07713
          ],
          [
            -115.78379,
            44.07712
          ],
          [
            -115.78372,
            44.07711
          ],
          [
            -115.78344,
            44.07708
          ],
          [
            -115.78334,
            44.07706
          ],
          [
            -115.7833,
            44.07706
          ],
          [
            -115.78319,
            44.07704
          ],
          [
            -115.78305,
            44.07702
          ],
          [
            -115.78295,
            44.077
          ],
          [
            -115.78286,
            44.07698
          ],
          [
            -115.78282,
            44.07697
          ],
          [
            -115.78281,
            44.07697
          ],
          [
            -115.78271,
            44.07695
          ],
          [
            -115.78262,
            44.07693
          ],
          [
            -115.78257,
            44.07692
          ],
          [
            -115.78242,
            44.07688
          ],
          [
            -115.78234,
            44.07686
          ],
          [
            -115.78233,
            44.07686
          ],
          [
            -115.78224,
            44.07684
          ],
          [
            -115.78186,
            44.07675
          ],
          [
            -115.78179,
            44.07673
          ],
          [
            -115.78176,
            44.07673
          ],
          [
            -115.78162,
            44.07669
          ],
          [
            -115.78115,
            44.07658
          ],
          [
            -115.78103,
            44.07655
          ],
          [
            -115.78086,
            44.07652
          ],
          [
            -115.78021,
            44.07637
          ],
          [
            -115.77995,
            44.07631
          ],
          [
            -115.77989,
            44.07629
          ],
          [
            -115.77971,
            44.07626
          ],
          [
            -115.7797,
            44.07625
          ],
          [
            -115.77952,
            44.07622
          ],
          [
            -115.77947,
            44.07621
          ],
          [
            -115.77932,
            44.07619
          ],
          [
            -115.77917,
            44.07617
          ],
          [
            -115.77906,
            44.07616
          ],
          [
            -115.7789,
            44.07615
          ],
          [
            -115.77887,
            44.07615
          ],
          [
            -115.77881,
            44.07615
          ],
          [
            -115.77875,
            44.07615
          ],
          [
            -115.77873,
            44.07615
          ],
          [
            -115.77871,
            44.07615
          ],
          [
            -115.77862,
            44.07615
          ],
          [
            -115.77847,
            44.07615
          ],
          [
            -115.77845,
            44.07615
          ],
          [
            -115.7783,
            44.07616
          ],
          [
            -115.77816,
            44.07618
          ],
          [
            -115.77803,
            44.07619
          ],
          [
            -115.7779,
            44.07621
          ],
          [
            -115.77777,
            44.07623
          ],
          [
            -115.77773,
            44.07624
          ],
          [
            -115.77762,
            44.07626
          ],
          [
            -115.77749,
            44.0763
          ],
          [
            -115.7774,
            44.07632
          ],
          [
            -115.77728,
            44.07636
          ],
          [
            -115.77726,
            44.07636
          ],
          [
            -115.77712,
            44.07641
          ],
          [
            -115.77704,
            44.07644
          ],
          [
            -115.777,
            44.07645
          ],
          [
            -115.77698,
            44.07646
          ],
          [
            -115.77693,
            44.07648
          ],
          [
            -115.77687,
            44.0765
          ],
          [
            -115.77673,
            44.07656
          ],
          [
            -115.7764,
            44.0767
          ],
          [
            -115.77595,
            44.07689
          ],
          [
            -115.77589,
            44.07691
          ],
          [
            -115.77579,
            44.07696
          ],
          [
            -115.77575,
            44.07697
          ],
          [
            -115.77573,
            44.07698
          ],
          [
            -115.77563,
            44.07702
          ],
          [
            -115.77553,
            44.07707
          ],
          [
            -115.77523,
            44.07719
          ],
          [
            -115.77509,
            44.07725
          ],
          [
            -115.77506,
            44.07727
          ],
          [
            -115.77496,
            44.07731
          ],
          [
            -115.77486,
            44.07734
          ],
          [
            -115.77478,
            44.07737
          ],
          [
            -115.77476,
            44.07738
          ],
          [
            -115.7747,
            44.07739
          ],
          [
            -115.77465,
            44.0774
          ],
          [
            -115.77461,
            44.07742
          ],
          [
            -115.77455,
            44.07743
          ],
          [
            -115.7745,
            44.07744
          ],
          [
            -115.77444,
            44.07745
          ],
          [
            -115.7744,
            44.07745
          ],
          [
            -115.77432,
            44.07746
          ],
          [
            -115.77428,
            44.07747
          ],
          [
            -115.77421,
            44.07747
          ],
          [
            -115.77416,
            44.07747
          ],
          [
            -115.7741,
            44.07747
          ],
          [
            -115.77403,
            44.07747
          ],
          [
            -115.774,
            44.07747
          ],
          [
            -115.77394,
            44.07746
          ],
          [
            -115.7739,
            44.07746
          ],
          [
            -115.77384,
            44.07745
          ],
          [
            -115.7738,
            44.07744
          ],
          [
            -115.77377,
            44.07744
          ],
          [
            -115.77368,
            44.07742
          ],
          [
            -115.77357,
            44.0774
          ],
          [
            -115.77348,
            44.07737
          ],
          [
            -115.7734,
            44.07734
          ],
          [
            -115.7733,
            44.0773
          ],
          [
            -115.77321,
            44.07727
          ],
          [
            -115.77307,
            44.07718
          ],
          [
            -115.77302,
            44.07715
          ],
          [
            -115.77296,
            44.07711
          ],
          [
            -115.7729,
            44.07705
          ],
          [
            -115.77285,
            44.07701
          ],
          [
            -115.77277,
            44.07693
          ],
          [
            -115.77272,
            44.07687
          ],
          [
            -115.77267,
            44.0768
          ],
          [
            -115.77264,
            44.07675
          ],
          [
            -115.77262,
            44.07671
          ],
          [
            -115.77262,
            44.0767
          ],
          [
            -115.77261,
            44.07669
          ],
          [
            -115.77258,
            44.07662
          ],
          [
            -115.77255,
            44.07654
          ],
          [
            -115.77255,
            44.07653
          ],
          [
            -115.77253,
            44.07645
          ],
          [
            -115.7725,
            44.0763
          ],
          [
            -115.77245,
            44.076
          ],
          [
            -115.77239,
            44.07563
          ],
          [
            -115.77233,
            44.07529
          ],
          [
            -115.77233,
            44.07527
          ],
          [
            -115.77229,
            44.07509
          ],
          [
            -115.77227,
            44.07497
          ],
          [
            -115.77225,
            44.07492
          ],
          [
            -115.7721,
            44.07439
          ],
          [
            -115.77196,
            44.07399
          ],
          [
            -115.77195,
            44.07394
          ],
          [
            -115.77174,
            44.07329
          ],
          [
            -115.77162,
            44.07294
          ],
          [
            -115.77161,
            44.07291
          ],
          [
            -115.77161,
            44.07289
          ],
          [
            -115.77155,
            44.07275
          ],
          [
            -115.77153,
            44.07269
          ],
          [
            -115.7715,
            44.07264
          ],
          [
            -115.77142,
            44.07248
          ],
          [
            -115.77136,
            44.07235
          ],
          [
            -115.77125,
            44.07219
          ],
          [
            -115.7712,
            44.07212
          ],
          [
            -115.77108,
            44.07198
          ],
          [
            -115.77092,
            44.07183
          ],
          [
            -115.77082,
            44.07175
          ],
          [
            -115.77075,
            44.07169
          ],
          [
            -115.77068,
            44.07164
          ],
          [
            -115.77065,
            44.07163
          ],
          [
            -115.77064,
            44.07162
          ],
          [
            -115.77048,
            44.07153
          ],
          [
            -115.77047,
            44.07152
          ],
          [
            -115.77044,
            44.07151
          ],
          [
            -115.77029,
            44.07143
          ],
          [
            -115.7701,
            44.07136
          ],
          [
            -115.77001,
            44.07133
          ],
          [
            -115.76998,
            44.07132
          ],
          [
            -115.76988,
            44.07129
          ],
          [
            -115.76969,
            44.07124
          ],
          [
            -115.76954,
            44.07122
          ],
          [
            -115.76937,
            44.07119
          ],
          [
            -115.76914,
            44.07117
          ],
          [
            -115.76892,
            44.07117
          ],
          [
            -115.76871,
            44.07118
          ],
          [
            -115.76854,
            44.07119
          ],
          [
            -115.76852,
            44.07119
          ],
          [
            -115.76832,
            44.07123
          ],
          [
            -115.76826,
            44.07124
          ],
          [
            -115.76816,
            44.07126
          ],
          [
            -115.76811,
            44.07128
          ],
          [
            -115.76806,
            44.07129
          ],
          [
            -115.76801,
            44.0713
          ],
          [
            -115.76782,
            44.07136
          ],
          [
            -115.7677,
            44.07141
          ],
          [
            -115.76761,
            44.07145
          ],
          [
            -115.76747,
            44.07152
          ],
          [
            -115.76741,
            44.07155
          ],
          [
            -115.76734,
            44.07159
          ],
          [
            -115.7669,
            44.07185
          ],
          [
            -115.76663,
            44.07201
          ],
          [
            -115.76658,
            44.07205
          ],
          [
            -115.76644,
            44.07212
          ],
          [
            -115.76628,
            44.07221
          ],
          [
            -115.76627,
            44.07221
          ],
          [
            -115.76624,
            44.07223
          ],
          [
            -115.76619,
            44.07225
          ],
          [
            -115.7661,
            44.07229
          ],
          [
            -115.76602,
            44.07232
          ],
          [
            -115.7659,
            44.07237
          ],
          [
            -115.76574,
            44.07241
          ],
          [
            -115.76556,
            44.07245
          ],
          [
            -115.7653,
            44.07252
          ],
          [
            -115.76508,
            44.07257
          ],
          [
            -115.76485,
            44.07263
          ],
          [
            -115.76471,
            44.07266
          ],
          [
            -115.76466,
            44.07267
          ],
          [
            -115.76461,
            44.07269
          ],
          [
            -115.76441,
            44.07273
          ],
          [
            -115.76437,
            44.07274
          ],
          [
            -115.76415,
            44.0728
          ],
          [
            -115.76402,
            44.07283
          ],
          [
            -115.76377,
            44.07289
          ],
          [
            -115.76366,
            44.07292
          ],
          [
            -115.76356,
            44.07294
          ],
          [
            -115.76347,
            44.07295
          ],
          [
            -115.76342,
            44.07296
          ],
          [
            -115.76334,
            44.07297
          ],
          [
            -115.76321,
            44.07298
          ],
          [
            -115.7632,
            44.07298
          ],
          [
            -115.76314,
            44.07298
          ],
          [
            -115.76305,
            44.07298
          ],
          [
            -115.76292,
            44.07297
          ],
          [
            -115.76287,
            44.07297
          ],
          [
            -115.76268,
            44.07294
          ],
          [
            -115.76265,
            44.07293
          ],
          [
            -115.76253,
            44.0729
          ],
          [
            -115.76244,
            44.07288
          ],
          [
            -115.76235,
            44.07285
          ],
          [
            -115.76216,
            44.07277
          ],
          [
            -115.76205,
            44.07272
          ],
          [
            -115.76205,
            44.07271
          ],
          [
            -115.76201,
            44.0727
          ],
          [
            -115.76197,
            44.07267
          ],
          [
            -115.7617,
            44.07253
          ],
          [
            -115.76162,
            44.07248
          ],
          [
            -115.76117,
            44.07221
          ],
          [
            -115.76097,
            44.07209
          ],
          [
            -115.76086,
            44.07201
          ],
          [
            -115.76078,
            44.07196
          ],
          [
            -115.76071,
            44.07191
          ],
          [
            -115.76062,
            44.07185
          ],
          [
            -115.76054,
            44.07178
          ],
          [
            -115.76053,
            44.07177
          ],
          [
            -115.76051,
            44.07176
          ],
          [
            -115.76045,
            44.0717
          ],
          [
            -115.76039,
            44.07164
          ],
          [
            -115.76038,
            44.07163
          ],
          [
            -115.76036,
            44.07161
          ],
          [
            -115.76031,
            44.07155
          ],
          [
            -115.76023,
            44.07146
          ],
          [
            -115.76004,
            44.07121
          ],
          [
            -115.75999,
            44.07115
          ],
          [
            -115.75993,
            44.07108
          ],
          [
            -115.75986,
            44.07099
          ],
          [
            -115.7598,
            44.07093
          ],
          [
            -115.75971,
            44.07085
          ],
          [
            -115.75968,
            44.07083
          ],
          [
            -115.75963,
            44.07078
          ],
          [
            -115.75955,
            44.07073
          ],
          [
            -115.75953,
            44.07072
          ],
          [
            -115.75947,
            44.07069
          ],
          [
            -115.75936,
            44.07063
          ],
          [
            -115.75932,
            44.07061
          ],
          [
            -115.75929,
            44.0706
          ],
          [
            -115.75923,
            44.07058
          ],
          [
            -115.75914,
            44.07055
          ],
          [
            -115.75912,
            44.07054
          ],
          [
            -115.75892,
            44.07049
          ],
          [
            -115.75882,
            44.07047
          ],
          [
            -115.75872,
            44.07046
          ],
          [
            -115.75863,
            44.07045
          ],
          [
            -115.75852,
            44.07044
          ],
          [
            -115.75838,
            44.07044
          ],
          [
            -115.75823,
            44.07045
          ],
          [
            -115.75784,
            44.07046
          ],
          [
            -115.7574,
            44.07047
          ],
          [
            -115.75727,
            44.07047
          ],
          [
            -115.75701,
            44.07048
          ],
          [
            -115.75661,
            44.07048
          ],
          [
            -115.75639,
            44.07047
          ],
          [
            -115.75623,
            44.07046
          ],
          [
            -115.75601,
            44.07044
          ],
          [
            -115.7558,
            44.07042
          ],
          [
            -115.75571,
            44.07041
          ],
          [
            -115.75563,
            44.0704
          ],
          [
            -115.75549,
            44.07039
          ],
          [
            -115.75541,
            44.07038
          ],
          [
            -115.75532,
            44.07038
          ],
          [
            -115.75519,
            44.07038
          ],
          [
            -115.75516,
            44.07038
          ],
          [
            -115.75512,
            44.07038
          ],
          [
            -115.75505,
            44.07038
          ],
          [
            -115.75496,
            44.07039
          ],
          [
            -115.75485,
            44.0704
          ],
          [
            -115.75472,
            44.07042
          ],
          [
            -115.75471,
            44.07043
          ],
          [
            -115.75464,
            44.07044
          ],
          [
            -115.75456,
            44.07047
          ],
          [
            -115.75448,
            44.07049
          ],
          [
            -115.75436,
            44.07053
          ],
          [
            -115.75421,
            44.07058
          ],
          [
            -115.75406,
            44.07064
          ],
          [
            -115.75399,
            44.07067
          ],
          [
            -115.75393,
            44.07069
          ],
          [
            -115.75381,
            44.07074
          ],
          [
            -115.75377,
            44.07075
          ],
          [
            -115.75375,
            44.07076
          ],
          [
            -115.75338,
            44.0709
          ],
          [
            -115.7531,
            44.07101
          ],
          [
            -115.75289,
            44.0711
          ],
          [
            -115.75287,
            44.07111
          ],
          [
            -115.75268,
            44.07119
          ],
          [
            -115.75251,
            44.07128
          ],
          [
            -115.75247,
            44.07129
          ],
          [
            -115.75246,
            44.0713
          ],
          [
            -115.75239,
            44.07134
          ],
          [
            -115.7523,
            44.07138
          ],
          [
            -115.75227,
            44.0714
          ],
          [
            -115.75225,
            44.0714
          ],
          [
            -115.75206,
            44.0715
          ],
          [
            -115.75199,
            44.07153
          ],
          [
            -115.75188,
            44.07158
          ],
          [
            -115.75185,
            44.07159
          ],
          [
            -115.75171,
            44.07165
          ],
          [
            -115.75163,
            44.07168
          ],
          [
            -115.75152,
            44.07173
          ],
          [
            -115.75141,
            44.07176
          ],
          [
            -115.75123,
            44.07182
          ],
          [
            -115.75097,
            44.0719
          ],
          [
            -115.75063,
            44.07198
          ],
          [
            -115.75047,
            44.07201
          ],
          [
            -115.75042,
            44.07203
          ],
          [
            -115.75022,
            44.07206
          ],
          [
            -115.74997,
            44.07209
          ],
          [
            -115.74962,
            44.07212
          ],
          [
            -115.74939,
            44.07214
          ],
          [
            -115.74902,
            44.07215
          ],
          [
            -115.74896,
            44.07215
          ],
          [
            -115.74873,
            44.07215
          ],
          [
            -115.74863,
            44.07215
          ],
          [
            -115.74843,
            44.07214
          ],
          [
            -115.74807,
            44.07212
          ],
          [
            -115.74799,
            44.07211
          ],
          [
            -115.74767,
            44.07208
          ],
          [
            -115.74741,
            44.07205
          ],
          [
            -115.74696,
            44.07197
          ],
          [
            -115.74652,
            44.0719
          ],
          [
            -115.74648,
            44.07189
          ],
          [
            -115.74621,
            44.07185
          ],
          [
            -115.746,
            44.07182
          ],
          [
            -115.74582,
            44.0718
          ],
          [
            -115.7458,
            44.07179
          ],
          [
            -115.74578,
            44.07179
          ],
          [
            -115.74552,
            44.07177
          ],
          [
            -115.74533,
            44.07175
          ],
          [
            -115.74528,
            44.07175
          ],
          [
            -115.74524,
            44.07175
          ],
          [
            -115.74503,
            44.07174
          ],
          [
            -115.74501,
            44.07174
          ],
          [
            -115.74493,
            44.07174
          ],
          [
            -115.74465,
            44.07173
          ],
          [
            -115.74431,
            44.07174
          ],
          [
            -115.74403,
            44.07176
          ],
          [
            -115.74378,
            44.07177
          ],
          [
            -115.74375,
            44.07178
          ],
          [
            -115.74334,
            44.07182
          ],
          [
            -115.74282,
            44.07187
          ],
          [
            -115.7426,
            44.07189
          ],
          [
            -115.74254,
            44.0719
          ],
          [
            -115.74241,
            44.07191
          ],
          [
            -115.74213,
            44.07194
          ],
          [
            -115.74204,
            44.07194
          ],
          [
            -115.74197,
            44.07195
          ],
          [
            -115.74183,
            44.07195
          ],
          [
            -115.74171,
            44.07194
          ],
          [
            -115.74157,
            44.07193
          ],
          [
            -115.74145,
            44.07191
          ],
          [
            -115.74136,
            44.07188
          ],
          [
            -115.74131,
            44.07187
          ],
          [
            -115.7412,
            44.07184
          ],
          [
            -115.74108,
            44.07179
          ],
          [
            -115.74094,
            44.07172
          ],
          [
            -115.74089,
            44.07169
          ],
          [
            -115.74083,
            44.07166
          ],
          [
            -115.74073,
            44.07158
          ],
          [
            -115.74072,
            44.07157
          ],
          [
            -115.74071,
            44.07156
          ],
          [
            -115.74064,
            44.07149
          ],
          [
            -115.74058,
            44.07142
          ],
          [
            -115.74056,
            44.07139
          ],
          [
            -115.74052,
            44.07133
          ],
          [
            -115.74049,
            44.07128
          ],
          [
            -115.74047,
            44.07121
          ],
          [
            -115.74045,
            44.07117
          ],
          [
            -115.74043,
            44.07111
          ],
          [
            -115.74042,
            44.07105
          ],
          [
            -115.7404,
            44.07096
          ],
          [
            -115.74039,
            44.07089
          ],
          [
            -115.74037,
            44.07082
          ],
          [
            -115.74036,
            44.07075
          ],
          [
            -115.74036,
            44.07072
          ],
          [
            -115.74033,
            44.07057
          ],
          [
            -115.74032,
            44.07054
          ],
          [
            -115.74029,
            44.07045
          ],
          [
            -115.74025,
            44.07035
          ],
          [
            -115.7402,
            44.07028
          ],
          [
            -115.74016,
            44.07022
          ],
          [
            -115.74013,
            44.07017
          ],
          [
            -115.74003,
            44.07005
          ],
          [
            -115.74002,
            44.07004
          ],
          [
            -115.73994,
            44.06997
          ],
          [
            -115.73986,
            44.06991
          ],
          [
            -115.73981,
            44.06987
          ],
          [
            -115.73974,
            44.06982
          ],
          [
            -115.73959,
            44.06973
          ],
          [
            -115.73947,
            44.06968
          ],
          [
            -115.73939,
            44.06964
          ],
          [
            -115.73929,
            44.06961
          ],
          [
            -115.73921,
            44.06958
          ],
          [
            -115.73912,
            44.06956
          ],
          [
            -115.73902,
            44.06954
          ],
          [
            -115.73894,
            44.06952
          ],
          [
            -115.73887,
            44.06951
          ],
          [
            -115.73878,
            44.0695
          ],
          [
            -115.73871,
            44.06949
          ],
          [
            -115.73855,
            44.06948
          ],
          [
            -115.73837,
            44.06946
          ],
          [
            -115.73827,
            44.06945
          ],
          [
            -115.73804,
            44.06943
          ],
          [
            -115.73802,
            44.06943
          ],
          [
            -115.73799,
            44.06943
          ],
          [
            -115.73775,
            44.0694
          ],
          [
            -115.73753,
            44.06936
          ],
          [
            -115.73749,
            44.06936
          ],
          [
            -115.73721,
            44.0693
          ],
          [
            -115.73706,
            44.06926
          ],
          [
            -115.73695,
            44.06923
          ],
          [
            -115.73676,
            44.06917
          ],
          [
            -115.73662,
            44.06912
          ],
          [
            -115.7365,
            44.06908
          ],
          [
            -115.73639,
            44.06904
          ],
          [
            -115.73638,
            44.06903
          ],
          [
            -115.73628,
            44.06899
          ],
          [
            -115.73618,
            44.06895
          ],
          [
            -115.73616,
            44.06894
          ],
          [
            -115.73607,
            44.0689
          ],
          [
            -115.73599,
            44.06886
          ],
          [
            -115.73596,
            44.06884
          ],
          [
            -115.7359,
            44.0688
          ],
          [
            -115.73582,
            44.06875
          ],
          [
            -115.73576,
            44.06872
          ],
          [
            -115.73572,
            44.06869
          ],
          [
            -115.73564,
            44.06863
          ],
          [
            -115.73559,
            44.06859
          ],
          [
            -115.73554,
            44.06856
          ],
          [
            -115.73549,
            44.06852
          ],
          [
            -115.73543,
            44.06847
          ],
          [
            -115.73542,
            44.06846
          ],
          [
            -115.73522,
            44.06827
          ],
          [
            -115.73512,
            44.06818
          ],
          [
            -115.73511,
            44.06818
          ],
          [
            -115.73506,
            44.06813
          ],
          [
            -115.73501,
            44.06809
          ],
          [
            -115.73494,
            44.06804
          ],
          [
            -115.73488,
            44.068
          ],
          [
            -115.73481,
            44.06796
          ],
          [
            -115.73474,
            44.06793
          ],
          [
            -115.73467,
            44.06791
          ],
          [
            -115.73457,
            44.06787
          ],
          [
            -115.73451,
            44.06786
          ],
          [
            -115.73446,
            44.06785
          ],
          [
            -115.73438,
            44.06783
          ],
          [
            -115.7342,
            44.06782
          ],
          [
            -115.73407,
            44.06782
          ],
          [
            -115.73401,
            44.06783
          ],
          [
            -115.73381,
            44.06786
          ],
          [
            -115.73379,
            44.06786
          ],
          [
            -115.73377,
            44.06787
          ],
          [
            -115.73359,
            44.06793
          ],
          [
            -115.73355,
            44.06795
          ],
          [
            -115.73337,
            44.06804
          ],
          [
            -115.73336,
            44.06805
          ],
          [
            -115.73335,
            44.06806
          ],
          [
            -115.7332,
            44.06817
          ],
          [
            -115.73318,
            44.06819
          ],
          [
            -115.73304,
            44.0683
          ],
          [
            -115.73302,
            44.06831
          ],
          [
            -115.73301,
            44.06832
          ],
          [
            -115.73284,
            44.06845
          ],
          [
            -115.73269,
            44.06856
          ],
          [
            -115.73266,
            44.06858
          ],
          [
            -115.73255,
            44.06866
          ],
          [
            -115.7325,
            44.0687
          ],
          [
            -115.73249,
            44.06871
          ],
          [
            -115.73231,
            44.06883
          ],
          [
            -115.73228,
            44.06885
          ],
          [
            -115.73215,
            44.06894
          ],
          [
            -115.73203,
            44.069
          ],
          [
            -115.73194,
            44.06906
          ],
          [
            -115.73192,
            44.06906
          ],
          [
            -115.73187,
            44.06909
          ],
          [
            -115.73173,
            44.06917
          ],
          [
            -115.73161,
            44.06924
          ],
          [
            -115.7314,
            44.06934
          ],
          [
            -115.73132,
            44.06938
          ],
          [
            -115.7312,
            44.06944
          ],
          [
            -115.73102,
            44.06952
          ],
          [
            -115.73089,
            44.06957
          ],
          [
            -115.7308,
            44.0696
          ],
          [
            -115.73068,
            44.06964
          ],
          [
            -115.73067,
            44.06964
          ],
          [
            -115.7306,
            44.06967
          ],
          [
            -115.73044,
            44.06971
          ],
          [
            -115.73027,
            44.06973
          ],
          [
            -115.73019,
            44.06974
          ],
          [
            -115.7301,
            44.06975
          ],
          [
            -115.72994,
            44.06975
          ],
          [
            -115.72982,
            44.06974
          ],
          [
            -115.72973,
            44.06973
          ],
          [
            -115.7297,
            44.06973
          ],
          [
            -115.72959,
            44.06971
          ],
          [
            -115.72947,
            44.06968
          ],
          [
            -115.72946,
            44.06968
          ],
          [
            -115.72934,
            44.06964
          ],
          [
            -115.72926,
            44.06961
          ],
          [
            -115.72913,
            44.06955
          ],
          [
            -115.72907,
            44.06952
          ],
          [
            -115.72903,
            44.0695
          ],
          [
            -115.7289,
            44.06942
          ],
          [
            -115.72881,
            44.06934
          ],
          [
            -115.72872,
            44.06926
          ],
          [
            -115.72854,
            44.0691
          ],
          [
            -115.72833,
            44.06891
          ],
          [
            -115.72826,
            44.06886
          ],
          [
            -115.72818,
            44.06881
          ],
          [
            -115.72813,
            44.06879
          ],
          [
            -115.72807,
            44.06876
          ],
          [
            -115.728,
            44.06873
          ],
          [
            -115.72793,
            44.06871
          ],
          [
            -115.72785,
            44.06869
          ],
          [
            -115.7278,
            44.06868
          ],
          [
            -115.72776,
            44.06867
          ],
          [
            -115.72772,
            44.06867
          ],
          [
            -115.72761,
            44.06866
          ],
          [
            -115.72752,
            44.06865
          ],
          [
            -115.7274,
            44.06866
          ],
          [
            -115.72728,
            44.06868
          ],
          [
            -115.72718,
            44.0687
          ],
          [
            -115.72706,
            44.06873
          ],
          [
            -115.72689,
            44.06879
          ],
          [
            -115.72675,
            44.06885
          ],
          [
            -115.72659,
            44.06892
          ],
          [
            -115.72647,
            44.06898
          ],
          [
            -115.72634,
            44.06902
          ],
          [
            -115.72634,
            44.06903
          ],
          [
            -115.72626,
            44.06905
          ],
          [
            -115.72616,
            44.06907
          ],
          [
            -115.72609,
            44.06909
          ],
          [
            -115.726,
            44.0691
          ],
          [
            -115.7259,
            44.06911
          ],
          [
            -115.72582,
            44.06911
          ],
          [
            -115.72572,
            44.06911
          ],
          [
            -115.72561,
            44.0691
          ],
          [
            -115.72552,
            44.06909
          ],
          [
            -115.72547,
            44.06908
          ],
          [
            -115.72543,
            44.06908
          ],
          [
            -115.72528,
            44.06905
          ],
          [
            -115.72514,
            44.06902
          ],
          [
            -115.72499,
            44.06898
          ],
          [
            -115.72485,
            44.06893
          ],
          [
            -115.72473,
            44.06889
          ],
          [
            -115.72458,
            44.06883
          ],
          [
            -115.72438,
            44.06875
          ],
          [
            -115.7242,
            44.06868
          ],
          [
            -115.72412,
            44.06864
          ],
          [
            -115.72407,
            44.06862
          ],
          [
            -115.72399,
            44.06858
          ],
          [
            -115.72391,
            44.06854
          ],
          [
            -115.72384,
            44.06851
          ],
          [
            -115.72374,
            44.06844
          ],
          [
            -115.72371,
            44.06842
          ],
          [
            -115.72363,
            44.06837
          ],
          [
            -115.72344,
            44.06821
          ],
          [
            -115.72332,
            44.0681
          ],
          [
            -115.72323,
            44.06801
          ],
          [
            -115.72307,
            44.06787
          ],
          [
            -115.72304,
            44.06785
          ],
          [
            -115.72289,
            44.06772
          ],
          [
            -115.72274,
            44.0676
          ],
          [
            -115.72266,
            44.06754
          ],
          [
            -115.72252,
            44.06745
          ],
          [
            -115.72237,
            44.06735
          ],
          [
            -115.72223,
            44.06727
          ],
          [
            -115.72218,
            44.06724
          ],
          [
            -115.72209,
            44.06719
          ],
          [
            -115.72197,
            44.06713
          ],
          [
            -115.72189,
            44.06709
          ],
          [
            -115.72176,
            44.06702
          ],
          [
            -115.72159,
            44.06695
          ],
          [
            -115.72157,
            44.06694
          ],
          [
            -115.72146,
            44.0669
          ],
          [
            -115.72137,
            44.06686
          ],
          [
            -115.72126,
            44.06683
          ],
          [
            -115.72114,
            44.06679
          ],
          [
            -115.72102,
            44.06677
          ],
          [
            -115.72094,
            44.06675
          ],
          [
            -115.72086,
            44.06675
          ],
          [
            -115.72078,
            44.06674
          ],
          [
            -115.72071,
            44.06674
          ],
          [
            -115.72064,
            44.06675
          ],
          [
            -115.72061,
            44.06675
          ],
          [
            -115.72056,
            44.06675
          ],
          [
            -115.72045,
            44.06677
          ],
          [
            -115.72035,
            44.06679
          ],
          [
            -115.72021,
            44.06683
          ],
          [
            -115.72011,
            44.06687
          ],
          [
            -115.71998,
            44.06692
          ],
          [
            -115.71991,
            44.06695
          ],
          [
            -115.71981,
            44.067
          ],
          [
            -115.71965,
            44.06707
          ],
          [
            -115.71949,
            44.06717
          ],
          [
            -115.71937,
            44.06724
          ],
          [
            -115.71931,
            44.06729
          ],
          [
            -115.71923,
            44.06734
          ],
          [
            -115.71913,
            44.06742
          ],
          [
            -115.71912,
            44.06743
          ],
          [
            -115.719,
            44.06753
          ],
          [
            -115.7189,
            44.06762
          ],
          [
            -115.71864,
            44.06787
          ],
          [
            -115.71833,
            44.06813
          ],
          [
            -115.71822,
            44.06821
          ],
          [
            -115.71817,
            44.06824
          ],
          [
            -115.7181,
            44.06828
          ],
          [
            -115.71802,
            44.06832
          ],
          [
            -115.71793,
            44.06836
          ],
          [
            -115.71769,
            44.06846
          ],
          [
            -115.7175,
            44.06851
          ],
          [
            -115.71746,
            44.06852
          ],
          [
            -115.71722,
            44.06858
          ],
          [
            -115.71698,
            44.06864
          ],
          [
            -115.71675,
            44.0687
          ],
          [
            -115.71667,
            44.06872
          ],
          [
            -115.71651,
            44.06876
          ],
          [
            -115.71628,
            44.06882
          ],
          [
            -115.71594,
            44.0689
          ],
          [
            -115.71581,
            44.06894
          ],
          [
            -115.71552,
            44.06901
          ],
          [
            -115.71482,
            44.06919
          ],
          [
            -115.71463,
            44.06924
          ],
          [
            -115.71458,
            44.06925
          ],
          [
            -115.71438,
            44.06929
          ],
          [
            -115.71432,
            44.0693
          ],
          [
            -115.7142,
            44.06931
          ],
          [
            -115.71406,
            44.06931
          ],
          [
            -115.71393,
            44.0693
          ],
          [
            -115.71379,
            44.06928
          ],
          [
            -115.71365,
            44.06925
          ],
          [
            -115.71362,
            44.06925
          ],
          [
            -115.71341,
            44.06919
          ],
          [
            -115.71316,
            44.06911
          ],
          [
            -115.71299,
            44.06906
          ],
          [
            -115.71295,
            44.06905
          ],
          [
            -115.71276,
            44.06899
          ],
          [
            -115.71273,
            44.06897
          ],
          [
            -115.71246,
            44.06887
          ],
          [
            -115.71225,
            44.06879
          ],
          [
            -115.71202,
            44.06869
          ],
          [
            -115.71188,
            44.06863
          ],
          [
            -115.71185,
            44.06862
          ],
          [
            -115.71167,
            44.06853
          ],
          [
            -115.71165,
            44.06852
          ],
          [
            -115.71145,
            44.0684
          ],
          [
            -115.7112,
            44.06827
          ],
          [
            -115.71089,
            44.06812
          ],
          [
            -115.71067,
            44.06803
          ],
          [
            -115.71061,
            44.06801
          ],
          [
            -115.7105,
            44.06797
          ],
          [
            -115.71044,
            44.06796
          ],
          [
            -115.71043,
            44.06795
          ],
          [
            -115.71039,
            44.06794
          ],
          [
            -115.71031,
            44.06791
          ],
          [
            -115.71015,
            44.06787
          ],
          [
            -115.71011,
            44.06786
          ],
          [
            -115.70994,
            44.06779
          ],
          [
            -115.70993,
            44.06779
          ],
          [
            -115.70979,
            44.06771
          ],
          [
            -115.7097,
            44.06766
          ],
          [
            -115.70962,
            44.0676
          ],
          [
            -115.70957,
            44.06755
          ],
          [
            -115.70946,
            44.06744
          ],
          [
            -115.70937,
            44.06733
          ],
          [
            -115.70929,
            44.06724
          ],
          [
            -115.70926,
            44.0672
          ],
          [
            -115.70917,
            44.06709
          ],
          [
            -115.70914,
            44.06705
          ],
          [
            -115.70905,
            44.06693
          ],
          [
            -115.70897,
            44.0668
          ],
          [
            -115.70896,
            44.06676
          ],
          [
            -115.7089,
            44.06664
          ],
          [
            -115.70888,
            44.06659
          ],
          [
            -115.70884,
            44.06648
          ],
          [
            -115.70883,
            44.06642
          ],
          [
            -115.70881,
            44.06637
          ],
          [
            -115.70879,
            44.06627
          ],
          [
            -115.70879,
            44.06624
          ],
          [
            -115.70877,
            44.06606
          ],
          [
            -115.70877,
            44.06604
          ],
          [
            -115.70876,
            44.06574
          ],
          [
            -115.70876,
            44.06571
          ],
          [
            -115.70876,
            44.0657
          ],
          [
            -115.70875,
            44.06555
          ],
          [
            -115.70875,
            44.06552
          ],
          [
            -115.70874,
            44.06543
          ],
          [
            -115.70874,
            44.06534
          ],
          [
            -115.70873,
            44.06524
          ],
          [
            -115.70873,
            44.06516
          ],
          [
            -115.70872,
            44.0651
          ],
          [
            -115.70874,
            44.06501
          ],
          [
            -115.70874,
            44.06498
          ],
          [
            -115.70876,
            44.06491
          ],
          [
            -115.70881,
            44.06481
          ],
          [
            -115.70882,
            44.0648
          ],
          [
            -115.70889,
            44.06466
          ],
          [
            -115.70902,
            44.06448
          ],
          [
            -115.70902,
            44.06447
          ],
          [
            -115.70914,
            44.06432
          ],
          [
            -115.70917,
            44.06427
          ],
          [
            -115.70923,
            44.0642
          ],
          [
            -115.70925,
            44.06416
          ],
          [
            -115.7093,
            44.0641
          ],
          [
            -115.70936,
            44.064
          ],
          [
            -115.70937,
            44.06399
          ],
          [
            -115.7094,
            44.06389
          ],
          [
            -115.70942,
            44.06383
          ],
          [
            -115.70943,
            44.06378
          ],
          [
            -115.70943,
            44.06368
          ],
          [
            -115.70943,
            44.06366
          ],
          [
            -115.70943,
            44.06365
          ],
          [
            -115.70941,
            44.06356
          ],
          [
            -115.70937,
            44.06347
          ],
          [
            -115.70936,
            44.06345
          ],
          [
            -115.70926,
            44.06333
          ],
          [
            -115.70925,
            44.06332
          ],
          [
            -115.70914,
            44.0632
          ],
          [
            -115.70913,
            44.06319
          ],
          [
            -115.7091,
            44.06317
          ],
          [
            -115.709,
            44.06309
          ],
          [
            -115.70894,
            44.06303
          ],
          [
            -115.70886,
            44.06296
          ],
          [
            -115.70879,
            44.06289
          ],
          [
            -115.70865,
            44.06275
          ],
          [
            -115.70853,
            44.06265
          ],
          [
            -115.70833,
            44.06248
          ],
          [
            -115.70817,
            44.06235
          ],
          [
            -115.70816,
            44.06233
          ],
          [
            -115.70805,
            44.0622
          ],
          [
            -115.70803,
            44.06218
          ],
          [
            -115.70783,
            44.06193
          ],
          [
            -115.70771,
            44.06177
          ],
          [
            -115.70766,
            44.06171
          ],
          [
            -115.70755,
            44.06159
          ],
          [
            -115.70743,
            44.06147
          ],
          [
            -115.70728,
            44.06137
          ],
          [
            -115.7072,
            44.06133
          ],
          [
            -115.70717,
            44.06131
          ],
          [
            -115.70715,
            44.0613
          ],
          [
            -115.70702,
            44.06127
          ],
          [
            -115.70699,
            44.06126
          ],
          [
            -115.70693,
            44.06125
          ],
          [
            -115.70682,
            44.06123
          ],
          [
            -115.70661,
            44.0612
          ],
          [
            -115.70644,
            44.06119
          ],
          [
            -115.70637,
            44.06118
          ],
          [
            -115.70619,
            44.06115
          ],
          [
            -115.70609,
            44.06114
          ],
          [
            -115.70595,
            44.06111
          ],
          [
            -115.70582,
            44.06109
          ],
          [
            -115.70565,
            44.06105
          ],
          [
            -115.70537,
            44.06096
          ],
          [
            -115.70525,
            44.06092
          ],
          [
            -115.70506,
            44.06087
          ],
          [
            -115.70502,
            44.06085
          ],
          [
            -115.70479,
            44.06078
          ],
          [
            -115.70478,
            44.06078
          ],
          [
            -115.70465,
            44.06074
          ],
          [
            -115.70456,
            44.06071
          ],
          [
            -115.70449,
            44.0607
          ],
          [
            -115.70438,
            44.06066
          ],
          [
            -115.70437,
            44.06066
          ],
          [
            -115.70434,
            44.06065
          ],
          [
            -115.70432,
            44.06065
          ],
          [
            -115.70425,
            44.06063
          ],
          [
            -115.7041,
            44.0606
          ],
          [
            -115.70408,
            44.0606
          ],
          [
            -115.70391,
            44.06059
          ],
          [
            -115.70383,
            44.0606
          ],
          [
            -115.70374,
            44.06061
          ],
          [
            -115.70365,
            44.06062
          ],
          [
            -115.70363,
            44.06063
          ],
          [
            -115.70359,
            44.06064
          ],
          [
            -115.7035,
            44.06067
          ],
          [
            -115.70341,
            44.0607
          ],
          [
            -115.70332,
            44.06075
          ],
          [
            -115.70325,
            44.0608
          ],
          [
            -115.7032,
            44.06085
          ],
          [
            -115.70315,
            44.0609
          ],
          [
            -115.7031,
            44.06097
          ],
          [
            -115.70309,
            44.06098
          ],
          [
            -115.70308,
            44.06101
          ],
          [
            -115.70305,
            44.06106
          ],
          [
            -115.70301,
            44.06117
          ],
          [
            -115.703,
            44.06118
          ],
          [
            -115.70297,
            44.0613
          ],
          [
            -115.70297,
            44.06131
          ],
          [
            -115.70295,
            44.06136
          ],
          [
            -115.70293,
            44.06143
          ],
          [
            -115.7029,
            44.06151
          ],
          [
            -115.70287,
            44.06158
          ],
          [
            -115.70282,
            44.06167
          ],
          [
            -115.7028,
            44.0617
          ],
          [
            -115.70277,
            44.06173
          ],
          [
            -115.70271,
            44.06179
          ],
          [
            -115.70264,
            44.06183
          ],
          [
            -115.7026,
            44.06186
          ],
          [
            -115.70247,
            44.06192
          ],
          [
            -115.70243,
            44.06193
          ],
          [
            -115.70233,
            44.06197
          ],
          [
            -115.70226,
            44.06199
          ],
          [
            -115.70225,
            44.062
          ],
          [
            -115.70221,
            44.06201
          ],
          [
            -115.7022,
            44.06201
          ],
          [
            -115.70204,
            44.06206
          ],
          [
            -115.70197,
            44.06208
          ],
          [
            -115.70185,
            44.06211
          ],
          [
            -115.70174,
            44.06214
          ],
          [
            -115.70169,
            44.06215
          ],
          [
            -115.70151,
            44.0622
          ],
          [
            -115.70145,
            44.06222
          ],
          [
            -115.70128,
            44.06227
          ],
          [
            -115.70126,
            44.06228
          ],
          [
            -115.7011,
            44.06232
          ],
          [
            -115.70108,
            44.06233
          ],
          [
            -115.70104,
            44.06234
          ],
          [
            -115.70103,
            44.06234
          ],
          [
            -115.70084,
            44.06239
          ],
          [
            -115.70081,
            44.0624
          ],
          [
            -115.70068,
            44.06243
          ],
          [
            -115.70052,
            44.06246
          ],
          [
            -115.70032,
            44.06248
          ],
          [
            -115.7003,
            44.06248
          ],
          [
            -115.70011,
            44.06249
          ],
          [
            -115.69987,
            44.06249
          ],
          [
            -115.69982,
            44.06249
          ],
          [
            -115.69971,
            44.06248
          ],
          [
            -115.69958,
            44.06246
          ],
          [
            -115.69957,
            44.06246
          ],
          [
            -115.69942,
            44.06242
          ],
          [
            -115.69935,
            44.0624
          ],
          [
            -115.69928,
            44.06239
          ],
          [
            -115.69921,
            44.06239
          ],
          [
            -115.69913,
            44.06239
          ],
          [
            -115.69905,
            44.0624
          ],
          [
            -115.69889,
            44.06242
          ],
          [
            -115.69873,
            44.06247
          ],
          [
            -115.69862,
            44.06252
          ],
          [
            -115.6985,
            44.06258
          ],
          [
            -115.69839,
            44.06265
          ],
          [
            -115.6983,
            44.06272
          ],
          [
            -115.69825,
            44.06275
          ],
          [
            -115.69811,
            44.06286
          ],
          [
            -115.69808,
            44.06288
          ],
          [
            -115.69804,
            44.06291
          ],
          [
            -115.69794,
            44.06298
          ],
          [
            -115.6979,
            44.06301
          ],
          [
            -115.69773,
            44.06314
          ],
          [
            -115.69753,
            44.06325
          ],
          [
            -115.69749,
            44.06328
          ],
          [
            -115.69742,
            44.06331
          ],
          [
            -115.69736,
            44.06333
          ],
          [
            -115.69732,
            44.06335
          ],
          [
            -115.69728,
            44.06336
          ],
          [
            -115.69716,
            44.06338
          ],
          [
            -115.69714,
            44.06338
          ],
          [
            -115.69708,
            44.06339
          ],
          [
            -115.69698,
            44.0634
          ],
          [
            -115.69683,
            44.0634
          ],
          [
            -115.69679,
            44.0634
          ],
          [
            -115.69659,
            44.06337
          ],
          [
            -115.6964,
            44.06331
          ],
          [
            -115.69636,
            44.06329
          ],
          [
            -115.6962,
            44.06321
          ],
          [
            -115.69599,
            44.06312
          ],
          [
            -115.69584,
            44.06305
          ],
          [
            -115.69572,
            44.063
          ],
          [
            -115.69553,
            44.06293
          ],
          [
            -115.6955,
            44.06292
          ],
          [
            -115.69538,
            44.06288
          ],
          [
            -115.69526,
            44.06287
          ],
          [
            -115.69508,
            44.06286
          ],
          [
            -115.69495,
            44.06286
          ],
          [
            -115.69477,
            44.06288
          ],
          [
            -115.69458,
            44.0629
          ],
          [
            -115.69456,
            44.0629
          ],
          [
            -115.69452,
            44.06291
          ],
          [
            -115.69439,
            44.06292
          ],
          [
            -115.69427,
            44.06293
          ],
          [
            -115.69404,
            44.06295
          ],
          [
            -115.69372,
            44.06299
          ],
          [
            -115.69346,
            44.06299
          ],
          [
            -115.69331,
            44.06296
          ],
          [
            -115.69325,
            44.06296
          ],
          [
            -115.69313,
            44.06292
          ],
          [
            -115.69309,
            44.06291
          ],
          [
            -115.69302,
            44.0629
          ],
          [
            -115.69281,
            44.06284
          ],
          [
            -115.69267,
            44.0628
          ],
          [
            -115.69258,
            44.06277
          ],
          [
            -115.69238,
            44.06272
          ],
          [
            -115.69233,
            44.06271
          ],
          [
            -115.6923,
            44.0627
          ],
          [
            -115.69227,
            44.06269
          ],
          [
            -115.6921,
            44.06266
          ],
          [
            -115.69195,
            44.06264
          ],
          [
            -115.69186,
            44.06262
          ],
          [
            -115.69171,
            44.06259
          ],
          [
            -115.69162,
            44.06258
          ],
          [
            -115.69137,
            44.06255
          ],
          [
            -115.69112,
            44.06251
          ],
          [
            -115.69102,
            44.0625
          ],
          [
            -115.69075,
            44.06245
          ],
          [
            -115.69049,
            44.06238
          ],
          [
            -115.69028,
            44.0623
          ],
          [
            -115.69019,
            44.06226
          ],
          [
            -115.68994,
            44.06216
          ],
          [
            -115.68957,
            44.062
          ],
          [
            -115.68933,
            44.0619
          ],
          [
            -115.68921,
            44.06185
          ],
          [
            -115.68911,
            44.06181
          ],
          [
            -115.6891,
            44.06181
          ],
          [
            -115.68898,
            44.06177
          ],
          [
            -115.68887,
            44.06176
          ],
          [
            -115.68883,
            44.06175
          ],
          [
            -115.68865,
            44.06173
          ],
          [
            -115.68863,
            44.06173
          ],
          [
            -115.68853,
            44.06172
          ],
          [
            -115.68839,
            44.06172
          ],
          [
            -115.68838,
            44.06172
          ],
          [
            -115.68826,
            44.06173
          ],
          [
            -115.68808,
            44.06175
          ],
          [
            -115.68791,
            44.06179
          ],
          [
            -115.68789,
            44.06179
          ],
          [
            -115.68776,
            44.06184
          ],
          [
            -115.68763,
            44.06189
          ],
          [
            -115.68745,
            44.06197
          ],
          [
            -115.68725,
            44.06208
          ],
          [
            -115.68691,
            44.06226
          ],
          [
            -115.68685,
            44.06229
          ],
          [
            -115.68665,
            44.0624
          ],
          [
            -115.68656,
            44.06244
          ],
          [
            -115.68645,
            44.06251
          ],
          [
            -115.68625,
            44.06261
          ],
          [
            -115.68605,
            44.06272
          ],
          [
            -115.68595,
            44.06278
          ],
          [
            -115.68586,
            44.06284
          ],
          [
            -115.68566,
            44.06299
          ],
          [
            -115.68553,
            44.06311
          ],
          [
            -115.68542,
            44.06322
          ],
          [
            -115.68538,
            44.06326
          ],
          [
            -115.68524,
            44.06342
          ],
          [
            -115.68513,
            44.06356
          ],
          [
            -115.68501,
            44.06372
          ],
          [
            -115.68498,
            44.06375
          ],
          [
            -115.68477,
            44.06404
          ],
          [
            -115.68477,
            44.06405
          ],
          [
            -115.68464,
            44.06419
          ],
          [
            -115.68453,
            44.06432
          ],
          [
            -115.68451,
            44.06434
          ],
          [
            -115.68442,
            44.06444
          ],
          [
            -115.68431,
            44.06452
          ],
          [
            -115.68419,
            44.06462
          ],
          [
            -115.68395,
            44.06482
          ],
          [
            -115.6837,
            44.06501
          ],
          [
            -115.68369,
            44.06502
          ],
          [
            -115.68352,
            44.06515
          ],
          [
            -115.68347,
            44.06519
          ],
          [
            -115.68335,
            44.06529
          ],
          [
            -115.68319,
            44.06543
          ],
          [
            -115.68317,
            44.06545
          ],
          [
            -115.68304,
            44.06557
          ],
          [
            -115.68299,
            44.06562
          ],
          [
            -115.6829,
            44.06572
          ],
          [
            -115.68277,
            44.06587
          ],
          [
            -115.68264,
            44.06603
          ],
          [
            -115.68259,
            44.06609
          ],
          [
            -115.68252,
            44.06618
          ],
          [
            -115.68228,
            44.0665
          ],
          [
            -115.68204,
            44.06682
          ],
          [
            -115.68183,
            44.06709
          ],
          [
            -115.68172,
            44.06723
          ],
          [
            -115.68146,
            44.06757
          ],
          [
            -115.68129,
            44.06779
          ],
          [
            -115.68117,
            44.06794
          ],
          [
            -115.68115,
            44.06797
          ],
          [
            -115.68111,
            44.06802
          ],
          [
            -115.68108,
            44.06805
          ],
          [
            -115.68097,
            44.06816
          ],
          [
            -115.68089,
            44.06824
          ],
          [
            -115.68088,
            44.06825
          ],
          [
            -115.68075,
            44.06835
          ],
          [
            -115.68072,
            44.06837
          ],
          [
            -115.68065,
            44.06843
          ],
          [
            -115.68064,
            44.06843
          ],
          [
            -115.68055,
            44.0685
          ],
          [
            -115.68047,
            44.06855
          ],
          [
            -115.68046,
            44.06856
          ],
          [
            -115.68037,
            44.06861
          ],
          [
            -115.68035,
            44.06862
          ],
          [
            -115.68023,
            44.06868
          ],
          [
            -115.6801,
            44.06876
          ],
          [
            -115.67994,
            44.06882
          ],
          [
            -115.67983,
            44.06887
          ],
          [
            -115.67973,
            44.06891
          ],
          [
            -115.67958,
            44.06896
          ],
          [
            -115.67934,
            44.06904
          ],
          [
            -115.67916,
            44.06908
          ],
          [
            -115.67897,
            44.06912
          ],
          [
            -115.67891,
            44.06913
          ],
          [
            -115.67879,
            44.06915
          ],
          [
            -115.67877,
            44.06915
          ],
          [
            -115.67848,
            44.06919
          ],
          [
            -115.67832,
            44.0692
          ],
          [
            -115.67814,
            44.0692
          ],
          [
            -115.67791,
            44.0692
          ],
          [
            -115.6777,
            44.06919
          ],
          [
            -115.67754,
            44.06918
          ],
          [
            -115.6774,
            44.06916
          ],
          [
            -115.67722,
            44.06914
          ],
          [
            -115.67705,
            44.0691
          ],
          [
            -115.67693,
            44.06907
          ],
          [
            -115.67682,
            44.06904
          ],
          [
            -115.67677,
            44.06903
          ],
          [
            -115.67671,
            44.06901
          ],
          [
            -115.67661,
            44.06898
          ],
          [
            -115.67658,
            44.06897
          ],
          [
            -115.67648,
            44.06894
          ],
          [
            -115.67639,
            44.06891
          ],
          [
            -115.67613,
            44.06882
          ],
          [
            -115.67612,
            44.06881
          ],
          [
            -115.67591,
            44.06873
          ],
          [
            -115.67581,
            44.06869
          ],
          [
            -115.67569,
            44.06865
          ],
          [
            -115.67558,
            44.06861
          ],
          [
            -115.67547,
            44.06857
          ],
          [
            -115.67524,
            44.06848
          ],
          [
            -115.67492,
            44.06836
          ],
          [
            -115.67487,
            44.06834
          ],
          [
            -115.67481,
            44.06832
          ],
          [
            -115.6748,
            44.06832
          ],
          [
            -115.67458,
            44.06824
          ],
          [
            -115.67454,
            44.06822
          ],
          [
            -115.67437,
            44.06815
          ],
          [
            -115.67428,
            44.06812
          ],
          [
            -115.67418,
            44.06809
          ],
          [
            -115.67406,
            44.06805
          ],
          [
            -115.67392,
            44.06802
          ],
          [
            -115.67384,
            44.06801
          ],
          [
            -115.67373,
            44.068
          ],
          [
            -115.67362,
            44.06801
          ],
          [
            -115.67354,
            44.06801
          ],
          [
            -115.6735,
            44.06802
          ],
          [
            -115.67343,
            44.06803
          ],
          [
            -115.6734,
            44.06804
          ],
          [
            -115.67331,
            44.06806
          ],
          [
            -115.67325,
            44.06808
          ],
          [
            -115.67315,
            44.06811
          ],
          [
            -115.67305,
            44.06816
          ],
          [
            -115.67297,
            44.06821
          ],
          [
            -115.67295,
            44.06822
          ],
          [
            -115.67288,
            44.06827
          ],
          [
            -115.67281,
            44.06834
          ],
          [
            -115.67274,
            44.06843
          ],
          [
            -115.67269,
            44.0685
          ],
          [
            -115.67263,
            44.06858
          ],
          [
            -115.67258,
            44.06866
          ],
          [
            -115.67257,
            44.06867
          ],
          [
            -115.6725,
            44.06879
          ],
          [
            -115.67248,
            44.06882
          ],
          [
            -115.67247,
            44.06883
          ],
          [
            -115.67239,
            44.06898
          ],
          [
            -115.67238,
            44.06899
          ],
          [
            -115.67237,
            44.069
          ],
          [
            -115.6723,
            44.06911
          ],
          [
            -115.67227,
            44.06916
          ],
          [
            -115.67226,
            44.06918
          ],
          [
            -115.67222,
            44.06928
          ],
          [
            -115.67221,
            44.06932
          ],
          [
            -115.6722,
            44.06933
          ],
          [
            -115.67214,
            44.0695
          ],
          [
            -115.67214,
            44.06951
          ],
          [
            -115.67208,
            44.06967
          ],
          [
            -115.67208,
            44.06968
          ],
          [
            -115.67205,
            44.06976
          ],
          [
            -115.67201,
            44.06988
          ],
          [
            -115.67194,
            44.07003
          ],
          [
            -115.67189,
            44.07012
          ],
          [
            -115.67185,
            44.07019
          ],
          [
            -115.67181,
            44.07026
          ],
          [
            -115.67175,
            44.07035
          ],
          [
            -115.67174,
            44.07036
          ],
          [
            -115.6717,
            44.07043
          ],
          [
            -115.67164,
            44.07051
          ],
          [
            -115.67163,
            44.07052
          ],
          [
            -115.67158,
            44.0706
          ],
          [
            -115.67153,
            44.07067
          ],
          [
            -115.67153,
            44.07068
          ],
          [
            -115.67132,
            44.071
          ],
          [
            -115.67131,
            44.07101
          ],
          [
            -115.67119,
            44.0712
          ],
          [
            -115.67109,
            44.07137
          ],
          [
            -115.67095,
            44.07159
          ],
          [
            -115.67086,
            44.07176
          ],
          [
            -115.67082,
            44.07183
          ],
          [
            -115.67075,
            44.07196
          ],
          [
            -115.67073,
            44.07199
          ],
          [
            -115.67072,
            44.072
          ],
          [
            -115.67062,
            44.07216
          ],
          [
            -115.67061,
            44.07218
          ],
          [
            -115.67052,
            44.07233
          ],
          [
            -115.67049,
            44.07238
          ],
          [
            -115.6704,
            44.07248
          ],
          [
            -115.6703,
            44.07259
          ],
          [
            -115.67013,
            44.07276
          ],
          [
            -115.66993,
            44.07291
          ],
          [
            -115.6699,
            44.07293
          ],
          [
            -115.66976,
            44.07302
          ],
          [
            -115.66963,
            44.0731
          ],
          [
            -115.66955,
            44.07314
          ],
          [
            -115.66947,
            44.07318
          ],
          [
            -115.66937,
            44.07324
          ],
          [
            -115.66923,
            44.07329
          ],
          [
            -115.66913,
            44.07333
          ],
          [
            -115.66904,
            44.07336
          ],
          [
            -115.66891,
            44.0734
          ],
          [
            -115.66883,
            44.07342
          ],
          [
            -115.66868,
            44.07347
          ],
          [
            -115.66867,
            44.07347
          ],
          [
            -115.6685,
            44.07352
          ],
          [
            -115.66844,
            44.07353
          ],
          [
            -115.66843,
            44.07353
          ],
          [
            -115.66819,
            44.07358
          ],
          [
            -115.66801,
            44.07362
          ],
          [
            -115.66796,
            44.07363
          ],
          [
            -115.66795,
            44.07363
          ],
          [
            -115.66772,
            44.07368
          ],
          [
            -115.66771,
            44.07368
          ],
          [
            -115.66749,
            44.07375
          ],
          [
            -115.6674,
            44.07377
          ],
          [
            -115.66726,
            44.07383
          ],
          [
            -115.66716,
            44.07389
          ],
          [
            -115.66708,
            44.07395
          ],
          [
            -115.66707,
            44.07396
          ],
          [
            -115.66698,
            44.07404
          ],
          [
            -115.66694,
            44.07409
          ],
          [
            -115.66693,
            44.0741
          ],
          [
            -115.66689,
            44.07416
          ],
          [
            -115.66683,
            44.07427
          ],
          [
            -115.66681,
            44.0743
          ],
          [
            -115.66679,
            44.0744
          ],
          [
            -115.66679,
            44.07444
          ],
          [
            -115.66679,
            44.07451
          ],
          [
            -115.6668,
            44.07463
          ],
          [
            -115.66684,
            44.07477
          ],
          [
            -115.66685,
            44.0748
          ],
          [
            -115.66691,
            44.07497
          ],
          [
            -115.66691,
            44.07498
          ],
          [
            -115.66696,
            44.07515
          ],
          [
            -115.66697,
            44.07516
          ],
          [
            -115.667,
            44.07533
          ],
          [
            -115.667,
            44.07534
          ],
          [
            -115.66702,
            44.0755
          ],
          [
            -115.66703,
            44.07567
          ],
          [
            -115.66703,
            44.07568
          ],
          [
            -115.667,
            44.07599
          ],
          [
            -115.66697,
            44.07617
          ],
          [
            -115.66697,
            44.07622
          ],
          [
            -115.66696,
            44.07622
          ],
          [
            -115.66696,
            44.07626
          ],
          [
            -115.66694,
            44.0764
          ],
          [
            -115.66693,
            44.07649
          ],
          [
            -115.66691,
            44.07658
          ],
          [
            -115.66689,
            44.07676
          ],
          [
            -115.66683,
            44.07722
          ],
          [
            -115.66682,
            44.0773
          ],
          [
            -115.66681,
            44.0774
          ],
          [
            -115.6668,
            44.07748
          ],
          [
            -115.66679,
            44.0775
          ],
          [
            -115.66676,
            44.07762
          ],
          [
            -115.66675,
            44.07765
          ],
          [
            -115.66671,
            44.07776
          ],
          [
            -115.66668,
            44.07782
          ],
          [
            -115.66666,
            44.07787
          ],
          [
            -115.66659,
            44.07799
          ],
          [
            -115.66658,
            44.07799
          ],
          [
            -115.66646,
            44.07814
          ],
          [
            -115.66644,
            44.07816
          ],
          [
            -115.66633,
            44.0783
          ],
          [
            -115.66628,
            44.07837
          ],
          [
            -115.66617,
            44.07849
          ],
          [
            -115.66606,
            44.07861
          ],
          [
            -115.66592,
            44.07875
          ],
          [
            -115.66578,
            44.07886
          ],
          [
            -115.66558,
            44.07898
          ],
          [
            -115.66555,
            44.07899
          ],
          [
            -115.66528,
            44.07911
          ],
          [
            -115.66503,
            44.0792
          ],
          [
            -115.66449,
            44.07941
          ],
          [
            -115.66445,
            44.07942
          ],
          [
            -115.66416,
            44.07952
          ],
          [
            -115.66398,
            44.07956
          ],
          [
            -115.66384,
            44.07958
          ],
          [
            -115.66372,
            44.07959
          ],
          [
            -115.6636,
            44.0796
          ],
          [
            -115.66345,
            44.07959
          ],
          [
            -115.66332,
            44.07958
          ],
          [
            -115.66314,
            44.07956
          ],
          [
            -115.66305,
            44.07954
          ],
          [
            -115.66303,
            44.07954
          ],
          [
            -115.66289,
            44.0795
          ],
          [
            -115.6628,
            44.07947
          ],
          [
            -115.6627,
            44.07944
          ],
          [
            -115.66261,
            44.0794
          ],
          [
            -115.66247,
            44.07934
          ],
          [
            -115.66238,
            44.0793
          ],
          [
            -115.66221,
            44.07923
          ],
          [
            -115.66216,
            44.07921
          ],
          [
            -115.66195,
            44.07912
          ],
          [
            -115.66176,
            44.07904
          ],
          [
            -115.66173,
            44.07903
          ],
          [
            -115.66152,
            44.07893
          ],
          [
            -115.66147,
            44.07891
          ],
          [
            -115.66131,
            44.07884
          ],
          [
            -115.66118,
            44.07879
          ],
          [
            -115.66109,
            44.07875
          ],
          [
            -115.66103,
            44.07873
          ],
          [
            -115.66091,
            44.07868
          ],
          [
            -115.66075,
            44.07864
          ],
          [
            -115.66061,
            44.07861
          ],
          [
            -115.66044,
            44.07858
          ],
          [
            -115.66038,
            44.07858
          ],
          [
            -115.66031,
            44.07857
          ],
          [
            -115.66014,
            44.07856
          ],
          [
            -115.66011,
            44.07856
          ],
          [
            -115.65997,
            44.07856
          ],
          [
            -115.65988,
            44.07857
          ],
          [
            -115.65975,
            44.07858
          ],
          [
            -115.65963,
            44.0786
          ],
          [
            -115.65952,
            44.07862
          ],
          [
            -115.65936,
            44.07866
          ],
          [
            -115.65922,
            44.0787
          ],
          [
            -115.65908,
            44.07876
          ],
          [
            -115.65895,
            44.07881
          ],
          [
            -115.65881,
            44.07888
          ],
          [
            -115.65869,
            44.07895
          ],
          [
            -115.6586,
            44.079
          ],
          [
            -115.65852,
            44.07906
          ],
          [
            -115.65845,
            44.07913
          ],
          [
            -115.65841,
            44.07917
          ],
          [
            -115.65837,
            44.07921
          ],
          [
            -115.6583,
            44.0793
          ],
          [
            -115.65828,
            44.07933
          ],
          [
            -115.65825,
            44.07936
          ],
          [
            -115.65821,
            44.07943
          ],
          [
            -115.65817,
            44.0795
          ],
          [
            -115.65815,
            44.07955
          ],
          [
            -115.65812,
            44.07962
          ],
          [
            -115.6581,
            44.07968
          ],
          [
            -115.65808,
            44.07978
          ],
          [
            -115.65805,
            44.0799
          ],
          [
            -115.65804,
            44.08004
          ],
          [
            -115.65805,
            44.08012
          ],
          [
            -115.65807,
            44.08027
          ],
          [
            -115.65811,
            44.08047
          ],
          [
            -115.65815,
            44.08065
          ],
          [
            -115.65836,
            44.08145
          ],
          [
            -115.65843,
            44.08171
          ],
          [
            -115.65845,
            44.08182
          ],
          [
            -115.65847,
            44.08189
          ],
          [
            -115.65848,
            44.08194
          ],
          [
            -115.65849,
            44.08204
          ],
          [
            -115.65849,
            44.08207
          ],
          [
            -115.65849,
            44.08214
          ],
          [
            -115.65847,
            44.08225
          ],
          [
            -115.65844,
            44.08234
          ],
          [
            -115.65837,
            44.0825
          ],
          [
            -115.65826,
            44.08267
          ],
          [
            -115.65821,
            44.08275
          ],
          [
            -115.65812,
            44.08288
          ],
          [
            -115.6581,
            44.08292
          ],
          [
            -115.658,
            44.08308
          ],
          [
            -115.65792,
            44.0832
          ],
          [
            -115.65789,
            44.08324
          ],
          [
            -115.65777,
            44.0834
          ],
          [
            -115.65775,
            44.08342
          ],
          [
            -115.65763,
            44.08354
          ],
          [
            -115.65762,
            44.08355
          ],
          [
            -115.65751,
            44.08364
          ],
          [
            -115.65746,
            44.08368
          ],
          [
            -115.65732,
            44.08377
          ],
          [
            -115.65727,
            44.0838
          ],
          [
            -115.65716,
            44.08386
          ],
          [
            -115.65707,
            44.08391
          ],
          [
            -115.65702,
            44.08393
          ],
          [
            -115.65685,
            44.084
          ],
          [
            -115.65665,
            44.08407
          ],
          [
            -115.65649,
            44.08411
          ],
          [
            -115.65639,
            44.08413
          ],
          [
            -115.65631,
            44.08415
          ],
          [
            -115.65608,
            44.08419
          ],
          [
            -115.65585,
            44.08421
          ],
          [
            -115.65567,
            44.08421
          ],
          [
            -115.65565,
            44.08421
          ],
          [
            -115.6554,
            44.08421
          ],
          [
            -115.65515,
            44.08419
          ],
          [
            -115.65509,
            44.08419
          ],
          [
            -115.6549,
            44.08417
          ],
          [
            -115.65454,
            44.08414
          ],
          [
            -115.6544,
            44.08414
          ],
          [
            -115.65423,
            44.08413
          ],
          [
            -115.65415,
            44.08413
          ],
          [
            -115.65403,
            44.08412
          ],
          [
            -115.6539,
            44.08412
          ],
          [
            -115.65388,
            44.08412
          ],
          [
            -115.65367,
            44.08413
          ],
          [
            -115.65365,
            44.08413
          ],
          [
            -115.65339,
            44.08415
          ],
          [
            -115.65316,
            44.08417
          ],
          [
            -115.65303,
            44.08418
          ],
          [
            -115.65291,
            44.0842
          ],
          [
            -115.65253,
            44.08424
          ],
          [
            -115.65241,
            44.08425
          ],
          [
            -115.65169,
            44.08433
          ],
          [
            -115.65116,
            44.08439
          ],
          [
            -115.6509,
            44.08442
          ],
          [
            -115.65074,
            44.08443
          ],
          [
            -115.65068,
            44.08443
          ],
          [
            -115.65056,
            44.08443
          ],
          [
            -115.65043,
            44.08442
          ],
          [
            -115.65026,
            44.0844
          ],
          [
            -115.65006,
            44.08438
          ],
          [
            -115.64993,
            44.08436
          ],
          [
            -115.64986,
            44.08435
          ],
          [
            -115.6496,
            44.0843
          ],
          [
            -115.64945,
            44.08428
          ],
          [
            -115.64922,
            44.08425
          ],
          [
            -115.6492,
            44.08424
          ],
          [
            -115.64893,
            44.0842
          ],
          [
            -115.64871,
            44.08417
          ],
          [
            -115.64847,
            44.08413
          ],
          [
            -115.64836,
            44.08411
          ],
          [
            -115.64822,
            44.08409
          ],
          [
            -115.64811,
            44.08406
          ],
          [
            -115.64793,
            44.08401
          ],
          [
            -115.64773,
            44.08395
          ],
          [
            -115.64757,
            44.0839
          ],
          [
            -115.64738,
            44.08382
          ],
          [
            -115.64724,
            44.08376
          ],
          [
            -115.64712,
            44.0837
          ],
          [
            -115.6471,
            44.08369
          ],
          [
            -115.64697,
            44.08362
          ],
          [
            -115.6468,
            44.08351
          ],
          [
            -115.64672,
            44.08346
          ],
          [
            -115.64665,
            44.08341
          ],
          [
            -115.64645,
            44.08325
          ],
          [
            -115.64638,
            44.0832
          ],
          [
            -115.64633,
            44.08315
          ],
          [
            -115.64612,
            44.08297
          ],
          [
            -115.64606,
            44.08291
          ],
          [
            -115.646,
            44.08285
          ],
          [
            -115.64592,
            44.08276
          ],
          [
            -115.64583,
            44.08264
          ],
          [
            -115.64569,
            44.08242
          ],
          [
            -115.6456,
            44.08228
          ],
          [
            -115.6455,
            44.08212
          ],
          [
            -115.64549,
            44.08209
          ],
          [
            -115.64537,
            44.08192
          ],
          [
            -115.64526,
            44.0818
          ],
          [
            -115.64525,
            44.08179
          ],
          [
            -115.6452,
            44.08174
          ],
          [
            -115.64513,
            44.08168
          ],
          [
            -115.64511,
            44.08166
          ],
          [
            -115.64507,
            44.08163
          ],
          [
            -115.64497,
            44.08156
          ],
          [
            -115.64493,
            44.08153
          ],
          [
            -115.64489,
            44.08151
          ],
          [
            -115.6448,
            44.08146
          ],
          [
            -115.64473,
            44.08143
          ],
          [
            -115.64471,
            44.08142
          ],
          [
            -115.64455,
            44.08134
          ],
          [
            -115.64452,
            44.08133
          ],
          [
            -115.64435,
            44.08126
          ],
          [
            -115.6443,
            44.08124
          ],
          [
            -115.64425,
            44.08122
          ],
          [
            -115.64409,
            44.08115
          ],
          [
            -115.64396,
            44.08109
          ],
          [
            -115.6438,
            44.08101
          ],
          [
            -115.64367,
            44.08093
          ],
          [
            -115.64354,
            44.08085
          ],
          [
            -115.6435,
            44.08082
          ],
          [
            -115.64344,
            44.08078
          ],
          [
            -115.64333,
            44.08068
          ],
          [
            -115.64322,
            44.08059
          ],
          [
            -115.64318,
            44.08054
          ],
          [
            -115.64314,
            44.08049
          ],
          [
            -115.64306,
            44.0804
          ],
          [
            -115.64299,
            44.0803
          ],
          [
            -115.64294,
            44.08022
          ],
          [
            -115.64289,
            44.08016
          ],
          [
            -115.64269,
            44.07987
          ],
          [
            -115.64258,
            44.07972
          ],
          [
            -115.6425,
            44.07963
          ],
          [
            -115.64247,
            44.07959
          ],
          [
            -115.64243,
            44.07956
          ],
          [
            -115.64233,
            44.07947
          ],
          [
            -115.64231,
            44.07945
          ],
          [
            -115.64226,
            44.07941
          ],
          [
            -115.64217,
            44.07936
          ],
          [
            -115.64211,
            44.07933
          ],
          [
            -115.64198,
            44.07927
          ],
          [
            -115.6419,
            44.07924
          ],
          [
            -115.64185,
            44.07923
          ],
          [
            -115.64174,
            44.07919
          ],
          [
            -115.64167,
            44.07918
          ],
          [
            -115.64162,
            44.07916
          ],
          [
            -115.64144,
            44.07914
          ],
          [
            -115.64143,
            44.07914
          ],
          [
            -115.64128,
            44.07913
          ],
          [
            -115.64118,
            44.07913
          ],
          [
            -115.64111,
            44.07913
          ],
          [
            -115.64097,
            44.07914
          ],
          [
            -115.64082,
            44.07916
          ],
          [
            -115.64069,
            44.07919
          ],
          [
            -115.64056,
            44.07923
          ],
          [
            -115.64047,
            44.07926
          ],
          [
            -115.64046,
            44.07926
          ],
          [
            -115.64039,
            44.07929
          ],
          [
            -115.64026,
            44.07935
          ],
          [
            -115.64015,
            44.07941
          ],
          [
            -115.64006,
            44.07948
          ],
          [
            -115.63995,
            44.07958
          ],
          [
            -115.63991,
            44.07962
          ],
          [
            -115.63988,
            44.07966
          ],
          [
            -115.63981,
            44.07975
          ],
          [
            -115.63979,
            44.07978
          ],
          [
            -115.63977,
            44.07982
          ],
          [
            -115.63973,
            44.07989
          ],
          [
            -115.63969,
            44.08
          ],
          [
            -115.63966,
            44.08013
          ],
          [
            -115.63965,
            44.08024
          ],
          [
            -115.63966,
            44.08031
          ],
          [
            -115.63968,
            44.08048
          ],
          [
            -115.63972,
            44.08063
          ],
          [
            -115.63976,
            44.08084
          ],
          [
            -115.6398,
            44.08102
          ],
          [
            -115.63981,
            44.08106
          ],
          [
            -115.63984,
            44.08119
          ],
          [
            -115.63989,
            44.08141
          ],
          [
            -115.63993,
            44.08155
          ],
          [
            -115.63995,
            44.0816
          ],
          [
            -115.63998,
            44.08167
          ],
          [
            -115.64,
            44.08172
          ],
          [
            -115.64001,
            44.08174
          ],
          [
            -115.64009,
            44.08188
          ],
          [
            -115.64009,
            44.08189
          ],
          [
            -115.64014,
            44.08196
          ],
          [
            -115.64021,
            44.08205
          ],
          [
            -115.64029,
            44.08214
          ],
          [
            -115.64051,
            44.0824
          ],
          [
            -115.64071,
            44.08264
          ],
          [
            -115.64073,
            44.08266
          ],
          [
            -115.64082,
            44.08277
          ],
          [
            -115.64085,
            44.08282
          ],
          [
            -115.64088,
            44.08286
          ],
          [
            -115.64093,
            44.08295
          ],
          [
            -115.64097,
            44.08304
          ],
          [
            -115.64102,
            44.08316
          ],
          [
            -115.64103,
            44.08318
          ],
          [
            -115.64106,
            44.0833
          ],
          [
            -115.64108,
            44.08341
          ],
          [
            -115.64109,
            44.08348
          ],
          [
            -115.6411,
            44.08361
          ],
          [
            -115.6411,
            44.08369
          ],
          [
            -115.6411,
            44.08376
          ],
          [
            -115.64109,
            44.08387
          ],
          [
            -115.64109,
            44.08389
          ],
          [
            -115.64106,
            44.08404
          ],
          [
            -115.64105,
            44.08405
          ],
          [
            -115.64102,
            44.08417
          ],
          [
            -115.64096,
            44.08432
          ],
          [
            -115.64092,
            44.0844
          ],
          [
            -115.64088,
            44.08448
          ],
          [
            -115.64075,
            44.08473
          ],
          [
            -115.64072,
            44.0848
          ],
          [
            -115.64062,
            44.08497
          ],
          [
            -115.64051,
            44.08513
          ],
          [
            -115.64037,
            44.08526
          ],
          [
            -115.64025,
            44.08535
          ],
          [
            -115.64015,
            44.08541
          ],
          [
            -115.64008,
            44.08545
          ],
          [
            -115.64,
            44.08549
          ],
          [
            -115.63997,
            44.0855
          ],
          [
            -115.6399,
            44.08553
          ],
          [
            -115.63981,
            44.08556
          ],
          [
            -115.63974,
            44.08558
          ],
          [
            -115.63964,
            44.08561
          ],
          [
            -115.63953,
            44.08563
          ],
          [
            -115.6395,
            44.08563
          ],
          [
            -115.63941,
            44.08565
          ],
          [
            -115.63926,
            44.08566
          ],
          [
            -115.63911,
            44.08566
          ],
          [
            -115.63901,
            44.08565
          ],
          [
            -115.63897,
            44.08565
          ],
          [
            -115.63885,
            44.08564
          ],
          [
            -115.63876,
            44.08562
          ],
          [
            -115.63875,
            44.08562
          ],
          [
            -115.63861,
            44.08559
          ],
          [
            -115.63847,
            44.08554
          ],
          [
            -115.63834,
            44.08548
          ],
          [
            -115.63831,
            44.08547
          ],
          [
            -115.63822,
            44.08543
          ],
          [
            -115.63811,
            44.08537
          ],
          [
            -115.6381,
            44.08537
          ],
          [
            -115.63791,
            44.08527
          ],
          [
            -115.63742,
            44.08502
          ],
          [
            -115.63719,
            44.08491
          ],
          [
            -115.63687,
            44.08475
          ],
          [
            -115.63675,
            44.08469
          ],
          [
            -115.63666,
            44.08465
          ],
          [
            -115.63648,
            44.08456
          ],
          [
            -115.63646,
            44.08455
          ],
          [
            -115.63632,
            44.08447
          ],
          [
            -115.63626,
            44.08443
          ],
          [
            -115.6362,
            44.08439
          ],
          [
            -115.63609,
            44.08431
          ],
          [
            -115.63608,
            44.08431
          ],
          [
            -115.63602,
            44.08425
          ],
          [
            -115.63593,
            44.08416
          ],
          [
            -115.63592,
            44.08415
          ],
          [
            -115.63585,
            44.08407
          ],
          [
            -115.63581,
            44.08401
          ],
          [
            -115.63577,
            44.08395
          ],
          [
            -115.63571,
            44.08384
          ],
          [
            -115.63567,
            44.08379
          ],
          [
            -115.6356,
            44.08368
          ],
          [
            -115.63553,
            44.08356
          ],
          [
            -115.6355,
            44.08352
          ],
          [
            -115.6354,
            44.08336
          ],
          [
            -115.63534,
            44.08326
          ],
          [
            -115.63528,
            44.08318
          ],
          [
            -115.63521,
            44.08309
          ],
          [
            -115.63515,
            44.08304
          ],
          [
            -115.63508,
            44.08297
          ],
          [
            -115.63499,
            44.08291
          ],
          [
            -115.63491,
            44.08286
          ],
          [
            -115.6348,
            44.08279
          ],
          [
            -115.63471,
            44.08275
          ],
          [
            -115.63461,
            44.08271
          ],
          [
            -115.63458,
            44.0827
          ],
          [
            -115.63452,
            44.08268
          ],
          [
            -115.63439,
            44.08264
          ],
          [
            -115.63424,
            44.0826
          ],
          [
            -115.63411,
            44.08258
          ],
          [
            -115.63406,
            44.08257
          ],
          [
            -115.63392,
            44.08256
          ],
          [
            -115.63386,
            44.08256
          ],
          [
            -115.63381,
            44.08256
          ],
          [
            -115.63364,
            44.08257
          ],
          [
            -115.63351,
            44.08259
          ],
          [
            -115.63337,
            44.08261
          ],
          [
            -115.63321,
            44.08265
          ],
          [
            -115.63313,
            44.08268
          ],
          [
            -115.63306,
            44.08271
          ],
          [
            -115.63292,
            44.08277
          ],
          [
            -115.63291,
            44.08277
          ],
          [
            -115.63279,
            44.08283
          ],
          [
            -115.63272,
            44.08288
          ],
          [
            -115.63269,
            44.0829
          ],
          [
            -115.63254,
            44.08301
          ],
          [
            -115.63237,
            44.08314
          ],
          [
            -115.63226,
            44.08323
          ],
          [
            -115.63182,
            44.08359
          ],
          [
            -115.63154,
            44.08381
          ],
          [
            -115.63139,
            44.08393
          ],
          [
            -115.63137,
            44.08394
          ],
          [
            -115.63093,
            44.08428
          ],
          [
            -115.6307,
            44.08447
          ],
          [
            -115.63052,
            44.08458
          ],
          [
            -115.6303,
            44.08472
          ],
          [
            -115.63016,
            44.0848
          ],
          [
            -115.62996,
            44.08491
          ],
          [
            -115.62992,
            44.08493
          ],
          [
            -115.62975,
            44.08501
          ],
          [
            -115.62971,
            44.08503
          ],
          [
            -115.6295,
            44.08512
          ],
          [
            -115.6292,
            44.08527
          ],
          [
            -115.62908,
            44.08532
          ],
          [
            -115.62891,
            44.0854
          ],
          [
            -115.62887,
            44.08541
          ],
          [
            -115.62867,
            44.0855
          ],
          [
            -115.62848,
            44.08556
          ],
          [
            -115.62828,
            44.08562
          ],
          [
            -115.62819,
            44.08564
          ],
          [
            -115.62808,
            44.08566
          ],
          [
            -115.62795,
            44.08569
          ],
          [
            -115.62793,
            44.0857
          ],
          [
            -115.62771,
            44.08574
          ],
          [
            -115.62762,
            44.08575
          ],
          [
            -115.62674,
            44.08592
          ],
          [
            -115.62653,
            44.08596
          ],
          [
            -115.62609,
            44.08603
          ],
          [
            -115.62594,
            44.08606
          ],
          [
            -115.62581,
            44.08607
          ],
          [
            -115.62576,
            44.08607
          ],
          [
            -115.62567,
            44.08608
          ],
          [
            -115.62553,
            44.08608
          ],
          [
            -115.62551,
            44.08608
          ],
          [
            -115.62539,
            44.08608
          ],
          [
            -115.62506,
            44.08607
          ],
          [
            -115.62476,
            44.08605
          ],
          [
            -115.62426,
            44.08602
          ],
          [
            -115.62375,
            44.08599
          ],
          [
            -115.62347,
            44.08598
          ],
          [
            -115.62332,
            44.08597
          ],
          [
            -115.62314,
            44.08596
          ],
          [
            -115.62299,
            44.08595
          ],
          [
            -115.62287,
            44.08593
          ],
          [
            -115.62275,
            44.08591
          ],
          [
            -115.62257,
            44.08588
          ],
          [
            -115.62231,
            44.08583
          ],
          [
            -115.62203,
            44.08576
          ],
          [
            -115.62176,
            44.0857
          ],
          [
            -115.62153,
            44.08566
          ],
          [
            -115.62122,
            44.08559
          ],
          [
            -115.62089,
            44.08552
          ],
          [
            -115.62071,
            44.08548
          ],
          [
            -115.62047,
            44.08543
          ],
          [
            -115.62042,
            44.08542
          ],
          [
            -115.62041,
            44.08542
          ],
          [
            -115.62035,
            44.08541
          ],
          [
            -115.62022,
            44.08538
          ],
          [
            -115.62019,
            44.08538
          ],
          [
            -115.62017,
            44.08537
          ],
          [
            -115.61981,
            44.08533
          ],
          [
            -115.61973,
            44.08532
          ],
          [
            -115.61958,
            44.08531
          ],
          [
            -115.61948,
            44.0853
          ],
          [
            -115.61943,
            44.08529
          ],
          [
            -115.61928,
            44.08527
          ],
          [
            -115.61924,
            44.08527
          ],
          [
            -115.61895,
            44.08523
          ],
          [
            -115.61893,
            44.08522
          ],
          [
            -115.61873,
            44.08519
          ],
          [
            -115.61854,
            44.08514
          ],
          [
            -115.61837,
            44.0851
          ],
          [
            -115.61827,
            44.08508
          ],
          [
            -115.61793,
            44.08499
          ],
          [
            -115.61775,
            44.08494
          ],
          [
            -115.6177,
            44.08492
          ],
          [
            -115.61731,
            44.08481
          ],
          [
            -115.6171,
            44.08473
          ],
          [
            -115.61707,
            44.08472
          ],
          [
            -115.61687,
            44.08463
          ],
          [
            -115.61686,
            44.08462
          ],
          [
            -115.61677,
            44.08458
          ],
          [
            -115.61664,
            44.08452
          ],
          [
            -115.61647,
            44.08442
          ],
          [
            -115.61632,
            44.08434
          ],
          [
            -115.61626,
            44.0843
          ],
          [
            -115.61617,
            44.08424
          ],
          [
            -115.61608,
            44.08417
          ],
          [
            -115.616,
            44.08412
          ],
          [
            -115.61585,
            44.084
          ],
          [
            -115.61574,
            44.08391
          ],
          [
            -115.6155,
            44.08368
          ],
          [
            -115.61539,
            44.08358
          ],
          [
            -115.61532,
            44.0835
          ],
          [
            -115.61506,
            44.08319
          ],
          [
            -115.61484,
            44.08287
          ],
          [
            -115.61471,
            44.08268
          ],
          [
            -115.61462,
            44.08254
          ],
          [
            -115.61444,
            44.08224
          ],
          [
            -115.6144448,
            44.0822447
          ],
          [
            -115.61423,
            44.08228
          ],
          [
            -115.61394,
            44.08232
          ],
          [
            -115.61349,
            44.08238
          ],
          [
            -115.6133,
            44.08241
          ],
          [
            -115.61256,
            44.08251
          ],
          [
            -115.61248,
            44.08252
          ],
          [
            -115.61243,
            44.08253
          ],
          [
            -115.61231,
            44.08254
          ],
          [
            -115.61201,
            44.08258
          ],
          [
            -115.61164,
            44.0826
          ],
          [
            -115.61145,
            44.08262
          ],
          [
            -115.6113,
            44.08262
          ],
          [
            -115.6111,
            44.08263
          ],
          [
            -115.61095,
            44.08263
          ],
          [
            -115.6109,
            44.08262
          ],
          [
            -115.61074,
            44.08262
          ],
          [
            -115.61065,
            44.08261
          ],
          [
            -115.61049,
            44.0826
          ],
          [
            -115.6103,
            44.08258
          ],
          [
            -115.61011,
            44.08255
          ],
          [
            -115.60995,
            44.08252
          ],
          [
            -115.60976,
            44.08248
          ],
          [
            -115.60962,
            44.08245
          ],
          [
            -115.60945,
            44.0824
          ],
          [
            -115.60943,
            44.0824
          ],
          [
            -115.60935,
            44.08237
          ],
          [
            -115.60924,
            44.08233
          ],
          [
            -115.6091,
            44.08228
          ],
          [
            -115.60899,
            44.08224
          ],
          [
            -115.60889,
            44.0822
          ],
          [
            -115.60877,
            44.08214
          ],
          [
            -115.6087,
            44.08211
          ],
          [
            -115.60856,
            44.08205
          ],
          [
            -115.60833,
            44.08194
          ],
          [
            -115.60773,
            44.08164
          ],
          [
            -115.60753,
            44.08154
          ],
          [
            -115.60707,
            44.08131
          ],
          [
            -115.60687,
            44.0812
          ],
          [
            -115.60678,
            44.08114
          ],
          [
            -115.60664,
            44.08108
          ],
          [
            -115.60647,
            44.081
          ],
          [
            -115.60625,
            44.0809
          ],
          [
            -115.60604,
            44.0808
          ],
          [
            -115.60568,
            44.08064
          ],
          [
            -115.60519,
            44.0804
          ],
          [
            -115.60465,
            44.08014
          ],
          [
            -115.60447,
            44.08006
          ],
          [
            -115.60444,
            44.08004
          ],
          [
            -115.60427,
            44.07996
          ],
          [
            -115.60424,
            44.07994
          ],
          [
            -115.60391,
            44.07977
          ],
          [
            -115.60329,
            44.07948
          ],
          [
            -115.60285,
            44.07927
          ],
          [
            -115.60224,
            44.07898
          ],
          [
            -115.60192,
            44.07883
          ],
          [
            -115.60168,
            44.07874
          ],
          [
            -115.60148,
            44.07868
          ],
          [
            -115.60142,
            44.07866
          ],
          [
            -115.60128,
            44.07862
          ],
          [
            -115.60099,
            44.07855
          ],
          [
            -115.60064,
            44.07847
          ],
          [
            -115.60061,
            44.07847
          ],
          [
            -115.60019,
            44.07837
          ],
          [
            -115.60004,
            44.07833
          ],
          [
            -115.5998,
            44.07825
          ],
          [
            -115.5996,
            44.07818
          ],
          [
            -115.59949,
            44.07813
          ],
          [
            -115.5994,
            44.0781
          ],
          [
            -115.59939,
            44.07809
          ],
          [
            -115.59938,
            44.07809
          ],
          [
            -115.5993,
            44.07805
          ],
          [
            -115.59928,
            44.07804
          ],
          [
            -115.59918,
            44.07799
          ],
          [
            -115.59914,
            44.07797
          ],
          [
            -115.5991,
            44.07795
          ],
          [
            -115.59904,
            44.07792
          ],
          [
            -115.59892,
            44.07785
          ],
          [
            -115.59873,
            44.07772
          ],
          [
            -115.59869,
            44.0777
          ],
          [
            -115.59844,
            44.07752
          ],
          [
            -115.59831,
            44.0774
          ],
          [
            -115.5981,
            44.0772
          ],
          [
            -115.59806,
            44.07714
          ],
          [
            -115.59794,
            44.07701
          ],
          [
            -115.59793,
            44.07699
          ],
          [
            -115.59787,
            44.07693
          ],
          [
            -115.59787,
            44.07692
          ],
          [
            -115.59786,
            44.07691
          ],
          [
            -115.59768,
            44.07666
          ],
          [
            -115.59748,
            44.07637
          ],
          [
            -115.59742,
            44.07629
          ],
          [
            -115.59731,
            44.07614
          ],
          [
            -115.59724,
            44.07605
          ],
          [
            -115.59717,
            44.07597
          ],
          [
            -115.59709,
            44.07588
          ],
          [
            -115.59696,
            44.07576
          ],
          [
            -115.59687,
            44.07568
          ],
          [
            -115.59684,
            44.07566
          ],
          [
            -115.5967,
            44.07556
          ],
          [
            -115.59667,
            44.07554
          ],
          [
            -115.59652,
            44.07544
          ],
          [
            -115.59639,
            44.07537
          ],
          [
            -115.59625,
            44.0753
          ],
          [
            -115.5961,
            44.07524
          ],
          [
            -115.59598,
            44.07519
          ],
          [
            -115.59581,
            44.07513
          ],
          [
            -115.59562,
            44.07508
          ],
          [
            -115.59546,
            44.07504
          ],
          [
            -115.5954,
            44.07503
          ],
          [
            -115.59524,
            44.075
          ],
          [
            -115.59516,
            44.07499
          ],
          [
            -115.59488,
            44.07496
          ],
          [
            -115.59466,
            44.07494
          ],
          [
            -115.59442,
            44.07491
          ],
          [
            -115.59417,
            44.07489
          ],
          [
            -115.59367,
            44.07484
          ],
          [
            -115.59362,
            44.07483
          ],
          [
            -115.59343,
            44.0748
          ],
          [
            -115.59321,
            44.07476
          ],
          [
            -115.59319,
            44.07475
          ],
          [
            -115.59292,
            44.07469
          ],
          [
            -115.59273,
            44.07464
          ],
          [
            -115.59251,
            44.07458
          ],
          [
            -115.59217,
            44.07443
          ],
          [
            -115.59198,
            44.07435
          ],
          [
            -115.59197,
            44.07434
          ],
          [
            -115.59185,
            44.07429
          ],
          [
            -115.59113,
            44.07397
          ],
          [
            -115.59009,
            44.07351
          ],
          [
            -115.58971,
            44.07334
          ],
          [
            -115.58948,
            44.07323
          ],
          [
            -115.58946,
            44.07323
          ],
          [
            -115.58943,
            44.07322
          ],
          [
            -115.58884,
            44.07295
          ],
          [
            -115.5883,
            44.0727
          ],
          [
            -115.58815,
            44.07264
          ],
          [
            -115.58797,
            44.07256
          ],
          [
            -115.58794,
            44.07255
          ],
          [
            -115.58774,
            44.07248
          ],
          [
            -115.58771,
            44.07247
          ],
          [
            -115.58758,
            44.07243
          ],
          [
            -115.58745,
            44.07239
          ],
          [
            -115.58728,
            44.07235
          ],
          [
            -115.58713,
            44.07233
          ],
          [
            -115.58692,
            44.07231
          ],
          [
            -115.58674,
            44.07231
          ],
          [
            -115.58647,
            44.07232
          ],
          [
            -115.58625,
            44.07234
          ],
          [
            -115.58617,
            44.07235
          ],
          [
            -115.586,
            44.07237
          ],
          [
            -115.58575,
            44.07239
          ],
          [
            -115.5856,
            44.07241
          ],
          [
            -115.5855,
            44.07242
          ],
          [
            -115.58526,
            44.07245
          ],
          [
            -115.58515,
            44.07246
          ],
          [
            -115.58494,
            44.07247
          ],
          [
            -115.58473,
            44.07248
          ],
          [
            -115.58455,
            44.07247
          ],
          [
            -115.58451,
            44.07247
          ],
          [
            -115.58439,
            44.07246
          ],
          [
            -115.58426,
            44.07245
          ],
          [
            -115.58401,
            44.07242
          ],
          [
            -115.584,
            44.07242
          ],
          [
            -115.58377,
            44.07239
          ],
          [
            -115.58376,
            44.07239
          ],
          [
            -115.58352,
            44.07234
          ],
          [
            -115.58348,
            44.07234
          ],
          [
            -115.58328,
            44.07229
          ],
          [
            -115.58326,
            44.07229
          ],
          [
            -115.58305,
            44.07224
          ],
          [
            -115.58287,
            44.07217
          ],
          [
            -115.58282,
            44.07215
          ],
          [
            -115.58271,
            44.0721
          ],
          [
            -115.58256,
            44.07201
          ],
          [
            -115.58245,
            44.07192
          ],
          [
            -115.58241,
            44.07189
          ],
          [
            -115.58229,
            44.07178
          ],
          [
            -115.5822,
            44.07168
          ],
          [
            -115.582,
            44.07148
          ],
          [
            -115.58193,
            44.07141
          ],
          [
            -115.58184,
            44.07134
          ],
          [
            -115.58174,
            44.07127
          ],
          [
            -115.58164,
            44.0712
          ],
          [
            -115.58151,
            44.07113
          ],
          [
            -115.58139,
            44.07108
          ],
          [
            -115.58126,
            44.07103
          ],
          [
            -115.58124,
            44.07103
          ],
          [
            -115.58113,
            44.07101
          ],
          [
            -115.58101,
            44.07099
          ],
          [
            -115.581,
            44.07099
          ],
          [
            -115.58085,
            44.07097
          ],
          [
            -115.58075,
            44.07097
          ],
          [
            -115.5807,
            44.07097
          ],
          [
            -115.58056,
            44.07098
          ],
          [
            -115.5805,
            44.07099
          ],
          [
            -115.58043,
            44.071
          ],
          [
            -115.58026,
            44.07105
          ],
          [
            -115.58013,
            44.0711
          ],
          [
            -115.57998,
            44.07117
          ],
          [
            -115.57989,
            44.07122
          ],
          [
            -115.57985,
            44.07125
          ],
          [
            -115.57979,
            44.07129
          ],
          [
            -115.57968,
            44.07138
          ],
          [
            -115.57951,
            44.07151
          ],
          [
            -115.57935,
            44.07165
          ],
          [
            -115.57932,
            44.07167
          ],
          [
            -115.57924,
            44.07173
          ],
          [
            -115.57915,
            44.07178
          ],
          [
            -115.57899,
            44.07188
          ],
          [
            -115.57879,
            44.07197
          ],
          [
            -115.57861,
            44.07205
          ],
          [
            -115.57854,
            44.07207
          ],
          [
            -115.57842,
            44.07211
          ],
          [
            -115.57831,
            44.07213
          ],
          [
            -115.57816,
            44.07217
          ],
          [
            -115.578,
            44.0722
          ],
          [
            -115.57788,
            44.07221
          ],
          [
            -115.57769,
            44.07222
          ],
          [
            -115.57758,
            44.07222
          ],
          [
            -115.57752,
            44.07222
          ],
          [
            -115.57733,
            44.07221
          ],
          [
            -115.57717,
            44.07219
          ],
          [
            -115.57708,
            44.07217
          ],
          [
            -115.57698,
            44.07215
          ],
          [
            -115.57684,
            44.07212
          ],
          [
            -115.57682,
            44.07211
          ],
          [
            -115.57665,
            44.07206
          ],
          [
            -115.57661,
            44.07205
          ],
          [
            -115.57645,
            44.07199
          ],
          [
            -115.57639,
            44.07197
          ],
          [
            -115.57617,
            44.07188
          ],
          [
            -115.57596,
            44.07179
          ],
          [
            -115.57581,
            44.07173
          ],
          [
            -115.57545,
            44.07157
          ],
          [
            -115.57481,
            44.07129
          ],
          [
            -115.57467,
            44.07123
          ],
          [
            -115.57439,
            44.07111
          ],
          [
            -115.57416,
            44.07102
          ],
          [
            -115.57397,
            44.07097
          ],
          [
            -115.57383,
            44.07094
          ],
          [
            -115.57377,
            44.07093
          ],
          [
            -115.5737,
            44.07092
          ],
          [
            -115.57358,
            44.07091
          ],
          [
            -115.57345,
            44.0709
          ],
          [
            -115.57338,
            44.0709
          ],
          [
            -115.5732,
            44.0709
          ],
          [
            -115.57318,
            44.07091
          ],
          [
            -115.57308,
            44.07092
          ],
          [
            -115.57306,
            44.07092
          ],
          [
            -115.57296,
            44.07093
          ],
          [
            -115.57295,
            44.07093
          ],
          [
            -115.57278,
            44.07097
          ],
          [
            -115.57271,
            44.07099
          ],
          [
            -115.57263,
            44.07102
          ],
          [
            -115.57249,
            44.07107
          ],
          [
            -115.57248,
            44.07107
          ],
          [
            -115.57231,
            44.07115
          ],
          [
            -115.57202,
            44.07132
          ],
          [
            -115.57189,
            44.0714
          ],
          [
            -115.57188,
            44.07141
          ],
          [
            -115.57173,
            44.07149
          ],
          [
            -115.5717,
            44.07151
          ],
          [
            -115.57154,
            44.07159
          ],
          [
            -115.5715,
            44.07162
          ],
          [
            -115.57144,
            44.07164
          ],
          [
            -115.57135,
            44.07168
          ],
          [
            -115.57115,
            44.07174
          ],
          [
            -115.57104,
            44.07177
          ],
          [
            -115.57099,
            44.07178
          ],
          [
            -115.57093,
            44.07179
          ],
          [
            -115.57089,
            44.07179
          ],
          [
            -115.5708,
            44.07181
          ],
          [
            -115.57067,
            44.07181
          ],
          [
            -115.57056,
            44.07182
          ],
          [
            -115.57055,
            44.07182
          ],
          [
            -115.57045,
            44.07181
          ],
          [
            -115.57037,
            44.07181
          ],
          [
            -115.5703,
            44.0718
          ],
          [
            -115.57028,
            44.0718
          ],
          [
            -115.57012,
            44.07177
          ],
          [
            -115.56998,
            44.07173
          ],
          [
            -115.56985,
            44.0717
          ],
          [
            -115.56961,
            44.0716
          ],
          [
            -115.56954,
            44.07158
          ],
          [
            -115.56951,
            44.07156
          ],
          [
            -115.56923,
            44.07144
          ],
          [
            -115.56904,
            44.07138
          ],
          [
            -115.56894,
            44.07136
          ],
          [
            -115.56889,
            44.07134
          ],
          [
            -115.56875,
            44.07133
          ],
          [
            -115.56869,
            44.07132
          ],
          [
            -115.56864,
            44.07132
          ],
          [
            -115.56847,
            44.07133
          ],
          [
            -115.56844,
            44.07133
          ],
          [
            -115.56829,
            44.07135
          ],
          [
            -115.56815,
            44.07138
          ],
          [
            -115.56797,
            44.07143
          ],
          [
            -115.5678,
            44.07148
          ],
          [
            -115.56774,
            44.0715
          ],
          [
            -115.56763,
            44.07153
          ],
          [
            -115.56756,
            44.07156
          ],
          [
            -115.5675,
            44.07157
          ],
          [
            -115.56742,
            44.07158
          ],
          [
            -115.56728,
            44.0716
          ],
          [
            -115.56712,
            44.07161
          ],
          [
            -115.56694,
            44.0716
          ],
          [
            -115.56679,
            44.07158
          ],
          [
            -115.56666,
            44.07156
          ],
          [
            -115.56628,
            44.07149
          ],
          [
            -115.56621,
            44.07148
          ],
          [
            -115.56603,
            44.07145
          ],
          [
            -115.56592,
            44.07142
          ],
          [
            -115.56579,
            44.0714
          ],
          [
            -115.5657,
            44.07138
          ],
          [
            -115.56537,
            44.07133
          ],
          [
            -115.5652,
            44.07132
          ],
          [
            -115.56508,
            44.07131
          ],
          [
            -115.56505,
            44.07132
          ],
          [
            -115.56494,
            44.07132
          ],
          [
            -115.56492,
            44.07132
          ],
          [
            -115.56475,
            44.07134
          ],
          [
            -115.56459,
            44.07138
          ],
          [
            -115.56456,
            44.07138
          ],
          [
            -115.56445,
            44.07142
          ],
          [
            -115.56434,
            44.07147
          ],
          [
            -115.56424,
            44.07152
          ],
          [
            -115.56414,
            44.07158
          ],
          [
            -115.56413,
            44.07159
          ],
          [
            -115.56402,
            44.07167
          ],
          [
            -115.56398,
            44.07171
          ],
          [
            -115.56397,
            44.07172
          ],
          [
            -115.56392,
            44.07177
          ],
          [
            -115.56386,
            44.07187
          ],
          [
            -115.56385,
            44.07187
          ],
          [
            -115.56381,
            44.07193
          ],
          [
            -115.56377,
            44.07204
          ],
          [
            -115.56376,
            44.07207
          ],
          [
            -115.56373,
            44.07216
          ],
          [
            -115.56372,
            44.07221
          ],
          [
            -115.56371,
            44.07226
          ],
          [
            -115.56369,
            44.07239
          ],
          [
            -115.56369,
            44.07247
          ],
          [
            -115.56368,
            44.07257
          ],
          [
            -115.56367,
            44.0726
          ],
          [
            -115.56364,
            44.07282
          ],
          [
            -115.56362,
            44.07293
          ],
          [
            -115.5636,
            44.07301
          ],
          [
            -115.56352,
            44.07324
          ],
          [
            -115.5635,
            44.07328
          ],
          [
            -115.56341,
            44.07353
          ],
          [
            -115.5633,
            44.0738
          ],
          [
            -115.56326,
            44.0739
          ],
          [
            -115.56315,
            44.07417
          ],
          [
            -115.56302,
            44.0745
          ],
          [
            -115.56295,
            44.07465
          ],
          [
            -115.56286,
            44.07479
          ],
          [
            -115.56278,
            44.07489
          ],
          [
            -115.56271,
            44.07497
          ],
          [
            -115.56259,
            44.07507
          ],
          [
            -115.56249,
            44.07514
          ],
          [
            -115.56237,
            44.0752
          ],
          [
            -115.56234,
            44.07522
          ],
          [
            -115.56226,
            44.07525
          ],
          [
            -115.56215,
            44.07529
          ],
          [
            -115.56204,
            44.07532
          ],
          [
            -115.56194,
            44.07535
          ],
          [
            -115.56188,
            44.07536
          ],
          [
            -115.56183,
            44.07537
          ],
          [
            -115.56168,
            44.07538
          ],
          [
            -115.56154,
            44.07539
          ],
          [
            -115.56153,
            44.07539
          ],
          [
            -115.56137,
            44.07539
          ],
          [
            -115.56122,
            44.07539
          ],
          [
            -115.5611,
            44.07538
          ],
          [
            -115.56085,
            44.07534
          ],
          [
            -115.56055,
            44.07528
          ],
          [
            -115.56053,
            44.07527
          ],
          [
            -115.56031,
            44.07522
          ],
          [
            -115.56006,
            44.07517
          ],
          [
            -115.55895,
            44.07492
          ],
          [
            -115.5585,
            44.07483
          ],
          [
            -115.55825,
            44.0748
          ],
          [
            -115.55785,
            44.07475
          ],
          [
            -115.55724,
            44.07469
          ],
          [
            -115.5571,
            44.07468
          ],
          [
            -115.55699,
            44.07467
          ],
          [
            -115.55656,
            44.07463
          ],
          [
            -115.55649,
            44.07462
          ],
          [
            -115.55633,
            44.07461
          ],
          [
            -115.55614,
            44.07461
          ],
          [
            -115.55593,
            44.07461
          ],
          [
            -115.55582,
            44.07462
          ],
          [
            -115.55574,
            44.07463
          ],
          [
            -115.55556,
            44.07467
          ],
          [
            -115.55543,
            44.07471
          ],
          [
            -115.55521,
            44.07479
          ],
          [
            -115.55494,
            44.07491
          ],
          [
            -115.55472,
            44.075
          ],
          [
            -115.55451,
            44.07507
          ],
          [
            -115.55435,
            44.07511
          ],
          [
            -115.55424,
            44.07513
          ],
          [
            -115.55414,
            44.07514
          ],
          [
            -115.55403,
            44.07515
          ],
          [
            -115.55391,
            44.07515
          ],
          [
            -115.55377,
            44.07514
          ],
          [
            -115.55374,
            44.07514
          ],
          [
            -115.55364,
            44.07512
          ],
          [
            -115.55353,
            44.0751
          ],
          [
            -115.55346,
            44.07508
          ],
          [
            -115.5533,
            44.07504
          ],
          [
            -115.55329,
            44.07504
          ],
          [
            -115.55322,
            44.07501
          ],
          [
            -115.55314,
            44.07497
          ],
          [
            -115.55304,
            44.07492
          ],
          [
            -115.55294,
            44.07487
          ],
          [
            -115.55288,
            44.07483
          ],
          [
            -115.55281,
            44.07479
          ],
          [
            -115.5527,
            44.07471
          ],
          [
            -115.55253,
            44.07458
          ],
          [
            -115.5523,
            44.07439
          ],
          [
            -115.55215,
            44.07426
          ],
          [
            -115.55208,
            44.07418
          ],
          [
            -115.55206,
            44.07416
          ],
          [
            -115.55204,
            44.07413
          ],
          [
            -115.55199,
            44.07406
          ],
          [
            -115.55195,
            44.074
          ],
          [
            -115.55194,
            44.07399
          ],
          [
            -115.55187,
            44.07383
          ],
          [
            -115.55183,
            44.07374
          ],
          [
            -115.55172,
            44.0735
          ],
          [
            -115.55166,
            44.07339
          ],
          [
            -115.5516,
            44.07329
          ],
          [
            -115.55156,
            44.07323
          ],
          [
            -115.55151,
            44.07317
          ],
          [
            -115.55136,
            44.07303
          ],
          [
            -115.55134,
            44.07301
          ],
          [
            -115.5512,
            44.0729
          ],
          [
            -115.55115,
            44.07285
          ],
          [
            -115.55103,
            44.07276
          ],
          [
            -115.55102,
            44.07275
          ],
          [
            -115.55086,
            44.07263
          ],
          [
            -115.55076,
            44.07256
          ],
          [
            -115.55059,
            44.07244
          ],
          [
            -115.55027,
            44.07227
          ],
          [
            -115.54995,
            44.07216
          ],
          [
            -115.5497,
            44.07209
          ],
          [
            -115.54954,
            44.07207
          ],
          [
            -115.5493,
            44.07205
          ],
          [
            -115.54927,
            44.07204
          ],
          [
            -115.54912,
            44.07204
          ],
          [
            -115.54904,
            44.07204
          ],
          [
            -115.54899,
            44.07204
          ],
          [
            -115.54883,
            44.07204
          ],
          [
            -115.54868,
            44.07205
          ],
          [
            -115.54855,
            44.07207
          ],
          [
            -115.54854,
            44.07207
          ],
          [
            -115.54849,
            44.07208
          ],
          [
            -115.54831,
            44.07211
          ],
          [
            -115.5483,
            44.07212
          ],
          [
            -115.54813,
            44.07216
          ],
          [
            -115.54806,
            44.07218
          ],
          [
            -115.548,
            44.0722
          ],
          [
            -115.54785,
            44.07225
          ],
          [
            -115.54784,
            44.07226
          ],
          [
            -115.54771,
            44.0723
          ],
          [
            -115.54741,
            44.07242
          ],
          [
            -115.54698,
            44.07261
          ],
          [
            -115.54697,
            44.07261
          ],
          [
            -115.54696,
            44.07262
          ],
          [
            -115.54676,
            44.0727
          ],
          [
            -115.54654,
            44.07279
          ],
          [
            -115.54653,
            44.0728
          ],
          [
            -115.5462,
            44.07294
          ],
          [
            -115.54611,
            44.07297
          ],
          [
            -115.54597,
            44.07303
          ],
          [
            -115.54589,
            44.07306
          ],
          [
            -115.54573,
            44.07312
          ],
          [
            -115.54567,
            44.07314
          ],
          [
            -115.54566,
            44.07314
          ],
          [
            -115.54557,
            44.07316
          ],
          [
            -115.54545,
            44.0732
          ],
          [
            -115.54543,
            44.0732
          ],
          [
            -115.54542,
            44.0732
          ],
          [
            -115.54533,
            44.07322
          ],
          [
            -115.5452,
            44.07324
          ],
          [
            -115.54499,
            44.07326
          ],
          [
            -115.54494,
            44.07327
          ],
          [
            -115.54485,
            44.07327
          ],
          [
            -115.54469,
            44.07327
          ],
          [
            -115.54468,
            44.07327
          ],
          [
            -115.54466,
            44.07327
          ],
          [
            -115.54446,
            44.07326
          ],
          [
            -115.54443,
            44.07326
          ],
          [
            -115.54417,
            44.07323
          ],
          [
            -115.54392,
            44.07319
          ],
          [
            -115.54371,
            44.07315
          ],
          [
            -115.54323,
            44.07305
          ],
          [
            -115.54322,
            44.07305
          ],
          [
            -115.54299,
            44.073
          ],
          [
            -115.54242,
            44.07288
          ],
          [
            -115.54231,
            44.07286
          ],
          [
            -115.54225,
            44.07285
          ],
          [
            -115.54217,
            44.07283
          ],
          [
            -115.54201,
            44.07279
          ],
          [
            -115.54193,
            44.07276
          ],
          [
            -115.54184,
            44.07273
          ],
          [
            -115.54174,
            44.07269
          ],
          [
            -115.54162,
            44.07262
          ],
          [
            -115.54151,
            44.07254
          ],
          [
            -115.54145,
            44.07249
          ],
          [
            -115.54139,
            44.07244
          ],
          [
            -115.54134,
            44.07239
          ],
          [
            -115.54128,
            44.07232
          ],
          [
            -115.54125,
            44.07226
          ],
          [
            -115.5412,
            44.07218
          ],
          [
            -115.54107,
            44.07188
          ],
          [
            -115.54104,
            44.07182
          ],
          [
            -115.54097,
            44.07165
          ],
          [
            -115.54095,
            44.07161
          ],
          [
            -115.5409,
            44.07152
          ],
          [
            -115.54087,
            44.07149
          ],
          [
            -115.54084,
            44.07144
          ],
          [
            -115.54075,
            44.07134
          ],
          [
            -115.54074,
            44.07133
          ],
          [
            -115.5407,
            44.07129
          ],
          [
            -115.54062,
            44.07123
          ],
          [
            -115.54058,
            44.0712
          ],
          [
            -115.54052,
            44.07116
          ],
          [
            -115.54041,
            44.07109
          ],
          [
            -115.54039,
            44.07108
          ],
          [
            -115.54019,
            44.07097
          ],
          [
            -115.54009,
            44.07092
          ],
          [
            -115.53998,
            44.07087
          ],
          [
            -115.53987,
            44.07082
          ],
          [
            -115.53966,
            44.07075
          ],
          [
            -115.53944,
            44.07071
          ],
          [
            -115.53928,
            44.07069
          ],
          [
            -115.53926,
            44.07069
          ],
          [
            -115.539,
            44.0707
          ],
          [
            -115.53879,
            44.07072
          ],
          [
            -115.53878,
            44.07073
          ],
          [
            -115.53854,
            44.07077
          ],
          [
            -115.53838,
            44.07079
          ],
          [
            -115.5383,
            44.07081
          ],
          [
            -115.53811,
            44.07085
          ],
          [
            -115.53797,
            44.07087
          ],
          [
            -115.53783,
            44.07091
          ],
          [
            -115.53772,
            44.07094
          ],
          [
            -115.53759,
            44.07098
          ],
          [
            -115.53754,
            44.071
          ],
          [
            -115.53735,
            44.07107
          ],
          [
            -115.53715,
            44.07116
          ],
          [
            -115.53707,
            44.07119
          ],
          [
            -115.53694,
            44.07125
          ],
          [
            -115.53679,
            44.07133
          ],
          [
            -115.53673,
            44.07135
          ],
          [
            -115.53658,
            44.07142
          ],
          [
            -115.53651,
            44.07144
          ],
          [
            -115.5364,
            44.07148
          ],
          [
            -115.53629,
            44.07151
          ],
          [
            -115.53618,
            44.07153
          ],
          [
            -115.53604,
            44.07156
          ],
          [
            -115.53593,
            44.07157
          ],
          [
            -115.53579,
            44.07158
          ],
          [
            -115.53559,
            44.0716
          ],
          [
            -115.53555,
            44.07161
          ],
          [
            -115.5353,
            44.07163
          ],
          [
            -115.53506,
            44.07165
          ],
          [
            -115.53505,
            44.07165
          ],
          [
            -115.53435,
            44.07171
          ],
          [
            -115.53379,
            44.07177
          ],
          [
            -115.53356,
            44.0718
          ],
          [
            -115.53331,
            44.07183
          ],
          [
            -115.53311,
            44.07185
          ],
          [
            -115.53254,
            44.07194
          ],
          [
            -115.53233,
            44.07197
          ],
          [
            -115.53222,
            44.07199
          ],
          [
            -115.53209,
            44.07201
          ],
          [
            -115.53185,
            44.07206
          ],
          [
            -115.53178,
            44.07207
          ],
          [
            -115.53136,
            44.07215
          ],
          [
            -115.53072,
            44.07228
          ],
          [
            -115.53042,
            44.07234
          ],
          [
            -115.5304,
            44.07234
          ],
          [
            -115.53025,
            44.07236
          ],
          [
            -115.5301,
            44.07238
          ],
          [
            -115.52986,
            44.07239
          ],
          [
            -115.52966,
            44.0724
          ],
          [
            -115.52965,
            44.0724
          ],
          [
            -115.52942,
            44.0724
          ],
          [
            -115.5294,
            44.0724
          ],
          [
            -115.52915,
            44.07239
          ],
          [
            -115.52879,
            44.07238
          ],
          [
            -115.52835,
            44.07236
          ],
          [
            -115.52814,
            44.07234
          ],
          [
            -115.52796,
            44.07232
          ],
          [
            -115.5279,
            44.07231
          ],
          [
            -115.5278,
            44.0723
          ],
          [
            -115.52766,
            44.07227
          ],
          [
            -115.52763,
            44.07226
          ],
          [
            -115.52748,
            44.07223
          ],
          [
            -115.52729,
            44.07218
          ],
          [
            -115.52711,
            44.07212
          ],
          [
            -115.527,
            44.07209
          ],
          [
            -115.52684,
            44.07202
          ],
          [
            -115.52666,
            44.07195
          ],
          [
            -115.52648,
            44.07186
          ],
          [
            -115.52633,
            44.07178
          ],
          [
            -115.52628,
            44.07175
          ],
          [
            -115.52605,
            44.0716
          ],
          [
            -115.52583,
            44.07141
          ],
          [
            -115.52563,
            44.07123
          ],
          [
            -115.52532,
            44.0709
          ],
          [
            -115.52523,
            44.07081
          ],
          [
            -115.52509,
            44.07066
          ],
          [
            -115.52508,
            44.07066
          ],
          [
            -115.52497,
            44.07052
          ],
          [
            -115.52496,
            44.07051
          ],
          [
            -115.52484,
            44.07035
          ],
          [
            -115.52473,
            44.07019
          ],
          [
            -115.52471,
            44.07016
          ],
          [
            -115.52463,
            44.07002
          ],
          [
            -115.52462,
            44.07001
          ],
          [
            -115.52456,
            44.06988
          ],
          [
            -115.52454,
            44.06985
          ],
          [
            -115.52447,
            44.06968
          ],
          [
            -115.52446,
            44.06967
          ],
          [
            -115.5244,
            44.06951
          ],
          [
            -115.52434,
            44.06934
          ],
          [
            -115.52424,
            44.06906
          ],
          [
            -115.52422,
            44.06899
          ],
          [
            -115.52416,
            44.06879
          ],
          [
            -115.52408,
            44.06859
          ],
          [
            -115.52402,
            44.06847
          ],
          [
            -115.52401,
            44.06845
          ],
          [
            -115.52391,
            44.0683
          ],
          [
            -115.52379,
            44.06816
          ],
          [
            -115.52378,
            44.06815
          ],
          [
            -115.52368,
            44.06804
          ],
          [
            -115.52363,
            44.06801
          ],
          [
            -115.52356,
            44.06795
          ],
          [
            -115.52345,
            44.06789
          ],
          [
            -115.52341,
            44.06787
          ],
          [
            -115.52324,
            44.06778
          ],
          [
            -115.52323,
            44.06778
          ],
          [
            -115.52306,
            44.06772
          ],
          [
            -115.52301,
            44.06771
          ],
          [
            -115.52294,
            44.0677
          ],
          [
            -115.52282,
            44.06768
          ],
          [
            -115.52277,
            44.06768
          ],
          [
            -115.52264,
            44.06768
          ],
          [
            -115.52252,
            44.06769
          ],
          [
            -115.52245,
            44.06769
          ],
          [
            -115.52228,
            44.06772
          ],
          [
            -115.52215,
            44.06775
          ],
          [
            -115.52204,
            44.06779
          ],
          [
            -115.52201,
            44.0678
          ],
          [
            -115.52188,
            44.06785
          ],
          [
            -115.52183,
            44.06788
          ],
          [
            -115.52172,
            44.06794
          ],
          [
            -115.52165,
            44.068
          ],
          [
            -115.52158,
            44.06806
          ],
          [
            -115.52151,
            44.06815
          ],
          [
            -115.52148,
            44.06818
          ],
          [
            -115.52143,
            44.06827
          ],
          [
            -115.52141,
            44.06832
          ],
          [
            -115.52139,
            44.06835
          ],
          [
            -115.52137,
            44.06842
          ],
          [
            -115.52136,
            44.06849
          ],
          [
            -115.52136,
            44.0685
          ],
          [
            -115.52136,
            44.0686
          ],
          [
            -115.52137,
            44.06867
          ],
          [
            -115.52137,
            44.06872
          ],
          [
            -115.52139,
            44.06879
          ],
          [
            -115.5214,
            44.06884
          ],
          [
            -115.52141,
            44.06885
          ],
          [
            -115.52144,
            44.06893
          ],
          [
            -115.52146,
            44.06899
          ],
          [
            -115.52148,
            44.06902
          ],
          [
            -115.52155,
            44.06916
          ],
          [
            -115.52157,
            44.06919
          ],
          [
            -115.52168,
            44.06935
          ],
          [
            -115.52203,
            44.06992
          ],
          [
            -115.52208,
            44.07001
          ],
          [
            -115.52212,
            44.0701
          ],
          [
            -115.52215,
            44.07018
          ],
          [
            -115.52217,
            44.07024
          ],
          [
            -115.5222,
            44.07035
          ],
          [
            -115.52222,
            44.0705
          ],
          [
            -115.52222,
            44.07054
          ],
          [
            -115.52222,
            44.07061
          ],
          [
            -115.52222,
            44.07071
          ],
          [
            -115.52222,
            44.07072
          ],
          [
            -115.52219,
            44.07087
          ],
          [
            -115.52218,
            44.0709
          ],
          [
            -115.52215,
            44.071
          ],
          [
            -115.52209,
            44.07112
          ],
          [
            -115.52203,
            44.07122
          ],
          [
            -115.52202,
            44.07124
          ],
          [
            -115.52194,
            44.07134
          ],
          [
            -115.5219,
            44.07139
          ],
          [
            -115.52187,
            44.07142
          ],
          [
            -115.52174,
            44.07153
          ],
          [
            -115.52158,
            44.07167
          ],
          [
            -115.52124,
            44.07193
          ],
          [
            -115.52107,
            44.07207
          ],
          [
            -115.52084,
            44.07225
          ],
          [
            -115.52073,
            44.07233
          ],
          [
            -115.52056,
            44.07246
          ],
          [
            -115.52041,
            44.07257
          ],
          [
            -115.52027,
            44.07267
          ],
          [
            -115.5201,
            44.07277
          ],
          [
            -115.52,
            44.07282
          ],
          [
            -115.51991,
            44.07286
          ],
          [
            -115.51968,
            44.07295
          ],
          [
            -115.51955,
            44.07298
          ],
          [
            -115.51948,
            44.073
          ],
          [
            -115.51933,
            44.07303
          ],
          [
            -115.51918,
            44.07306
          ],
          [
            -115.51905,
            44.07307
          ],
          [
            -115.51892,
            44.07307
          ],
          [
            -115.51874,
            44.07307
          ],
          [
            -115.51862,
            44.07306
          ],
          [
            -115.51846,
            44.07304
          ],
          [
            -115.51833,
            44.07302
          ],
          [
            -115.51827,
            44.073
          ],
          [
            -115.51809,
            44.07296
          ],
          [
            -115.51785,
            44.0729
          ],
          [
            -115.51756,
            44.07282
          ],
          [
            -115.51739,
            44.07277
          ],
          [
            -115.51729,
            44.07274
          ],
          [
            -115.51705,
            44.07268
          ],
          [
            -115.51679,
            44.07262
          ],
          [
            -115.51655,
            44.07258
          ],
          [
            -115.51639,
            44.07256
          ],
          [
            -115.51624,
            44.07256
          ],
          [
            -115.51612,
            44.07256
          ],
          [
            -115.51593,
            44.07256
          ],
          [
            -115.51557,
            44.0726
          ],
          [
            -115.51541,
            44.07263
          ],
          [
            -115.51527,
            44.07265
          ],
          [
            -115.5151,
            44.07269
          ],
          [
            -115.51496,
            44.07273
          ],
          [
            -115.51453,
            44.07285
          ],
          [
            -115.51449,
            44.07286
          ],
          [
            -115.51426,
            44.07292
          ],
          [
            -115.51404,
            44.07298
          ],
          [
            -115.51373,
            44.07307
          ],
          [
            -115.5133,
            44.07318
          ],
          [
            -115.51312,
            44.07323
          ],
          [
            -115.51306,
            44.07324
          ],
          [
            -115.513,
            44.07326
          ],
          [
            -115.51207,
            44.07351
          ],
          [
            -115.51167,
            44.07362
          ],
          [
            -115.51144,
            44.07368
          ],
          [
            -115.51099,
            44.0738
          ],
          [
            -115.51093,
            44.07382
          ],
          [
            -115.51088,
            44.07383
          ],
          [
            -115.51069,
            44.07388
          ],
          [
            -115.51065,
            44.07389
          ],
          [
            -115.51042,
            44.07395
          ],
          [
            -115.51026,
            44.074
          ],
          [
            -115.50958,
            44.07418
          ],
          [
            -115.50956,
            44.07418
          ],
          [
            -115.50933,
            44.07425
          ],
          [
            -115.50909,
            44.07431
          ],
          [
            -115.50781,
            44.07465
          ],
          [
            -115.5073,
            44.07479
          ],
          [
            -115.50699,
            44.07486
          ],
          [
            -115.50689,
            44.07489
          ],
          [
            -115.50666,
            44.07494
          ],
          [
            -115.50642,
            44.075
          ],
          [
            -115.50637,
            44.07501
          ],
          [
            -115.50594,
            44.07511
          ],
          [
            -115.5057,
            44.07517
          ],
          [
            -115.50563,
            44.07518
          ],
          [
            -115.5055,
            44.07521
          ],
          [
            -115.50531,
            44.07525
          ],
          [
            -115.50513,
            44.07529
          ],
          [
            -115.50507,
            44.0753
          ],
          [
            -115.50498,
            44.07532
          ],
          [
            -115.50474,
            44.07537
          ],
          [
            -115.50454,
            44.07541
          ],
          [
            -115.50439,
            44.07544
          ],
          [
            -115.50294,
            44.07574
          ],
          [
            -115.50266,
            44.07579
          ],
          [
            -115.50262,
            44.0758
          ],
          [
            -115.50257,
            44.07581
          ],
          [
            -115.50242,
            44.07584
          ],
          [
            -115.50239,
            44.07585
          ],
          [
            -115.50185,
            44.07596
          ],
          [
            -115.50169,
            44.07599
          ],
          [
            -115.50165,
            44.076
          ],
          [
            -115.50161,
            44.07601
          ],
          [
            -115.50149,
            44.07603
          ],
          [
            -115.50145,
            44.07604
          ],
          [
            -115.50121,
            44.07609
          ],
          [
            -115.50097,
            44.07614
          ],
          [
            -115.50095,
            44.07614
          ],
          [
            -115.50092,
            44.07615
          ],
          [
            -115.50089,
            44.07616
          ],
          [
            -115.50073,
            44.0762
          ],
          [
            -115.50065,
            44.07621
          ],
          [
            -115.5005,
            44.07625
          ],
          [
            -115.50035,
            44.07629
          ],
          [
            -115.50005,
            44.07637
          ],
          [
            -115.49938,
            44.07656
          ],
          [
            -115.49885,
            44.07673
          ],
          [
            -115.49839,
            44.07689
          ],
          [
            -115.49796,
            44.07705
          ],
          [
            -115.49766,
            44.07716
          ],
          [
            -115.49735,
            44.07729
          ],
          [
            -115.49717,
            44.07737
          ],
          [
            -115.49679,
            44.07755
          ],
          [
            -115.49654,
            44.07766
          ],
          [
            -115.49602,
            44.07791
          ],
          [
            -115.49596,
            44.07794
          ],
          [
            -115.49574,
            44.07804
          ],
          [
            -115.49554,
            44.07814
          ],
          [
            -115.4954,
            44.07821
          ],
          [
            -115.49491,
            44.07844
          ],
          [
            -115.49451,
            44.07863
          ],
          [
            -115.49408,
            44.07884
          ],
          [
            -115.49405,
            44.07886
          ],
          [
            -115.49388,
            44.07895
          ],
          [
            -115.49358,
            44.07912
          ],
          [
            -115.49341,
            44.07923
          ],
          [
            -115.49331,
            44.0793
          ],
          [
            -115.49324,
            44.07935
          ],
          [
            -115.49311,
            44.07947
          ],
          [
            -115.49295,
            44.07961
          ],
          [
            -115.49284,
            44.07972
          ],
          [
            -115.49275,
            44.07983
          ],
          [
            -115.49265,
            44.07995
          ],
          [
            -115.49256,
            44.08006
          ],
          [
            -115.49244,
            44.08025
          ],
          [
            -115.49236,
            44.0804
          ],
          [
            -115.49232,
            44.08048
          ],
          [
            -115.49231,
            44.08051
          ],
          [
            -115.49226,
            44.08063
          ],
          [
            -115.49222,
            44.08075
          ],
          [
            -115.49219,
            44.08082
          ],
          [
            -115.49218,
            44.08087
          ],
          [
            -115.49215,
            44.08099
          ],
          [
            -115.49212,
            44.08112
          ],
          [
            -115.49212,
            44.08114
          ],
          [
            -115.49212,
            44.08118
          ],
          [
            -115.4921,
            44.08132
          ],
          [
            -115.49209,
            44.08154
          ],
          [
            -115.49211,
            44.08183
          ],
          [
            -115.49215,
            44.08208
          ],
          [
            -115.49216,
            44.0822
          ],
          [
            -115.49223,
            44.08257
          ],
          [
            -115.49234,
            44.08299
          ],
          [
            -115.49238,
            44.0831
          ],
          [
            -115.49243,
            44.08328
          ],
          [
            -115.49245,
            44.08331
          ],
          [
            -115.49248,
            44.08341
          ],
          [
            -115.49255,
            44.08363
          ],
          [
            -115.49262,
            44.08383
          ],
          [
            -115.49262,
            44.08384
          ],
          [
            -115.49267,
            44.08402
          ],
          [
            -115.49269,
            44.08408
          ],
          [
            -115.4927,
            44.08416
          ],
          [
            -115.4927,
            44.08417
          ],
          [
            -115.4927,
            44.08419
          ],
          [
            -115.49271,
            44.08426
          ],
          [
            -115.49271,
            44.08434
          ],
          [
            -115.49271,
            44.08441
          ],
          [
            -115.49269,
            44.08452
          ],
          [
            -115.49268,
            44.08455
          ],
          [
            -115.49266,
            44.08464
          ],
          [
            -115.49262,
            44.08475
          ],
          [
            -115.49255,
            44.08489
          ],
          [
            -115.49248,
            44.08501
          ],
          [
            -115.49239,
            44.08514
          ],
          [
            -115.49232,
            44.08522
          ],
          [
            -115.49227,
            44.08528
          ],
          [
            -115.49219,
            44.08537
          ],
          [
            -115.49195,
            44.08564
          ],
          [
            -115.49192,
            44.08568
          ],
          [
            -115.49166,
            44.08597
          ],
          [
            -115.49141,
            44.08625
          ],
          [
            -115.49127,
            44.0864
          ],
          [
            -115.49083,
            44.08688
          ],
          [
            -115.49073,
            44.087
          ],
          [
            -115.4907,
            44.08703
          ],
          [
            -115.49056,
            44.08718
          ],
          [
            -115.49039,
            44.08736
          ],
          [
            -115.49027,
            44.08748
          ],
          [
            -115.49017,
            44.08758
          ],
          [
            -115.49012,
            44.08762
          ],
          [
            -115.49004,
            44.0877
          ],
          [
            -115.48999,
            44.08773
          ],
          [
            -115.48988,
            44.08783
          ],
          [
            -115.48983,
            44.08787
          ],
          [
            -115.48979,
            44.08789
          ],
          [
            -115.48971,
            44.08796
          ],
          [
            -115.48962,
            44.08802
          ],
          [
            -115.48954,
            44.08808
          ],
          [
            -115.48939,
            44.08818
          ],
          [
            -115.48929,
            44.08824
          ],
          [
            -115.48926,
            44.08826
          ],
          [
            -115.48925,
            44.08827
          ],
          [
            -115.48912,
            44.08834
          ],
          [
            -115.48909,
            44.08836
          ],
          [
            -115.48905,
            44.08838
          ],
          [
            -115.48899,
            44.08841
          ],
          [
            -115.4889,
            44.08846
          ],
          [
            -115.48885,
            44.08848
          ],
          [
            -115.48876,
            44.08853
          ],
          [
            -115.48862,
            44.08859
          ],
          [
            -115.48849,
            44.08866
          ],
          [
            -115.48829,
            44.08874
          ],
          [
            -115.48821,
            44.08877
          ],
          [
            -115.4881,
            44.08881
          ],
          [
            -115.48784,
            44.08891
          ],
          [
            -115.48759,
            44.08899
          ],
          [
            -115.48735,
            44.08908
          ],
          [
            -115.48713,
            44.08915
          ],
          [
            -115.48664,
            44.08931
          ],
          [
            -115.48626,
            44.08945
          ],
          [
            -115.48618,
            44.08947
          ],
          [
            -115.48551,
            44.0897
          ],
          [
            -115.4855,
            44.08971
          ],
          [
            -115.48542,
            44.08973
          ],
          [
            -115.48516,
            44.08982
          ],
          [
            -115.48485,
            44.08992
          ],
          [
            -115.48426,
            44.09012
          ],
          [
            -115.48416,
            44.09016
          ],
          [
            -115.48394,
            44.09023
          ],
          [
            -115.48347,
            44.09039
          ],
          [
            -115.48326,
            44.09046
          ],
          [
            -115.48303,
            44.09054
          ],
          [
            -115.483,
            44.09055
          ],
          [
            -115.48276,
            44.09064
          ],
          [
            -115.48259,
            44.09071
          ],
          [
            -115.48256,
            44.09072
          ],
          [
            -115.48237,
            44.0908
          ],
          [
            -115.48232,
            44.09082
          ],
          [
            -115.48205,
            44.09093
          ],
          [
            -115.48177,
            44.09106
          ],
          [
            -115.48147,
            44.09121
          ],
          [
            -115.48132,
            44.09129
          ],
          [
            -115.48111,
            44.0914
          ],
          [
            -115.48098,
            44.09148
          ],
          [
            -115.48076,
            44.09161
          ],
          [
            -115.48065,
            44.09168
          ],
          [
            -115.48061,
            44.0917
          ],
          [
            -115.4806,
            44.09171
          ],
          [
            -115.48042,
            44.09182
          ],
          [
            -115.4804,
            44.09184
          ],
          [
            -115.47987,
            44.09219
          ],
          [
            -115.47986,
            44.0922
          ],
          [
            -115.47984,
            44.09221
          ],
          [
            -115.47969,
            44.09231
          ],
          [
            -115.4795,
            44.09244
          ],
          [
            -115.47931,
            44.09256
          ],
          [
            -115.47927,
            44.09259
          ],
          [
            -115.47914,
            44.09268
          ],
          [
            -115.47913,
            44.09269
          ],
          [
            -115.47859,
            44.09305
          ],
          [
            -115.47858,
            44.09305
          ],
          [
            -115.47803,
            44.09342
          ],
          [
            -115.47756,
            44.09374
          ],
          [
            -115.47729,
            44.09391
          ],
          [
            -115.4771,
            44.09404
          ],
          [
            -115.47654,
            44.09441
          ],
          [
            -115.47631,
            44.09455
          ],
          [
            -115.47615,
            44.09466
          ],
          [
            -115.47607,
            44.09471
          ],
          [
            -115.47577,
            44.09488
          ],
          [
            -115.47545,
            44.09507
          ],
          [
            -115.47529,
            44.09516
          ],
          [
            -115.47499,
            44.09532
          ],
          [
            -115.47458,
            44.09554
          ],
          [
            -115.47411,
            44.09577
          ],
          [
            -115.47407,
            44.09579
          ],
          [
            -115.47383,
            44.09591
          ],
          [
            -115.47355,
            44.09605
          ],
          [
            -115.47285,
            44.09639
          ],
          [
            -115.47283,
            44.0964
          ],
          [
            -115.47245,
            44.09659
          ],
          [
            -115.47226,
            44.0967
          ],
          [
            -115.47222,
            44.09672
          ],
          [
            -115.47209,
            44.09679
          ],
          [
            -115.47193,
            44.09689
          ],
          [
            -115.47179,
            44.09698
          ],
          [
            -115.47161,
            44.0971
          ],
          [
            -115.47148,
            44.0972
          ],
          [
            -115.47145,
            44.09723
          ],
          [
            -115.47131,
            44.09734
          ],
          [
            -115.47116,
            44.09748
          ],
          [
            -115.47108,
            44.09756
          ],
          [
            -115.47101,
            44.09764
          ],
          [
            -115.47091,
            44.09775
          ],
          [
            -115.47088,
            44.09778
          ],
          [
            -115.47082,
            44.09785
          ],
          [
            -115.47076,
            44.09793
          ],
          [
            -115.47067,
            44.09805
          ],
          [
            -115.47054,
            44.09825
          ],
          [
            -115.47042,
            44.09845
          ],
          [
            -115.4703,
            44.09865
          ],
          [
            -115.47014,
            44.09892
          ],
          [
            -115.47007,
            44.09905
          ],
          [
            -115.46996,
            44.09924
          ],
          [
            -115.46995,
            44.09925
          ],
          [
            -115.46983,
            44.09943
          ],
          [
            -115.46974,
            44.09956
          ],
          [
            -115.46965,
            44.09967
          ],
          [
            -115.46959,
            44.09972
          ],
          [
            -115.46953,
            44.09979
          ],
          [
            -115.46945,
            44.09987
          ],
          [
            -115.4694,
            44.09991
          ],
          [
            -115.46929,
            44.10001
          ],
          [
            -115.46927,
            44.10002
          ],
          [
            -115.46912,
            44.10014
          ],
          [
            -115.46898,
            44.10023
          ],
          [
            -115.46888,
            44.10029
          ],
          [
            -115.46878,
            44.10035
          ],
          [
            -115.4687,
            44.1004
          ],
          [
            -115.46861,
            44.10044
          ],
          [
            -115.46853,
            44.10048
          ],
          [
            -115.46849,
            44.1005
          ],
          [
            -115.4684,
            44.10054
          ],
          [
            -115.46832,
            44.10057
          ],
          [
            -115.4683,
            44.10058
          ],
          [
            -115.46816,
            44.10063
          ],
          [
            -115.4681,
            44.10065
          ],
          [
            -115.468,
            44.10068
          ],
          [
            -115.46786,
            44.10072
          ],
          [
            -115.46767,
            44.10077
          ],
          [
            -115.46748,
            44.1008
          ],
          [
            -115.46726,
            44.10083
          ],
          [
            -115.46714,
            44.10085
          ],
          [
            -115.46706,
            44.10085
          ],
          [
            -115.46692,
            44.10087
          ],
          [
            -115.46689,
            44.10087
          ],
          [
            -115.46673,
            44.10088
          ],
          [
            -115.46664,
            44.10088
          ],
          [
            -115.46658,
            44.10088
          ],
          [
            -115.46639,
            44.10088
          ],
          [
            -115.46623,
            44.10087
          ],
          [
            -115.46614,
            44.10086
          ],
          [
            -115.46611,
            44.10086
          ],
          [
            -115.46593,
            44.10084
          ],
          [
            -115.46589,
            44.10084
          ],
          [
            -115.46577,
            44.10082
          ],
          [
            -115.46565,
            44.1008
          ],
          [
            -115.46552,
            44.10078
          ],
          [
            -115.4654,
            44.10075
          ],
          [
            -115.46535,
            44.10074
          ],
          [
            -115.46515,
            44.10068
          ],
          [
            -115.46494,
            44.10062
          ],
          [
            -115.46491,
            44.10061
          ],
          [
            -115.46471,
            44.10054
          ],
          [
            -115.46457,
            44.10049
          ],
          [
            -115.46449,
            44.10046
          ],
          [
            -115.46408,
            44.10031
          ],
          [
            -115.46404,
            44.1003
          ],
          [
            -115.4637,
            44.10017
          ],
          [
            -115.46353,
            44.1001
          ],
          [
            -115.46332,
            44.10002
          ],
          [
            -115.46283,
            44.09984
          ],
          [
            -115.4625,
            44.09971
          ],
          [
            -115.46214,
            44.09958
          ],
          [
            -115.46194,
            44.09951
          ],
          [
            -115.46173,
            44.09945
          ],
          [
            -115.4616,
            44.09941
          ],
          [
            -115.4615,
            44.09938
          ],
          [
            -115.46131,
            44.09934
          ],
          [
            -115.46112,
            44.0993
          ],
          [
            -115.46094,
            44.09927
          ],
          [
            -115.46077,
            44.09925
          ],
          [
            -115.46075,
            44.09925
          ],
          [
            -115.46056,
            44.09924
          ],
          [
            -115.46037,
            44.09923
          ],
          [
            -115.46018,
            44.09922
          ],
          [
            -115.46002,
            44.09922
          ],
          [
            -115.45999,
            44.09922
          ],
          [
            -115.45984,
            44.09923
          ],
          [
            -115.45977,
            44.09923
          ],
          [
            -115.45969,
            44.09924
          ],
          [
            -115.45952,
            44.09925
          ],
          [
            -115.45938,
            44.09927
          ],
          [
            -115.45909,
            44.09931
          ],
          [
            -115.45895,
            44.09933
          ],
          [
            -115.45878,
            44.09937
          ],
          [
            -115.45862,
            44.09941
          ],
          [
            -115.45848,
            44.09945
          ],
          [
            -115.45838,
            44.09948
          ],
          [
            -115.45824,
            44.09953
          ],
          [
            -115.4581,
            44.09958
          ],
          [
            -115.4579,
            44.09966
          ],
          [
            -115.45778,
            44.09971
          ],
          [
            -115.45776,
            44.09972
          ],
          [
            -115.45766,
            44.09977
          ],
          [
            -115.45753,
            44.09984
          ],
          [
            -115.4574,
            44.09991
          ],
          [
            -115.45728,
            44.09999
          ],
          [
            -115.45715,
            44.10007
          ],
          [
            -115.45698,
            44.10019
          ],
          [
            -115.45686,
            44.10027
          ],
          [
            -115.45682,
            44.10031
          ],
          [
            -115.45664,
            44.10046
          ],
          [
            -115.45642,
            44.10065
          ],
          [
            -115.45627,
            44.10078
          ],
          [
            -115.45602,
            44.10099
          ],
          [
            -115.45582,
            44.10115
          ],
          [
            -115.45559,
            44.10135
          ],
          [
            -115.45551,
            44.10142
          ],
          [
            -115.45535,
            44.10155
          ],
          [
            -115.45534,
            44.10156
          ],
          [
            -115.45518,
            44.10169
          ],
          [
            -115.45502,
            44.10183
          ],
          [
            -115.45483,
            44.10199
          ],
          [
            -115.45456,
            44.10224
          ],
          [
            -115.45414,
            44.10259
          ],
          [
            -115.4537,
            44.10297
          ],
          [
            -115.45334,
            44.10327
          ],
          [
            -115.45325,
            44.10334
          ],
          [
            -115.45309,
            44.10348
          ],
          [
            -115.45296,
            44.10358
          ],
          [
            -115.45272,
            44.10379
          ],
          [
            -115.45248,
            44.10398
          ],
          [
            -115.45233,
            44.1041
          ],
          [
            -115.45219,
            44.1042
          ],
          [
            -115.45208,
            44.10428
          ],
          [
            -115.45204,
            44.10431
          ],
          [
            -115.45192,
            44.10439
          ],
          [
            -115.4518,
            44.10447
          ],
          [
            -115.45164,
            44.10457
          ],
          [
            -115.4515,
            44.10466
          ],
          [
            -115.45137,
            44.10474
          ],
          [
            -115.45122,
            44.10483
          ],
          [
            -115.45108,
            44.10491
          ],
          [
            -115.45094,
            44.10498
          ],
          [
            -115.45092,
            44.10499
          ],
          [
            -115.45076,
            44.10507
          ],
          [
            -115.45074,
            44.10508
          ],
          [
            -115.45061,
            44.10515
          ],
          [
            -115.45053,
            44.10519
          ],
          [
            -115.45045,
            44.10523
          ],
          [
            -115.45017,
            44.10536
          ],
          [
            -115.44999,
            44.10545
          ],
          [
            -115.4497,
            44.10558
          ],
          [
            -115.44917,
            44.10582
          ],
          [
            -115.44889,
            44.10594
          ],
          [
            -115.44777,
            44.10643
          ],
          [
            -115.44714,
            44.10671
          ],
          [
            -115.44691,
            44.1068
          ],
          [
            -115.44632,
            44.10705
          ],
          [
            -115.44594,
            44.10723
          ],
          [
            -115.44582,
            44.10728
          ],
          [
            -115.44531,
            44.10752
          ],
          [
            -115.44508,
            44.10763
          ],
          [
            -115.44498,
            44.10768
          ],
          [
            -115.44403,
            44.10813
          ],
          [
            -115.4436,
            44.10836
          ],
          [
            -115.44314,
            44.10859
          ],
          [
            -115.44268,
            44.10884
          ],
          [
            -115.44246,
            44.10896
          ],
          [
            -115.44193,
            44.10926
          ],
          [
            -115.44117,
            44.1097
          ],
          [
            -115.44062,
            44.11003
          ],
          [
            -115.44033,
            44.11021
          ],
          [
            -115.43973,
            44.11057
          ],
          [
            -115.43899,
            44.11103
          ],
          [
            -115.43847,
            44.11135
          ],
          [
            -115.43776,
            44.11178
          ],
          [
            -115.43731,
            44.11205
          ],
          [
            -115.43697,
            44.11226
          ],
          [
            -115.43672,
            44.1124
          ],
          [
            -115.43643,
            44.11258
          ],
          [
            -115.43614,
            44.11275
          ],
          [
            -115.43585,
            44.11291
          ],
          [
            -115.43568,
            44.113
          ],
          [
            -115.43539,
            44.11316
          ],
          [
            -115.43513,
            44.11329
          ],
          [
            -115.43493,
            44.1134
          ],
          [
            -115.43487,
            44.11343
          ],
          [
            -115.4346,
            44.11355
          ],
          [
            -115.4343,
            44.11369
          ],
          [
            -115.43403,
            44.11382
          ],
          [
            -115.43384,
            44.1139
          ],
          [
            -115.43357,
            44.11402
          ],
          [
            -115.43333,
            44.11412
          ],
          [
            -115.43315,
            44.1142
          ],
          [
            -115.43283,
            44.11433
          ],
          [
            -115.43268,
            44.11438
          ],
          [
            -115.43248,
            44.11446
          ],
          [
            -115.43215,
            44.11457
          ],
          [
            -115.43182,
            44.11469
          ],
          [
            -115.43147,
            44.1148
          ],
          [
            -115.43125,
            44.11487
          ],
          [
            -115.43101,
            44.11494
          ],
          [
            -115.43071,
            44.11503
          ],
          [
            -115.43037,
            44.11513
          ],
          [
            -115.42993,
            44.11525
          ],
          [
            -115.42977,
            44.1153
          ],
          [
            -115.42925,
            44.11542
          ],
          [
            -115.42897,
            44.11549
          ],
          [
            -115.42862,
            44.11556
          ],
          [
            -115.42826,
            44.11563
          ],
          [
            -115.42797,
            44.11569
          ],
          [
            -115.4277,
            44.11573
          ],
          [
            -115.4275,
            44.11577
          ],
          [
            -115.4273,
            44.1158
          ],
          [
            -115.4264,
            44.11595
          ],
          [
            -115.42565,
            44.11607
          ],
          [
            -115.42535,
            44.11612
          ],
          [
            -115.42482,
            44.1162
          ],
          [
            -115.4244,
            44.11627
          ],
          [
            -115.42365,
            44.11639
          ],
          [
            -115.42322,
            44.11645
          ],
          [
            -115.42213,
            44.11663
          ],
          [
            -115.42181,
            44.11668
          ],
          [
            -115.42139,
            44.11675
          ],
          [
            -115.42031,
            44.11692
          ],
          [
            -115.42002,
            44.11697
          ],
          [
            -115.41975,
            44.11702
          ],
          [
            -115.41965,
            44.11704
          ],
          [
            -115.41951,
            44.11707
          ],
          [
            -115.41929,
            44.11712
          ],
          [
            -115.4191,
            44.11717
          ],
          [
            -115.41895,
            44.11721
          ],
          [
            -115.41825,
            44.11739
          ],
          [
            -115.41817,
            44.11742
          ],
          [
            -115.41801,
            44.11746
          ],
          [
            -115.41772,
            44.11754
          ],
          [
            -115.41696,
            44.11775
          ],
          [
            -115.41671,
            44.11781
          ],
          [
            -115.41644,
            44.11787
          ],
          [
            -115.41616,
            44.11794
          ],
          [
            -115.41593,
            44.11799
          ],
          [
            -115.41584,
            44.11801
          ],
          [
            -115.41575,
            44.11803
          ],
          [
            -115.41532,
            44.11811
          ],
          [
            -115.41515,
            44.11814
          ],
          [
            -115.41493,
            44.11816
          ],
          [
            -115.4147,
            44.11819
          ],
          [
            -115.4145,
            44.1182
          ],
          [
            -115.41427,
            44.11822
          ],
          [
            -115.41411,
            44.11823
          ],
          [
            -115.41398,
            44.11823
          ],
          [
            -115.41377,
            44.11824
          ],
          [
            -115.41356,
            44.11824
          ],
          [
            -115.41333,
            44.11824
          ],
          [
            -115.41319,
            44.11824
          ],
          [
            -115.41305,
            44.11823
          ],
          [
            -115.41282,
            44.11822
          ],
          [
            -115.41259,
            44.1182
          ],
          [
            -115.41243,
            44.11818
          ],
          [
            -115.41234,
            44.11817
          ],
          [
            -115.41221,
            44.11816
          ],
          [
            -115.4119,
            44.11811
          ],
          [
            -115.41134,
            44.11803
          ],
          [
            -115.41105,
            44.11799
          ],
          [
            -115.41071,
            44.11794
          ],
          [
            -115.41041,
            44.11789
          ],
          [
            -115.41024,
            44.11787
          ],
          [
            -115.40987,
            44.11784
          ],
          [
            -115.4096,
            44.11782
          ],
          [
            -115.40935,
            44.11781
          ],
          [
            -115.40931,
            44.11781
          ],
          [
            -115.40913,
            44.1178
          ],
          [
            -115.4091,
            44.1178
          ],
          [
            -115.40885,
            44.1178
          ],
          [
            -115.40834,
            44.11779
          ],
          [
            -115.40785,
            44.11781
          ],
          [
            -115.40744,
            44.11784
          ],
          [
            -115.40702,
            44.11787
          ],
          [
            -115.40658,
            44.1179
          ],
          [
            -115.4062,
            44.11793
          ],
          [
            -115.40585,
            44.11794
          ],
          [
            -115.40555,
            44.11795
          ],
          [
            -115.40518,
            44.11796
          ],
          [
            -115.4041,
            44.11798
          ],
          [
            -115.40379,
            44.11798
          ],
          [
            -115.40354,
            44.11798
          ],
          [
            -115.40352,
            44.11798
          ],
          [
            -115.40329,
            44.11799
          ],
          [
            -115.40302,
            44.11799
          ],
          [
            -115.40273,
            44.11799
          ],
          [
            -115.40176,
            44.11801
          ],
          [
            -115.40106,
            44.11801
          ],
          [
            -115.40079,
            44.11802
          ],
          [
            -115.40044,
            44.11802
          ],
          [
            -115.40017,
            44.11803
          ],
          [
            -115.39992,
            44.11803
          ],
          [
            -115.39966,
            44.11804
          ],
          [
            -115.3994,
            44.11806
          ],
          [
            -115.39929,
            44.11807
          ],
          [
            -115.39923,
            44.11808
          ],
          [
            -115.39908,
            44.11809
          ],
          [
            -115.39904,
            44.11809
          ],
          [
            -115.39901,
            44.1181
          ],
          [
            -115.39891,
            44.11811
          ],
          [
            -115.39879,
            44.11812
          ],
          [
            -115.39875,
            44.11813
          ],
          [
            -115.39858,
            44.11815
          ],
          [
            -115.39854,
            44.11816
          ],
          [
            -115.39842,
            44.11817
          ],
          [
            -115.3983,
            44.1182
          ],
          [
            -115.39828,
            44.1182
          ],
          [
            -115.39811,
            44.11823
          ],
          [
            -115.39806,
            44.11824
          ],
          [
            -115.39782,
            44.11829
          ],
          [
            -115.39762,
            44.11834
          ],
          [
            -115.39735,
            44.1184
          ],
          [
            -115.3972,
            44.11844
          ],
          [
            -115.39711,
            44.11847
          ],
          [
            -115.39697,
            44.1185
          ],
          [
            -115.39685,
            44.11854
          ],
          [
            -115.39675,
            44.11857
          ],
          [
            -115.39664,
            44.1186
          ],
          [
            -115.39639,
            44.11868
          ],
          [
            -115.39633,
            44.1187
          ],
          [
            -115.39598,
            44.1188
          ],
          [
            -115.39505,
            44.11908
          ],
          [
            -115.39449,
            44.11925
          ],
          [
            -115.39389,
            44.11943
          ],
          [
            -115.39367,
            44.1195
          ],
          [
            -115.39347,
            44.11955
          ],
          [
            -115.3931,
            44.11965
          ],
          [
            -115.39293,
            44.11969
          ],
          [
            -115.39279,
            44.11973
          ],
          [
            -115.39267,
            44.11976
          ],
          [
            -115.39236,
            44.11983
          ],
          [
            -115.39173,
            44.11996
          ],
          [
            -115.3915,
            44.12
          ],
          [
            -115.39147,
            44.12
          ],
          [
            -115.39125,
            44.12004
          ],
          [
            -115.39119,
            44.12005
          ],
          [
            -115.39086,
            44.1201
          ],
          [
            -115.39055,
            44.12014
          ],
          [
            -115.39052,
            44.12014
          ],
          [
            -115.39031,
            44.12016
          ],
          [
            -115.39027,
            44.12017
          ],
          [
            -115.38991,
            44.1202
          ],
          [
            -115.38977,
            44.12021
          ],
          [
            -115.38951,
            44.12023
          ],
          [
            -115.38895,
            44.12026
          ],
          [
            -115.38844,
            44.12027
          ],
          [
            -115.3878,
            44.12027
          ],
          [
            -115.38729,
            44.12026
          ],
          [
            -115.38702,
            44.12024
          ],
          [
            -115.38689,
            44.12024
          ],
          [
            -115.38677,
            44.12023
          ],
          [
            -115.38658,
            44.12022
          ],
          [
            -115.38627,
            44.12019
          ],
          [
            -115.38612,
            44.12017
          ],
          [
            -115.38556,
            44.12011
          ],
          [
            -115.38553,
            44.12011
          ],
          [
            -115.38528,
            44.12007
          ],
          [
            -115.38521,
            44.12006
          ],
          [
            -115.38504,
            44.12003
          ],
          [
            -115.38484,
            44.12
          ],
          [
            -115.38455,
            44.11995
          ],
          [
            -115.38427,
            44.11989
          ],
          [
            -115.38407,
            44.11985
          ],
          [
            -115.38303,
            44.11963
          ],
          [
            -115.38239,
            44.11948
          ],
          [
            -115.38215,
            44.11943
          ],
          [
            -115.38213,
            44.11942
          ],
          [
            -115.38191,
            44.11937
          ],
          [
            -115.38144,
            44.11926
          ],
          [
            -115.3812,
            44.11921
          ],
          [
            -115.381,
            44.11916
          ],
          [
            -115.38048,
            44.11905
          ],
          [
            -115.38002,
            44.11896
          ],
          [
            -115.3796,
            44.11891
          ],
          [
            -115.37918,
            44.11888
          ],
          [
            -115.379,
            44.11888
          ],
          [
            -115.37881,
            44.11888
          ],
          [
            -115.37875,
            44.11888
          ],
          [
            -115.37844,
            44.1189
          ],
          [
            -115.37816,
            44.11892
          ],
          [
            -115.37787,
            44.11896
          ],
          [
            -115.37761,
            44.11899
          ],
          [
            -115.37751,
            44.11901
          ],
          [
            -115.37727,
            44.11905
          ],
          [
            -115.37702,
            44.11909
          ],
          [
            -115.37658,
            44.11917
          ],
          [
            -115.37605,
            44.11925
          ],
          [
            -115.37559,
            44.11932
          ],
          [
            -115.37534,
            44.11935
          ],
          [
            -115.37511,
            44.11937
          ],
          [
            -115.37487,
            44.11939
          ],
          [
            -115.37467,
            44.1194
          ],
          [
            -115.37433,
            44.1194
          ],
          [
            -115.37431,
            44.1194
          ],
          [
            -115.374,
            44.1194
          ],
          [
            -115.37365,
            44.11938
          ],
          [
            -115.37337,
            44.11936
          ],
          [
            -115.37305,
            44.11932
          ],
          [
            -115.37261,
            44.11926
          ],
          [
            -115.37257,
            44.11926
          ],
          [
            -115.37233,
            44.11921
          ],
          [
            -115.37222,
            44.11919
          ],
          [
            -115.37208,
            44.11917
          ],
          [
            -115.37151,
            44.11908
          ],
          [
            -115.37111,
            44.11901
          ],
          [
            -115.37087,
            44.11896
          ],
          [
            -115.37051,
            44.1189
          ],
          [
            -115.37008,
            44.11883
          ],
          [
            -115.36966,
            44.11876
          ],
          [
            -115.36941,
            44.11871
          ],
          [
            -115.36917,
            44.11866
          ],
          [
            -115.36869,
            44.11855
          ],
          [
            -115.36842,
            44.11847
          ],
          [
            -115.36797,
            44.11832
          ],
          [
            -115.3676,
            44.1182
          ],
          [
            -115.36737,
            44.11813
          ],
          [
            -115.36715,
            44.11805
          ],
          [
            -115.36669,
            44.1179
          ],
          [
            -115.36601,
            44.11768
          ],
          [
            -115.36578,
            44.1176
          ],
          [
            -115.36555,
            44.11752
          ],
          [
            -115.36533,
            44.11745
          ],
          [
            -115.3651,
            44.11737
          ],
          [
            -115.36487,
            44.1173
          ],
          [
            -115.36464,
            44.11722
          ],
          [
            -115.36454,
            44.11719
          ],
          [
            -115.36436,
            44.11713
          ],
          [
            -115.36414,
            44.11706
          ],
          [
            -115.36396,
            44.11701
          ],
          [
            -115.36378,
            44.11697
          ],
          [
            -115.36352,
            44.11691
          ],
          [
            -115.36326,
            44.11687
          ],
          [
            -115.36323,
            44.11686
          ],
          [
            -115.36293,
            44.11683
          ],
          [
            -115.36267,
            44.11682
          ],
          [
            -115.36239,
            44.11682
          ],
          [
            -115.36214,
            44.11683
          ],
          [
            -115.36185,
            44.11685
          ],
          [
            -115.36174,
            44.11687
          ],
          [
            -115.36154,
            44.1169
          ],
          [
            -115.36149,
            44.11691
          ],
          [
            -115.3613,
            44.11695
          ],
          [
            -115.36125,
            44.11696
          ],
          [
            -115.36106,
            44.11701
          ],
          [
            -115.36102,
            44.11702
          ],
          [
            -115.3609,
            44.11706
          ],
          [
            -115.36079,
            44.1171
          ],
          [
            -115.36059,
            44.11717
          ],
          [
            -115.36057,
            44.11718
          ],
          [
            -115.36035,
            44.11727
          ],
          [
            -115.36028,
            44.1173
          ],
          [
            -115.36014,
            44.11737
          ],
          [
            -115.35999,
            44.11745
          ],
          [
            -115.35994,
            44.11748
          ],
          [
            -115.35974,
            44.11759
          ],
          [
            -115.35958,
            44.11768
          ],
          [
            -115.35954,
            44.1177
          ],
          [
            -115.35935,
            44.11781
          ],
          [
            -115.35915,
            44.11792
          ],
          [
            -115.35896,
            44.11804
          ],
          [
            -115.35892,
            44.11806
          ],
          [
            -115.35876,
            44.11815
          ],
          [
            -115.35857,
            44.11826
          ],
          [
            -115.35825,
            44.11845
          ],
          [
            -115.35818,
            44.11849
          ],
          [
            -115.3572,
            44.11905
          ],
          [
            -115.357,
            44.11916
          ],
          [
            -115.35681,
            44.11927
          ],
          [
            -115.35664,
            44.11937
          ],
          [
            -115.35559,
            44.11998
          ],
          [
            -115.35544,
            44.12006
          ],
          [
            -115.35525,
            44.12018
          ],
          [
            -115.35466,
            44.12052
          ],
          [
            -115.3531,
            44.12141
          ],
          [
            -115.35251,
            44.12176
          ],
          [
            -115.35218,
            44.12195
          ],
          [
            -115.35207,
            44.12201
          ],
          [
            -115.35199,
            44.12206
          ],
          [
            -115.35198,
            44.12207
          ],
          [
            -115.35173,
            44.12221
          ],
          [
            -115.35147,
            44.12236
          ],
          [
            -115.3514,
            44.1224
          ],
          [
            -115.35126,
            44.12247
          ],
          [
            -115.35105,
            44.12257
          ],
          [
            -115.35085,
            44.12266
          ],
          [
            -115.35068,
            44.12273
          ],
          [
            -115.35047,
            44.12281
          ],
          [
            -115.35027,
            44.12288
          ],
          [
            -115.34993,
            44.12298
          ],
          [
            -115.3497,
            44.12304
          ],
          [
            -115.34937,
            44.1231
          ],
          [
            -115.34906,
            44.12315
          ],
          [
            -115.34871,
            44.1232
          ],
          [
            -115.34837,
            44.12322
          ],
          [
            -115.34814,
            44.12323
          ],
          [
            -115.34809,
            44.12323
          ],
          [
            -115.34789,
            44.12322
          ],
          [
            -115.34781,
            44.12322
          ],
          [
            -115.34769,
            44.12322
          ],
          [
            -115.34739,
            44.1232
          ],
          [
            -115.34734,
            44.12319
          ],
          [
            -115.34632,
            44.12311
          ],
          [
            -115.34606,
            44.12309
          ],
          [
            -115.34586,
            44.12308
          ],
          [
            -115.34557,
            44.12307
          ],
          [
            -115.34533,
            44.12308
          ],
          [
            -115.34515,
            44.1231
          ],
          [
            -115.34498,
            44.12313
          ],
          [
            -115.3448,
            44.12316
          ],
          [
            -115.34478,
            44.12317
          ],
          [
            -115.34463,
            44.1232
          ],
          [
            -115.34454,
            44.12322
          ],
          [
            -115.34449,
            44.12324
          ],
          [
            -115.34433,
            44.12328
          ],
          [
            -115.34431,
            44.12329
          ],
          [
            -115.34416,
            44.12335
          ],
          [
            -115.34409,
            44.12338
          ],
          [
            -115.34401,
            44.12341
          ],
          [
            -115.34384,
            44.12349
          ],
          [
            -115.34367,
            44.12358
          ],
          [
            -115.34366,
            44.12359
          ],
          [
            -115.34337,
            44.12374
          ],
          [
            -115.34328,
            44.1238
          ],
          [
            -115.34308,
            44.12391
          ],
          [
            -115.34288,
            44.12403
          ],
          [
            -115.34269,
            44.12414
          ],
          [
            -115.3425,
            44.12425
          ],
          [
            -115.3423,
            44.12436
          ],
          [
            -115.34211,
            44.12448
          ],
          [
            -115.34203,
            44.12452
          ],
          [
            -115.34152,
            44.12481
          ],
          [
            -115.34083,
            44.12521
          ],
          [
            -115.34015,
            44.1256
          ],
          [
            -115.33978,
            44.12581
          ],
          [
            -115.33956,
            44.12594
          ],
          [
            -115.33917,
            44.12616
          ],
          [
            -115.3389,
            44.12631
          ],
          [
            -115.33878,
            44.12638
          ],
          [
            -115.33787,
            44.12691
          ],
          [
            -115.33761,
            44.12706
          ],
          [
            -115.33741,
            44.12717
          ],
          [
            -115.33712,
            44.12734
          ],
          [
            -115.33702,
            44.1274
          ],
          [
            -115.33683,
            44.12751
          ],
          [
            -115.33644,
            44.12774
          ],
          [
            -115.33606,
            44.12797
          ],
          [
            -115.33586,
            44.12809
          ],
          [
            -115.33569,
            44.12819
          ],
          [
            -115.33547,
            44.12831
          ],
          [
            -115.33527,
            44.12842
          ],
          [
            -115.33495,
            44.1286
          ],
          [
            -115.33476,
            44.1287
          ],
          [
            -115.33467,
            44.12874
          ],
          [
            -115.33447,
            44.12883
          ],
          [
            -115.33396,
            44.12905
          ],
          [
            -115.33363,
            44.12919
          ],
          [
            -115.33338,
            44.12929
          ],
          [
            -115.33323,
            44.12935
          ],
          [
            -115.33316,
            44.12938
          ],
          [
            -115.33272,
            44.12955
          ],
          [
            -115.33266,
            44.12957
          ],
          [
            -115.33249,
            44.12963
          ],
          [
            -115.33237,
            44.12968
          ],
          [
            -115.33204,
            44.12979
          ],
          [
            -115.33202,
            44.1298
          ],
          [
            -115.33181,
            44.12986
          ],
          [
            -115.33146,
            44.12997
          ],
          [
            -115.33135,
            44.13001
          ],
          [
            -115.33112,
            44.13007
          ],
          [
            -115.331,
            44.13011
          ],
          [
            -115.33089,
            44.13014
          ],
          [
            -115.33066,
            44.13021
          ],
          [
            -115.33046,
            44.13027
          ],
          [
            -115.33043,
            44.13028
          ],
          [
            -115.33019,
            44.13035
          ],
          [
            -115.32996,
            44.13041
          ],
          [
            -115.32962,
            44.13051
          ],
          [
            -115.32913,
            44.13065
          ],
          [
            -115.32879,
            44.13074
          ],
          [
            -115.32858,
            44.13079
          ],
          [
            -115.32856,
            44.1308
          ],
          [
            -115.32837,
            44.13086
          ],
          [
            -115.32814,
            44.13094
          ],
          [
            -115.32798,
            44.131
          ],
          [
            -115.32789,
            44.13105
          ],
          [
            -115.32783,
            44.13108
          ],
          [
            -115.32767,
            44.13117
          ],
          [
            -115.32753,
            44.13125
          ],
          [
            -115.32751,
            44.13128
          ],
          [
            -115.32741,
            44.13136
          ],
          [
            -115.32735,
            44.13141
          ],
          [
            -115.32723,
            44.13152
          ],
          [
            -115.3272,
            44.13156
          ],
          [
            -115.32712,
            44.13165
          ],
          [
            -115.32707,
            44.13172
          ],
          [
            -115.32701,
            44.1318
          ],
          [
            -115.32694,
            44.13195
          ],
          [
            -115.32689,
            44.13204
          ],
          [
            -115.32689,
            44.13205
          ],
          [
            -115.32686,
            44.1321
          ],
          [
            -115.32681,
            44.13228
          ],
          [
            -115.32667,
            44.13269
          ],
          [
            -115.32658,
            44.13297
          ],
          [
            -115.32651,
            44.13315
          ],
          [
            -115.32643,
            44.1333
          ],
          [
            -115.32635,
            44.13343
          ],
          [
            -115.32628,
            44.13352
          ],
          [
            -115.32622,
            44.13359
          ],
          [
            -115.32611,
            44.13371
          ],
          [
            -115.32603,
            44.13378
          ],
          [
            -115.32594,
            44.13386
          ],
          [
            -115.32585,
            44.13392
          ],
          [
            -115.32577,
            44.13399
          ],
          [
            -115.32574,
            44.134
          ],
          [
            -115.32562,
            44.13408
          ],
          [
            -115.32555,
            44.13412
          ],
          [
            -115.32547,
            44.13416
          ],
          [
            -115.32536,
            44.13421
          ],
          [
            -115.32534,
            44.13422
          ],
          [
            -115.32523,
            44.13426
          ],
          [
            -115.32512,
            44.1343
          ],
          [
            -115.325,
            44.13434
          ],
          [
            -115.32489,
            44.13437
          ],
          [
            -115.32482,
            44.13439
          ],
          [
            -115.32465,
            44.13442
          ],
          [
            -115.32451,
            44.13444
          ],
          [
            -115.32441,
            44.13445
          ],
          [
            -115.32434,
            44.13446
          ],
          [
            -115.32416,
            44.13447
          ],
          [
            -115.32404,
            44.13447
          ],
          [
            -115.32391,
            44.13447
          ],
          [
            -115.32372,
            44.13448
          ],
          [
            -115.32366,
            44.13448
          ],
          [
            -115.3229,
            44.13446
          ],
          [
            -115.3228,
            44.13446
          ],
          [
            -115.32265,
            44.13445
          ],
          [
            -115.3224,
            44.13445
          ],
          [
            -115.3219,
            44.13444
          ],
          [
            -115.32165,
            44.13443
          ],
          [
            -115.32151,
            44.13443
          ],
          [
            -115.3214,
            44.13443
          ],
          [
            -115.32115,
            44.13442
          ],
          [
            -115.3209,
            44.13442
          ],
          [
            -115.32065,
            44.13441
          ],
          [
            -115.3206,
            44.13441
          ],
          [
            -115.3204,
            44.13441
          ],
          [
            -115.32018,
            44.13441
          ],
          [
            -115.32015,
            44.13441
          ],
          [
            -115.3199,
            44.13442
          ],
          [
            -115.31976,
            44.13443
          ],
          [
            -115.31965,
            44.13444
          ],
          [
            -115.31947,
            44.13446
          ],
          [
            -115.31922,
            44.13448
          ],
          [
            -115.31896,
            44.13453
          ],
          [
            -115.31867,
            44.13459
          ],
          [
            -115.31843,
            44.13464
          ],
          [
            -115.31821,
            44.13469
          ],
          [
            -115.31801,
            44.13475
          ],
          [
            -115.31781,
            44.1348
          ],
          [
            -115.31757,
            44.13489
          ],
          [
            -115.31751,
            44.13491
          ],
          [
            -115.31747,
            44.13493
          ],
          [
            -115.31737,
            44.13496
          ],
          [
            -115.31725,
            44.13501
          ],
          [
            -115.31699,
            44.13512
          ],
          [
            -115.3166,
            44.13529
          ],
          [
            -115.31645,
            44.13536
          ],
          [
            -115.31643,
            44.13537
          ],
          [
            -115.31618,
            44.13548
          ],
          [
            -115.31617,
            44.13548
          ],
          [
            -115.31596,
            44.13558
          ],
          [
            -115.31573,
            44.13568
          ],
          [
            -115.31557,
            44.13574
          ],
          [
            -115.31549,
            44.13577
          ],
          [
            -115.31525,
            44.13586
          ],
          [
            -115.31508,
            44.13591
          ],
          [
            -115.31499,
            44.13594
          ],
          [
            -115.31484,
            44.13598
          ],
          [
            -115.31475,
            44.136
          ],
          [
            -115.31442,
            44.13608
          ],
          [
            -115.3144,
            44.13608
          ],
          [
            -115.31413,
            44.13614
          ],
          [
            -115.31392,
            44.13617
          ],
          [
            -115.31355,
            44.13622
          ],
          [
            -115.31342,
            44.13623
          ],
          [
            -115.31339,
            44.13624
          ],
          [
            -115.31314,
            44.13627
          ],
          [
            -115.31299,
            44.13629
          ],
          [
            -115.31265,
            44.13634
          ],
          [
            -115.3126,
            44.13634
          ],
          [
            -115.31251,
            44.13636
          ],
          [
            -115.3124,
            44.13637
          ],
          [
            -115.31239,
            44.13637
          ],
          [
            -115.31213,
            44.13643
          ],
          [
            -115.31196,
            44.13647
          ],
          [
            -115.31193,
            44.13648
          ],
          [
            -115.3118,
            44.13652
          ],
          [
            -115.3117,
            44.13655
          ],
          [
            -115.31163,
            44.13657
          ],
          [
            -115.31144,
            44.13665
          ],
          [
            -115.31127,
            44.13674
          ],
          [
            -115.31108,
            44.13684
          ],
          [
            -115.31092,
            44.13693
          ],
          [
            -115.31088,
            44.13696
          ],
          [
            -115.31076,
            44.13705
          ],
          [
            -115.31071,
            44.13709
          ],
          [
            -115.31065,
            44.13714
          ],
          [
            -115.31061,
            44.13718
          ],
          [
            -115.31041,
            44.13736
          ],
          [
            -115.3104,
            44.13738
          ],
          [
            -115.31026,
            44.1375
          ],
          [
            -115.31024,
            44.13752
          ],
          [
            -115.31017,
            44.13758
          ],
          [
            -115.31009,
            44.13766
          ],
          [
            -115.31003,
            44.13771
          ],
          [
            -115.30993,
            44.1378
          ],
          [
            -115.30978,
            44.13794
          ],
          [
            -115.30963,
            44.13809
          ],
          [
            -115.30947,
            44.13823
          ],
          [
            -115.30932,
            44.13837
          ],
          [
            -115.30876,
            44.1389
          ],
          [
            -115.30827,
            44.13935
          ],
          [
            -115.30795,
            44.13966
          ],
          [
            -115.3078,
            44.1398
          ],
          [
            -115.30704,
            44.14052
          ],
          [
            -115.3069,
            44.14065
          ],
          [
            -115.3068,
            44.14075
          ],
          [
            -115.30675,
            44.1408
          ],
          [
            -115.3067,
            44.14084
          ],
          [
            -115.30661,
            44.14095
          ],
          [
            -115.3066,
            44.14095
          ],
          [
            -115.30652,
            44.14104
          ],
          [
            -115.30648,
            44.1411
          ],
          [
            -115.30643,
            44.14116
          ],
          [
            -115.30636,
            44.14126
          ],
          [
            -115.30635,
            44.14128
          ],
          [
            -115.30626,
            44.14142
          ],
          [
            -115.3062,
            44.14152
          ],
          [
            -115.30616,
            44.14159
          ],
          [
            -115.30614,
            44.14163
          ],
          [
            -115.30609,
            44.14173
          ],
          [
            -115.30608,
            44.14176
          ],
          [
            -115.30604,
            44.14185
          ],
          [
            -115.30601,
            44.14193
          ],
          [
            -115.30599,
            44.14198
          ],
          [
            -115.30595,
            44.14211
          ],
          [
            -115.30594,
            44.14212
          ],
          [
            -115.30591,
            44.14223
          ],
          [
            -115.3059,
            44.14228
          ],
          [
            -115.30585,
            44.14245
          ],
          [
            -115.30585,
            44.14246
          ],
          [
            -115.30581,
            44.14264
          ],
          [
            -115.30577,
            44.14279
          ],
          [
            -115.30575,
            44.14288
          ],
          [
            -115.30571,
            44.14299
          ],
          [
            -115.30565,
            44.14314
          ],
          [
            -115.30559,
            44.14328
          ],
          [
            -115.30548,
            44.14346
          ],
          [
            -115.30547,
            44.14348
          ],
          [
            -115.30538,
            44.1436
          ],
          [
            -115.30528,
            44.14372
          ],
          [
            -115.30517,
            44.14383
          ],
          [
            -115.30508,
            44.14392
          ],
          [
            -115.30507,
            44.14393
          ],
          [
            -115.30487,
            44.14408
          ],
          [
            -115.30475,
            44.14417
          ],
          [
            -115.30474,
            44.14418
          ],
          [
            -115.30456,
            44.1443
          ],
          [
            -115.30437,
            44.14442
          ],
          [
            -115.30419,
            44.14454
          ],
          [
            -115.30418,
            44.14454
          ],
          [
            -115.304,
            44.14466
          ],
          [
            -115.30379,
            44.1448
          ],
          [
            -115.30363,
            44.1449
          ],
          [
            -115.30345,
            44.14503
          ],
          [
            -115.30344,
            44.14503
          ],
          [
            -115.30321,
            44.14521
          ],
          [
            -115.30306,
            44.14534
          ],
          [
            -115.30289,
            44.14551
          ],
          [
            -115.3028,
            44.1456
          ],
          [
            -115.30273,
            44.14569
          ],
          [
            -115.30262,
            44.14583
          ],
          [
            -115.30258,
            44.1459
          ],
          [
            -115.30249,
            44.14603
          ],
          [
            -115.30247,
            44.14607
          ],
          [
            -115.30242,
            44.14617
          ],
          [
            -115.30239,
            44.14623
          ],
          [
            -115.30236,
            44.14629
          ],
          [
            -115.30228,
            44.14645
          ],
          [
            -115.30218,
            44.14669
          ],
          [
            -115.30216,
            44.14675
          ],
          [
            -115.30205,
            44.147
          ],
          [
            -115.30198,
            44.14713
          ],
          [
            -115.30192,
            44.14724
          ],
          [
            -115.30183,
            44.14741
          ],
          [
            -115.3017,
            44.14758
          ],
          [
            -115.30157,
            44.14775
          ],
          [
            -115.30149,
            44.14785
          ],
          [
            -115.30131,
            44.14803
          ],
          [
            -115.3013,
            44.14804
          ],
          [
            -115.30118,
            44.14816
          ],
          [
            -115.30101,
            44.1483
          ],
          [
            -115.30099,
            44.14832
          ],
          [
            -115.30081,
            44.14845
          ],
          [
            -115.30076,
            44.14849
          ],
          [
            -115.30056,
            44.14862
          ],
          [
            -115.30044,
            44.14869
          ],
          [
            -115.30037,
            44.14873
          ],
          [
            -115.30024,
            44.1488
          ],
          [
            -115.30014,
            44.14885
          ],
          [
            -115.29994,
            44.14894
          ],
          [
            -115.2998,
            44.14899
          ],
          [
            -115.29964,
            44.14906
          ],
          [
            -115.29945,
            44.14913
          ],
          [
            -115.29931,
            44.14917
          ],
          [
            -115.29915,
            44.14921
          ],
          [
            -115.299,
            44.14925
          ],
          [
            -115.29889,
            44.14928
          ],
          [
            -115.29883,
            44.14929
          ],
          [
            -115.29866,
            44.14933
          ],
          [
            -115.29865,
            44.14933
          ],
          [
            -115.2985,
            44.14936
          ],
          [
            -115.2984,
            44.14938
          ],
          [
            -115.29833,
            44.14939
          ],
          [
            -115.29816,
            44.14941
          ],
          [
            -115.29815,
            44.14941
          ],
          [
            -115.29802,
            44.14944
          ],
          [
            -115.29791,
            44.14945
          ],
          [
            -115.29787,
            44.14946
          ],
          [
            -115.29771,
            44.14949
          ],
          [
            -115.29767,
            44.14949
          ],
          [
            -115.29755,
            44.14952
          ],
          [
            -115.29743,
            44.14954
          ],
          [
            -115.29721,
            44.14959
          ],
          [
            -115.2971,
            44.14963
          ],
          [
            -115.29694,
            44.14967
          ],
          [
            -115.2968,
            44.14973
          ],
          [
            -115.29667,
            44.14978
          ],
          [
            -115.29653,
            44.14984
          ],
          [
            -115.29652,
            44.14984
          ],
          [
            -115.29645,
            44.14988
          ],
          [
            -115.29632,
            44.14994
          ],
          [
            -115.29631,
            44.14995
          ],
          [
            -115.29624,
            44.14999
          ],
          [
            -115.29613,
            44.15005
          ],
          [
            -115.29574,
            44.15031
          ],
          [
            -115.29534,
            44.15058
          ],
          [
            -115.29521,
            44.15068
          ],
          [
            -115.29503,
            44.1508
          ],
          [
            -115.29485,
            44.15093
          ],
          [
            -115.29467,
            44.15105
          ],
          [
            -115.29449,
            44.15118
          ],
          [
            -115.29413,
            44.15143
          ],
          [
            -115.29391,
            44.15158
          ],
          [
            -115.29379,
            44.15166
          ],
          [
            -115.29368,
            44.15174
          ],
          [
            -115.29356,
            44.15183
          ],
          [
            -115.29345,
            44.15191
          ],
          [
            -115.29333,
            44.15199
          ],
          [
            -115.2932,
            44.15208
          ],
          [
            -115.29306,
            44.15219
          ],
          [
            -115.29293,
            44.15229
          ],
          [
            -115.29282,
            44.15239
          ],
          [
            -115.29271,
            44.15249
          ],
          [
            -115.2926,
            44.15261
          ],
          [
            -115.29255,
            44.15266
          ],
          [
            -115.29246,
            44.15276
          ],
          [
            -115.29245,
            44.15277
          ],
          [
            -115.29229,
            44.15298
          ],
          [
            -115.29222,
            44.15308
          ],
          [
            -115.29218,
            44.15314
          ],
          [
            -115.29211,
            44.15324
          ],
          [
            -115.29204,
            44.15335
          ],
          [
            -115.29192,
            44.15353
          ],
          [
            -115.2919,
            44.15357
          ],
          [
            -115.29181,
            44.15372
          ],
          [
            -115.2918,
            44.15373
          ],
          [
            -115.29173,
            44.15383
          ],
          [
            -115.29168,
            44.15389
          ],
          [
            -115.29164,
            44.15395
          ],
          [
            -115.29159,
            44.15401
          ],
          [
            -115.2915,
            44.1541
          ],
          [
            -115.29139,
            44.15421
          ],
          [
            -115.29126,
            44.15432
          ],
          [
            -115.29125,
            44.15433
          ],
          [
            -115.29114,
            44.15442
          ],
          [
            -115.29098,
            44.15454
          ],
          [
            -115.29091,
            44.15459
          ],
          [
            -115.29081,
            44.15467
          ],
          [
            -115.29071,
            44.15475
          ],
          [
            -115.29057,
            44.15485
          ],
          [
            -115.29042,
            44.15495
          ],
          [
            -115.29032,
            44.15504
          ],
          [
            -115.29017,
            44.15514
          ],
          [
            -115.29003,
            44.15525
          ],
          [
            -115.28993,
            44.15533
          ],
          [
            -115.28984,
            44.15541
          ],
          [
            -115.28973,
            44.1555
          ],
          [
            -115.28945,
            44.15574
          ],
          [
            -115.28921,
            44.15594
          ],
          [
            -115.28908,
            44.15605
          ],
          [
            -115.28904,
            44.15608
          ],
          [
            -115.28896,
            44.15616
          ],
          [
            -115.28887,
            44.15626
          ],
          [
            -115.28881,
            44.15632
          ],
          [
            -115.28879,
            44.15634
          ],
          [
            -115.28875,
            44.15638
          ],
          [
            -115.28867,
            44.15647
          ],
          [
            -115.28866,
            44.15649
          ],
          [
            -115.28863,
            44.15653
          ],
          [
            -115.28855,
            44.15663
          ],
          [
            -115.28849,
            44.15671
          ],
          [
            -115.28841,
            44.15683
          ],
          [
            -115.28828,
            44.15701
          ],
          [
            -115.28816,
            44.15717
          ],
          [
            -115.28804,
            44.15735
          ],
          [
            -115.28798,
            44.15743
          ],
          [
            -115.28789,
            44.15756
          ],
          [
            -115.28774,
            44.15777
          ],
          [
            -115.28738,
            44.1582
          ],
          [
            -115.28725,
            44.15834
          ],
          [
            -115.28723,
            44.15837
          ],
          [
            -115.28714,
            44.15846
          ],
          [
            -115.28711,
            44.1585
          ],
          [
            -115.2871,
            44.1585
          ],
          [
            -115.28697,
            44.15864
          ],
          [
            -115.28686,
            44.15874
          ],
          [
            -115.28638,
            44.15924
          ],
          [
            -115.28623,
            44.15938
          ],
          [
            -115.28609,
            44.15953
          ],
          [
            -115.28596,
            44.15966
          ],
          [
            -115.2858,
            44.15982
          ],
          [
            -115.28578,
            44.15984
          ],
          [
            -115.2856,
            44.16001
          ],
          [
            -115.28547,
            44.16014
          ],
          [
            -115.28522,
            44.16037
          ],
          [
            -115.28513,
            44.16046
          ],
          [
            -115.28504,
            44.16054
          ],
          [
            -115.28495,
            44.16062
          ],
          [
            -115.28488,
            44.16068
          ],
          [
            -115.28485,
            44.16071
          ],
          [
            -115.28477,
            44.16078
          ],
          [
            -115.28467,
            44.16087
          ],
          [
            -115.28455,
            44.16097
          ],
          [
            -115.28445,
            44.16105
          ],
          [
            -115.28435,
            44.16114
          ],
          [
            -115.28424,
            44.16123
          ],
          [
            -115.28412,
            44.16133
          ],
          [
            -115.28394,
            44.16147
          ],
          [
            -115.28381,
            44.16157
          ],
          [
            -115.28351,
            44.16179
          ],
          [
            -115.28338,
            44.16189
          ],
          [
            -115.28286,
            44.16228
          ],
          [
            -115.28272,
            44.16238
          ],
          [
            -115.28268,
            44.16241
          ],
          [
            -115.28251,
            44.16254
          ],
          [
            -115.282,
            44.16293
          ],
          [
            -115.28185,
            44.16304
          ],
          [
            -115.28165,
            44.16319
          ],
          [
            -115.28136,
            44.16341
          ],
          [
            -115.2813,
            44.16345
          ],
          [
            -115.28112,
            44.16358
          ],
          [
            -115.28093,
            44.16371
          ],
          [
            -115.28055,
            44.16395
          ],
          [
            -115.28038,
            44.16406
          ],
          [
            -115.28025,
            44.16413
          ],
          [
            -115.28018,
            44.16417
          ],
          [
            -115.27999,
            44.16428
          ],
          [
            -115.27991,
            44.16433
          ],
          [
            -115.27979,
            44.16439
          ],
          [
            -115.27947,
            44.16456
          ],
          [
            -115.27918,
            44.1647
          ],
          [
            -115.27881,
            44.16487
          ],
          [
            -115.27848,
            44.16501
          ],
          [
            -115.27823,
            44.16512
          ],
          [
            -115.27785,
            44.16527
          ],
          [
            -115.27757,
            44.16537
          ],
          [
            -115.27725,
            44.16549
          ],
          [
            -115.27677,
            44.16566
          ],
          [
            -115.27655,
            44.16574
          ],
          [
            -115.27648,
            44.16576
          ],
          [
            -115.27626,
            44.16584
          ],
          [
            -115.27617,
            44.16587
          ],
          [
            -115.27584,
            44.16599
          ],
          [
            -115.27564,
            44.16606
          ],
          [
            -115.27523,
            44.1662
          ],
          [
            -115.27495,
            44.16629
          ],
          [
            -115.27463,
            44.1664
          ],
          [
            -115.27459,
            44.16641
          ],
          [
            -115.27435,
            44.1665
          ],
          [
            -115.27402,
            44.16662
          ],
          [
            -115.27393,
            44.16665
          ],
          [
            -115.27384,
            44.16669
          ],
          [
            -115.27377,
            44.16672
          ],
          [
            -115.27363,
            44.16679
          ],
          [
            -115.27363,
            44.1668
          ],
          [
            -115.27349,
            44.16687
          ],
          [
            -115.27335,
            44.16696
          ],
          [
            -115.27325,
            44.16702
          ],
          [
            -115.27316,
            44.16708
          ],
          [
            -115.27306,
            44.16715
          ],
          [
            -115.27298,
            44.16721
          ],
          [
            -115.2729,
            44.16727
          ],
          [
            -115.27281,
            44.16734
          ],
          [
            -115.27274,
            44.1674
          ],
          [
            -115.27265,
            44.16746
          ],
          [
            -115.27255,
            44.16754
          ],
          [
            -115.27232,
            44.16771
          ],
          [
            -115.27206,
            44.16792
          ],
          [
            -115.2719,
            44.16807
          ],
          [
            -115.27174,
            44.16819
          ],
          [
            -115.27165,
            44.16826
          ],
          [
            -115.27156,
            44.16832
          ],
          [
            -115.27149,
            44.16837
          ],
          [
            -115.27143,
            44.16841
          ],
          [
            -115.27139,
            44.16843
          ],
          [
            -115.27136,
            44.16845
          ],
          [
            -115.2713,
            44.16848
          ],
          [
            -115.27129,
            44.16848
          ],
          [
            -115.27119,
            44.16854
          ],
          [
            -115.27108,
            44.16859
          ],
          [
            -115.27094,
            44.16866
          ],
          [
            -115.27085,
            44.16869
          ],
          [
            -115.27058,
            44.16879
          ],
          [
            -115.27044,
            44.16884
          ],
          [
            -115.27005,
            44.16897
          ],
          [
            -115.26999,
            44.16899
          ],
          [
            -115.26909,
            44.16932
          ],
          [
            -115.2683,
            44.16961
          ],
          [
            -115.26811,
            44.16967
          ],
          [
            -115.26809,
            44.16968
          ],
          [
            -115.26806,
            44.16969
          ],
          [
            -115.26797,
            44.16972
          ],
          [
            -115.26784,
            44.16977
          ],
          [
            -115.26775,
            44.1698
          ],
          [
            -115.26766,
            44.16983
          ],
          [
            -115.26763,
            44.16984
          ],
          [
            -115.26761,
            44.16984
          ],
          [
            -115.26751,
            44.16987
          ],
          [
            -115.26749,
            44.16987
          ],
          [
            -115.26742,
            44.16989
          ],
          [
            -115.26737,
            44.1699
          ],
          [
            -115.26728,
            44.16992
          ],
          [
            -115.26716,
            44.16994
          ],
          [
            -115.26699,
            44.16998
          ],
          [
            -115.26694,
            44.16999
          ],
          [
            -115.26689,
            44.17
          ],
          [
            -115.26685,
            44.17
          ],
          [
            -115.26679,
            44.17001
          ],
          [
            -115.26671,
            44.17002
          ],
          [
            -115.26669,
            44.17002
          ],
          [
            -115.26658,
            44.17003
          ],
          [
            -115.26641,
            44.17005
          ],
          [
            -115.26622,
            44.17005
          ],
          [
            -115.26544,
            44.17005
          ],
          [
            -115.26539,
            44.17005
          ],
          [
            -115.26503,
            44.17005
          ],
          [
            -115.26494,
            44.17005
          ],
          [
            -115.26489,
            44.17005
          ],
          [
            -115.26478,
            44.17005
          ],
          [
            -115.26469,
            44.17005
          ],
          [
            -115.26464,
            44.17005
          ],
          [
            -115.26462,
            44.17005
          ],
          [
            -115.26443,
            44.17005
          ],
          [
            -115.26439,
            44.17005
          ],
          [
            -115.26425,
            44.17005
          ],
          [
            -115.26411,
            44.17005
          ],
          [
            -115.26397,
            44.17006
          ],
          [
            -115.26383,
            44.17007
          ],
          [
            -115.2637,
            44.17008
          ],
          [
            -115.26355,
            44.1701
          ],
          [
            -115.26341,
            44.17011
          ],
          [
            -115.26329,
            44.17013
          ],
          [
            -115.26327,
            44.17013
          ],
          [
            -115.26315,
            44.17015
          ],
          [
            -115.26304,
            44.17017
          ],
          [
            -115.26291,
            44.17019
          ],
          [
            -115.26269,
            44.17024
          ],
          [
            -115.26254,
            44.17028
          ],
          [
            -115.26241,
            44.17032
          ],
          [
            -115.26228,
            44.17035
          ],
          [
            -115.26216,
            44.17039
          ],
          [
            -115.26207,
            44.17042
          ],
          [
            -115.26196,
            44.17046
          ],
          [
            -115.2618,
            44.17052
          ],
          [
            -115.26165,
            44.17057
          ],
          [
            -115.26163,
            44.17058
          ],
          [
            -115.26157,
            44.17061
          ],
          [
            -115.26153,
            44.17063
          ],
          [
            -115.26144,
            44.17067
          ],
          [
            -115.2614,
            44.17069
          ],
          [
            -115.26136,
            44.17071
          ],
          [
            -115.26132,
            44.17073
          ],
          [
            -115.2613,
            44.17074
          ],
          [
            -115.26111,
            44.17083
          ],
          [
            -115.26071,
            44.17106
          ],
          [
            -115.26034,
            44.17129
          ],
          [
            -115.26027,
            44.17132
          ],
          [
            -115.26025,
            44.17133
          ],
          [
            -115.26015,
            44.17139
          ],
          [
            -115.26005,
            44.17144
          ],
          [
            -115.25994,
            44.1715
          ],
          [
            -115.25982,
            44.17157
          ],
          [
            -115.25972,
            44.17163
          ],
          [
            -115.25964,
            44.17168
          ],
          [
            -115.25954,
            44.17174
          ],
          [
            -115.25947,
            44.17178
          ],
          [
            -115.25945,
            44.17179
          ],
          [
            -115.25936,
            44.17184
          ],
          [
            -115.25929,
            44.17188
          ],
          [
            -115.25922,
            44.17192
          ],
          [
            -115.25914,
            44.17196
          ],
          [
            -115.25906,
            44.172
          ],
          [
            -115.25893,
            44.17207
          ],
          [
            -115.25882,
            44.17212
          ],
          [
            -115.25878,
            44.17213
          ],
          [
            -115.25874,
            44.17215
          ],
          [
            -115.25869,
            44.17217
          ],
          [
            -115.25857,
            44.17222
          ],
          [
            -115.25856,
            44.17222
          ],
          [
            -115.25852,
            44.17224
          ],
          [
            -115.25844,
            44.17227
          ],
          [
            -115.25842,
            44.17227
          ],
          [
            -115.25833,
            44.17231
          ],
          [
            -115.2582,
            44.17235
          ],
          [
            -115.25816,
            44.17236
          ],
          [
            -115.25811,
            44.17237
          ],
          [
            -115.25802,
            44.1724
          ],
          [
            -115.25784,
            44.17244
          ],
          [
            -115.25768,
            44.17247
          ],
          [
            -115.25747,
            44.17252
          ],
          [
            -115.25729,
            44.17255
          ],
          [
            -115.25712,
            44.17257
          ],
          [
            -115.25694,
            44.1726
          ],
          [
            -115.25679,
            44.17261
          ],
          [
            -115.25661,
            44.17263
          ],
          [
            -115.25649,
            44.17264
          ],
          [
            -115.25641,
            44.17264
          ],
          [
            -115.25615,
            44.17266
          ],
          [
            -115.25585,
            44.17266
          ],
          [
            -115.25579,
            44.17267
          ],
          [
            -115.25572,
            44.17267
          ],
          [
            -115.25499,
            44.17269
          ],
          [
            -115.25474,
            44.1727
          ],
          [
            -115.25433,
            44.17271
          ],
          [
            -115.25374,
            44.17273
          ],
          [
            -115.25231,
            44.17277
          ],
          [
            -115.25224,
            44.17277
          ],
          [
            -115.25222,
            44.17277
          ],
          [
            -115.25204,
            44.17278
          ],
          [
            -115.25188,
            44.17279
          ],
          [
            -115.25174,
            44.1728
          ],
          [
            -115.25163,
            44.17281
          ],
          [
            -115.25154,
            44.17282
          ],
          [
            -115.25136,
            44.17285
          ],
          [
            -115.25125,
            44.17287
          ],
          [
            -115.25123,
            44.17288
          ],
          [
            -115.25118,
            44.17289
          ],
          [
            -115.25107,
            44.17292
          ],
          [
            -115.25099,
            44.17294
          ],
          [
            -115.25098,
            44.17294
          ],
          [
            -115.25087,
            44.17298
          ],
          [
            -115.25077,
            44.17302
          ],
          [
            -115.25074,
            44.17303
          ],
          [
            -115.25063,
            44.17307
          ],
          [
            -115.25055,
            44.17311
          ],
          [
            -115.25055,
            44.17312
          ],
          [
            -115.25043,
            44.17317
          ],
          [
            -115.25035,
            44.17322
          ],
          [
            -115.25028,
            44.17326
          ],
          [
            -115.25021,
            44.17331
          ],
          [
            -115.25018,
            44.17333
          ],
          [
            -115.25014,
            44.17336
          ],
          [
            -115.25005,
            44.17342
          ],
          [
            -115.24995,
            44.17351
          ],
          [
            -115.24986,
            44.17359
          ],
          [
            -115.24985,
            44.1736
          ],
          [
            -115.24978,
            44.17368
          ],
          [
            -115.24967,
            44.17382
          ],
          [
            -115.24956,
            44.17398
          ],
          [
            -115.24943,
            44.17417
          ],
          [
            -115.24938,
            44.17424
          ],
          [
            -115.24938,
            44.17425
          ],
          [
            -115.2493,
            44.17436
          ],
          [
            -115.24928,
            44.1744
          ],
          [
            -115.24927,
            44.17441
          ],
          [
            -115.24923,
            44.17447
          ],
          [
            -115.24918,
            44.17455
          ],
          [
            -115.24911,
            44.17465
          ],
          [
            -115.24905,
            44.17473
          ],
          [
            -115.24898,
            44.17483
          ],
          [
            -115.24894,
            44.17488
          ],
          [
            -115.24893,
            44.17489
          ],
          [
            -115.24891,
            44.17492
          ],
          [
            -115.24883,
            44.17499
          ],
          [
            -115.24878,
            44.17504
          ],
          [
            -115.24874,
            44.17508
          ],
          [
            -115.24864,
            44.17516
          ],
          [
            -115.24863,
            44.17516
          ],
          [
            -115.24853,
            44.17524
          ],
          [
            -115.24842,
            44.17531
          ],
          [
            -115.24832,
            44.17538
          ],
          [
            -115.24826,
            44.17541
          ],
          [
            -115.24822,
            44.17543
          ],
          [
            -115.24807,
            44.17552
          ],
          [
            -115.24805,
            44.17553
          ],
          [
            -115.24789,
            44.17562
          ],
          [
            -115.24768,
            44.17575
          ],
          [
            -115.24766,
            44.17576
          ],
          [
            -115.24756,
            44.17583
          ],
          [
            -115.2475,
            44.17587
          ],
          [
            -115.24741,
            44.17594
          ],
          [
            -115.24734,
            44.17601
          ],
          [
            -115.24732,
            44.17602
          ],
          [
            -115.24726,
            44.17608
          ],
          [
            -115.24719,
            44.17615
          ],
          [
            -115.24717,
            44.17617
          ],
          [
            -115.24716,
            44.17618
          ],
          [
            -115.24707,
            44.17629
          ],
          [
            -115.24699,
            44.17641
          ],
          [
            -115.24695,
            44.17647
          ],
          [
            -115.24692,
            44.17653
          ],
          [
            -115.24686,
            44.17665
          ],
          [
            -115.24679,
            44.17681
          ],
          [
            -115.24673,
            44.17699
          ],
          [
            -115.24672,
            44.17699
          ],
          [
            -115.24662,
            44.17727
          ],
          [
            -115.2466,
            44.17733
          ],
          [
            -115.24657,
            44.1774
          ],
          [
            -115.24652,
            44.17756
          ],
          [
            -115.24648,
            44.17767
          ],
          [
            -115.24648,
            44.17768
          ],
          [
            -115.24648,
            44.1777
          ],
          [
            -115.24646,
            44.1778
          ],
          [
            -115.24645,
            44.17786
          ],
          [
            -115.24645,
            44.17788
          ],
          [
            -115.24645,
            44.1779
          ],
          [
            -115.24644,
            44.17799
          ],
          [
            -115.24645,
            44.17804
          ],
          [
            -115.24645,
            44.17805
          ],
          [
            -115.24645,
            44.17811
          ],
          [
            -115.24647,
            44.17822
          ],
          [
            -115.24648,
            44.17825
          ],
          [
            -115.24651,
            44.17837
          ],
          [
            -115.24652,
            44.1784
          ],
          [
            -115.24652,
            44.17841
          ],
          [
            -115.24655,
            44.17849
          ],
          [
            -115.2466,
            44.17858
          ],
          [
            -115.24662,
            44.17862
          ],
          [
            -115.24669,
            44.17873
          ],
          [
            -115.24679,
            44.17888
          ],
          [
            -115.24692,
            44.17905
          ],
          [
            -115.24703,
            44.17918
          ],
          [
            -115.24714,
            44.17933
          ],
          [
            -115.24716,
            44.17937
          ],
          [
            -115.24727,
            44.17951
          ],
          [
            -115.24734,
            44.17962
          ],
          [
            -115.24741,
            44.17975
          ],
          [
            -115.24746,
            44.17986
          ],
          [
            -115.2475,
            44.17996
          ],
          [
            -115.24756,
            44.18012
          ],
          [
            -115.2476,
            44.1803
          ],
          [
            -115.24767,
            44.18079
          ],
          [
            -115.24769,
            44.18092
          ],
          [
            -115.24771,
            44.1811
          ],
          [
            -115.24778,
            44.18164
          ],
          [
            -115.2478,
            44.18182
          ],
          [
            -115.24782,
            44.182
          ],
          [
            -115.24785,
            44.18216
          ],
          [
            -115.24787,
            44.18232
          ],
          [
            -115.2479,
            44.18253
          ],
          [
            -115.2479,
            44.18254
          ],
          [
            -115.24791,
            44.18258
          ],
          [
            -115.24793,
            44.18271
          ],
          [
            -115.24794,
            44.18271
          ],
          [
            -115.24796,
            44.1828
          ],
          [
            -115.24801,
            44.18292
          ],
          [
            -115.24807,
            44.18304
          ],
          [
            -115.24811,
            44.18312
          ],
          [
            -115.24816,
            44.18319
          ],
          [
            -115.24825,
            44.1833
          ],
          [
            -115.24831,
            44.18337
          ],
          [
            -115.24837,
            44.18343
          ],
          [
            -115.2486,
            44.18366
          ],
          [
            -115.24867,
            44.18374
          ],
          [
            -115.24874,
            44.18382
          ],
          [
            -115.24883,
            44.18392
          ],
          [
            -115.24896,
            44.18408
          ],
          [
            -115.24911,
            44.18429
          ],
          [
            -115.24915,
            44.18435
          ],
          [
            -115.24919,
            44.18443
          ],
          [
            -115.24924,
            44.18452
          ],
          [
            -115.24933,
            44.18469
          ],
          [
            -115.24938,
            44.18481
          ],
          [
            -115.24941,
            44.18491
          ],
          [
            -115.24944,
            44.185
          ],
          [
            -115.24948,
            44.18512
          ],
          [
            -115.24952,
            44.18524
          ],
          [
            -115.24956,
            44.18535
          ],
          [
            -115.24957,
            44.18539
          ],
          [
            -115.24963,
            44.18556
          ],
          [
            -115.24968,
            44.1857
          ],
          [
            -115.24975,
            44.18587
          ],
          [
            -115.2498,
            44.186
          ],
          [
            -115.24987,
            44.18618
          ],
          [
            -115.24994,
            44.18635
          ],
          [
            -115.25002,
            44.18657
          ],
          [
            -115.25007,
            44.18673
          ],
          [
            -115.2501,
            44.18686
          ],
          [
            -115.25012,
            44.18696
          ],
          [
            -115.25012,
            44.18698
          ],
          [
            -115.25013,
            44.18711
          ],
          [
            -115.25014,
            44.18726
          ],
          [
            -115.25015,
            44.18742
          ],
          [
            -115.25016,
            44.18749
          ],
          [
            -115.25017,
            44.18768
          ],
          [
            -115.25017,
            44.18772
          ],
          [
            -115.25017,
            44.18786
          ],
          [
            -115.25018,
            44.188
          ],
          [
            -115.25019,
            44.18814
          ],
          [
            -115.25019,
            44.18822
          ],
          [
            -115.25019,
            44.18836
          ],
          [
            -115.25019,
            44.1884
          ],
          [
            -115.25019,
            44.18849
          ],
          [
            -115.25018,
            44.18858
          ],
          [
            -115.25018,
            44.18865
          ],
          [
            -115.25016,
            44.18875
          ],
          [
            -115.25015,
            44.18878
          ],
          [
            -115.25011,
            44.18891
          ],
          [
            -115.2501,
            44.18893
          ],
          [
            -115.25005,
            44.18907
          ],
          [
            -115.25003,
            44.1891
          ],
          [
            -115.24999,
            44.18918
          ],
          [
            -115.24988,
            44.18935
          ],
          [
            -115.24982,
            44.18943
          ],
          [
            -115.2498,
            44.18946
          ],
          [
            -115.24969,
            44.18958
          ],
          [
            -115.24968,
            44.18959
          ],
          [
            -115.24954,
            44.18972
          ],
          [
            -115.24954,
            44.18973
          ],
          [
            -115.24932,
            44.18992
          ],
          [
            -115.24921,
            44.19002
          ],
          [
            -115.2491,
            44.19013
          ],
          [
            -115.24898,
            44.19024
          ],
          [
            -115.24893,
            44.1903
          ],
          [
            -115.24887,
            44.19036
          ],
          [
            -115.24879,
            44.19045
          ],
          [
            -115.2487,
            44.19057
          ],
          [
            -115.24865,
            44.19064
          ],
          [
            -115.24855,
            44.19079
          ],
          [
            -115.2485,
            44.19087
          ],
          [
            -115.24846,
            44.19096
          ],
          [
            -115.24843,
            44.19103
          ],
          [
            -115.24837,
            44.19119
          ],
          [
            -115.24831,
            44.19143
          ],
          [
            -115.24829,
            44.19156
          ],
          [
            -115.24827,
            44.19168
          ],
          [
            -115.24826,
            44.19186
          ],
          [
            -115.24826,
            44.19197
          ],
          [
            -115.24826,
            44.19208
          ],
          [
            -115.24827,
            44.19233
          ],
          [
            -115.24827,
            44.1924
          ],
          [
            -115.24827,
            44.19251
          ],
          [
            -115.24828,
            44.19261
          ],
          [
            -115.2483,
            44.19283
          ],
          [
            -115.24835,
            44.19312
          ],
          [
            -115.24841,
            44.1934
          ],
          [
            -115.24846,
            44.19355
          ],
          [
            -115.24854,
            44.19375
          ],
          [
            -115.24862,
            44.19392
          ],
          [
            -115.24871,
            44.19408
          ],
          [
            -115.24876,
            44.19419
          ],
          [
            -115.24881,
            44.19428
          ],
          [
            -115.24889,
            44.1944
          ],
          [
            -115.2489,
            44.19442
          ],
          [
            -115.24896,
            44.1945
          ],
          [
            -115.24902,
            44.19458
          ],
          [
            -115.2491,
            44.19468
          ],
          [
            -115.24914,
            44.19474
          ],
          [
            -115.24922,
            44.19483
          ],
          [
            -115.24927,
            44.19489
          ],
          [
            -115.24933,
            44.19496
          ],
          [
            -115.24948,
            44.19513
          ],
          [
            -115.24967,
            44.19534
          ],
          [
            -115.24978,
            44.19546
          ],
          [
            -115.24992,
            44.19562
          ],
          [
            -115.25001,
            44.19572
          ],
          [
            -115.2501,
            44.19583
          ],
          [
            -115.25022,
            44.196
          ],
          [
            -115.25029,
            44.19616
          ],
          [
            -115.25034,
            44.19629
          ],
          [
            -115.25038,
            44.19646
          ],
          [
            -115.25038,
            44.19662
          ],
          [
            -115.25036,
            44.19676
          ],
          [
            -115.25034,
            44.19684
          ],
          [
            -115.25034,
            44.19687
          ],
          [
            -115.25028,
            44.197
          ],
          [
            -115.25027,
            44.19701
          ],
          [
            -115.25022,
            44.1971
          ],
          [
            -115.25017,
            44.19718
          ],
          [
            -115.25011,
            44.19726
          ],
          [
            -115.25004,
            44.19733
          ],
          [
            -115.24995,
            44.19742
          ],
          [
            -115.24989,
            44.19747
          ],
          [
            -115.24977,
            44.19757
          ],
          [
            -115.24973,
            44.19761
          ],
          [
            -115.24965,
            44.19767
          ],
          [
            -115.2495,
            44.19779
          ],
          [
            -115.24938,
            44.19789
          ],
          [
            -115.24929,
            44.19798
          ],
          [
            -115.24919,
            44.19808
          ],
          [
            -115.24913,
            44.19817
          ],
          [
            -115.24912,
            44.19818
          ],
          [
            -115.24909,
            44.19824
          ],
          [
            -115.24906,
            44.19829
          ],
          [
            -115.24903,
            44.19835
          ],
          [
            -115.249,
            44.19845
          ],
          [
            -115.24898,
            44.19852
          ],
          [
            -115.24898,
            44.19853
          ],
          [
            -115.24896,
            44.19864
          ],
          [
            -115.24897,
            44.1987
          ],
          [
            -115.24897,
            44.19877
          ],
          [
            -115.24898,
            44.19889
          ],
          [
            -115.24901,
            44.19901
          ],
          [
            -115.24905,
            44.19912
          ],
          [
            -115.24909,
            44.19923
          ],
          [
            -115.24911,
            44.19927
          ],
          [
            -115.24917,
            44.19941
          ],
          [
            -115.24917,
            44.19942
          ],
          [
            -115.24922,
            44.19952
          ],
          [
            -115.24924,
            44.19958
          ],
          [
            -115.24926,
            44.19963
          ],
          [
            -115.2493,
            44.19975
          ],
          [
            -115.2493,
            44.19978
          ],
          [
            -115.24932,
            44.19989
          ],
          [
            -115.24933,
            44.19999
          ],
          [
            -115.24933,
            44.20006
          ],
          [
            -115.24932,
            44.20011
          ],
          [
            -115.24931,
            44.20017
          ],
          [
            -115.24928,
            44.20029
          ],
          [
            -115.24926,
            44.20035
          ],
          [
            -115.24921,
            44.20045
          ],
          [
            -115.24918,
            44.20051
          ],
          [
            -115.2491,
            44.20063
          ],
          [
            -115.24904,
            44.20071
          ],
          [
            -115.24889,
            44.20088
          ],
          [
            -115.24875,
            44.20104
          ],
          [
            -115.24862,
            44.2012
          ],
          [
            -115.24848,
            44.2014
          ],
          [
            -115.24838,
            44.20157
          ],
          [
            -115.24832,
            44.20172
          ],
          [
            -115.24827,
            44.20186
          ],
          [
            -115.24826,
            44.20192
          ],
          [
            -115.24824,
            44.202
          ],
          [
            -115.24822,
            44.20209
          ],
          [
            -115.24819,
            44.20226
          ],
          [
            -115.24819,
            44.20227
          ],
          [
            -115.24818,
            44.20245
          ],
          [
            -115.24817,
            44.20259
          ],
          [
            -115.24817,
            44.20263
          ],
          [
            -115.24815,
            44.20281
          ],
          [
            -115.24814,
            44.20299
          ],
          [
            -115.24814,
            44.20306
          ],
          [
            -115.24812,
            44.20328
          ],
          [
            -115.24811,
            44.20335
          ],
          [
            -115.24809,
            44.20344
          ],
          [
            -115.24807,
            44.20353
          ],
          [
            -115.24804,
            44.20368
          ],
          [
            -115.248,
            44.20381
          ],
          [
            -115.24798,
            44.20388
          ],
          [
            -115.24795,
            44.20394
          ],
          [
            -115.2479,
            44.20405
          ],
          [
            -115.24785,
            44.20418
          ],
          [
            -115.24782,
            44.20422
          ],
          [
            -115.2477,
            44.20442
          ],
          [
            -115.24753,
            44.20468
          ],
          [
            -115.24739,
            44.20492
          ],
          [
            -115.24706,
            44.2054
          ],
          [
            -115.24676,
            44.20586
          ],
          [
            -115.24667,
            44.20599
          ],
          [
            -115.24655,
            44.20614
          ],
          [
            -115.24639,
            44.20627
          ],
          [
            -115.24618,
            44.20642
          ],
          [
            -115.24586,
            44.20659
          ],
          [
            -115.24566,
            44.20669
          ],
          [
            -115.24551,
            44.20677
          ],
          [
            -115.24538,
            44.20685
          ],
          [
            -115.24531,
            44.2069
          ],
          [
            -115.24519,
            44.20697
          ],
          [
            -115.24517,
            44.20699
          ],
          [
            -115.24508,
            44.20706
          ],
          [
            -115.24492,
            44.20718
          ],
          [
            -115.24485,
            44.20724
          ],
          [
            -115.24468,
            44.20737
          ],
          [
            -115.24465,
            44.2074
          ],
          [
            -115.24452,
            44.20751
          ],
          [
            -115.24428,
            44.20772
          ],
          [
            -115.2442,
            44.20779
          ],
          [
            -115.24404,
            44.20792
          ],
          [
            -115.24402,
            44.20794
          ],
          [
            -115.24388,
            44.20806
          ],
          [
            -115.24384,
            44.20811
          ],
          [
            -115.24374,
            44.20821
          ],
          [
            -115.24373,
            44.20822
          ],
          [
            -115.24361,
            44.20837
          ],
          [
            -115.24358,
            44.2084
          ],
          [
            -115.24349,
            44.20852
          ],
          [
            -115.24341,
            44.20864
          ],
          [
            -115.24338,
            44.20869
          ],
          [
            -115.24331,
            44.20881
          ],
          [
            -115.24322,
            44.20898
          ],
          [
            -115.24308,
            44.20928
          ],
          [
            -115.2429,
            44.20971
          ],
          [
            -115.24283,
            44.20987
          ],
          [
            -115.24282,
            44.20988
          ],
          [
            -115.2427,
            44.21015
          ],
          [
            -115.24265,
            44.21026
          ],
          [
            -115.24255,
            44.21044
          ],
          [
            -115.24247,
            44.21057
          ],
          [
            -115.2424,
            44.21065
          ],
          [
            -115.24226,
            44.21083
          ],
          [
            -115.24216,
            44.21094
          ],
          [
            -115.24203,
            44.21106
          ],
          [
            -115.24194,
            44.21114
          ],
          [
            -115.2419,
            44.21118
          ],
          [
            -115.24177,
            44.21129
          ],
          [
            -115.24176,
            44.2113
          ],
          [
            -115.24159,
            44.21142
          ],
          [
            -115.2415,
            44.21149
          ],
          [
            -115.24123,
            44.21166
          ],
          [
            -115.24101,
            44.21177
          ],
          [
            -115.24083,
            44.21186
          ],
          [
            -115.24063,
            44.21194
          ],
          [
            -115.2405,
            44.21199
          ],
          [
            -115.24036,
            44.21203
          ],
          [
            -115.24015,
            44.2121
          ],
          [
            -115.24007,
            44.21213
          ],
          [
            -115.23996,
            44.21216
          ],
          [
            -115.2399,
            44.21218
          ],
          [
            -115.23958,
            44.21229
          ],
          [
            -115.23937,
            44.21237
          ],
          [
            -115.23909,
            44.21249
          ],
          [
            -115.23909,
            44.2125
          ],
          [
            -115.23889,
            44.2126
          ],
          [
            -115.23873,
            44.21271
          ],
          [
            -115.23858,
            44.21283
          ],
          [
            -115.23854,
            44.21286
          ],
          [
            -115.23839,
            44.21298
          ],
          [
            -115.23838,
            44.213
          ],
          [
            -115.23824,
            44.21315
          ],
          [
            -115.23813,
            44.21328
          ],
          [
            -115.23802,
            44.21344
          ],
          [
            -115.23794,
            44.21359
          ],
          [
            -115.23787,
            44.21377
          ],
          [
            -115.23783,
            44.21391
          ],
          [
            -115.23781,
            44.21399
          ],
          [
            -115.2378,
            44.21405
          ],
          [
            -115.23778,
            44.21417
          ],
          [
            -115.23777,
            44.21434
          ],
          [
            -115.23778,
            44.21446
          ],
          [
            -115.2378,
            44.2147
          ],
          [
            -115.23781,
            44.21478
          ],
          [
            -115.23782,
            44.21488
          ],
          [
            -115.23782,
            44.21496
          ],
          [
            -115.23783,
            44.21513
          ],
          [
            -115.23783,
            44.21524
          ],
          [
            -115.23783,
            44.21525
          ],
          [
            -115.23782,
            44.21539
          ],
          [
            -115.23781,
            44.21542
          ],
          [
            -115.2378,
            44.21549
          ],
          [
            -115.23776,
            44.21559
          ],
          [
            -115.23776,
            44.2156
          ],
          [
            -115.23756,
            44.21591
          ],
          [
            -115.23739,
            44.21612
          ],
          [
            -115.23728,
            44.21623
          ],
          [
            -115.23713,
            44.21637
          ],
          [
            -115.23698,
            44.21652
          ],
          [
            -115.23684,
            44.21667
          ],
          [
            -115.2367,
            44.21681
          ],
          [
            -115.23655,
            44.21696
          ],
          [
            -115.23641,
            44.21711
          ],
          [
            -115.23598,
            44.21755
          ],
          [
            -115.23583,
            44.21769
          ],
          [
            -115.23569,
            44.21784
          ],
          [
            -115.23562,
            44.2179
          ],
          [
            -115.23482,
            44.21873
          ],
          [
            -115.23437,
            44.21919
          ],
          [
            -115.23412,
            44.21944
          ],
          [
            -115.23384,
            44.2197
          ],
          [
            -115.23379,
            44.21974
          ],
          [
            -115.23361,
            44.21989
          ],
          [
            -115.23343,
            44.22003
          ],
          [
            -115.23309,
            44.22026
          ],
          [
            -115.23291,
            44.22039
          ],
          [
            -115.23276,
            44.22049
          ],
          [
            -115.23255,
            44.22063
          ],
          [
            -115.23236,
            44.22076
          ],
          [
            -115.23226,
            44.22083
          ],
          [
            -115.232,
            44.221
          ],
          [
            -115.23182,
            44.22113
          ],
          [
            -115.23127,
            44.2215
          ],
          [
            -115.23109,
            44.22162
          ],
          [
            -115.23091,
            44.22175
          ],
          [
            -115.23081,
            44.22181
          ],
          [
            -115.23073,
            44.22187
          ],
          [
            -115.23048,
            44.22204
          ],
          [
            -115.23027,
            44.2222
          ],
          [
            -115.23017,
            44.22227
          ],
          [
            -115.23007,
            44.22236
          ],
          [
            -115.22996,
            44.22245
          ],
          [
            -115.22987,
            44.22253
          ],
          [
            -115.22981,
            44.22258
          ],
          [
            -115.22971,
            44.22267
          ],
          [
            -115.2297,
            44.22267
          ],
          [
            -115.22951,
            44.22286
          ],
          [
            -115.22944,
            44.22293
          ],
          [
            -115.22942,
            44.22296
          ],
          [
            -115.22929,
            44.22311
          ],
          [
            -115.22926,
            44.22313
          ],
          [
            -115.22916,
            44.22326
          ],
          [
            -115.22914,
            44.22329
          ],
          [
            -115.229,
            44.22347
          ],
          [
            -115.2289,
            44.22362
          ],
          [
            -115.22878,
            44.22381
          ],
          [
            -115.22872,
            44.22391
          ],
          [
            -115.22865,
            44.22404
          ],
          [
            -115.22859,
            44.22417
          ],
          [
            -115.2285,
            44.22434
          ],
          [
            -115.22841,
            44.22454
          ],
          [
            -115.22835,
            44.22469
          ],
          [
            -115.22827,
            44.22487
          ],
          [
            -115.22824,
            44.22493
          ],
          [
            -115.22822,
            44.22499
          ],
          [
            -115.22814,
            44.22513
          ],
          [
            -115.22806,
            44.22527
          ],
          [
            -115.22805,
            44.22528
          ],
          [
            -115.22795,
            44.2254
          ],
          [
            -115.22783,
            44.22552
          ],
          [
            -115.22765,
            44.22566
          ],
          [
            -115.22749,
            44.22577
          ],
          [
            -115.22741,
            44.22581
          ],
          [
            -115.2273,
            44.22586
          ],
          [
            -115.2272,
            44.22591
          ],
          [
            -115.22702,
            44.22598
          ],
          [
            -115.22698,
            44.22599
          ],
          [
            -115.22683,
            44.22605
          ],
          [
            -115.22656,
            44.22613
          ],
          [
            -115.22627,
            44.22621
          ],
          [
            -115.22606,
            44.22628
          ],
          [
            -115.22603,
            44.22629
          ],
          [
            -115.22584,
            44.22636
          ],
          [
            -115.2258,
            44.22638
          ],
          [
            -115.22568,
            44.22644
          ],
          [
            -115.22559,
            44.22649
          ],
          [
            -115.22548,
            44.22655
          ],
          [
            -115.22535,
            44.22664
          ],
          [
            -115.22521,
            44.22676
          ],
          [
            -115.22509,
            44.22687
          ],
          [
            -115.22495,
            44.22702
          ],
          [
            -115.22482,
            44.22715
          ],
          [
            -115.2248,
            44.22717
          ],
          [
            -115.22471,
            44.22726
          ],
          [
            -115.22468,
            44.22729
          ],
          [
            -115.22453,
            44.22744
          ],
          [
            -115.22452,
            44.22745
          ],
          [
            -115.22435,
            44.22761
          ],
          [
            -115.22421,
            44.22772
          ],
          [
            -115.22416,
            44.22775
          ],
          [
            -115.22398,
            44.22785
          ],
          [
            -115.22393,
            44.22788
          ],
          [
            -115.22379,
            44.22794
          ],
          [
            -115.2237,
            44.22798
          ],
          [
            -115.2236,
            44.22801
          ],
          [
            -115.22352,
            44.22804
          ],
          [
            -115.22342,
            44.22806
          ],
          [
            -115.22335,
            44.22808
          ],
          [
            -115.22334,
            44.22808
          ],
          [
            -115.22324,
            44.22811
          ],
          [
            -115.22311,
            44.22813
          ],
          [
            -115.22298,
            44.22815
          ],
          [
            -115.22287,
            44.22817
          ],
          [
            -115.22284,
            44.22818
          ],
          [
            -115.22273,
            44.22819
          ],
          [
            -115.22263,
            44.2282
          ],
          [
            -115.22262,
            44.22821
          ],
          [
            -115.22255,
            44.22822
          ],
          [
            -115.22245,
            44.22823
          ],
          [
            -115.22237,
            44.22824
          ],
          [
            -115.22235,
            44.22824
          ],
          [
            -115.22228,
            44.22825
          ],
          [
            -115.22218,
            44.22827
          ],
          [
            -115.22211,
            44.22828
          ],
          [
            -115.222,
            44.2283
          ],
          [
            -115.2219,
            44.22833
          ],
          [
            -115.22178,
            44.22836
          ],
          [
            -115.22166,
            44.22839
          ],
          [
            -115.22152,
            44.22844
          ],
          [
            -115.22141,
            44.22848
          ],
          [
            -115.22132,
            44.22852
          ],
          [
            -115.22123,
            44.22856
          ],
          [
            -115.22115,
            44.2286
          ],
          [
            -115.22105,
            44.22866
          ],
          [
            -115.22094,
            44.22873
          ],
          [
            -115.22085,
            44.22879
          ],
          [
            -115.22084,
            44.2288
          ],
          [
            -115.22062,
            44.22895
          ],
          [
            -115.22038,
            44.22912
          ],
          [
            -115.22019,
            44.22925
          ],
          [
            -115.22012,
            44.2293
          ],
          [
            -115.22002,
            44.22937
          ],
          [
            -115.21994,
            44.22943
          ],
          [
            -115.21985,
            44.22949
          ],
          [
            -115.21976,
            44.22955
          ],
          [
            -115.21971,
            44.22959
          ],
          [
            -115.21961,
            44.22966
          ],
          [
            -115.21949,
            44.22974
          ],
          [
            -115.21928,
            44.22993
          ],
          [
            -115.21919,
            44.23004
          ],
          [
            -115.21914,
            44.23011
          ],
          [
            -115.21912,
            44.23014
          ],
          [
            -115.21904,
            44.23026
          ],
          [
            -115.21904,
            44.23028
          ],
          [
            -115.21901,
            44.23034
          ],
          [
            -115.21897,
            44.23046
          ],
          [
            -115.21895,
            44.23057
          ],
          [
            -115.21894,
            44.23073
          ],
          [
            -115.21893,
            44.2309
          ],
          [
            -115.21894,
            44.23107
          ],
          [
            -115.21894,
            44.23123
          ],
          [
            -115.21894,
            44.23134
          ],
          [
            -115.21893,
            44.23141
          ],
          [
            -115.21892,
            44.23147
          ],
          [
            -115.21892,
            44.23153
          ],
          [
            -115.2189,
            44.23158
          ],
          [
            -115.21889,
            44.23163
          ],
          [
            -115.21887,
            44.23168
          ],
          [
            -115.21885,
            44.23173
          ],
          [
            -115.21883,
            44.23177
          ],
          [
            -115.2188,
            44.23182
          ],
          [
            -115.21878,
            44.23185
          ],
          [
            -115.21877,
            44.23187
          ],
          [
            -115.21875,
            44.2319
          ],
          [
            -115.21872,
            44.23195
          ],
          [
            -115.21868,
            44.232
          ],
          [
            -115.21865,
            44.23203
          ],
          [
            -115.21862,
            44.23207
          ],
          [
            -115.21856,
            44.23214
          ],
          [
            -115.2185,
            44.23221
          ],
          [
            -115.21844,
            44.23227
          ],
          [
            -115.21837,
            44.23235
          ],
          [
            -115.21826,
            44.23246
          ],
          [
            -115.21817,
            44.23257
          ],
          [
            -115.21807,
            44.23269
          ],
          [
            -115.21796,
            44.2328
          ],
          [
            -115.2178,
            44.23297
          ],
          [
            -115.2177,
            44.23307
          ],
          [
            -115.21769,
            44.23309
          ],
          [
            -115.2176,
            44.23319
          ],
          [
            -115.21756,
            44.23324
          ],
          [
            -115.21749,
            44.23334
          ],
          [
            -115.21745,
            44.2334
          ],
          [
            -115.21738,
            44.23351
          ],
          [
            -115.21728,
            44.23367
          ],
          [
            -115.21719,
            44.23382
          ],
          [
            -115.21711,
            44.23396
          ],
          [
            -115.21704,
            44.23409
          ],
          [
            -115.21699,
            44.23419
          ],
          [
            -115.21688,
            44.23439
          ],
          [
            -115.21688,
            44.2344
          ],
          [
            -115.21683,
            44.23452
          ],
          [
            -115.21677,
            44.23463
          ],
          [
            -115.21673,
            44.23472
          ],
          [
            -115.21669,
            44.23479
          ],
          [
            -115.21663,
            44.23489
          ],
          [
            -115.21662,
            44.23491
          ],
          [
            -115.21657,
            44.23499
          ],
          [
            -115.21651,
            44.23506
          ],
          [
            -115.21643,
            44.23516
          ],
          [
            -115.21632,
            44.23527
          ],
          [
            -115.21625,
            44.23533
          ],
          [
            -115.21622,
            44.23536
          ],
          [
            -115.21614,
            44.23543
          ],
          [
            -115.21606,
            44.2355
          ],
          [
            -115.21604,
            44.23551
          ],
          [
            -115.2159,
            44.23563
          ],
          [
            -115.21577,
            44.23574
          ],
          [
            -115.21559,
            44.23592
          ],
          [
            -115.21558,
            44.23592
          ],
          [
            -115.2155,
            44.23602
          ],
          [
            -115.21545,
            44.23607
          ],
          [
            -115.21543,
            44.2361
          ],
          [
            -115.21538,
            44.23616
          ],
          [
            -115.21535,
            44.23621
          ],
          [
            -115.21533,
            44.23623
          ],
          [
            -115.21527,
            44.23632
          ],
          [
            -115.2152,
            44.23645
          ],
          [
            -115.21515,
            44.23655
          ],
          [
            -115.21515,
            44.23656
          ],
          [
            -115.2151,
            44.23669
          ],
          [
            -115.21507,
            44.23675
          ],
          [
            -115.21505,
            44.23684
          ],
          [
            -115.21503,
            44.23691
          ],
          [
            -115.21501,
            44.23698
          ],
          [
            -115.21496,
            44.23711
          ],
          [
            -115.21493,
            44.23721
          ],
          [
            -115.21489,
            44.23729
          ],
          [
            -115.21486,
            44.23736
          ],
          [
            -115.21483,
            44.23743
          ],
          [
            -115.21478,
            44.23752
          ],
          [
            -115.21473,
            44.23759
          ],
          [
            -115.21464,
            44.23771
          ],
          [
            -115.21457,
            44.23778
          ],
          [
            -115.21449,
            44.23785
          ],
          [
            -115.21439,
            44.23795
          ],
          [
            -115.21422,
            44.23809
          ],
          [
            -115.21408,
            44.23822
          ],
          [
            -115.21393,
            44.23834
          ],
          [
            -115.21391,
            44.23836
          ],
          [
            -115.21378,
            44.23847
          ],
          [
            -115.21375,
            44.2385
          ],
          [
            -115.21367,
            44.23856
          ],
          [
            -115.21365,
            44.23859
          ],
          [
            -115.21361,
            44.23862
          ],
          [
            -115.2134,
            44.23881
          ],
          [
            -115.2132,
            44.23901
          ],
          [
            -115.213,
            44.23925
          ],
          [
            -115.21284,
            44.23946
          ],
          [
            -115.21279,
            44.23955
          ],
          [
            -115.21274,
            44.23962
          ],
          [
            -115.2127,
            44.23968
          ],
          [
            -115.21265,
            44.23978
          ],
          [
            -115.21263,
            44.23982
          ],
          [
            -115.21259,
            44.23989
          ],
          [
            -115.21255,
            44.23999
          ],
          [
            -115.21249,
            44.24016
          ],
          [
            -115.21248,
            44.24018
          ],
          [
            -115.21239,
            44.24045
          ],
          [
            -115.21238,
            44.24048
          ],
          [
            -115.21233,
            44.24065
          ],
          [
            -115.21231,
            44.24076
          ],
          [
            -115.2123,
            44.24081
          ],
          [
            -115.21229,
            44.24083
          ],
          [
            -115.21229,
            44.24087
          ],
          [
            -115.21226,
            44.24101
          ],
          [
            -115.21226,
            44.24105
          ],
          [
            -115.21221,
            44.24132
          ],
          [
            -115.21216,
            44.2415
          ],
          [
            -115.21213,
            44.24165
          ],
          [
            -115.21211,
            44.24174
          ],
          [
            -115.21209,
            44.24182
          ],
          [
            -115.21206,
            44.24196
          ],
          [
            -115.21206,
            44.242
          ],
          [
            -115.21203,
            44.24211
          ],
          [
            -115.21198,
            44.24236
          ],
          [
            -115.21197,
            44.24244
          ],
          [
            -115.21196,
            44.24247
          ],
          [
            -115.21196,
            44.24248
          ],
          [
            -115.21195,
            44.24253
          ],
          [
            -115.21193,
            44.24263
          ],
          [
            -115.21188,
            44.24285
          ],
          [
            -115.21186,
            44.24298
          ],
          [
            -115.21184,
            44.24312
          ],
          [
            -115.21182,
            44.24331
          ],
          [
            -115.21182,
            44.24346
          ],
          [
            -115.21184,
            44.24365
          ],
          [
            -115.21186,
            44.24379
          ],
          [
            -115.21186,
            44.24382
          ],
          [
            -115.21188,
            44.24397
          ],
          [
            -115.21189,
            44.24404
          ],
          [
            -115.21192,
            44.24419
          ],
          [
            -115.21195,
            44.24432
          ],
          [
            -115.21198,
            44.2444
          ],
          [
            -115.212,
            44.24448
          ],
          [
            -115.21201,
            44.24449
          ],
          [
            -115.21201,
            44.2445
          ],
          [
            -115.21207,
            44.24465
          ],
          [
            -115.21245,
            44.24539
          ],
          [
            -115.21252,
            44.2455
          ],
          [
            -115.213,
            44.24634
          ],
          [
            -115.21321,
            44.24671
          ],
          [
            -115.21333,
            44.24693
          ],
          [
            -115.21342,
            44.24708
          ],
          [
            -115.21349,
            44.24722
          ],
          [
            -115.21351,
            44.24725
          ],
          [
            -115.21358,
            44.24738
          ],
          [
            -115.21363,
            44.24748
          ],
          [
            -115.21364,
            44.24751
          ],
          [
            -115.21365,
            44.24751
          ],
          [
            -115.21369,
            44.24759
          ],
          [
            -115.21373,
            44.24767
          ],
          [
            -115.21374,
            44.24768
          ],
          [
            -115.21375,
            44.2477
          ],
          [
            -115.21382,
            44.24783
          ],
          [
            -115.21383,
            44.24785
          ],
          [
            -115.21388,
            44.24796
          ],
          [
            -115.21393,
            44.24807
          ],
          [
            -115.21398,
            44.24819
          ],
          [
            -115.21403,
            44.2483
          ],
          [
            -115.21408,
            44.24843
          ],
          [
            -115.21412,
            44.24853
          ],
          [
            -115.21412,
            44.24855
          ],
          [
            -115.21417,
            44.24869
          ],
          [
            -115.21417,
            44.2487
          ],
          [
            -115.21418,
            44.24871
          ],
          [
            -115.2142,
            44.24879
          ],
          [
            -115.21422,
            44.24885
          ],
          [
            -115.21423,
            44.24888
          ],
          [
            -115.21425,
            44.24896
          ],
          [
            -115.21429,
            44.24909
          ],
          [
            -115.21431,
            44.24916
          ],
          [
            -115.21434,
            44.24929
          ],
          [
            -115.21437,
            44.24941
          ],
          [
            -115.21439,
            44.24952
          ],
          [
            -115.2144,
            44.24967
          ],
          [
            -115.21442,
            44.24985
          ],
          [
            -115.21444,
            44.24999
          ],
          [
            -115.21445,
            44.25014
          ],
          [
            -115.21446,
            44.25038
          ],
          [
            -115.21447,
            44.25049
          ],
          [
            -115.21447,
            44.2505
          ],
          [
            -115.21447,
            44.25057
          ],
          [
            -115.21447,
            44.25065
          ],
          [
            -115.21448,
            44.25068
          ],
          [
            -115.21449,
            44.25085
          ],
          [
            -115.21449,
            44.25092
          ],
          [
            -115.21451,
            44.25119
          ],
          [
            -115.21451,
            44.25129
          ],
          [
            -115.21451,
            44.2513
          ],
          [
            -115.21452,
            44.25147
          ],
          [
            -115.21452,
            44.25188
          ],
          [
            -115.21453,
            44.25215
          ],
          [
            -115.21454,
            44.25243
          ],
          [
            -115.21455,
            44.25247
          ],
          [
            -115.21456,
            44.2526
          ],
          [
            -115.21457,
            44.25265
          ],
          [
            -115.2146,
            44.25283
          ],
          [
            -115.21466,
            44.25308
          ],
          [
            -115.21466,
            44.25309
          ],
          [
            -115.21468,
            44.25318
          ],
          [
            -115.2147,
            44.25326
          ],
          [
            -115.21472,
            44.25336
          ],
          [
            -115.21477,
            44.25353
          ],
          [
            -115.21478,
            44.25357
          ],
          [
            -115.21484,
            44.25375
          ],
          [
            -115.21493,
            44.25406
          ],
          [
            -115.21501,
            44.25427
          ],
          [
            -115.21505,
            44.25441
          ],
          [
            -115.2151,
            44.25456
          ],
          [
            -115.21511,
            44.25458
          ],
          [
            -115.21521,
            44.25494
          ],
          [
            -115.21522,
            44.25494
          ],
          [
            -115.2153,
            44.25522
          ],
          [
            -115.21543,
            44.25561
          ],
          [
            -115.2155,
            44.25582
          ],
          [
            -115.21559,
            44.25609
          ],
          [
            -115.21566,
            44.25629
          ],
          [
            -115.21575,
            44.25661
          ],
          [
            -115.21578,
            44.2567
          ],
          [
            -115.21583,
            44.25687
          ],
          [
            -115.21585,
            44.25692
          ],
          [
            -115.21593,
            44.25718
          ],
          [
            -115.21602,
            44.25747
          ],
          [
            -115.21605,
            44.25757
          ],
          [
            -115.21607,
            44.25765
          ],
          [
            -115.2161,
            44.25775
          ],
          [
            -115.21616,
            44.258
          ],
          [
            -115.21618,
            44.2581
          ],
          [
            -115.21618,
            44.25811
          ],
          [
            -115.21619,
            44.25818
          ],
          [
            -115.21621,
            44.25828
          ],
          [
            -115.21621,
            44.25829
          ],
          [
            -115.21621,
            44.25836
          ],
          [
            -115.21622,
            44.25845
          ],
          [
            -115.21623,
            44.25855
          ],
          [
            -115.21623,
            44.25858
          ],
          [
            -115.21623,
            44.25864
          ],
          [
            -115.21624,
            44.25887
          ],
          [
            -115.21623,
            44.25905
          ],
          [
            -115.21622,
            44.25926
          ],
          [
            -115.21622,
            44.25931
          ],
          [
            -115.21621,
            44.25935
          ],
          [
            -115.21621,
            44.25936
          ],
          [
            -115.2162,
            44.25944
          ],
          [
            -115.2162,
            44.25947
          ],
          [
            -115.21619,
            44.25953
          ],
          [
            -115.21619,
            44.25954
          ],
          [
            -115.21618,
            44.25963
          ],
          [
            -115.21617,
            44.25975
          ],
          [
            -115.21614,
            44.25994
          ],
          [
            -115.21612,
            44.26013
          ],
          [
            -115.21608,
            44.26034
          ],
          [
            -115.21607,
            44.26042
          ],
          [
            -115.21607,
            44.26056
          ],
          [
            -115.21607,
            44.26067
          ],
          [
            -115.21605,
            44.26081
          ],
          [
            -115.21603,
            44.26098
          ],
          [
            -115.21601,
            44.26114
          ],
          [
            -115.216,
            44.26125
          ],
          [
            -115.216,
            44.26133
          ],
          [
            -115.21601,
            44.26147
          ],
          [
            -115.21602,
            44.26162
          ],
          [
            -115.21603,
            44.26168
          ],
          [
            -115.21604,
            44.26177
          ],
          [
            -115.21604,
            44.26178
          ],
          [
            -115.21605,
            44.26179
          ],
          [
            -115.21606,
            44.26186
          ],
          [
            -115.21607,
            44.26187
          ],
          [
            -115.21608,
            44.26191
          ],
          [
            -115.21609,
            44.26195
          ],
          [
            -115.21611,
            44.26203
          ],
          [
            -115.21612,
            44.26205
          ],
          [
            -115.21619,
            44.26222
          ],
          [
            -115.2162,
            44.26222
          ],
          [
            -115.21628,
            44.26239
          ],
          [
            -115.21629,
            44.2624
          ],
          [
            -115.21642,
            44.26264
          ],
          [
            -115.21659,
            44.26291
          ],
          [
            -115.21674,
            44.26312
          ],
          [
            -115.21682,
            44.26323
          ],
          [
            -115.217,
            44.26346
          ],
          [
            -115.21704,
            44.26351
          ],
          [
            -115.21704,
            44.26352
          ],
          [
            -115.21709,
            44.26359
          ],
          [
            -115.21712,
            44.26364
          ],
          [
            -115.21714,
            44.26368
          ],
          [
            -115.21719,
            44.26375
          ],
          [
            -115.21725,
            44.26385
          ],
          [
            -115.21726,
            44.26385
          ],
          [
            -115.21731,
            44.26395
          ],
          [
            -115.21737,
            44.26406
          ],
          [
            -115.21743,
            44.26418
          ],
          [
            -115.21744,
            44.2642
          ],
          [
            -115.21749,
            44.26436
          ],
          [
            -115.2175,
            44.26438
          ],
          [
            -115.21752,
            44.26444
          ],
          [
            -115.21753,
            44.26449
          ],
          [
            -115.21756,
            44.26461
          ],
          [
            -115.21761,
            44.26488
          ],
          [
            -115.21762,
            44.26489
          ],
          [
            -115.21765,
            44.26506
          ],
          [
            -115.21765,
            44.26507
          ],
          [
            -115.21766,
            44.26512
          ],
          [
            -115.21769,
            44.26524
          ],
          [
            -115.21769,
            44.26525
          ],
          [
            -115.2177,
            44.26532
          ],
          [
            -115.21771,
            44.26537
          ],
          [
            -115.21772,
            44.26542
          ],
          [
            -115.21773,
            44.26551
          ],
          [
            -115.21774,
            44.26552
          ],
          [
            -115.21775,
            44.26558
          ],
          [
            -115.21775,
            44.26559
          ],
          [
            -115.21775,
            44.2656
          ],
          [
            -115.21776,
            44.26566
          ],
          [
            -115.21778,
            44.26577
          ],
          [
            -115.21778,
            44.26579
          ],
          [
            -115.2178,
            44.26593
          ],
          [
            -115.21783,
            44.26606
          ],
          [
            -115.21784,
            44.26613
          ],
          [
            -115.21786,
            44.26621
          ],
          [
            -115.21789,
            44.26631
          ],
          [
            -115.2179,
            44.26634
          ],
          [
            -115.21793,
            44.26647
          ],
          [
            -115.21794,
            44.26649
          ],
          [
            -115.21797,
            44.2666
          ],
          [
            -115.21801,
            44.26673
          ],
          [
            -115.21805,
            44.26683
          ],
          [
            -115.21806,
            44.26686
          ],
          [
            -115.21813,
            44.26702
          ],
          [
            -115.21817,
            44.2671
          ],
          [
            -115.21822,
            44.26722
          ],
          [
            -115.21823,
            44.26727
          ],
          [
            -115.21826,
            44.26732
          ],
          [
            -115.21827,
            44.26736
          ],
          [
            -115.2183,
            44.26742
          ],
          [
            -115.21834,
            44.26753
          ],
          [
            -115.21838,
            44.26764
          ],
          [
            -115.21841,
            44.2677
          ],
          [
            -115.21842,
            44.26776
          ],
          [
            -115.21848,
            44.2679
          ],
          [
            -115.21849,
            44.26796
          ],
          [
            -115.21852,
            44.26804
          ],
          [
            -115.21855,
            44.26814
          ],
          [
            -115.21857,
            44.26822
          ],
          [
            -115.21857,
            44.26823
          ],
          [
            -115.21858,
            44.26825
          ],
          [
            -115.21859,
            44.26831
          ],
          [
            -115.21861,
            44.26837
          ],
          [
            -115.21863,
            44.26848
          ],
          [
            -115.21866,
            44.26867
          ],
          [
            -115.21868,
            44.26883
          ],
          [
            -115.21869,
            44.26902
          ],
          [
            -115.21868,
            44.2693
          ],
          [
            -115.21867,
            44.26951
          ],
          [
            -115.21866,
            44.26956
          ],
          [
            -115.21865,
            44.26965
          ],
          [
            -115.21864,
            44.26974
          ],
          [
            -115.21862,
            44.27001
          ],
          [
            -115.21861,
            44.27014
          ],
          [
            -115.2186,
            44.27019
          ],
          [
            -115.21858,
            44.27055
          ],
          [
            -115.21858,
            44.27056
          ],
          [
            -115.21859,
            44.27068
          ],
          [
            -115.21859,
            44.27074
          ],
          [
            -115.21862,
            44.27097
          ],
          [
            -115.21865,
            44.2711
          ],
          [
            -115.21866,
            44.27115
          ],
          [
            -115.21876,
            44.27145
          ],
          [
            -115.21877,
            44.27148
          ],
          [
            -115.21883,
            44.27162
          ],
          [
            -115.21893,
            44.27187
          ],
          [
            -115.21907,
            44.27212
          ],
          [
            -115.21918,
            44.27232
          ],
          [
            -115.21925,
            44.27246
          ],
          [
            -115.21934,
            44.27263
          ],
          [
            -115.21953,
            44.27299
          ],
          [
            -115.21961,
            44.27314
          ],
          [
            -115.21971,
            44.27335
          ],
          [
            -115.21995,
            44.27382
          ],
          [
            -115.22017,
            44.27423
          ],
          [
            -115.22045,
            44.2748
          ],
          [
            -115.22056,
            44.27508
          ],
          [
            -115.22057,
            44.27512
          ],
          [
            -115.22059,
            44.27517
          ],
          [
            -115.22059,
            44.27518
          ],
          [
            -115.22062,
            44.27525
          ],
          [
            -115.22062,
            44.27526
          ],
          [
            -115.22065,
            44.27535
          ],
          [
            -115.2207,
            44.27553
          ],
          [
            -115.22085,
            44.27605
          ],
          [
            -115.22085,
            44.27606
          ],
          [
            -115.22089,
            44.27624
          ],
          [
            -115.22092,
            44.27637
          ],
          [
            -115.22111,
            44.27705
          ],
          [
            -115.22122,
            44.27738
          ],
          [
            -115.22136,
            44.27771
          ],
          [
            -115.22141,
            44.27781
          ],
          [
            -115.22142,
            44.27782
          ],
          [
            -115.22145,
            44.27788
          ],
          [
            -115.2215,
            44.27797
          ],
          [
            -115.22154,
            44.27805
          ],
          [
            -115.2216,
            44.27814
          ],
          [
            -115.22164,
            44.27821
          ],
          [
            -115.2217,
            44.27831
          ],
          [
            -115.22178,
            44.27846
          ],
          [
            -115.22179,
            44.27847
          ],
          [
            -115.22184,
            44.27855
          ],
          [
            -115.22189,
            44.27863
          ],
          [
            -115.22191,
            44.27865
          ],
          [
            -115.22191,
            44.27866
          ],
          [
            -115.22203,
            44.27881
          ],
          [
            -115.22214,
            44.27895
          ],
          [
            -115.22219,
            44.27902
          ],
          [
            -115.22226,
            44.2791
          ],
          [
            -115.22226,
            44.27911
          ],
          [
            -115.22232,
            44.27918
          ],
          [
            -115.22235,
            44.27922
          ],
          [
            -115.2224,
            44.27926
          ],
          [
            -115.22241,
            44.27927
          ],
          [
            -115.22246,
            44.27933
          ],
          [
            -115.22253,
            44.27941
          ],
          [
            -115.22267,
            44.27956
          ],
          [
            -115.2228,
            44.2797
          ],
          [
            -115.2228,
            44.27971
          ],
          [
            -115.22296,
            44.27988
          ],
          [
            -115.22319,
            44.28014
          ],
          [
            -115.2234,
            44.28037
          ],
          [
            -115.22366,
            44.2807
          ],
          [
            -115.22372,
            44.28079
          ],
          [
            -115.22373,
            44.2808
          ],
          [
            -115.22377,
            44.28086
          ],
          [
            -115.22378,
            44.28086
          ],
          [
            -115.22384,
            44.28094
          ],
          [
            -115.22384,
            44.28095
          ],
          [
            -115.22385,
            44.28096
          ],
          [
            -115.22387,
            44.28098
          ],
          [
            -115.22404,
            44.28128
          ],
          [
            -115.22405,
            44.28129
          ],
          [
            -115.22408,
            44.28135
          ],
          [
            -115.22408,
            44.28136
          ],
          [
            -115.22413,
            44.28144
          ],
          [
            -115.22413,
            44.28145
          ],
          [
            -115.22414,
            44.28146
          ],
          [
            -115.22422,
            44.28161
          ],
          [
            -115.22426,
            44.28168
          ],
          [
            -115.2243,
            44.28178
          ],
          [
            -115.2243,
            44.2818
          ],
          [
            -115.22448,
            44.28223
          ],
          [
            -115.22468,
            44.28283
          ],
          [
            -115.22468,
            44.28284
          ],
          [
            -115.22474,
            44.28303
          ],
          [
            -115.22492,
            44.28353
          ],
          [
            -115.2251,
            44.28405
          ],
          [
            -115.22511,
            44.28409
          ],
          [
            -115.22516,
            44.28423
          ],
          [
            -115.22534,
            44.28475
          ],
          [
            -115.2254,
            44.28492
          ],
          [
            -115.2254,
            44.28494
          ],
          [
            -115.22546,
            44.28511
          ],
          [
            -115.22552,
            44.28527
          ],
          [
            -115.22558,
            44.28544
          ],
          [
            -115.22558,
            44.28545
          ],
          [
            -115.22561,
            44.28552
          ],
          [
            -115.22561,
            44.28553
          ],
          [
            -115.22564,
            44.28561
          ],
          [
            -115.22564,
            44.28562
          ],
          [
            -115.2257,
            44.2858
          ],
          [
            -115.22571,
            44.28581
          ],
          [
            -115.22576,
            44.28597
          ],
          [
            -115.22577,
            44.28599
          ],
          [
            -115.22585,
            44.28622
          ],
          [
            -115.22588,
            44.28631
          ],
          [
            -115.22588,
            44.28632
          ],
          [
            -115.22589,
            44.28633
          ],
          [
            -115.22594,
            44.2865
          ],
          [
            -115.22597,
            44.28657
          ],
          [
            -115.22597,
            44.28658
          ],
          [
            -115.22613,
            44.28703
          ],
          [
            -115.22618,
            44.28719
          ],
          [
            -115.22634,
            44.28771
          ],
          [
            -115.22634,
            44.28772
          ],
          [
            -115.22635,
            44.28773
          ],
          [
            -115.22636,
            44.28778
          ],
          [
            -115.22637,
            44.2878
          ],
          [
            -115.22639,
            44.2879
          ],
          [
            -115.22643,
            44.28808
          ],
          [
            -115.22647,
            44.28827
          ],
          [
            -115.2265,
            44.28842
          ],
          [
            -115.2265,
            44.28843
          ],
          [
            -115.2265,
            44.28845
          ],
          [
            -115.22651,
            44.28851
          ],
          [
            -115.22651,
            44.28852
          ],
          [
            -115.22652,
            44.28855
          ],
          [
            -115.22653,
            44.28861
          ],
          [
            -115.22654,
            44.28879
          ],
          [
            -115.22656,
            44.28897
          ],
          [
            -115.22657,
            44.28915
          ],
          [
            -115.22658,
            44.28922
          ],
          [
            -115.22657,
            44.28951
          ],
          [
            -115.22657,
            44.28952
          ],
          [
            -115.22655,
            44.28978
          ],
          [
            -115.2265,
            44.29018
          ],
          [
            -115.22646,
            44.2904
          ],
          [
            -115.2264,
            44.29067
          ],
          [
            -115.22633,
            44.29095
          ],
          [
            -115.2263,
            44.29111
          ],
          [
            -115.22616,
            44.29146
          ],
          [
            -115.22609,
            44.29163
          ],
          [
            -115.22607,
            44.29167
          ],
          [
            -115.22606,
            44.29171
          ],
          [
            -115.22584,
            44.29214
          ],
          [
            -115.22576,
            44.2923
          ],
          [
            -115.22567,
            44.29247
          ],
          [
            -115.22566,
            44.29249
          ],
          [
            -115.22563,
            44.29255
          ],
          [
            -115.22517,
            44.2934
          ],
          [
            -115.22512,
            44.29348
          ],
          [
            -115.22493,
            44.29382
          ],
          [
            -115.22492,
            44.29383
          ],
          [
            -115.2248,
            44.29407
          ],
          [
            -115.22475,
            44.29416
          ],
          [
            -115.22467,
            44.29432
          ],
          [
            -115.22456,
            44.2946
          ],
          [
            -115.22449,
            44.29485
          ],
          [
            -115.22448,
            44.29489
          ],
          [
            -115.22445,
            44.29503
          ],
          [
            -115.22445,
            44.29504
          ],
          [
            -115.22443,
            44.29513
          ],
          [
            -115.22442,
            44.2952
          ],
          [
            -115.22442,
            44.29521
          ],
          [
            -115.22441,
            44.29538
          ],
          [
            -115.22439,
            44.29558
          ],
          [
            -115.22438,
            44.29564
          ],
          [
            -115.22439,
            44.29572
          ],
          [
            -115.22444,
            44.29599
          ],
          [
            -115.2245,
            44.29628
          ],
          [
            -115.22451,
            44.29634
          ],
          [
            -115.22463,
            44.29671
          ],
          [
            -115.22476,
            44.29705
          ],
          [
            -115.22479,
            44.29714
          ],
          [
            -115.2248,
            44.29715
          ],
          [
            -115.22486,
            44.29732
          ],
          [
            -115.22487,
            44.29734
          ],
          [
            -115.2249,
            44.29742
          ],
          [
            -115.22492,
            44.29749
          ],
          [
            -115.22493,
            44.29751
          ],
          [
            -115.225,
            44.29767
          ],
          [
            -115.22505,
            44.2978
          ],
          [
            -115.2251,
            44.29792
          ],
          [
            -115.22514,
            44.29801
          ],
          [
            -115.22522,
            44.29819
          ],
          [
            -115.22528,
            44.29835
          ],
          [
            -115.22532,
            44.29843
          ],
          [
            -115.22532,
            44.29844
          ],
          [
            -115.22536,
            44.29852
          ],
          [
            -115.22536,
            44.29853
          ],
          [
            -115.22537,
            44.29854
          ],
          [
            -115.22537,
            44.29855
          ],
          [
            -115.2254,
            44.2986
          ],
          [
            -115.22545,
            44.29869
          ],
          [
            -115.22565,
            44.29903
          ],
          [
            -115.22565,
            44.29904
          ],
          [
            -115.22576,
            44.29919
          ],
          [
            -115.22581,
            44.29927
          ],
          [
            -115.22587,
            44.29934
          ],
          [
            -115.22587,
            44.29935
          ],
          [
            -115.22588,
            44.29936
          ],
          [
            -115.22593,
            44.29942
          ],
          [
            -115.22599,
            44.2995
          ],
          [
            -115.226,
            44.29951
          ],
          [
            -115.22601,
            44.29952
          ],
          [
            -115.22612,
            44.29966
          ],
          [
            -115.22613,
            44.29968
          ],
          [
            -115.22617,
            44.29971
          ],
          [
            -115.22626,
            44.29982
          ],
          [
            -115.2264,
            44.29997
          ],
          [
            -115.22697,
            44.30055
          ],
          [
            -115.22706,
            44.30065
          ],
          [
            -115.22712,
            44.3007
          ],
          [
            -115.22726,
            44.30085
          ],
          [
            -115.22746,
            44.30107
          ],
          [
            -115.22759,
            44.30122
          ],
          [
            -115.22767,
            44.30129
          ],
          [
            -115.22782,
            44.30146
          ],
          [
            -115.22788,
            44.30152
          ],
          [
            -115.22795,
            44.3016
          ],
          [
            -115.22809,
            44.30175
          ],
          [
            -115.22823,
            44.3019
          ],
          [
            -115.22837,
            44.30205
          ],
          [
            -115.22875,
            44.30245
          ],
          [
            -115.22885,
            44.30256
          ],
          [
            -115.22945,
            44.30322
          ],
          [
            -115.22948,
            44.30325
          ],
          [
            -115.22989,
            44.30367
          ],
          [
            -115.22991,
            44.30369
          ],
          [
            -115.2306,
            44.30444
          ],
          [
            -115.23094,
            44.30481
          ],
          [
            -115.23097,
            44.30485
          ],
          [
            -115.23101,
            44.3049
          ],
          [
            -115.23107,
            44.30496
          ],
          [
            -115.23114,
            44.30505
          ],
          [
            -115.2312,
            44.30512
          ],
          [
            -115.23141,
            44.30536
          ],
          [
            -115.23144,
            44.30539
          ],
          [
            -115.23147,
            44.30543
          ],
          [
            -115.23153,
            44.30551
          ],
          [
            -115.23158,
            44.30558
          ],
          [
            -115.23166,
            44.30567
          ],
          [
            -115.23171,
            44.30574
          ],
          [
            -115.23178,
            44.30583
          ],
          [
            -115.23181,
            44.30586
          ],
          [
            -115.23201,
            44.30613
          ],
          [
            -115.23202,
            44.30614
          ],
          [
            -115.23207,
            44.30622
          ],
          [
            -115.23219,
            44.30638
          ],
          [
            -115.23225,
            44.30646
          ],
          [
            -115.23237,
            44.30662
          ],
          [
            -115.23244,
            44.30672
          ],
          [
            -115.23246,
            44.30676
          ],
          [
            -115.23248,
            44.30678
          ],
          [
            -115.23249,
            44.3068
          ],
          [
            -115.23259,
            44.30694
          ],
          [
            -115.23259,
            44.30695
          ],
          [
            -115.23281,
            44.30727
          ],
          [
            -115.23286,
            44.30735
          ],
          [
            -115.23291,
            44.30743
          ],
          [
            -115.23298,
            44.30754
          ],
          [
            -115.23301,
            44.30759
          ],
          [
            -115.23301,
            44.3076
          ],
          [
            -115.23307,
            44.3077
          ],
          [
            -115.23309,
            44.30773
          ],
          [
            -115.23311,
            44.30776
          ],
          [
            -115.23336,
            44.3082
          ],
          [
            -115.23365,
            44.30874
          ],
          [
            -115.23383,
            44.30911
          ],
          [
            -115.23391,
            44.30928
          ],
          [
            -115.23396,
            44.30938
          ],
          [
            -115.23397,
            44.3094
          ],
          [
            -115.23399,
            44.30945
          ],
          [
            -115.23404,
            44.30956
          ],
          [
            -115.23406,
            44.30961
          ],
          [
            -115.23406,
            44.30962
          ],
          [
            -115.23411,
            44.30973
          ],
          [
            -115.23413,
            44.30977
          ],
          [
            -115.23414,
            44.30979
          ],
          [
            -115.23421,
            44.30996
          ],
          [
            -115.23433,
            44.31024
          ],
          [
            -115.23434,
            44.31026
          ],
          [
            -115.23443,
            44.31048
          ],
          [
            -115.23449,
            44.31064
          ],
          [
            -115.23449,
            44.31065
          ],
          [
            -115.23455,
            44.31082
          ],
          [
            -115.23456,
            44.31083
          ],
          [
            -115.2346,
            44.31094
          ],
          [
            -115.23463,
            44.31104
          ],
          [
            -115.23473,
            44.31133
          ],
          [
            -115.23488,
            44.31186
          ],
          [
            -115.23492,
            44.31199
          ],
          [
            -115.23496,
            44.31214
          ],
          [
            -115.23503,
            44.31241
          ],
          [
            -115.23507,
            44.31259
          ],
          [
            -115.23509,
            44.31265
          ],
          [
            -115.23515,
            44.31294
          ],
          [
            -115.2352,
            44.3132
          ],
          [
            -115.23522,
            44.3133
          ],
          [
            -115.23525,
            44.31347
          ],
          [
            -115.2353,
            44.31383
          ],
          [
            -115.23531,
            44.31391
          ],
          [
            -115.23532,
            44.31395
          ],
          [
            -115.23532,
            44.31401
          ],
          [
            -115.23534,
            44.31413
          ],
          [
            -115.23535,
            44.31419
          ],
          [
            -115.23536,
            44.3143
          ],
          [
            -115.23539,
            44.31455
          ],
          [
            -115.2354,
            44.31473
          ],
          [
            -115.23541,
            44.31484
          ],
          [
            -115.23543,
            44.31512
          ],
          [
            -115.23545,
            44.3154
          ],
          [
            -115.23545,
            44.31554
          ],
          [
            -115.23546,
            44.31607
          ],
          [
            -115.23545,
            44.31635
          ],
          [
            -115.23545,
            44.31661
          ],
          [
            -115.23544,
            44.31689
          ],
          [
            -115.23542,
            44.31707
          ],
          [
            -115.23536,
            44.3177
          ],
          [
            -115.23533,
            44.31796
          ],
          [
            -115.23524,
            44.31858
          ],
          [
            -115.23514,
            44.31911
          ],
          [
            -115.23498,
            44.31982
          ],
          [
            -115.23495,
            44.31992
          ],
          [
            -115.23488,
            44.32019
          ],
          [
            -115.23475,
            44.32061
          ],
          [
            -115.23444,
            44.32153
          ],
          [
            -115.23427,
            44.32193
          ],
          [
            -115.23407,
            44.32239
          ],
          [
            -115.23399,
            44.32256
          ],
          [
            -115.2339,
            44.32275
          ],
          [
            -115.23373,
            44.32311
          ],
          [
            -115.23367,
            44.32323
          ],
          [
            -115.23364,
            44.32329
          ],
          [
            -115.2334,
            44.32374
          ],
          [
            -115.2334,
            44.32375
          ],
          [
            -115.23316,
            44.32416
          ],
          [
            -115.23301,
            44.3244
          ],
          [
            -115.23297,
            44.32446
          ],
          [
            -115.2326,
            44.32505
          ],
          [
            -115.2326,
            44.32506
          ],
          [
            -115.23249,
            44.32522
          ],
          [
            -115.23238,
            44.32537
          ],
          [
            -115.23237,
            44.32538
          ],
          [
            -115.23212,
            44.32573
          ],
          [
            -115.23201,
            44.32589
          ],
          [
            -115.23191,
            44.32602
          ],
          [
            -115.23185,
            44.3261
          ],
          [
            -115.23179,
            44.32618
          ],
          [
            -115.23165,
            44.32636
          ],
          [
            -115.23157,
            44.32646
          ],
          [
            -115.23154,
            44.32649
          ],
          [
            -115.23129,
            44.3268
          ],
          [
            -115.23116,
            44.32695
          ],
          [
            -115.23107,
            44.32706
          ],
          [
            -115.231,
            44.32713
          ],
          [
            -115.23077,
            44.32739
          ],
          [
            -115.23075,
            44.32741
          ],
          [
            -115.23057,
            44.32761
          ],
          [
            -115.23047,
            44.32771
          ],
          [
            -115.23033,
            44.32785
          ],
          [
            -115.2303,
            44.32789
          ],
          [
            -115.23018,
            44.328
          ],
          [
            -115.23004,
            44.32815
          ],
          [
            -115.22997,
            44.32822
          ],
          [
            -115.22989,
            44.32829
          ],
          [
            -115.22954,
            44.32865
          ],
          [
            -115.22943,
            44.32875
          ],
          [
            -115.22943,
            44.32876
          ],
          [
            -115.22931,
            44.32888
          ],
          [
            -115.22885,
            44.32935
          ],
          [
            -115.22862,
            44.32958
          ],
          [
            -115.22856,
            44.32964
          ],
          [
            -115.22846,
            44.32974
          ],
          [
            -115.22844,
            44.32976
          ],
          [
            -115.22842,
            44.32979
          ],
          [
            -115.22836,
            44.32986
          ],
          [
            -115.22829,
            44.32994
          ],
          [
            -115.22824,
            44.33
          ],
          [
            -115.22816,
            44.33009
          ],
          [
            -115.22816,
            44.3301
          ],
          [
            -115.22812,
            44.33015
          ],
          [
            -115.22806,
            44.33023
          ],
          [
            -115.22805,
            44.33025
          ],
          [
            -115.22804,
            44.33025
          ],
          [
            -115.22797,
            44.33035
          ],
          [
            -115.22795,
            44.33039
          ],
          [
            -115.2279,
            44.33046
          ],
          [
            -115.22785,
            44.33055
          ],
          [
            -115.22784,
            44.33057
          ],
          [
            -115.22778,
            44.33067
          ],
          [
            -115.22774,
            44.33076
          ],
          [
            -115.22768,
            44.33089
          ],
          [
            -115.22767,
            44.33092
          ],
          [
            -115.22764,
            44.33098
          ],
          [
            -115.22761,
            44.33109
          ],
          [
            -115.22756,
            44.33122
          ],
          [
            -115.22756,
            44.33124
          ],
          [
            -115.22753,
            44.33135
          ],
          [
            -115.2275,
            44.33148
          ],
          [
            -115.22749,
            44.33156
          ],
          [
            -115.22747,
            44.33163
          ],
          [
            -115.22746,
            44.3317
          ],
          [
            -115.22745,
            44.33178
          ],
          [
            -115.22744,
            44.3318
          ],
          [
            -115.22743,
            44.33188
          ],
          [
            -115.22742,
            44.33196
          ],
          [
            -115.2274,
            44.33205
          ],
          [
            -115.22738,
            44.33213
          ],
          [
            -115.22736,
            44.33221
          ],
          [
            -115.22735,
            44.33226
          ],
          [
            -115.22734,
            44.33233
          ],
          [
            -115.22731,
            44.33242
          ],
          [
            -115.22729,
            44.3325
          ],
          [
            -115.22728,
            44.33252
          ],
          [
            -115.22726,
            44.33258
          ],
          [
            -115.22724,
            44.33264
          ],
          [
            -115.22723,
            44.33266
          ],
          [
            -115.22722,
            44.33269
          ],
          [
            -115.22722,
            44.3327
          ],
          [
            -115.22718,
            44.33278
          ],
          [
            -115.22715,
            44.33286
          ],
          [
            -115.22713,
            44.33292
          ],
          [
            -115.22708,
            44.333
          ],
          [
            -115.22707,
            44.33303
          ],
          [
            -115.22699,
            44.33317
          ],
          [
            -115.22689,
            44.33337
          ],
          [
            -115.22686,
            44.33344
          ],
          [
            -115.22681,
            44.33354
          ],
          [
            -115.22675,
            44.33365
          ],
          [
            -115.22674,
            44.33368
          ],
          [
            -115.22673,
            44.33371
          ],
          [
            -115.22666,
            44.33386
          ],
          [
            -115.22666,
            44.33388
          ],
          [
            -115.22662,
            44.33397
          ],
          [
            -115.2266,
            44.33405
          ],
          [
            -115.2266,
            44.33406
          ],
          [
            -115.22657,
            44.33414
          ],
          [
            -115.22655,
            44.3342
          ],
          [
            -115.22655,
            44.33423
          ],
          [
            -115.22651,
            44.33438
          ],
          [
            -115.2265,
            44.33442
          ],
          [
            -115.22646,
            44.33464
          ],
          [
            -115.22645,
            44.33474
          ],
          [
            -115.22645,
            44.33477
          ],
          [
            -115.22643,
            44.33492
          ],
          [
            -115.22642,
            44.33494
          ],
          [
            -115.22642,
            44.33495
          ],
          [
            -115.22642,
            44.33497
          ],
          [
            -115.22641,
            44.3351
          ],
          [
            -115.22638,
            44.33539
          ],
          [
            -115.22633,
            44.33586
          ],
          [
            -115.22632,
            44.33597
          ],
          [
            -115.2263,
            44.33617
          ],
          [
            -115.22629,
            44.3362
          ],
          [
            -115.22629,
            44.33621
          ],
          [
            -115.22627,
            44.33635
          ],
          [
            -115.22627,
            44.33638
          ],
          [
            -115.22626,
            44.3365
          ],
          [
            -115.22625,
            44.33653
          ],
          [
            -115.22624,
            44.33666
          ],
          [
            -115.22622,
            44.33692
          ],
          [
            -115.22621,
            44.33696
          ],
          [
            -115.2262,
            44.3371
          ],
          [
            -115.22618,
            44.33725
          ],
          [
            -115.22618,
            44.33726
          ],
          [
            -115.22618,
            44.33727
          ],
          [
            -115.22615,
            44.33751
          ],
          [
            -115.22614,
            44.33761
          ],
          [
            -115.22612,
            44.33781
          ],
          [
            -115.22611,
            44.33788
          ],
          [
            -115.22609,
            44.33799
          ],
          [
            -115.22605,
            44.33821
          ],
          [
            -115.22599,
            44.33847
          ],
          [
            -115.2259,
            44.33882
          ],
          [
            -115.22589,
            44.33885
          ],
          [
            -115.22588,
            44.33888
          ],
          [
            -115.22582,
            44.33907
          ],
          [
            -115.22577,
            44.3392
          ],
          [
            -115.22573,
            44.3393
          ],
          [
            -115.22565,
            44.33949
          ],
          [
            -115.22563,
            44.33955
          ],
          [
            -115.22561,
            44.33958
          ],
          [
            -115.22559,
            44.33964
          ],
          [
            -115.22554,
            44.33975
          ],
          [
            -115.22551,
            44.33981
          ],
          [
            -115.22547,
            44.33989
          ],
          [
            -115.22541,
            44.34002
          ],
          [
            -115.22538,
            44.34008
          ],
          [
            -115.22527,
            44.34028
          ],
          [
            -115.2252,
            44.34039
          ],
          [
            -115.22519,
            44.34041
          ],
          [
            -115.22512,
            44.34053
          ],
          [
            -115.22502,
            44.34071
          ],
          [
            -115.2249,
            44.3409
          ],
          [
            -115.22478,
            44.34107
          ],
          [
            -115.22463,
            44.34127
          ],
          [
            -115.22443,
            44.34152
          ],
          [
            -115.22441,
            44.34155
          ],
          [
            -115.22432,
            44.34166
          ],
          [
            -115.22431,
            44.34168
          ],
          [
            -115.2242,
            44.34182
          ],
          [
            -115.22406,
            44.34198
          ],
          [
            -115.22394,
            44.34214
          ],
          [
            -115.22382,
            44.34229
          ],
          [
            -115.22375,
            44.34238
          ],
          [
            -115.22367,
            44.34248
          ],
          [
            -115.22356,
            44.34262
          ],
          [
            -115.22344,
            44.34277
          ],
          [
            -115.22342,
            44.3428
          ],
          [
            -115.22331,
            44.34293
          ],
          [
            -115.22329,
            44.34296
          ],
          [
            -115.22324,
            44.34303
          ],
          [
            -115.22317,
            44.34311
          ],
          [
            -115.22306,
            44.34325
          ],
          [
            -115.22304,
            44.34326
          ],
          [
            -115.22304,
            44.34327
          ],
          [
            -115.22281,
            44.34355
          ],
          [
            -115.22279,
            44.34358
          ],
          [
            -115.22269,
            44.3437
          ],
          [
            -115.22268,
            44.34371
          ],
          [
            -115.22266,
            44.34373
          ],
          [
            -115.22256,
            44.34386
          ],
          [
            -115.22255,
            44.34387
          ],
          [
            -115.22243,
            44.34402
          ],
          [
            -115.22241,
            44.34405
          ],
          [
            -115.22235,
            44.34411
          ],
          [
            -115.22218,
            44.34433
          ],
          [
            -115.22216,
            44.34435
          ],
          [
            -115.22205,
            44.34449
          ],
          [
            -115.22203,
            44.34452
          ],
          [
            -115.22189,
            44.34468
          ],
          [
            -115.22179,
            44.3448
          ],
          [
            -115.22178,
            44.34482
          ],
          [
            -115.22177,
            44.34482
          ],
          [
            -115.2216,
            44.34502
          ],
          [
            -115.22153,
            44.3451
          ],
          [
            -115.22147,
            44.34517
          ],
          [
            -115.22139,
            44.34525
          ],
          [
            -115.22137,
            44.34527
          ],
          [
            -115.22128,
            44.34536
          ],
          [
            -115.22124,
            44.3454
          ],
          [
            -115.22122,
            44.34542
          ],
          [
            -115.22113,
            44.34551
          ],
          [
            -115.22103,
            44.3456
          ],
          [
            -115.2209,
            44.34571
          ],
          [
            -115.22086,
            44.34575
          ],
          [
            -115.22069,
            44.3459
          ],
          [
            -115.22052,
            44.34604
          ],
          [
            -115.22034,
            44.34617
          ],
          [
            -115.22025,
            44.34624
          ],
          [
            -115.22024,
            44.34624
          ],
          [
            -115.22012,
            44.34633
          ],
          [
            -115.2201,
            44.34635
          ],
          [
            -115.21986,
            44.34652
          ],
          [
            -115.21959,
            44.34668
          ],
          [
            -115.21951,
            44.34673
          ],
          [
            -115.21935,
            44.34683
          ],
          [
            -115.21912,
            44.34698
          ],
          [
            -115.21895,
            44.34709
          ],
          [
            -115.21879,
            44.34719
          ],
          [
            -115.21874,
            44.34722
          ],
          [
            -115.2186,
            44.34731
          ],
          [
            -115.21857,
            44.34733
          ],
          [
            -115.21846,
            44.34741
          ],
          [
            -115.21838,
            44.34745
          ],
          [
            -115.21829,
            44.34751
          ],
          [
            -115.21823,
            44.34755
          ],
          [
            -115.2182,
            44.34757
          ],
          [
            -115.21809,
            44.34764
          ],
          [
            -115.21797,
            44.34772
          ],
          [
            -115.21786,
            44.3478
          ],
          [
            -115.21783,
            44.34782
          ],
          [
            -115.21776,
            44.34787
          ],
          [
            -115.21769,
            44.34793
          ],
          [
            -115.21766,
            44.34795
          ],
          [
            -115.21755,
            44.34803
          ],
          [
            -115.21751,
            44.34806
          ],
          [
            -115.2174,
            44.34814
          ],
          [
            -115.21734,
            44.34819
          ],
          [
            -115.21732,
            44.34821
          ],
          [
            -115.21718,
            44.34833
          ],
          [
            -115.21702,
            44.34847
          ],
          [
            -115.21701,
            44.34848
          ],
          [
            -115.217,
            44.34849
          ],
          [
            -115.21694,
            44.34855
          ],
          [
            -115.21687,
            44.34861
          ],
          [
            -115.21687,
            44.34862
          ],
          [
            -115.21685,
            44.34864
          ],
          [
            -115.21681,
            44.34867
          ],
          [
            -115.2167,
            44.34878
          ],
          [
            -115.21667,
            44.34881
          ],
          [
            -115.21659,
            44.3489
          ],
          [
            -115.21645,
            44.34904
          ],
          [
            -115.21635,
            44.34916
          ],
          [
            -115.21623,
            44.3493
          ],
          [
            -115.21611,
            44.34945
          ],
          [
            -115.21605,
            44.34954
          ],
          [
            -115.21601,
            44.34959
          ],
          [
            -115.21595,
            44.34968
          ],
          [
            -115.21594,
            44.3497
          ],
          [
            -115.21589,
            44.34978
          ],
          [
            -115.21585,
            44.34987
          ],
          [
            -115.21579,
            44.34998
          ],
          [
            -115.21577,
            44.35002
          ],
          [
            -115.21575,
            44.35008
          ],
          [
            -115.2157,
            44.35019
          ],
          [
            -115.21569,
            44.3502
          ],
          [
            -115.21569,
            44.35022
          ],
          [
            -115.21568,
            44.35022
          ],
          [
            -115.21565,
            44.35031
          ],
          [
            -115.21562,
            44.35037
          ],
          [
            -115.21561,
            44.35039
          ],
          [
            -115.21553,
            44.35059
          ],
          [
            -115.21544,
            44.35081
          ],
          [
            -115.21538,
            44.35093
          ],
          [
            -115.21534,
            44.35105
          ],
          [
            -115.21533,
            44.35105
          ],
          [
            -115.2153,
            44.35117
          ],
          [
            -115.21528,
            44.35123
          ],
          [
            -115.21527,
            44.35129
          ],
          [
            -115.21524,
            44.35141
          ],
          [
            -115.21524,
            44.35142
          ],
          [
            -115.21521,
            44.35158
          ],
          [
            -115.2152,
            44.35158
          ],
          [
            -115.2152,
            44.35161
          ],
          [
            -115.2152,
            44.35162
          ],
          [
            -115.21518,
            44.35168
          ],
          [
            -115.21516,
            44.35179
          ],
          [
            -115.21512,
            44.35203
          ],
          [
            -115.2151,
            44.35212
          ],
          [
            -115.2151,
            44.35215
          ],
          [
            -115.21507,
            44.3523
          ],
          [
            -115.21506,
            44.35232
          ],
          [
            -115.21506,
            44.35233
          ],
          [
            -115.21506,
            44.35234
          ],
          [
            -115.21504,
            44.35248
          ],
          [
            -115.21503,
            44.35252
          ],
          [
            -115.215,
            44.35271
          ],
          [
            -115.21496,
            44.35289
          ],
          [
            -115.21495,
            44.35293
          ],
          [
            -115.21494,
            44.353
          ],
          [
            -115.21493,
            44.35304
          ],
          [
            -115.21492,
            44.3531
          ],
          [
            -115.2149,
            44.35319
          ],
          [
            -115.21489,
            44.35322
          ],
          [
            -115.21485,
            44.35337
          ],
          [
            -115.2148,
            44.35354
          ],
          [
            -115.2148,
            44.35355
          ],
          [
            -115.21475,
            44.35372
          ],
          [
            -115.21473,
            44.35377
          ],
          [
            -115.2147,
            44.35387
          ],
          [
            -115.21469,
            44.35389
          ],
          [
            -115.21465,
            44.35402
          ],
          [
            -115.21463,
            44.35407
          ],
          [
            -115.2146,
            44.35414
          ],
          [
            -115.21456,
            44.35423
          ],
          [
            -115.21452,
            44.35434
          ],
          [
            -115.21449,
            44.35441
          ],
          [
            -115.21446,
            44.35447
          ],
          [
            -115.21441,
            44.35458
          ],
          [
            -115.21439,
            44.35462
          ],
          [
            -115.21433,
            44.35473
          ],
          [
            -115.21432,
            44.35475
          ],
          [
            -115.21429,
            44.3548
          ],
          [
            -115.21423,
            44.35491
          ],
          [
            -115.21413,
            44.35508
          ],
          [
            -115.2141,
            44.35513
          ],
          [
            -115.21402,
            44.35527
          ],
          [
            -115.21393,
            44.35539
          ],
          [
            -115.21392,
            44.35541
          ],
          [
            -115.2138,
            44.35557
          ],
          [
            -115.21378,
            44.3556
          ],
          [
            -115.21368,
            44.35574
          ],
          [
            -115.21355,
            44.35591
          ],
          [
            -115.21341,
            44.35608
          ],
          [
            -115.21331,
            44.35619
          ],
          [
            -115.21328,
            44.35623
          ],
          [
            -115.21321,
            44.3563
          ],
          [
            -115.21311,
            44.35641
          ],
          [
            -115.21303,
            44.3565
          ],
          [
            -115.21292,
            44.35661
          ],
          [
            -115.21289,
            44.35664
          ],
          [
            -115.21284,
            44.35669
          ],
          [
            -115.21278,
            44.35674
          ],
          [
            -115.21274,
            44.35679
          ],
          [
            -115.21271,
            44.35681
          ],
          [
            -115.21264,
            44.35688
          ],
          [
            -115.21257,
            44.35694
          ],
          [
            -115.2125,
            44.357
          ],
          [
            -115.21243,
            44.35707
          ],
          [
            -115.21235,
            44.35714
          ],
          [
            -115.21229,
            44.3572
          ],
          [
            -115.21227,
            44.35721
          ],
          [
            -115.21221,
            44.35727
          ],
          [
            -115.21212,
            44.35736
          ],
          [
            -115.21205,
            44.35741
          ],
          [
            -115.21196,
            44.3575
          ],
          [
            -115.21186,
            44.35759
          ],
          [
            -115.21164,
            44.35778
          ],
          [
            -115.21142,
            44.35798
          ],
          [
            -115.21124,
            44.35814
          ],
          [
            -115.21117,
            44.3582
          ],
          [
            -115.21108,
            44.35828
          ],
          [
            -115.21101,
            44.35834
          ],
          [
            -115.21091,
            44.35843
          ],
          [
            -115.21085,
            44.35848
          ],
          [
            -115.21074,
            44.35857
          ],
          [
            -115.21055,
            44.35875
          ],
          [
            -115.21038,
            44.35889
          ],
          [
            -115.21021,
            44.35904
          ],
          [
            -115.21005,
            44.35918
          ],
          [
            -115.20999,
            44.35924
          ],
          [
            -115.2099,
            44.35932
          ],
          [
            -115.20972,
            44.35948
          ],
          [
            -115.20959,
            44.3596
          ],
          [
            -115.20956,
            44.35963
          ],
          [
            -115.20943,
            44.35975
          ],
          [
            -115.20929,
            44.35987
          ],
          [
            -115.20928,
            44.35989
          ],
          [
            -115.20918,
            44.35997
          ],
          [
            -115.20912,
            44.36003
          ],
          [
            -115.20907,
            44.36007
          ],
          [
            -115.20896,
            44.36017
          ],
          [
            -115.20895,
            44.36018
          ],
          [
            -115.2088,
            44.36031
          ],
          [
            -115.20878,
            44.36033
          ],
          [
            -115.20869,
            44.36041
          ],
          [
            -115.20865,
            44.36045
          ],
          [
            -115.20858,
            44.36051
          ],
          [
            -115.20849,
            44.36059
          ],
          [
            -115.20839,
            44.36068
          ],
          [
            -115.20833,
            44.36073
          ],
          [
            -115.20829,
            44.36077
          ],
          [
            -115.20817,
            44.36088
          ],
          [
            -115.20801,
            44.36101
          ],
          [
            -115.20785,
            44.36115
          ],
          [
            -115.20784,
            44.36116
          ],
          [
            -115.2077,
            44.36128
          ],
          [
            -115.20769,
            44.36129
          ],
          [
            -115.20758,
            44.36139
          ],
          [
            -115.20753,
            44.36142
          ],
          [
            -115.20744,
            44.3615
          ],
          [
            -115.20737,
            44.36156
          ],
          [
            -115.20729,
            44.36163
          ],
          [
            -115.20721,
            44.3617
          ],
          [
            -115.20717,
            44.36173
          ],
          [
            -115.20705,
            44.36184
          ],
          [
            -115.20676,
            44.36211
          ],
          [
            -115.20651,
            44.36233
          ],
          [
            -115.20628,
            44.36255
          ],
          [
            -115.20626,
            44.36256
          ],
          [
            -115.20605,
            44.36275
          ],
          [
            -115.20597,
            44.36283
          ],
          [
            -115.20584,
            44.36295
          ],
          [
            -115.20581,
            44.36297
          ],
          [
            -115.20563,
            44.36314
          ],
          [
            -115.2055,
            44.36325
          ],
          [
            -115.20548,
            44.36326
          ],
          [
            -115.20534,
            44.36339
          ],
          [
            -115.20523,
            44.36349
          ],
          [
            -115.20503,
            44.36367
          ],
          [
            -115.20502,
            44.36367
          ],
          [
            -115.20488,
            44.36381
          ],
          [
            -115.20484,
            44.36385
          ],
          [
            -115.20454,
            44.36411
          ],
          [
            -115.20453,
            44.36413
          ],
          [
            -115.20439,
            44.36425
          ],
          [
            -115.20437,
            44.36427
          ],
          [
            -115.20429,
            44.36434
          ],
          [
            -115.20419,
            44.36444
          ],
          [
            -115.20396,
            44.36465
          ],
          [
            -115.20381,
            44.36479
          ],
          [
            -115.20363,
            44.36495
          ],
          [
            -115.20351,
            44.36507
          ],
          [
            -115.20345,
            44.36512
          ],
          [
            -115.20329,
            44.36527
          ],
          [
            -115.20324,
            44.36531
          ],
          [
            -115.20316,
            44.36539
          ],
          [
            -115.20314,
            44.36541
          ],
          [
            -115.20303,
            44.36553
          ],
          [
            -115.20297,
            44.3656
          ],
          [
            -115.20292,
            44.36565
          ],
          [
            -115.20279,
            44.36579
          ],
          [
            -115.20273,
            44.36586
          ],
          [
            -115.20269,
            44.36591
          ],
          [
            -115.2026,
            44.36602
          ],
          [
            -115.20256,
            44.36606
          ],
          [
            -115.20247,
            44.36617
          ],
          [
            -115.20245,
            44.3662
          ],
          [
            -115.20235,
            44.36633
          ],
          [
            -115.20234,
            44.36633
          ],
          [
            -115.20224,
            44.36647
          ],
          [
            -115.20216,
            44.36657
          ],
          [
            -115.20199,
            44.3668
          ],
          [
            -115.20187,
            44.36696
          ],
          [
            -115.20175,
            44.36712
          ],
          [
            -115.20174,
            44.36713
          ],
          [
            -115.20165,
            44.36728
          ],
          [
            -115.20154,
            44.36742
          ],
          [
            -115.20142,
            44.3676
          ],
          [
            -115.20137,
            44.36768
          ],
          [
            -115.20115,
            44.36801
          ],
          [
            -115.201,
            44.36828
          ],
          [
            -115.20087,
            44.3685
          ],
          [
            -115.20082,
            44.36859
          ],
          [
            -115.20075,
            44.36871
          ],
          [
            -115.20071,
            44.36879
          ],
          [
            -115.20064,
            44.36892
          ],
          [
            -115.20064,
            44.36893
          ],
          [
            -115.20059,
            44.36901
          ],
          [
            -115.20055,
            44.3691
          ],
          [
            -115.20052,
            44.36914
          ],
          [
            -115.20046,
            44.36926
          ],
          [
            -115.20039,
            44.3694
          ],
          [
            -115.20037,
            44.36943
          ],
          [
            -115.2003,
            44.36955
          ],
          [
            -115.20027,
            44.3696
          ],
          [
            -115.20024,
            44.36966
          ],
          [
            -115.20018,
            44.36977
          ],
          [
            -115.20006,
            44.36999
          ],
          [
            -115.19993,
            44.37021
          ],
          [
            -115.1999,
            44.37027
          ],
          [
            -115.1998,
            44.37043
          ],
          [
            -115.19972,
            44.37055
          ],
          [
            -115.19969,
            44.3706
          ],
          [
            -115.19959,
            44.37076
          ],
          [
            -115.19956,
            44.3708
          ],
          [
            -115.19937,
            44.37108
          ],
          [
            -115.19934,
            44.37112
          ],
          [
            -115.19912,
            44.37143
          ],
          [
            -115.19881,
            44.37183
          ],
          [
            -115.19878,
            44.37188
          ],
          [
            -115.19865,
            44.37203
          ],
          [
            -115.19861,
            44.37208
          ],
          [
            -115.19841,
            44.37232
          ],
          [
            -115.19826,
            44.37249
          ],
          [
            -115.19812,
            44.37264
          ],
          [
            -115.19811,
            44.37265
          ],
          [
            -115.19798,
            44.37279
          ],
          [
            -115.19784,
            44.37294
          ],
          [
            -115.1975,
            44.3733
          ],
          [
            -115.19742,
            44.37339
          ],
          [
            -115.19727,
            44.37354
          ],
          [
            -115.19701,
            44.37381
          ],
          [
            -115.19656,
            44.37428
          ],
          [
            -115.19622,
            44.37463
          ],
          [
            -115.19579,
            44.37508
          ],
          [
            -115.19576,
            44.37512
          ],
          [
            -115.19562,
            44.37526
          ],
          [
            -115.19543,
            44.37547
          ],
          [
            -115.1954,
            44.3755
          ],
          [
            -115.19514,
            44.37576
          ],
          [
            -115.19504,
            44.37587
          ],
          [
            -115.195,
            44.37591
          ],
          [
            -115.19492,
            44.376
          ],
          [
            -115.19472,
            44.37621
          ],
          [
            -115.19467,
            44.37626
          ],
          [
            -115.19458,
            44.37636
          ],
          [
            -115.19444,
            44.37651
          ],
          [
            -115.1944,
            44.37655
          ],
          [
            -115.19422,
            44.37674
          ],
          [
            -115.1942,
            44.37676
          ],
          [
            -115.19401,
            44.37695
          ],
          [
            -115.19342,
            44.37757
          ],
          [
            -115.19317,
            44.37785
          ],
          [
            -115.19291,
            44.37813
          ],
          [
            -115.19265,
            44.3784
          ],
          [
            -115.19227,
            44.3788
          ],
          [
            -115.19204,
            44.37904
          ],
          [
            -115.1919,
            44.37919
          ],
          [
            -115.19176,
            44.37934
          ],
          [
            -115.19175,
            44.37934
          ],
          [
            -115.19134,
            44.37978
          ],
          [
            -115.1912,
            44.37993
          ],
          [
            -115.19119,
            44.37995
          ],
          [
            -115.19106,
            44.38008
          ],
          [
            -115.19097,
            44.38018
          ],
          [
            -115.19092,
            44.38023
          ],
          [
            -115.19077,
            44.38039
          ],
          [
            -115.1906,
            44.38057
          ],
          [
            -115.19031,
            44.38087
          ],
          [
            -115.19002,
            44.38118
          ],
          [
            -115.18993,
            44.38128
          ],
          [
            -115.18986,
            44.38135
          ],
          [
            -115.18973,
            44.3815
          ],
          [
            -115.18959,
            44.38166
          ],
          [
            -115.18942,
            44.38184
          ],
          [
            -115.18926,
            44.382
          ],
          [
            -115.18906,
            44.38221
          ],
          [
            -115.18894,
            44.38234
          ],
          [
            -115.18881,
            44.38247
          ],
          [
            -115.18874,
            44.38255
          ],
          [
            -115.18867,
            44.38262
          ],
          [
            -115.18861,
            44.38268
          ],
          [
            -115.18851,
            44.38279
          ],
          [
            -115.18839,
            44.38291
          ],
          [
            -115.18829,
            44.38302
          ],
          [
            -115.18824,
            44.38307
          ],
          [
            -115.18819,
            44.38313
          ],
          [
            -115.18808,
            44.38325
          ],
          [
            -115.18797,
            44.38337
          ],
          [
            -115.18726,
            44.38411
          ],
          [
            -115.18712,
            44.38426
          ],
          [
            -115.18698,
            44.38441
          ],
          [
            -115.18684,
            44.38456
          ],
          [
            -115.18669,
            44.38471
          ],
          [
            -115.18656,
            44.38485
          ],
          [
            -115.18655,
            44.38485
          ],
          [
            -115.18627,
            44.38515
          ],
          [
            -115.18613,
            44.3853
          ],
          [
            -115.18599,
            44.38545
          ],
          [
            -115.18585,
            44.3856
          ],
          [
            -115.18564,
            44.38582
          ],
          [
            -115.18514,
            44.38634
          ],
          [
            -115.18484,
            44.38667
          ],
          [
            -115.18427,
            44.38727
          ],
          [
            -115.18358,
            44.38798
          ],
          [
            -115.18355,
            44.38801
          ],
          [
            -115.18343,
            44.38812
          ],
          [
            -115.18317,
            44.38835
          ],
          [
            -115.18311,
            44.3884
          ],
          [
            -115.18282,
            44.38866
          ],
          [
            -115.18263,
            44.38882
          ],
          [
            -115.18255,
            44.38888
          ],
          [
            -115.18246,
            44.38895
          ],
          [
            -115.18231,
            44.38908
          ],
          [
            -115.1823,
            44.38909
          ],
          [
            -115.18212,
            44.38922
          ],
          [
            -115.18178,
            44.38948
          ],
          [
            -115.18165,
            44.38958
          ],
          [
            -115.18138,
            44.38977
          ],
          [
            -115.18111,
            44.38995
          ],
          [
            -115.18106,
            44.38998
          ],
          [
            -115.18081,
            44.39015
          ],
          [
            -115.18069,
            44.39022
          ],
          [
            -115.18038,
            44.39042
          ],
          [
            -115.1801,
            44.39059
          ],
          [
            -115.17972,
            44.39083
          ],
          [
            -115.1795,
            44.39094
          ],
          [
            -115.17934,
            44.39103
          ],
          [
            -115.17918,
            44.39112
          ],
          [
            -115.17904,
            44.39119
          ],
          [
            -115.17886,
            44.39128
          ],
          [
            -115.17872,
            44.39136
          ],
          [
            -115.17857,
            44.39144
          ],
          [
            -115.17832,
            44.39156
          ],
          [
            -115.17733,
            44.39207
          ],
          [
            -115.17714,
            44.39217
          ],
          [
            -115.17693,
            44.39227
          ],
          [
            -115.17671,
            44.39239
          ],
          [
            -115.176,
            44.39275
          ],
          [
            -115.17545,
            44.39302
          ],
          [
            -115.17508,
            44.39319
          ],
          [
            -115.17474,
            44.39332
          ],
          [
            -115.17461,
            44.39337
          ],
          [
            -115.17443,
            44.39344
          ],
          [
            -115.17417,
            44.39352
          ],
          [
            -115.174,
            44.39357
          ],
          [
            -115.17348,
            44.39371
          ],
          [
            -115.17316,
            44.39378
          ],
          [
            -115.17299,
            44.39382
          ],
          [
            -115.17267,
            44.39387
          ],
          [
            -115.17234,
            44.39391
          ],
          [
            -115.17217,
            44.39393
          ],
          [
            -115.1721,
            44.39394
          ],
          [
            -115.17192,
            44.39396
          ],
          [
            -115.17184,
            44.39396
          ],
          [
            -115.17167,
            44.39398
          ],
          [
            -115.17157,
            44.39398
          ],
          [
            -115.17137,
            44.39399
          ],
          [
            -115.17118,
            44.39399
          ],
          [
            -115.17092,
            44.394
          ],
          [
            -115.17084,
            44.394
          ],
          [
            -115.17061,
            44.39399
          ],
          [
            -115.17016,
            44.39397
          ],
          [
            -115.16979,
            44.39394
          ],
          [
            -115.16945,
            44.39389
          ],
          [
            -115.16925,
            44.39386
          ],
          [
            -115.16914,
            44.39384
          ],
          [
            -115.16898,
            44.39382
          ],
          [
            -115.1688,
            44.39378
          ],
          [
            -115.16834,
            44.39367
          ],
          [
            -115.16804,
            44.39359
          ],
          [
            -115.16777,
            44.39351
          ],
          [
            -115.1675,
            44.39341
          ],
          [
            -115.16731,
            44.39335
          ],
          [
            -115.16699,
            44.39323
          ],
          [
            -115.16661,
            44.39305
          ],
          [
            -115.16637,
            44.39294
          ],
          [
            -115.16624,
            44.39286
          ],
          [
            -115.16618,
            44.39283
          ],
          [
            -115.16604,
            44.39276
          ],
          [
            -115.16598,
            44.39272
          ],
          [
            -115.16577,
            44.3926
          ],
          [
            -115.16564,
            44.39252
          ],
          [
            -115.1655,
            44.39243
          ],
          [
            -115.16542,
            44.39237
          ],
          [
            -115.16542,
            44.39236
          ],
          [
            -115.16535,
            44.39232
          ],
          [
            -115.16524,
            44.39224
          ],
          [
            -115.16523,
            44.39223
          ],
          [
            -115.16518,
            44.39219
          ],
          [
            -115.16514,
            44.39217
          ],
          [
            -115.16512,
            44.39215
          ],
          [
            -115.16507,
            44.39211
          ],
          [
            -115.16499,
            44.39205
          ],
          [
            -115.16491,
            44.39197
          ],
          [
            -115.16469,
            44.39179
          ],
          [
            -115.16445,
            44.39154
          ],
          [
            -115.16436,
            44.39145
          ],
          [
            -115.16403,
            44.39107
          ],
          [
            -115.16371,
            44.3906
          ],
          [
            -115.16364,
            44.39049
          ],
          [
            -115.16357,
            44.39036
          ],
          [
            -115.16345,
            44.3901
          ],
          [
            -115.16337,
            44.38991
          ],
          [
            -115.16331,
            44.38975
          ],
          [
            -115.16323,
            44.38952
          ],
          [
            -115.16319,
            44.3894
          ],
          [
            -115.16319,
            44.38939
          ],
          [
            -115.16315,
            44.38925
          ],
          [
            -115.16307,
            44.38899
          ],
          [
            -115.16288,
            44.38835
          ],
          [
            -115.16282,
            44.38813
          ],
          [
            -115.16271,
            44.38777
          ],
          [
            -115.16268,
            44.38764
          ],
          [
            -115.16263,
            44.38747
          ],
          [
            -115.16263,
            44.38746
          ],
          [
            -115.16249,
            44.38695
          ],
          [
            -115.16245,
            44.38682
          ],
          [
            -115.16241,
            44.38668
          ],
          [
            -115.16238,
            44.38658
          ],
          [
            -115.16237,
            44.38655
          ],
          [
            -115.16233,
            44.38642
          ],
          [
            -115.16233,
            44.38641
          ],
          [
            -115.1623,
            44.38628
          ],
          [
            -115.16226,
            44.38614
          ],
          [
            -115.16222,
            44.386
          ],
          [
            -115.16214,
            44.38569
          ],
          [
            -115.16207,
            44.38542
          ],
          [
            -115.16205,
            44.38535
          ],
          [
            -115.16202,
            44.38524
          ],
          [
            -115.16196,
            44.38507
          ],
          [
            -115.16192,
            44.38492
          ],
          [
            -115.16187,
            44.38478
          ],
          [
            -115.16182,
            44.38465
          ],
          [
            -115.16178,
            44.38455
          ],
          [
            -115.16172,
            44.38439
          ],
          [
            -115.16169,
            44.3843
          ],
          [
            -115.16166,
            44.38422
          ],
          [
            -115.16159,
            44.38407
          ],
          [
            -115.16154,
            44.38395
          ],
          [
            -115.16152,
            44.38391
          ],
          [
            -115.16147,
            44.3838
          ],
          [
            -115.16141,
            44.38368
          ],
          [
            -115.16134,
            44.38353
          ],
          [
            -115.16123,
            44.38332
          ],
          [
            -115.16114,
            44.38317
          ],
          [
            -115.16106,
            44.38303
          ],
          [
            -115.161,
            44.38294
          ],
          [
            -115.16093,
            44.38282
          ],
          [
            -115.1609,
            44.38278
          ],
          [
            -115.16083,
            44.38267
          ],
          [
            -115.16076,
            44.38258
          ],
          [
            -115.16066,
            44.38243
          ],
          [
            -115.16059,
            44.38232
          ],
          [
            -115.16051,
            44.38222
          ],
          [
            -115.16045,
            44.38215
          ],
          [
            -115.16038,
            44.38206
          ],
          [
            -115.16026,
            44.38191
          ],
          [
            -115.1602,
            44.38183
          ],
          [
            -115.1601,
            44.38172
          ],
          [
            -115.15999,
            44.3816
          ],
          [
            -115.15986,
            44.38145
          ],
          [
            -115.15971,
            44.38129
          ],
          [
            -115.15947,
            44.38105
          ],
          [
            -115.15932,
            44.3809
          ],
          [
            -115.15919,
            44.38078
          ],
          [
            -115.1591,
            44.3807
          ],
          [
            -115.15897,
            44.38058
          ],
          [
            -115.15876,
            44.38041
          ],
          [
            -115.15857,
            44.38025
          ],
          [
            -115.15834,
            44.38006
          ],
          [
            -115.15803,
            44.37983
          ],
          [
            -115.15793,
            44.37976
          ],
          [
            -115.15766,
            44.37956
          ],
          [
            -115.15748,
            44.37945
          ],
          [
            -115.15729,
            44.37933
          ],
          [
            -115.15719,
            44.37927
          ],
          [
            -115.15701,
            44.37915
          ],
          [
            -115.15668,
            44.37893
          ],
          [
            -115.15591,
            44.37844
          ],
          [
            -115.15543,
            44.37813
          ],
          [
            -115.15533,
            44.37806
          ],
          [
            -115.15514,
            44.37794
          ],
          [
            -115.15506,
            44.37788
          ],
          [
            -115.15496,
            44.37782
          ],
          [
            -115.15477,
            44.3777
          ],
          [
            -115.15415,
            44.3773
          ],
          [
            -115.15402,
            44.37722
          ],
          [
            -115.15378,
            44.37706
          ],
          [
            -115.15321,
            44.3767
          ],
          [
            -115.15309,
            44.37662
          ],
          [
            -115.1529,
            44.37649
          ],
          [
            -115.15253,
            44.37625
          ],
          [
            -115.15235,
            44.37613
          ],
          [
            -115.15224,
            44.37606
          ],
          [
            -115.15198,
            44.37588
          ],
          [
            -115.1518,
            44.37576
          ],
          [
            -115.15167,
            44.37567
          ],
          [
            -115.15161,
            44.37564
          ],
          [
            -115.15152,
            44.37558
          ],
          [
            -115.15143,
            44.37551
          ],
          [
            -115.15091,
            44.37515
          ],
          [
            -115.15072,
            44.37499
          ],
          [
            -115.15044,
            44.37478
          ],
          [
            -115.15015,
            44.37454
          ],
          [
            -115.15002,
            44.37443
          ],
          [
            -115.14993,
            44.37435
          ],
          [
            -115.14981,
            44.37425
          ],
          [
            -115.14961,
            44.37407
          ],
          [
            -115.14949,
            44.37395
          ],
          [
            -115.14933,
            44.37381
          ],
          [
            -115.14912,
            44.37361
          ],
          [
            -115.14901,
            44.37349
          ],
          [
            -115.14889,
            44.37337
          ],
          [
            -115.14877,
            44.37325
          ],
          [
            -115.14867,
            44.37314
          ],
          [
            -115.14857,
            44.37304
          ],
          [
            -115.14853,
            44.373
          ],
          [
            -115.14846,
            44.37292
          ],
          [
            -115.14835,
            44.3728
          ],
          [
            -115.14825,
            44.37269
          ],
          [
            -115.14806,
            44.37247
          ],
          [
            -115.14795,
            44.37233
          ],
          [
            -115.14785,
            44.37222
          ],
          [
            -115.14775,
            44.37209
          ],
          [
            -115.14757,
            44.37186
          ],
          [
            -115.14745,
            44.37172
          ],
          [
            -115.14737,
            44.3716
          ],
          [
            -115.14713,
            44.37127
          ],
          [
            -115.14704,
            44.37113
          ],
          [
            -115.14671,
            44.37064
          ],
          [
            -115.14665,
            44.37054
          ],
          [
            -115.1466,
            44.37047
          ],
          [
            -115.14647,
            44.37027
          ],
          [
            -115.14635,
            44.37007
          ],
          [
            -115.14614,
            44.36977
          ],
          [
            -115.14599,
            44.36952
          ],
          [
            -115.14582,
            44.36925
          ],
          [
            -115.14562,
            44.36893
          ],
          [
            -115.14559,
            44.36888
          ],
          [
            -115.14527,
            44.36837
          ],
          [
            -115.14518,
            44.36823
          ],
          [
            -115.14495,
            44.36788
          ],
          [
            -115.14487,
            44.36774
          ],
          [
            -115.14472,
            44.36749
          ],
          [
            -115.1444,
            44.36701
          ],
          [
            -115.14435,
            44.36693
          ],
          [
            -115.14433,
            44.3669
          ],
          [
            -115.14391,
            44.36629
          ],
          [
            -115.1438,
            44.36613
          ],
          [
            -115.1438,
            44.36612
          ],
          [
            -115.14371,
            44.36601
          ],
          [
            -115.14368,
            44.36597
          ],
          [
            -115.14357,
            44.3658
          ],
          [
            -115.14354,
            44.36576
          ],
          [
            -115.14336,
            44.36552
          ],
          [
            -115.14327,
            44.3654
          ],
          [
            -115.14319,
            44.36528
          ],
          [
            -115.1431,
            44.36517
          ],
          [
            -115.14309,
            44.36515
          ],
          [
            -115.14282,
            44.3648
          ],
          [
            -115.14267,
            44.36462
          ],
          [
            -115.14224,
            44.36408
          ],
          [
            -115.14204,
            44.36385
          ],
          [
            -115.14193,
            44.36373
          ],
          [
            -115.14183,
            44.36361
          ],
          [
            -115.14173,
            44.3635
          ],
          [
            -115.14161,
            44.36337
          ],
          [
            -115.14141,
            44.36314
          ],
          [
            -115.1412,
            44.3629
          ],
          [
            -115.14115,
            44.36286
          ],
          [
            -115.14101,
            44.36271
          ],
          [
            -115.14099,
            44.36268
          ],
          [
            -115.14087,
            44.36256
          ],
          [
            -115.14065,
            44.36233
          ],
          [
            -115.14059,
            44.36226
          ],
          [
            -115.14044,
            44.36211
          ],
          [
            -115.14022,
            44.36188
          ],
          [
            -115.1401,
            44.36177
          ],
          [
            -115.13988,
            44.36156
          ],
          [
            -115.1397,
            44.36139
          ],
          [
            -115.13963,
            44.36132
          ],
          [
            -115.13942,
            44.36112
          ],
          [
            -115.13929,
            44.361
          ],
          [
            -115.13906,
            44.36079
          ],
          [
            -115.13894,
            44.36068
          ],
          [
            -115.13882,
            44.36058
          ],
          [
            -115.1387,
            44.36047
          ],
          [
            -115.13858,
            44.36036
          ],
          [
            -115.13846,
            44.36026
          ],
          [
            -115.13844,
            44.36024
          ],
          [
            -115.1383,
            44.36012
          ],
          [
            -115.1382,
            44.36004
          ],
          [
            -115.13807,
            44.35993
          ],
          [
            -115.13783,
            44.35972
          ],
          [
            -115.13757,
            44.35951
          ],
          [
            -115.13733,
            44.35932
          ],
          [
            -115.13707,
            44.35912
          ],
          [
            -115.13692,
            44.35899
          ],
          [
            -115.13653,
            44.3587
          ],
          [
            -115.13629,
            44.35851
          ],
          [
            -115.13628,
            44.35851
          ],
          [
            -115.13627,
            44.3585
          ],
          [
            -115.13611,
            44.35838
          ],
          [
            -115.13599,
            44.3583
          ],
          [
            -115.13572,
            44.3581
          ],
          [
            -115.13545,
            44.3579
          ],
          [
            -115.13517,
            44.35771
          ],
          [
            -115.13491,
            44.35752
          ],
          [
            -115.13486,
            44.35749
          ],
          [
            -115.13476,
            44.35742
          ],
          [
            -115.13468,
            44.35737
          ],
          [
            -115.13451,
            44.35724
          ],
          [
            -115.13448,
            44.35722
          ],
          [
            -115.13433,
            44.35712
          ],
          [
            -115.13432,
            44.35711
          ],
          [
            -115.13422,
            44.35704
          ],
          [
            -115.13414,
            44.35699
          ],
          [
            -115.13397,
            44.35686
          ],
          [
            -115.13395,
            44.35684
          ],
          [
            -115.13381,
            44.35674
          ],
          [
            -115.13379,
            44.35673
          ],
          [
            -115.13354,
            44.35655
          ],
          [
            -115.13344,
            44.35648
          ],
          [
            -115.13328,
            44.35635
          ],
          [
            -115.133,
            44.35615
          ],
          [
            -115.13274,
            44.35596
          ],
          [
            -115.13273,
            44.35595
          ],
          [
            -115.1324,
            44.3557
          ],
          [
            -115.13239,
            44.35569
          ],
          [
            -115.13233,
            44.35565
          ],
          [
            -115.13223,
            44.35557
          ],
          [
            -115.132,
            44.35539
          ],
          [
            -115.13188,
            44.3553
          ],
          [
            -115.13128,
            44.35484
          ],
          [
            -115.13102,
            44.35463
          ],
          [
            -115.13025,
            44.35403
          ],
          [
            -115.13002,
            44.35383
          ],
          [
            -115.13,
            44.35382
          ],
          [
            -115.12975,
            44.35361
          ],
          [
            -115.12953,
            44.35343
          ],
          [
            -115.12951,
            44.3534
          ],
          [
            -115.12937,
            44.35329
          ],
          [
            -115.12925,
            44.35319
          ],
          [
            -115.12921,
            44.35315
          ],
          [
            -115.12905,
            44.35301
          ],
          [
            -115.12901,
            44.35298
          ],
          [
            -115.12889,
            44.35287
          ],
          [
            -115.12876,
            44.35276
          ],
          [
            -115.12873,
            44.35274
          ],
          [
            -115.12852,
            44.35256
          ],
          [
            -115.12827,
            44.35234
          ],
          [
            -115.12802,
            44.35212
          ],
          [
            -115.12793,
            44.35203
          ],
          [
            -115.12767,
            44.35181
          ],
          [
            -115.12756,
            44.35171
          ],
          [
            -115.12744,
            44.3516
          ],
          [
            -115.12724,
            44.35142
          ],
          [
            -115.12721,
            44.3514
          ],
          [
            -115.12707,
            44.35127
          ],
          [
            -115.12707,
            44.35126
          ],
          [
            -115.12692,
            44.35113
          ],
          [
            -115.12684,
            44.35105
          ],
          [
            -115.12672,
            44.35094
          ],
          [
            -115.1266,
            44.35083
          ],
          [
            -115.1264,
            44.35064
          ],
          [
            -115.12632,
            44.35057
          ],
          [
            -115.12618,
            44.35042
          ],
          [
            -115.12606,
            44.35031
          ],
          [
            -115.12588,
            44.35014
          ],
          [
            -115.12572,
            44.34998
          ],
          [
            -115.12569,
            44.34996
          ],
          [
            -115.12559,
            44.34986
          ],
          [
            -115.12547,
            44.34975
          ],
          [
            -115.12542,
            44.3497
          ],
          [
            -115.12541,
            44.34969
          ],
          [
            -115.12526,
            44.34955
          ],
          [
            -115.12521,
            44.3495
          ],
          [
            -115.12511,
            44.34941
          ],
          [
            -115.12511,
            44.3494
          ],
          [
            -115.12502,
            44.34932
          ],
          [
            -115.12488,
            44.34919
          ],
          [
            -115.12481,
            44.34912
          ],
          [
            -115.12478,
            44.34908
          ],
          [
            -115.12468,
            44.34899
          ],
          [
            -115.12458,
            44.3489
          ],
          [
            -115.12452,
            44.34883
          ],
          [
            -115.12449,
            44.34881
          ],
          [
            -115.12438,
            44.3487
          ],
          [
            -115.12437,
            44.34868
          ],
          [
            -115.12436,
            44.34868
          ],
          [
            -115.12428,
            44.3486
          ],
          [
            -115.12421,
            44.34854
          ],
          [
            -115.12415,
            44.34848
          ],
          [
            -115.12402,
            44.34835
          ],
          [
            -115.12389,
            44.34823
          ],
          [
            -115.12377,
            44.34811
          ],
          [
            -115.12371,
            44.34805
          ],
          [
            -115.12358,
            44.34792
          ],
          [
            -115.12352,
            44.34787
          ],
          [
            -115.12323,
            44.34758
          ],
          [
            -115.12287,
            44.34723
          ],
          [
            -115.12247,
            44.34686
          ],
          [
            -115.12244,
            44.34682
          ],
          [
            -115.1219,
            44.3463
          ],
          [
            -115.12172,
            44.34613
          ],
          [
            -115.12134,
            44.34577
          ],
          [
            -115.12102,
            44.34545
          ],
          [
            -115.12088,
            44.34532
          ],
          [
            -115.12088,
            44.34531
          ],
          [
            -115.12087,
            44.34531
          ],
          [
            -115.12073,
            44.34517
          ],
          [
            -115.12072,
            44.34517
          ],
          [
            -115.12027,
            44.34473
          ],
          [
            -115.12013,
            44.34459
          ],
          [
            -115.12002,
            44.34449
          ],
          [
            -115.11998,
            44.34445
          ],
          [
            -115.11997,
            44.34444
          ],
          [
            -115.11982,
            44.3443
          ],
          [
            -115.11974,
            44.34421
          ],
          [
            -115.11953,
            44.34401
          ],
          [
            -115.11932,
            44.3438
          ],
          [
            -115.11888,
            44.34339
          ],
          [
            -115.11826,
            44.34279
          ],
          [
            -115.11804,
            44.34257
          ],
          [
            -115.11789,
            44.34242
          ],
          [
            -115.11774,
            44.34228
          ],
          [
            -115.11773,
            44.34227
          ],
          [
            -115.11769,
            44.34223
          ],
          [
            -115.11758,
            44.34213
          ],
          [
            -115.11743,
            44.34198
          ],
          [
            -115.11724,
            44.34179
          ],
          [
            -115.11713,
            44.34169
          ],
          [
            -115.1169,
            44.34147
          ],
          [
            -115.11655,
            44.34113
          ],
          [
            -115.11654,
            44.34112
          ],
          [
            -115.11639,
            44.34097
          ],
          [
            -115.11624,
            44.34083
          ],
          [
            -115.11609,
            44.34069
          ],
          [
            -115.11562,
            44.34024
          ],
          [
            -115.11549,
            44.34011
          ],
          [
            -115.11496,
            44.33959
          ],
          [
            -115.11489,
            44.33953
          ],
          [
            -115.11474,
            44.33938
          ],
          [
            -115.11459,
            44.33924
          ],
          [
            -115.11399,
            44.33866
          ],
          [
            -115.1134,
            44.33809
          ],
          [
            -115.11339,
            44.33808
          ],
          [
            -115.11294,
            44.33765
          ],
          [
            -115.11286,
            44.33757
          ],
          [
            -115.11265,
            44.33736
          ],
          [
            -115.11261,
            44.33732
          ],
          [
            -115.11214,
            44.33683
          ],
          [
            -115.11181,
            44.33649
          ],
          [
            -115.11164,
            44.33631
          ],
          [
            -115.11148,
            44.33615
          ],
          [
            -115.11122,
            44.33588
          ],
          [
            -115.11116,
            44.33581
          ],
          [
            -115.11108,
            44.33573
          ],
          [
            -115.111,
            44.33564
          ],
          [
            -115.11094,
            44.33558
          ],
          [
            -115.11086,
            44.33549
          ],
          [
            -115.11059,
            44.33522
          ],
          [
            -115.11037,
            44.33498
          ],
          [
            -115.11017,
            44.33478
          ],
          [
            -115.11008,
            44.33469
          ],
          [
            -115.10995,
            44.33454
          ],
          [
            -115.10976,
            44.33435
          ],
          [
            -115.10931,
            44.33388
          ],
          [
            -115.10896,
            44.3335
          ],
          [
            -115.10879,
            44.33333
          ],
          [
            -115.10849,
            44.33301
          ],
          [
            -115.10836,
            44.33287
          ],
          [
            -115.1081,
            44.33261
          ],
          [
            -115.10749,
            44.33197
          ],
          [
            -115.10683,
            44.33128
          ],
          [
            -115.10655,
            44.33098
          ],
          [
            -115.10512,
            44.32949
          ],
          [
            -115.10479,
            44.32915
          ],
          [
            -115.1047,
            44.32905
          ],
          [
            -115.10469,
            44.32905
          ],
          [
            -115.10455,
            44.3289
          ],
          [
            -115.10378,
            44.32809
          ],
          [
            -115.10356,
            44.32786
          ],
          [
            -115.10342,
            44.32771
          ],
          [
            -115.10339,
            44.32769
          ],
          [
            -115.10328,
            44.32757
          ],
          [
            -115.10327,
            44.32756
          ],
          [
            -115.10313,
            44.32741
          ],
          [
            -115.10305,
            44.32733
          ],
          [
            -115.10299,
            44.32727
          ],
          [
            -115.10218,
            44.32642
          ],
          [
            -115.10214,
            44.32637
          ],
          [
            -115.10143,
            44.32564
          ],
          [
            -115.10143,
            44.32563
          ],
          [
            -115.10089,
            44.32507
          ],
          [
            -115.10072,
            44.32489
          ],
          [
            -115.10057,
            44.32474
          ],
          [
            -115.10037,
            44.32453
          ],
          [
            -115.1,
            44.32415
          ],
          [
            -115.09981,
            44.32395
          ],
          [
            -115.0989,
            44.323
          ],
          [
            -115.09859,
            44.32267
          ],
          [
            -115.0985,
            44.32257
          ],
          [
            -115.09844,
            44.32251
          ],
          [
            -115.09831,
            44.32237
          ],
          [
            -115.0983,
            44.32237
          ],
          [
            -115.09806,
            44.3221
          ],
          [
            -115.09703,
            44.32103
          ],
          [
            -115.09689,
            44.32088
          ],
          [
            -115.0966,
            44.32058
          ],
          [
            -115.09638,
            44.32035
          ],
          [
            -115.09618,
            44.32014
          ],
          [
            -115.09617,
            44.32014
          ],
          [
            -115.09572,
            44.31966
          ],
          [
            -115.09539,
            44.31933
          ],
          [
            -115.09508,
            44.319
          ],
          [
            -115.09488,
            44.31881
          ],
          [
            -115.09473,
            44.31867
          ],
          [
            -115.09464,
            44.31858
          ],
          [
            -115.09442,
            44.31839
          ],
          [
            -115.09439,
            44.31836
          ],
          [
            -115.09411,
            44.31814
          ],
          [
            -115.0939,
            44.318
          ],
          [
            -115.09381,
            44.31793
          ],
          [
            -115.09358,
            44.31778
          ],
          [
            -115.09334,
            44.31763
          ],
          [
            -115.09315,
            44.31752
          ],
          [
            -115.09314,
            44.31752
          ],
          [
            -115.09308,
            44.31748
          ],
          [
            -115.0929,
            44.31739
          ],
          [
            -115.09264,
            44.31726
          ],
          [
            -115.09247,
            44.31717
          ],
          [
            -115.09223,
            44.31707
          ],
          [
            -115.09179,
            44.3169
          ],
          [
            -115.09165,
            44.31685
          ],
          [
            -115.09154,
            44.31681
          ],
          [
            -115.09143,
            44.31678
          ],
          [
            -115.0913,
            44.31674
          ],
          [
            -115.0912,
            44.3167
          ],
          [
            -115.09102,
            44.31665
          ],
          [
            -115.09083,
            44.3166
          ],
          [
            -115.09058,
            44.31653
          ],
          [
            -115.09033,
            44.31648
          ],
          [
            -115.09015,
            44.31644
          ],
          [
            -115.08996,
            44.3164
          ],
          [
            -115.08944,
            44.31632
          ],
          [
            -115.08922,
            44.31629
          ],
          [
            -115.08884,
            44.31625
          ],
          [
            -115.08798,
            44.31617
          ],
          [
            -115.08744,
            44.31613
          ],
          [
            -115.08721,
            44.31612
          ],
          [
            -115.08662,
            44.31607
          ],
          [
            -115.08625,
            44.31603
          ],
          [
            -115.08588,
            44.31599
          ],
          [
            -115.08571,
            44.31597
          ],
          [
            -115.08538,
            44.31592
          ],
          [
            -115.08483,
            44.31583
          ],
          [
            -115.08456,
            44.31577
          ],
          [
            -115.08429,
            44.31572
          ],
          [
            -115.08425,
            44.31571
          ],
          [
            -115.08401,
            44.31565
          ],
          [
            -115.08374,
            44.31559
          ],
          [
            -115.0833,
            44.31548
          ],
          [
            -115.08302,
            44.31542
          ],
          [
            -115.08243,
            44.31527
          ],
          [
            -115.08211,
            44.31519
          ],
          [
            -115.08187,
            44.31513
          ],
          [
            -115.08183,
            44.31512
          ],
          [
            -115.08163,
            44.31507
          ],
          [
            -115.08079,
            44.31485
          ],
          [
            -115.08045,
            44.31476
          ],
          [
            -115.07951,
            44.31451
          ],
          [
            -115.07928,
            44.31445
          ],
          [
            -115.07858,
            44.31425
          ],
          [
            -115.07834,
            44.31418
          ],
          [
            -115.07795,
            44.31407
          ],
          [
            -115.07648,
            44.31364
          ],
          [
            -115.07368,
            44.31284
          ],
          [
            -115.07344,
            44.31277
          ],
          [
            -115.07228,
            44.31243
          ],
          [
            -115.07181,
            44.3123
          ],
          [
            -115.07031,
            44.31187
          ],
          [
            -115.06995,
            44.31176
          ],
          [
            -115.06971,
            44.31169
          ],
          [
            -115.06925,
            44.31156
          ],
          [
            -115.06901,
            44.31149
          ],
          [
            -115.06884,
            44.31144
          ],
          [
            -115.06839,
            44.31131
          ],
          [
            -115.06787,
            44.31116
          ],
          [
            -115.06715,
            44.31096
          ],
          [
            -115.06603,
            44.31064
          ],
          [
            -115.06475,
            44.31027
          ],
          [
            -115.06405,
            44.31007
          ],
          [
            -115.06318,
            44.30982
          ],
          [
            -115.06317,
            44.30982
          ],
          [
            -115.06252,
            44.30963
          ],
          [
            -115.06202,
            44.30948
          ],
          [
            -115.06196,
            44.30946
          ],
          [
            -115.06191,
            44.30945
          ],
          [
            -115.06179,
            44.30941
          ],
          [
            -115.06173,
            44.30939
          ],
          [
            -115.06158,
            44.30934
          ],
          [
            -115.0615,
            44.30931
          ],
          [
            -115.06128,
            44.30924
          ],
          [
            -115.06127,
            44.30923
          ],
          [
            -115.06091,
            44.30911
          ],
          [
            -115.06067,
            44.30902
          ],
          [
            -115.06038,
            44.30891
          ],
          [
            -115.06005,
            44.30878
          ],
          [
            -115.05951,
            44.30856
          ],
          [
            -115.05945,
            44.30854
          ],
          [
            -115.05936,
            44.3085
          ],
          [
            -115.05923,
            44.30844
          ],
          [
            -115.0592,
            44.30843
          ],
          [
            -115.0586,
            44.30815
          ],
          [
            -115.05819,
            44.30795
          ],
          [
            -115.05779,
            44.30775
          ],
          [
            -115.05746,
            44.30757
          ],
          [
            -115.05681,
            44.3072
          ],
          [
            -115.05658,
            44.30707
          ],
          [
            -115.05613,
            44.30679
          ],
          [
            -115.05588,
            44.30663
          ],
          [
            -115.05581,
            44.30659
          ],
          [
            -115.0555,
            44.30637
          ],
          [
            -115.05522,
            44.30618
          ],
          [
            -115.05507,
            44.30606
          ],
          [
            -115.0543,
            44.30547
          ],
          [
            -115.05423,
            44.30541
          ],
          [
            -115.05407,
            44.30528
          ],
          [
            -115.05341,
            44.30474
          ],
          [
            -115.05324,
            44.3046
          ],
          [
            -115.0509,
            44.3027
          ],
          [
            -115.05058,
            44.30244
          ],
          [
            -115.05042,
            44.30231
          ],
          [
            -115.05025,
            44.30217
          ],
          [
            -115.05001,
            44.30197
          ],
          [
            -115.04976,
            44.30177
          ],
          [
            -115.04975,
            44.30177
          ],
          [
            -115.04951,
            44.30157
          ],
          [
            -115.04936,
            44.30145
          ],
          [
            -115.04899,
            44.30114
          ],
          [
            -115.04849,
            44.30074
          ],
          [
            -115.04843,
            44.30068
          ],
          [
            -115.0481,
            44.30041
          ],
          [
            -115.04799,
            44.30032
          ],
          [
            -115.04793,
            44.30028
          ],
          [
            -115.04727,
            44.29974
          ],
          [
            -115.0471,
            44.2996
          ],
          [
            -115.04694,
            44.29947
          ],
          [
            -115.04584,
            44.29858
          ],
          [
            -115.04527,
            44.29812
          ],
          [
            -115.04509,
            44.29797
          ],
          [
            -115.04382,
            44.29693
          ],
          [
            -115.04279,
            44.29609
          ],
          [
            -115.04162,
            44.29513
          ],
          [
            -115.04145,
            44.29499
          ],
          [
            -115.0393,
            44.29324
          ],
          [
            -115.03913,
            44.29311
          ],
          [
            -115.03897,
            44.29297
          ],
          [
            -115.03801,
            44.29219
          ],
          [
            -115.03701,
            44.29138
          ],
          [
            -115.03552,
            44.29016
          ],
          [
            -115.03548,
            44.29013
          ],
          [
            -115.03532,
            44.29
          ],
          [
            -115.03515,
            44.28986
          ],
          [
            -115.03499,
            44.28973
          ],
          [
            -115.03482,
            44.28959
          ],
          [
            -115.03466,
            44.28946
          ],
          [
            -115.03453,
            44.28935
          ],
          [
            -115.03335,
            44.28839
          ],
          [
            -115.0332,
            44.28827
          ],
          [
            -115.03287,
            44.288
          ],
          [
            -115.03263,
            44.2878
          ],
          [
            -115.03254,
            44.28773
          ],
          [
            -115.03237,
            44.2876
          ],
          [
            -115.03221,
            44.28746
          ],
          [
            -115.03187,
            44.28719
          ],
          [
            -115.03174,
            44.28708
          ],
          [
            -115.03171,
            44.28706
          ],
          [
            -115.03105,
            44.28651
          ],
          [
            -115.03088,
            44.28638
          ],
          [
            -115.03071,
            44.28624
          ],
          [
            -115.03055,
            44.28611
          ],
          [
            -115.03038,
            44.28597
          ],
          [
            -115.03005,
            44.2857
          ],
          [
            -115.02989,
            44.28557
          ],
          [
            -115.02955,
            44.2853
          ],
          [
            -115.02906,
            44.28489
          ],
          [
            -115.02867,
            44.28458
          ],
          [
            -115.02856,
            44.28449
          ],
          [
            -115.0279,
            44.28395
          ],
          [
            -115.0264,
            44.28273
          ],
          [
            -115.02635,
            44.28269
          ],
          [
            -115.02624,
            44.28259
          ],
          [
            -115.02591,
            44.28232
          ],
          [
            -115.02509,
            44.28164
          ],
          [
            -115.02493,
            44.2815
          ],
          [
            -115.02491,
            44.28149
          ],
          [
            -115.02476,
            44.28137
          ],
          [
            -115.02427,
            44.28098
          ],
          [
            -115.0241,
            44.28085
          ],
          [
            -115.02377,
            44.28058
          ],
          [
            -115.0236,
            44.28044
          ],
          [
            -115.02344,
            44.28031
          ],
          [
            -115.02327,
            44.28017
          ],
          [
            -115.02311,
            44.28004
          ],
          [
            -115.02294,
            44.2799
          ],
          [
            -115.02185,
            44.27902
          ],
          [
            -115.02086,
            44.27819
          ],
          [
            -115.02055,
            44.27792
          ],
          [
            -115.02039,
            44.27778
          ],
          [
            -115.02035,
            44.27775
          ],
          [
            -115.02002,
            44.27747
          ],
          [
            -115.01991,
            44.27737
          ],
          [
            -115.01977,
            44.27725
          ],
          [
            -115.01975,
            44.27723
          ],
          [
            -115.01946,
            44.27696
          ],
          [
            -115.01929,
            44.2768
          ],
          [
            -115.01925,
            44.27676
          ],
          [
            -115.01914,
            44.27666
          ],
          [
            -115.01906,
            44.27658
          ],
          [
            -115.01899,
            44.27651
          ],
          [
            -115.01885,
            44.27638
          ],
          [
            -115.01859,
            44.27613
          ],
          [
            -115.01839,
            44.27592
          ],
          [
            -115.01825,
            44.27578
          ],
          [
            -115.01811,
            44.27563
          ],
          [
            -115.01802,
            44.27554
          ],
          [
            -115.01797,
            44.27549
          ],
          [
            -115.01768,
            44.27519
          ],
          [
            -115.01737,
            44.27484
          ],
          [
            -115.01727,
            44.27474
          ],
          [
            -115.01709,
            44.27454
          ],
          [
            -115.01707,
            44.27452
          ],
          [
            -115.01695,
            44.27439
          ],
          [
            -115.01689,
            44.27433
          ],
          [
            -115.01681,
            44.27424
          ],
          [
            -115.01668,
            44.27409
          ],
          [
            -115.01663,
            44.27402
          ],
          [
            -115.01655,
            44.27393
          ],
          [
            -115.0165,
            44.27387
          ],
          [
            -115.01626,
            44.27357
          ],
          [
            -115.01612,
            44.2734
          ],
          [
            -115.01599,
            44.27324
          ],
          [
            -115.01592,
            44.27316
          ],
          [
            -115.01583,
            44.27304
          ],
          [
            -115.01579,
            44.273
          ],
          [
            -115.01571,
            44.2729
          ],
          [
            -115.01567,
            44.27285
          ],
          [
            -115.01558,
            44.27272
          ],
          [
            -115.01543,
            44.27253
          ],
          [
            -115.01534,
            44.27241
          ],
          [
            -115.01532,
            44.27237
          ],
          [
            -115.0152,
            44.27221
          ],
          [
            -115.01515,
            44.27214
          ],
          [
            -115.01497,
            44.27189
          ],
          [
            -115.01491,
            44.2718
          ],
          [
            -115.01486,
            44.27173
          ],
          [
            -115.01475,
            44.27157
          ],
          [
            -115.01465,
            44.27142
          ],
          [
            -115.01447,
            44.27116
          ],
          [
            -115.01424,
            44.27082
          ],
          [
            -115.01417,
            44.27068
          ],
          [
            -115.01411,
            44.27059
          ],
          [
            -115.01401,
            44.27043
          ],
          [
            -115.01393,
            44.27029
          ],
          [
            -115.0137,
            44.26992
          ],
          [
            -115.01351,
            44.2696
          ],
          [
            -115.01348,
            44.26954
          ],
          [
            -115.01342,
            44.26943
          ],
          [
            -115.01335,
            44.26932
          ],
          [
            -115.01332,
            44.26927
          ],
          [
            -115.01323,
            44.2691
          ],
          [
            -115.01314,
            44.26893
          ],
          [
            -115.01312,
            44.2689
          ],
          [
            -115.01305,
            44.26876
          ],
          [
            -115.01296,
            44.2686
          ],
          [
            -115.01287,
            44.26843
          ],
          [
            -115.01266,
            44.26804
          ],
          [
            -115.01256,
            44.26784
          ],
          [
            -115.01244,
            44.26758
          ],
          [
            -115.01241,
            44.26752
          ],
          [
            -115.01236,
            44.26741
          ],
          [
            -115.01229,
            44.26725
          ],
          [
            -115.01229,
            44.26724
          ],
          [
            -115.01221,
            44.26707
          ],
          [
            -115.01214,
            44.2669
          ],
          [
            -115.01213,
            44.26687
          ],
          [
            -115.01207,
            44.26672
          ],
          [
            -115.01202,
            44.26661
          ],
          [
            -115.01199,
            44.26655
          ],
          [
            -115.01192,
            44.26638
          ],
          [
            -115.01191,
            44.26634
          ],
          [
            -115.01185,
            44.26621
          ],
          [
            -115.01182,
            44.26613
          ],
          [
            -115.01179,
            44.26603
          ],
          [
            -115.01174,
            44.26592
          ],
          [
            -115.01172,
            44.26586
          ],
          [
            -115.01165,
            44.26569
          ],
          [
            -115.01159,
            44.26551
          ],
          [
            -115.01158,
            44.26549
          ],
          [
            -115.01151,
            44.26534
          ],
          [
            -115.01144,
            44.26517
          ],
          [
            -115.01133,
            44.26492
          ],
          [
            -115.01129,
            44.26483
          ],
          [
            -115.01122,
            44.26465
          ],
          [
            -115.01107,
            44.26431
          ],
          [
            -115.01105,
            44.26426
          ],
          [
            -115.01092,
            44.26396
          ],
          [
            -115.01085,
            44.26379
          ],
          [
            -115.01079,
            44.26366
          ],
          [
            -115.01067,
            44.26338
          ],
          [
            -115.01063,
            44.26328
          ],
          [
            -115.0106,
            44.2632
          ],
          [
            -115.01053,
            44.26298
          ],
          [
            -115.01051,
            44.26293
          ],
          [
            -115.01044,
            44.26276
          ],
          [
            -115.01039,
            44.26262
          ],
          [
            -115.01037,
            44.26258
          ],
          [
            -115.01031,
            44.26241
          ],
          [
            -115.01024,
            44.26223
          ],
          [
            -115.01014,
            44.26197
          ],
          [
            -115.00999,
            44.26164
          ],
          [
            -115.00967,
            44.26092
          ],
          [
            -115.0095,
            44.26053
          ],
          [
            -115.00924,
            44.2599
          ],
          [
            -115.00889,
            44.25908
          ],
          [
            -115.00887,
            44.25904
          ],
          [
            -115.00873,
            44.25869
          ],
          [
            -115.00866,
            44.25852
          ],
          [
            -115.00851,
            44.25817
          ],
          [
            -115.00844,
            44.258
          ],
          [
            -115.0084,
            44.25791
          ],
          [
            -115.00821,
            44.25749
          ],
          [
            -115.00816,
            44.25737
          ],
          [
            -115.00807,
            44.25714
          ],
          [
            -115.00799,
            44.25697
          ],
          [
            -115.00792,
            44.2568
          ],
          [
            -115.00785,
            44.25661
          ],
          [
            -115.00778,
            44.25645
          ],
          [
            -115.00771,
            44.25628
          ],
          [
            -115.00763,
            44.25611
          ],
          [
            -115.00756,
            44.25594
          ],
          [
            -115.00748,
            44.25576
          ],
          [
            -115.00734,
            44.25542
          ],
          [
            -115.00727,
            44.25525
          ],
          [
            -115.00708,
            44.25479
          ],
          [
            -115.00677,
            44.25404
          ],
          [
            -115.00672,
            44.25392
          ],
          [
            -115.00667,
            44.25379
          ],
          [
            -115.00663,
            44.25368
          ],
          [
            -115.0066,
            44.25359
          ],
          [
            -115.00657,
            44.25352
          ],
          [
            -115.00635,
            44.25301
          ],
          [
            -115.00634,
            44.253
          ],
          [
            -115.0062,
            44.25266
          ],
          [
            -115.00614,
            44.25249
          ],
          [
            -115.00603,
            44.2522
          ],
          [
            -115.0059,
            44.25185
          ],
          [
            -115.00579,
            44.25155
          ],
          [
            -115.00576,
            44.25145
          ],
          [
            -115.00561,
            44.25099
          ],
          [
            -115.00554,
            44.25078
          ],
          [
            -115.0055,
            44.25066
          ],
          [
            -115.00545,
            44.25049
          ],
          [
            -115.00545,
            44.25048
          ],
          [
            -115.00543,
            44.25041
          ],
          [
            -115.00534,
            44.2501
          ],
          [
            -115.00525,
            44.24978
          ],
          [
            -115.00522,
            44.24966
          ],
          [
            -115.00489,
            44.2483
          ],
          [
            -115.0046,
            44.2471
          ],
          [
            -115.00448,
            44.24658
          ],
          [
            -115.0044,
            44.24626
          ],
          [
            -115.00425,
            44.24565
          ],
          [
            -115.00424,
            44.24561
          ],
          [
            -115.00422,
            44.24552
          ],
          [
            -115.00417,
            44.24534
          ],
          [
            -115.00415,
            44.24522
          ],
          [
            -115.00409,
            44.24498
          ],
          [
            -115.00406,
            44.24484
          ],
          [
            -115.00388,
            44.24416
          ],
          [
            -115.00381,
            44.24385
          ],
          [
            -115.00378,
            44.24375
          ],
          [
            -115.00378,
            44.24374
          ],
          [
            -115.00368,
            44.24334
          ],
          [
            -115.00365,
            44.24322
          ],
          [
            -115.00361,
            44.24304
          ],
          [
            -115.00354,
            44.24277
          ],
          [
            -115.0035,
            44.24259
          ],
          [
            -115.0034,
            44.24225
          ],
          [
            -115.00334,
            44.24207
          ],
          [
            -115.00325,
            44.24183
          ],
          [
            -115.00314,
            44.24159
          ],
          [
            -115.00301,
            44.24133
          ],
          [
            -115.00296,
            44.24124
          ],
          [
            -115.00286,
            44.24107
          ],
          [
            -115.00273,
            44.24089
          ],
          [
            -115.0026,
            44.2407
          ],
          [
            -115.00241,
            44.24045
          ],
          [
            -115.00232,
            44.24033
          ],
          [
            -115.00218,
            44.24018
          ],
          [
            -115.00205,
            44.24004
          ],
          [
            -115.00205,
            44.24003
          ],
          [
            -115.00178,
            44.23977
          ],
          [
            -115.00175,
            44.23975
          ],
          [
            -115.00159,
            44.23961
          ],
          [
            -115.00157,
            44.23959
          ],
          [
            -115.00141,
            44.23945
          ],
          [
            -115.00127,
            44.23934
          ],
          [
            -115.00114,
            44.23923
          ],
          [
            -115.00099,
            44.23913
          ],
          [
            -115.00076,
            44.23896
          ],
          [
            -115.00061,
            44.23885
          ],
          [
            -115.00036,
            44.23867
          ],
          [
            -115.0002,
            44.23856
          ],
          [
            -114.99981,
            44.23826
          ],
          [
            -114.99968,
            44.23817
          ],
          [
            -114.99951,
            44.23805
          ],
          [
            -114.99856,
            44.2374
          ],
          [
            -114.99805,
            44.23706
          ],
          [
            -114.99786,
            44.23694
          ],
          [
            -114.99778,
            44.23688
          ],
          [
            -114.99735,
            44.2366
          ],
          [
            -114.99675,
            44.23621
          ],
          [
            -114.99607,
            44.23579
          ],
          [
            -114.99521,
            44.23525
          ],
          [
            -114.99447,
            44.2348
          ],
          [
            -114.99404,
            44.23454
          ],
          [
            -114.99338,
            44.23415
          ],
          [
            -114.99299,
            44.23392
          ],
          [
            -114.99254,
            44.23365
          ],
          [
            -114.99235,
            44.23354
          ],
          [
            -114.99215,
            44.23342
          ],
          [
            -114.9914,
            44.23297
          ],
          [
            -114.99094,
            44.2327
          ],
          [
            -114.9908,
            44.23261
          ],
          [
            -114.99062,
            44.2325
          ],
          [
            -114.99061,
            44.2325
          ],
          [
            -114.99059,
            44.23249
          ],
          [
            -114.99042,
            44.23239
          ],
          [
            -114.99037,
            44.23236
          ],
          [
            -114.9899,
            44.23207
          ],
          [
            -114.98984,
            44.23204
          ],
          [
            -114.98965,
            44.23193
          ],
          [
            -114.9883,
            44.23112
          ],
          [
            -114.98828,
            44.2311
          ],
          [
            -114.98821,
            44.23106
          ],
          [
            -114.98808,
            44.23099
          ],
          [
            -114.98785,
            44.23085
          ],
          [
            -114.98738,
            44.23056
          ],
          [
            -114.98729,
            44.23051
          ],
          [
            -114.9868,
            44.23022
          ],
          [
            -114.98655,
            44.23006
          ],
          [
            -114.98636,
            44.22995
          ],
          [
            -114.98616,
            44.22983
          ],
          [
            -114.98569,
            44.22955
          ],
          [
            -114.98496,
            44.22912
          ],
          [
            -114.98423,
            44.22868
          ],
          [
            -114.98386,
            44.22846
          ],
          [
            -114.98385,
            44.22845
          ],
          [
            -114.98346,
            44.22822
          ],
          [
            -114.98326,
            44.22811
          ],
          [
            -114.98307,
            44.22799
          ],
          [
            -114.98225,
            44.2275
          ],
          [
            -114.98173,
            44.2272
          ],
          [
            -114.98064,
            44.22655
          ],
          [
            -114.98058,
            44.22651
          ],
          [
            -114.98037,
            44.22638
          ],
          [
            -114.98018,
            44.22627
          ],
          [
            -114.97998,
            44.22615
          ],
          [
            -114.97981,
            44.22605
          ],
          [
            -114.97961,
            44.22593
          ],
          [
            -114.9796,
            44.22592
          ],
          [
            -114.97941,
            44.22581
          ],
          [
            -114.97827,
            44.22513
          ],
          [
            -114.97626,
            44.22393
          ],
          [
            -114.97472,
            44.22301
          ],
          [
            -114.9746,
            44.22294
          ],
          [
            -114.97452,
            44.22289
          ],
          [
            -114.97444,
            44.22284
          ],
          [
            -114.97439,
            44.22281
          ],
          [
            -114.97433,
            44.22278
          ],
          [
            -114.97424,
            44.22272
          ],
          [
            -114.97351,
            44.22229
          ],
          [
            -114.97321,
            44.22212
          ],
          [
            -114.97316,
            44.2221
          ],
          [
            -114.97307,
            44.22205
          ],
          [
            -114.97304,
            44.22203
          ],
          [
            -114.97284,
            44.22193
          ],
          [
            -114.97265,
            44.22184
          ],
          [
            -114.97261,
            44.22182
          ],
          [
            -114.97254,
            44.22179
          ],
          [
            -114.97245,
            44.22175
          ],
          [
            -114.97233,
            44.22169
          ],
          [
            -114.97216,
            44.22162
          ],
          [
            -114.97161,
            44.2214
          ],
          [
            -114.97157,
            44.22138
          ],
          [
            -114.97155,
            44.22137
          ],
          [
            -114.97135,
            44.2213
          ],
          [
            -114.97113,
            44.22123
          ],
          [
            -114.971,
            44.22118
          ],
          [
            -114.97076,
            44.22111
          ],
          [
            -114.97066,
            44.22108
          ],
          [
            -114.97061,
            44.22106
          ],
          [
            -114.97054,
            44.22104
          ],
          [
            -114.97005,
            44.22092
          ],
          [
            -114.96961,
            44.22083
          ],
          [
            -114.96913,
            44.22074
          ],
          [
            -114.96897,
            44.22071
          ],
          [
            -114.96896,
            44.22071
          ],
          [
            -114.96884,
            44.22069
          ],
          [
            -114.96863,
            44.22066
          ],
          [
            -114.96843,
            44.22063
          ],
          [
            -114.96823,
            44.22061
          ],
          [
            -114.96786,
            44.22056
          ],
          [
            -114.96785,
            44.22056
          ],
          [
            -114.96774,
            44.22055
          ],
          [
            -114.96512,
            44.22027
          ],
          [
            -114.96474,
            44.22023
          ],
          [
            -114.96461,
            44.22021
          ],
          [
            -114.96449,
            44.2202
          ],
          [
            -114.96426,
            44.22018
          ],
          [
            -114.96413,
            44.22016
          ],
          [
            -114.96401,
            44.22015
          ],
          [
            -114.96388,
            44.22013
          ],
          [
            -114.96377,
            44.22012
          ],
          [
            -114.96363,
            44.22011
          ],
          [
            -114.96352,
            44.2201
          ],
          [
            -114.96259,
            44.22
          ],
          [
            -114.96178,
            44.21991
          ],
          [
            -114.9614,
            44.21987
          ],
          [
            -114.96115,
            44.21984
          ],
          [
            -114.96065,
            44.21982
          ],
          [
            -114.96002,
            44.21975
          ],
          [
            -114.95979,
            44.21973
          ],
          [
            -114.95973,
            44.21972
          ],
          [
            -114.95954,
            44.2197
          ],
          [
            -114.95941,
            44.21968
          ],
          [
            -114.95929,
            44.21967
          ],
          [
            -114.95812,
            44.21955
          ],
          [
            -114.95767,
            44.2195
          ],
          [
            -114.95643,
            44.21937
          ],
          [
            -114.9561,
            44.21933
          ],
          [
            -114.95466,
            44.21918
          ],
          [
            -114.95259,
            44.21895
          ],
          [
            -114.95234,
            44.21892
          ],
          [
            -114.95221,
            44.21891
          ],
          [
            -114.9521,
            44.2189
          ],
          [
            -114.95189,
            44.21888
          ],
          [
            -114.95183,
            44.21887
          ],
          [
            -114.95176,
            44.21886
          ],
          [
            -114.95146,
            44.21883
          ],
          [
            -114.95056,
            44.21873
          ],
          [
            -114.94911,
            44.21858
          ],
          [
            -114.94819,
            44.21848
          ],
          [
            -114.94812,
            44.21847
          ],
          [
            -114.94738,
            44.21839
          ],
          [
            -114.94724,
            44.21837
          ],
          [
            -114.947,
            44.21835
          ],
          [
            -114.94683,
            44.21833
          ],
          [
            -114.94639,
            44.21828
          ],
          [
            -114.94625,
            44.21827
          ],
          [
            -114.94614,
            44.21825
          ],
          [
            -114.94582,
            44.21822
          ],
          [
            -114.94576,
            44.21821
          ],
          [
            -114.94489,
            44.21812
          ],
          [
            -114.94388,
            44.21801
          ],
          [
            -114.94377,
            44.218
          ],
          [
            -114.94305,
            44.21792
          ],
          [
            -114.94253,
            44.21787
          ],
          [
            -114.94205,
            44.21781
          ],
          [
            -114.94191,
            44.2178
          ],
          [
            -114.94106,
            44.21771
          ],
          [
            -114.94072,
            44.21767
          ],
          [
            -114.94047,
            44.21764
          ],
          [
            -114.94025,
            44.21761
          ],
          [
            -114.94008,
            44.21759
          ],
          [
            -114.93964,
            44.21755
          ],
          [
            -114.93909,
            44.21749
          ],
          [
            -114.9386,
            44.21744
          ],
          [
            -114.93752,
            44.21728
          ],
          [
            -114.93717,
            44.21724
          ],
          [
            -114.93565,
            44.21709
          ],
          [
            -114.93563,
            44.21709
          ],
          [
            -114.93534,
            44.21707
          ],
          [
            -114.93514,
            44.21704
          ],
          [
            -114.93425,
            44.21694
          ],
          [
            -114.93422,
            44.21694
          ],
          [
            -114.9339,
            44.2169
          ],
          [
            -114.93365,
            44.21687
          ],
          [
            -114.9334,
            44.21684
          ],
          [
            -114.93337,
            44.21684
          ],
          [
            -114.93335,
            44.21684
          ],
          [
            -114.933,
            44.2168
          ],
          [
            -114.93257,
            44.21675
          ],
          [
            -114.93216,
            44.2167
          ],
          [
            -114.93211,
            44.2167
          ],
          [
            -114.93196,
            44.21668
          ],
          [
            -114.93192,
            44.21667
          ],
          [
            -114.93191,
            44.21667
          ],
          [
            -114.93183,
            44.21666
          ],
          [
            -114.93167,
            44.21664
          ],
          [
            -114.93161,
            44.21664
          ],
          [
            -114.93142,
            44.21662
          ],
          [
            -114.93137,
            44.21661
          ],
          [
            -114.93128,
            44.2166
          ],
          [
            -114.93068,
            44.21653
          ],
          [
            -114.9306,
            44.21652
          ],
          [
            -114.93042,
            44.2165
          ],
          [
            -114.9304162,
            44.2165005
          ],
          [
            -114.93034,
            44.21644
          ],
          [
            -114.93028,
            44.21641
          ],
          [
            -114.93023,
            44.21638
          ],
          [
            -114.93019,
            44.21635
          ],
          [
            -114.93014,
            44.21631
          ],
          [
            -114.93005,
            44.21623
          ],
          [
            -114.93011,
            44.21598
          ],
          [
            -114.93016,
            44.21575
          ],
          [
            -114.93019,
            44.21566
          ],
          [
            -114.93025,
            44.21542
          ],
          [
            -114.93042,
            44.21474
          ],
          [
            -114.93042,
            44.21473
          ],
          [
            -114.93048,
            44.21451
          ],
          [
            -114.93059,
            44.21405
          ],
          [
            -114.93061,
            44.21399
          ],
          [
            -114.93062,
            44.21395
          ],
          [
            -114.93076,
            44.21338
          ],
          [
            -114.9308,
            44.21324
          ],
          [
            -114.93089,
            44.21289
          ],
          [
            -114.93091,
            44.2128
          ],
          [
            -114.93114,
            44.21192
          ],
          [
            -114.93122,
            44.21168
          ],
          [
            -114.9315,
            44.21059
          ],
          [
            -114.93173,
            44.2097
          ],
          [
            -114.93177,
            44.20958
          ],
          [
            -114.93178,
            44.20951
          ],
          [
            -114.93183,
            44.20934
          ],
          [
            -114.93187,
            44.20917
          ],
          [
            -114.93197,
            44.20881
          ],
          [
            -114.93197,
            44.2088
          ],
          [
            -114.93201,
            44.20864
          ],
          [
            -114.9321,
            44.20828
          ],
          [
            -114.93215,
            44.2081
          ],
          [
            -114.9323,
            44.20755
          ],
          [
            -114.93243,
            44.20705
          ],
          [
            -114.93247,
            44.2069
          ],
          [
            -114.93253,
            44.20669
          ],
          [
            -114.93256,
            44.20658
          ],
          [
            -114.93265,
            44.20623
          ],
          [
            -114.93278,
            44.20573
          ],
          [
            -114.9328,
            44.20563
          ],
          [
            -114.93283,
            44.2055
          ],
          [
            -114.93287,
            44.20532
          ],
          [
            -114.93288,
            44.20528
          ],
          [
            -114.9329,
            44.20517
          ],
          [
            -114.93292,
            44.2051
          ],
          [
            -114.93296,
            44.20488
          ],
          [
            -114.93301,
            44.20454
          ],
          [
            -114.93305,
            44.20431
          ],
          [
            -114.93307,
            44.20416
          ],
          [
            -114.93309,
            44.20397
          ],
          [
            -114.9331,
            44.20377
          ],
          [
            -114.93312,
            44.20356
          ],
          [
            -114.93312,
            44.20349
          ],
          [
            -114.93313,
            44.20332
          ],
          [
            -114.93313,
            44.20331
          ],
          [
            -114.93314,
            44.20313
          ],
          [
            -114.93314,
            44.20293
          ],
          [
            -114.93314,
            44.20277
          ],
          [
            -114.93314,
            44.20274
          ],
          [
            -114.93314,
            44.20242
          ],
          [
            -114.93314,
            44.20241
          ],
          [
            -114.93312,
            44.20216
          ],
          [
            -114.9331,
            44.20192
          ],
          [
            -114.9331,
            44.20187
          ],
          [
            -114.93308,
            44.20171
          ],
          [
            -114.93308,
            44.20169
          ],
          [
            -114.93306,
            44.20156
          ],
          [
            -114.93302,
            44.20133
          ],
          [
            -114.933,
            44.20115
          ],
          [
            -114.933,
            44.20114
          ],
          [
            -114.93297,
            44.20098
          ],
          [
            -114.93294,
            44.2008
          ],
          [
            -114.93292,
            44.20064
          ],
          [
            -114.93289,
            44.20048
          ],
          [
            -114.93283,
            44.20016
          ],
          [
            -114.93282,
            44.20008
          ],
          [
            -114.93279,
            44.19992
          ],
          [
            -114.93278,
            44.1999
          ],
          [
            -114.93277,
            44.19979
          ],
          [
            -114.93275,
            44.19968
          ],
          [
            -114.93272,
            44.19949
          ],
          [
            -114.9327,
            44.19923
          ],
          [
            -114.93268,
            44.19903
          ],
          [
            -114.93266,
            44.19884
          ],
          [
            -114.93265,
            44.19848
          ],
          [
            -114.93265,
            44.19825
          ],
          [
            -114.93265,
            44.19809
          ],
          [
            -114.93265,
            44.198
          ],
          [
            -114.93265,
            44.1979
          ],
          [
            -114.93267,
            44.19767
          ],
          [
            -114.93269,
            44.19728
          ],
          [
            -114.93272,
            44.19691
          ],
          [
            -114.93274,
            44.19648
          ],
          [
            -114.93275,
            44.1963
          ],
          [
            -114.93276,
            44.19613
          ],
          [
            -114.93276,
            44.19596
          ],
          [
            -114.93276,
            44.19575
          ],
          [
            -114.93276,
            44.19562
          ],
          [
            -114.93276,
            44.19559
          ],
          [
            -114.93275,
            44.19548
          ],
          [
            -114.93275,
            44.19541
          ],
          [
            -114.93274,
            44.19537
          ],
          [
            -114.93274,
            44.19529
          ],
          [
            -114.93272,
            44.19513
          ],
          [
            -114.93268,
            44.1948
          ],
          [
            -114.93263,
            44.19448
          ],
          [
            -114.93259,
            44.19428
          ],
          [
            -114.93256,
            44.19411
          ],
          [
            -114.93253,
            44.19398
          ],
          [
            -114.9325,
            44.19388
          ],
          [
            -114.9324,
            44.19358
          ],
          [
            -114.93233,
            44.19335
          ],
          [
            -114.93227,
            44.1932
          ],
          [
            -114.9322,
            44.193
          ],
          [
            -114.93212,
            44.19281
          ],
          [
            -114.93199,
            44.19253
          ],
          [
            -114.93173,
            44.19199
          ],
          [
            -114.93166,
            44.19185
          ],
          [
            -114.9315,
            44.19151
          ],
          [
            -114.93144,
            44.19137
          ],
          [
            -114.93121,
            44.19089
          ],
          [
            -114.93118,
            44.19083
          ],
          [
            -114.9311,
            44.19066
          ],
          [
            -114.93105,
            44.19055
          ],
          [
            -114.93102,
            44.19048
          ],
          [
            -114.93066,
            44.18972
          ],
          [
            -114.93044,
            44.18925
          ],
          [
            -114.93042,
            44.18921
          ],
          [
            -114.9304,
            44.18916
          ],
          [
            -114.93038,
            44.18912
          ],
          [
            -114.92982,
            44.18793
          ],
          [
            -114.92979,
            44.18787
          ],
          [
            -114.92974,
            44.18776
          ],
          [
            -114.92965,
            44.18759
          ],
          [
            -114.92949,
            44.18725
          ],
          [
            -114.92948,
            44.18722
          ],
          [
            -114.92933,
            44.18691
          ],
          [
            -114.92877,
            44.18571
          ],
          [
            -114.92856,
            44.18527
          ],
          [
            -114.92791,
            44.18388
          ],
          [
            -114.92757,
            44.18316
          ],
          [
            -114.92736,
            44.18272
          ],
          [
            -114.92696,
            44.18187
          ],
          [
            -114.92677,
            44.18148
          ],
          [
            -114.92652,
            44.18095
          ],
          [
            -114.92643,
            44.18075
          ],
          [
            -114.92629,
            44.18046
          ],
          [
            -114.92608,
            44.18001
          ],
          [
            -114.92589,
            44.17961
          ],
          [
            -114.92568,
            44.17917
          ],
          [
            -114.92543,
            44.17863
          ],
          [
            -114.92535,
            44.17846
          ],
          [
            -114.92519,
            44.17811
          ],
          [
            -114.92511,
            44.17794
          ],
          [
            -114.92504,
            44.17781
          ],
          [
            -114.92439,
            44.17643
          ],
          [
            -114.92433,
            44.1763
          ],
          [
            -114.92429,
            44.17622
          ],
          [
            -114.92421,
            44.17609
          ],
          [
            -114.92415,
            44.17598
          ],
          [
            -114.92414,
            44.17597
          ],
          [
            -114.92408,
            44.17587
          ],
          [
            -114.92401,
            44.17576
          ],
          [
            -114.92393,
            44.17566
          ],
          [
            -114.92381,
            44.1755
          ],
          [
            -114.92366,
            44.17533
          ],
          [
            -114.9235,
            44.17516
          ],
          [
            -114.92333,
            44.17501
          ],
          [
            -114.92318,
            44.17487
          ],
          [
            -114.92305,
            44.17475
          ],
          [
            -114.92283,
            44.17458
          ],
          [
            -114.92274,
            44.17451
          ],
          [
            -114.92259,
            44.1744
          ],
          [
            -114.92243,
            44.1743
          ],
          [
            -114.92222,
            44.17417
          ],
          [
            -114.92203,
            44.17407
          ],
          [
            -114.92188,
            44.17398
          ],
          [
            -114.92161,
            44.17386
          ],
          [
            -114.92138,
            44.17375
          ],
          [
            -114.92108,
            44.17363
          ],
          [
            -114.9208,
            44.17354
          ],
          [
            -114.92058,
            44.17347
          ],
          [
            -114.9203,
            44.17339
          ],
          [
            -114.9201,
            44.17334
          ],
          [
            -114.91986,
            44.17328
          ],
          [
            -114.91964,
            44.17324
          ],
          [
            -114.91944,
            44.17321
          ],
          [
            -114.91941,
            44.1732
          ],
          [
            -114.91917,
            44.17317
          ],
          [
            -114.91916,
            44.17317
          ],
          [
            -114.91912,
            44.17316
          ],
          [
            -114.91892,
            44.17314
          ],
          [
            -114.91888,
            44.17313
          ],
          [
            -114.9187,
            44.17312
          ],
          [
            -114.9185,
            44.17311
          ],
          [
            -114.9183,
            44.1731
          ],
          [
            -114.91817,
            44.1731
          ],
          [
            -114.9181,
            44.17309
          ],
          [
            -114.91792,
            44.17309
          ],
          [
            -114.91764,
            44.17309
          ],
          [
            -114.91717,
            44.1731
          ],
          [
            -114.91692,
            44.17312
          ],
          [
            -114.9167,
            44.17313
          ],
          [
            -114.91599,
            44.17316
          ],
          [
            -114.91503,
            44.1732
          ],
          [
            -114.91446,
            44.17322
          ],
          [
            -114.9141,
            44.17323
          ],
          [
            -114.91374,
            44.17322
          ],
          [
            -114.91366,
            44.17322
          ],
          [
            -114.91338,
            44.17322
          ],
          [
            -114.91292,
            44.1732
          ],
          [
            -114.91259,
            44.17318
          ],
          [
            -114.91229,
            44.17316
          ],
          [
            -114.91191,
            44.17311
          ],
          [
            -114.91163,
            44.17307
          ],
          [
            -114.91138,
            44.17303
          ],
          [
            -114.91109,
            44.17298
          ],
          [
            -114.91069,
            44.1729
          ],
          [
            -114.91059,
            44.17288
          ],
          [
            -114.91018,
            44.17278
          ],
          [
            -114.90987,
            44.1727
          ],
          [
            -114.90966,
            44.17263
          ],
          [
            -114.90944,
            44.17256
          ],
          [
            -114.9092,
            44.17248
          ],
          [
            -114.90903,
            44.17243
          ],
          [
            -114.90882,
            44.17235
          ],
          [
            -114.90872,
            44.17231
          ],
          [
            -114.90854,
            44.17224
          ],
          [
            -114.90837,
            44.17217
          ],
          [
            -114.90816,
            44.17208
          ],
          [
            -114.90799,
            44.17201
          ],
          [
            -114.90792,
            44.17197
          ],
          [
            -114.90768,
            44.17186
          ],
          [
            -114.90749,
            44.17176
          ],
          [
            -114.90727,
            44.17165
          ],
          [
            -114.90702,
            44.17151
          ],
          [
            -114.90664,
            44.1713
          ],
          [
            -114.90635,
            44.17114
          ],
          [
            -114.90595,
            44.17091
          ],
          [
            -114.90546,
            44.17062
          ],
          [
            -114.90492,
            44.1703
          ],
          [
            -114.90487,
            44.17027
          ],
          [
            -114.90467,
            44.17016
          ],
          [
            -114.90455,
            44.1701
          ],
          [
            -114.90447,
            44.17005
          ],
          [
            -114.90433,
            44.16998
          ],
          [
            -114.90426,
            44.16995
          ],
          [
            -114.90406,
            44.16985
          ],
          [
            -114.90387,
            44.16976
          ],
          [
            -114.90385,
            44.16975
          ],
          [
            -114.90363,
            44.16966
          ],
          [
            -114.90358,
            44.16964
          ],
          [
            -114.90341,
            44.16957
          ],
          [
            -114.90323,
            44.16949
          ],
          [
            -114.90295,
            44.16938
          ],
          [
            -114.90275,
            44.16931
          ],
          [
            -114.90266,
            44.16928
          ],
          [
            -114.90237,
            44.16919
          ],
          [
            -114.90216,
            44.16912
          ],
          [
            -114.90186,
            44.16904
          ],
          [
            -114.9016,
            44.16896
          ],
          [
            -114.90123,
            44.16886
          ],
          [
            -114.90088,
            44.16876
          ],
          [
            -114.90044,
            44.16864
          ],
          [
            -114.89996,
            44.16851
          ],
          [
            -114.89957,
            44.16841
          ],
          [
            -114.89896,
            44.16824
          ],
          [
            -114.8989608,
            44.1682382
          ],
          [
            -114.89922,
            44.16792
          ],
          [
            -114.89931,
            44.16781
          ],
          [
            -114.89935,
            44.16777
          ],
          [
            -114.89947,
            44.16761
          ],
          [
            -114.89959,
            44.16746
          ],
          [
            -114.89959,
            44.16745
          ],
          [
            -114.89963,
            44.1674
          ],
          [
            -114.8997,
            44.1673
          ],
          [
            -114.89971,
            44.16729
          ],
          [
            -114.89981,
            44.16713
          ],
          [
            -114.89987,
            44.16702
          ],
          [
            -114.89999,
            44.16679
          ],
          [
            -114.90007,
            44.16663
          ],
          [
            -114.90023,
            44.16633
          ],
          [
            -114.9002298,
            44.1663285
          ],
          [
            -114.90022,
            44.16622
          ],
          [
            -114.90022,
            44.16616
          ],
          [
            -114.90027,
            44.16606
          ],
          [
            -114.9004,
            44.16575
          ],
          [
            -114.90057,
            44.16549
          ],
          [
            -114.90071,
            44.16532
          ],
          [
            -114.90079,
            44.16523
          ],
          [
            -114.90103,
            44.16506
          ],
          [
            -114.90152,
            44.16483
          ],
          [
            -114.90181,
            44.16468
          ],
          [
            -114.902,
            44.16459
          ],
          [
            -114.90205,
            44.16457
          ],
          [
            -114.90226,
            44.16453
          ],
          [
            -114.90243,
            44.16444
          ],
          [
            -114.90245,
            44.16442
          ],
          [
            -114.90248,
            44.16441
          ],
          [
            -114.90288,
            44.16418
          ],
          [
            -114.90323,
            44.16394
          ],
          [
            -114.90336,
            44.16381
          ],
          [
            -114.90343,
            44.16374
          ],
          [
            -114.90355,
            44.16355
          ],
          [
            -114.90363,
            44.16338
          ],
          [
            -114.90364,
            44.16334
          ],
          [
            -114.90372,
            44.16298
          ],
          [
            -114.90377,
            44.16268
          ],
          [
            -114.90383,
            44.1624
          ],
          [
            -114.90385,
            44.16229
          ],
          [
            -114.90395,
            44.16205
          ],
          [
            -114.9041,
            44.16179
          ],
          [
            -114.90416,
            44.16172
          ],
          [
            -114.90451,
            44.16133
          ],
          [
            -114.90465,
            44.16117
          ],
          [
            -114.90475,
            44.16105
          ],
          [
            -114.90504,
            44.16065
          ],
          [
            -114.90511,
            44.16054
          ],
          [
            -114.90522,
            44.16038
          ],
          [
            -114.90527,
            44.16031
          ],
          [
            -114.90546,
            44.16003
          ],
          [
            -114.90552,
            44.15994
          ],
          [
            -114.90555,
            44.15989
          ],
          [
            -114.9056,
            44.15982
          ],
          [
            -114.90567,
            44.15974
          ],
          [
            -114.90572,
            44.15967
          ],
          [
            -114.9058,
            44.15958
          ],
          [
            -114.9059,
            44.15946
          ],
          [
            -114.90607,
            44.1593
          ],
          [
            -114.90609,
            44.15928
          ],
          [
            -114.90629,
            44.15911
          ],
          [
            -114.90642,
            44.159
          ],
          [
            -114.90657,
            44.15889
          ],
          [
            -114.90675,
            44.15875
          ],
          [
            -114.9068,
            44.1587
          ],
          [
            -114.9069,
            44.15863
          ],
          [
            -114.90708,
            44.15848
          ],
          [
            -114.90709,
            44.15847
          ],
          [
            -114.9072,
            44.15834
          ],
          [
            -114.90722,
            44.15831
          ],
          [
            -114.9073,
            44.1582
          ],
          [
            -114.90738,
            44.15807
          ],
          [
            -114.90743,
            44.15799
          ],
          [
            -114.90751,
            44.15785
          ],
          [
            -114.90752,
            44.15783
          ],
          [
            -114.90761,
            44.15768
          ],
          [
            -114.90762,
            44.15766
          ],
          [
            -114.90786,
            44.15725
          ],
          [
            -114.90788,
            44.1572
          ],
          [
            -114.9079,
            44.15718
          ],
          [
            -114.90791,
            44.15716
          ],
          [
            -114.90817,
            44.1567
          ],
          [
            -114.90826,
            44.15651
          ],
          [
            -114.90827,
            44.15649
          ],
          [
            -114.90829,
            44.15643
          ],
          [
            -114.90832,
            44.15637
          ],
          [
            -114.9084,
            44.15614
          ],
          [
            -114.90843,
            44.15607
          ],
          [
            -114.90845,
            44.15601
          ],
          [
            -114.90845,
            44.15599
          ],
          [
            -114.90846,
            44.15597
          ],
          [
            -114.90851,
            44.15581
          ],
          [
            -114.90853,
            44.15576
          ],
          [
            -114.90858,
            44.15562
          ],
          [
            -114.90861,
            44.15551
          ],
          [
            -114.90863,
            44.15546
          ],
          [
            -114.90863,
            44.15545
          ],
          [
            -114.90868,
            44.15531
          ],
          [
            -114.90869,
            44.15529
          ],
          [
            -114.90876,
            44.1551
          ],
          [
            -114.90879,
            44.15504
          ],
          [
            -114.90884,
            44.15495
          ],
          [
            -114.90885,
            44.15492
          ],
          [
            -114.90892,
            44.15482
          ],
          [
            -114.90896,
            44.15477
          ],
          [
            -114.90906,
            44.15466
          ],
          [
            -114.90908,
            44.15463
          ],
          [
            -114.90909,
            44.15462
          ],
          [
            -114.90915,
            44.15457
          ],
          [
            -114.90925,
            44.15448
          ],
          [
            -114.90943,
            44.15436
          ],
          [
            -114.90945,
            44.15434
          ],
          [
            -114.90966,
            44.15423
          ],
          [
            -114.90982,
            44.15415
          ],
          [
            -114.91029,
            44.15398
          ],
          [
            -114.9102902,
            44.1539813
          ],
          [
            -114.91031,
            44.15399
          ],
          [
            -114.91034,
            44.154
          ],
          [
            -114.91037,
            44.15401
          ],
          [
            -114.91039,
            44.15402
          ],
          [
            -114.91042,
            44.15402
          ],
          [
            -114.91045,
            44.15402
          ],
          [
            -114.91048,
            44.15402
          ],
          [
            -114.91051,
            44.15402
          ],
          [
            -114.91054,
            44.15401
          ],
          [
            -114.91056,
            44.15401
          ],
          [
            -114.91059,
            44.154
          ],
          [
            -114.91062,
            44.15399
          ],
          [
            -114.91064,
            44.15398
          ],
          [
            -114.91066,
            44.15397
          ],
          [
            -114.91068,
            44.15395
          ],
          [
            -114.9107,
            44.15394
          ],
          [
            -114.91072,
            44.15392
          ],
          [
            -114.91073,
            44.1539
          ],
          [
            -114.91074,
            44.15388
          ],
          [
            -114.91076,
            44.15386
          ],
          [
            -114.91104,
            44.15367
          ],
          [
            -114.91144,
            44.15351
          ],
          [
            -114.91148,
            44.15349
          ],
          [
            -114.91156,
            44.15346
          ],
          [
            -114.91169,
            44.1534
          ],
          [
            -114.91176,
            44.15337
          ],
          [
            -114.9119,
            44.15329
          ],
          [
            -114.91208,
            44.1532
          ],
          [
            -114.91236,
            44.15302
          ],
          [
            -114.91239,
            44.15299
          ],
          [
            -114.91246,
            44.15294
          ],
          [
            -114.91246,
            44.15293
          ],
          [
            -114.91256,
            44.15285
          ],
          [
            -114.91263,
            44.1528
          ],
          [
            -114.91275,
            44.1527
          ],
          [
            -114.9128,
            44.15266
          ],
          [
            -114.91286,
            44.15261
          ],
          [
            -114.91296,
            44.15253
          ],
          [
            -114.91307,
            44.15244
          ],
          [
            -114.91329,
            44.15226
          ],
          [
            -114.91335,
            44.15221
          ],
          [
            -114.9135,
            44.15208
          ],
          [
            -114.91385,
            44.1518
          ],
          [
            -114.91392,
            44.15174
          ],
          [
            -114.91395,
            44.15172
          ],
          [
            -114.91429,
            44.15144
          ],
          [
            -114.91445,
            44.15132
          ],
          [
            -114.91452,
            44.15127
          ],
          [
            -114.91457,
            44.15125
          ],
          [
            -114.91464,
            44.15121
          ],
          [
            -114.91465,
            44.1512
          ],
          [
            -114.91469,
            44.15118
          ],
          [
            -114.9149,
            44.15109
          ],
          [
            -114.91507,
            44.15104
          ],
          [
            -114.91544,
            44.15095
          ],
          [
            -114.9158,
            44.15087
          ],
          [
            -114.91589,
            44.15085
          ],
          [
            -114.91593,
            44.15084
          ],
          [
            -114.91612,
            44.15079
          ],
          [
            -114.9163,
            44.15074
          ],
          [
            -114.91657,
            44.15063
          ],
          [
            -114.91666,
            44.15058
          ],
          [
            -114.91728,
            44.15024
          ],
          [
            -114.9176,
            44.15004
          ],
          [
            -114.91773,
            44.14994
          ],
          [
            -114.91777,
            44.14991
          ],
          [
            -114.91819,
            44.14935
          ],
          [
            -114.9182,
            44.14932
          ],
          [
            -114.91844,
            44.14878
          ],
          [
            -114.91849,
            44.1486
          ],
          [
            -114.9185,
            44.14848
          ],
          [
            -114.91854,
            44.14799
          ],
          [
            -114.91854,
            44.14776
          ],
          [
            -114.9185411,
            44.1477637
          ],
          [
            -114.91856,
            44.14776
          ],
          [
            -114.91899,
            44.14754
          ],
          [
            -114.91924,
            44.14732
          ],
          [
            -114.91955,
            44.14738
          ],
          [
            -114.9195489,
            44.1473842
          ],
          [
            -114.9195489,
            44.1473842
          ],
          [
            -114.9195489,
            44.1473842
          ]
        ]
      }
    }
  ]
}