{
  "type": "FeatureCollection",
  "features": [
    {
      "type": "Feature",
      "properties": {
        "_gpxType": "trk",
        "name": "Johnston Canyon to Ink Pots",
        "coordinateProperties": {}
      },
      "geometry": {
        "type": "LineString",
        "coordinates": [
          [
            -115.8399,
            51.24572,
            1428.05
          ],
          [
            -115.84015,
            51.24592,
            1433.03
          ],
          [
            -115.84042,
            51.24626,
            1433.44
          ],
          [
            -115.84059,
            51.24633,
            1433.53
          ],
          [
            -115.84069,
            51.24636,
            1432.51
          ],
          [
            -115.84077,
            51.24639,
            1431.42
          ],
          [
            -115.84078,
            51.24639,
            1431.2
          ],
          [
            -115.8408,
            51.24639,
            1430.77
          ],
          [
            -115.84085,
            51.2464,
            1430.53
          ],
          [
            -115.84092,
            51.24642,
            1431.16
          ],
          [
            -115.84102,
            51.24644,
            1431.35
          ],
          [
            -115.84104,
            51.24646,
            1431.95
          ],
          [
            -115.84106,
            51.24648,
            1432.5
          ],
          [
            -115.84108,
            51.24653,
            1434.03
          ],
          [
            -115.84107,
            51.24656,
            1435.24
          ],
          [
            -115.84107,
            51.24669,
            1439.47
          ],
          [
            -115.84106,
            51.24677,
            1441.11
          ],
          [
            -115.84105,
            51.24681,
            1441.95
          ],
          [
            -115.84103,
            51.24684,
            1442.69
          ],
          [
            -115.84098,
            51.24689,
            1443.85
          ],
          [
            -115.84095,
            51.24691,
            1444.27
          ],
          [
            -115.84083,
            51.24697,
            1444.74
          ],
          [
            -115.84072,
            51.24702,
            1445.26
          ],
          [
            -115.84062,
            51.24706,
            1446.44
          ],
          [
            -115.84054,
            51.24708,
            1447.46
          ],
          [
            -115.84041,
            51.24712,
            1447.9
          ],
          [
            -115.84,
            51.24722,
            1443.01
          ],
          [
            -115.83975,
            51.24729,
            1445.53
          ],
          [
            -115.83956,
            51.24737,
            1448.86
          ],
          [
            -115.83943,
            51.24744,
            1450.51
          ],
          [
            -115.83932,
            51.24751,
            1451.82
          ],
          [
            -115.8392,
            51.24761,
            1452.97
          ],
          [
            -115.83906,
            51.24773,
            1452.36
          ],
          [
            -115.83899,
            51.24781,
            1449.62
          ],
          [
            -115.8389,
            51.24792,
            1443.36
          ],
          [
            -115.83882,
            51.248,
            1439.55
          ],
          [
            -115.83879,
            51.24805,
            1437.66
          ],
          [
            -115.83876,
            51.24813,
            1438.73
          ],
          [
            -115.83874,
            51.24821,
            1440.23
          ],
          [
            -115.83874,
            51.24827,
            1441.04
          ],
          [
            -115.83873,
            51.24832,
            1442.1
          ],
          [
            -115.83873,
            51.24838,
            1443.83
          ],
          [
            -115.83872,
            51.24841,
            1445.23
          ],
          [
            -115.83869,
            51.24848,
            1448.86
          ],
          [
            -115.83859,
            51.24867,
            1459.38
          ],
          [
            -115.83847,
            51.24886,
            1466.8
          ],
          [
            -115.83837,
            51.24901,
            1470.41
          ],
          [
            -115.8383,
            51.2491,
            1473.66
          ],
          [
            -115.83826,
            51.24915,
            1476.22
          ],
          [
            -115.83819,
            51.24921,
            1480.09
          ],
          [
            -115.83804,
            51.24932,
            1486.37
          ],
          [
            -115.83801,
            51.24937,
            1487.1
          ],
          [
            -115.83798,
            51.24943,
            1487.89
          ],
          [
            -115.83797,
            51.24947,
            1487.69
          ],
          [
            -115.838,
            51.24969,
            1482.63
          ],
          [
            -115.83801,
            51.24982,
            1474.06
          ],
          [
            -115.83801,
            51.24989,
            1468.64
          ],
          [
            -115.83802,
            51.24993,
            1464.94
          ],
          [
            -115.83801,
            51.24997,
            1462.44
          ],
          [
            -115.83801,
            51.25003,
            1460.23
          ],
          [
            -115.83801,
            51.25013,
            1460.6
          ],
          [
            -115.83796,
            51.2504,
            1461.27
          ],
          [
            -115.83798,
            51.25055,
            1458.87
          ],
          [
            -115.83797,
            51.25066,
            1459.95
          ],
          [
            -115.83796,
            51.25068,
            1460.56
          ],
          [
            -115.83796,
            51.25073,
            1460.86
          ],
          [
            -115.83796,
            51.25077,
            1461.09
          ],
          [
            -115.83795,
            51.25081,
            1461.8
          ],
          [
            -115.83794,
            51.2509,
            1462.01
          ],
          [
            -115.83792,
            51.25101,
            1462.1
          ],
          [
            -115.83791,
            51.25113,
            1461.59
          ],
          [
            -115.8379,
            51.25116,
            1461.73
          ],
          [
            -115.83789,
            51.25142,
            1460.5
          ],
          [
            -115.83788,
            51.25162,
            1459.33
          ],
          [
            -115.83787,
            51.25176,
            1462.37
          ],
          [
            -115.83786,
            51.25182,
            1464.65
          ],
          [
            -115.83784,
            51.25187,
            1466.88
          ],
          [
            -115.83781,
            51.25191,
            1469.04
          ],
          [
            -115.8378,
            51.25196,
            1470.48
          ],
          [
            -115.83779,
            51.25198,
            1470.91
          ],
          [
            -115.83779,
            51.25201,
            1471.13
          ],
          [
            -115.83778,
            51.25203,
            1471.55
          ],
          [
            -115.8378,
            51.2521,
            1471.52
          ],
          [
            -115.83784,
            51.25216,
            1470.93
          ],
          [
            -115.83792,
            51.25222,
            1469.4
          ],
          [
            -115.83795,
            51.25226,
            1469.29
          ],
          [
            -115.838,
            51.25232,
            1469.09
          ],
          [
            -115.83808,
            51.25241,
            1469.18
          ],
          [
            -115.83809,
            51.25247,
            1470.2
          ],
          [
            -115.8381,
            51.25252,
            1472.07
          ],
          [
            -115.8381,
            51.25256,
            1474.85
          ],
          [
            -115.8381,
            51.2526,
            1477.64
          ],
          [
            -115.83812,
            51.25265,
            1481.05
          ],
          [
            -115.83815,
            51.25271,
            1485.2
          ],
          [
            -115.83819,
            51.25275,
            1488
          ],
          [
            -115.83825,
            51.25283,
            1492.31
          ],
          [
            -115.83835,
            51.25293,
            1496.34
          ],
          [
            -115.83835,
            51.25299,
            1498.82
          ],
          [
            -115.83835,
            51.25305,
            1501.29
          ],
          [
            -115.83832,
            51.25309,
            1501.48
          ],
          [
            -115.83832,
            51.25312,
            1500.99
          ],
          [
            -115.83832,
            51.25314,
            1500.66
          ],
          [
            -115.83828,
            51.25318,
            1500.73
          ],
          [
            -115.83822,
            51.25326,
            1501.43
          ],
          [
            -115.83819,
            51.25328,
            1502.23
          ],
          [
            -115.83814,
            51.25332,
            1503.9
          ],
          [
            -115.8381,
            51.25335,
            1505.08
          ],
          [
            -115.83807,
            51.25338,
            1505.62
          ],
          [
            -115.83804,
            51.2534,
            1506.1
          ],
          [
            -115.838,
            51.25343,
            1506.25
          ],
          [
            -115.83793,
            51.25349,
            1506.13
          ],
          [
            -115.83783,
            51.25359,
            1505
          ],
          [
            -115.83783,
            51.25366,
            1504.81
          ],
          [
            -115.83783,
            51.25369,
            1505.04
          ],
          [
            -115.83783,
            51.25371,
            1505.19
          ],
          [
            -115.83785,
            51.25378,
            1505.07
          ],
          [
            -115.83785,
            51.25379,
            1505.12
          ],
          [
            -115.83788,
            51.25388,
            1504.21
          ],
          [
            -115.83789,
            51.25396,
            1503.09
          ],
          [
            -115.83792,
            51.25401,
            1501.75
          ],
          [
            -115.83792,
            51.25406,
            1501.5
          ],
          [
            -115.83794,
            51.2541,
            1500.97
          ],
          [
            -115.83792,
            51.25415,
            1501.06
          ],
          [
            -115.83791,
            51.2542,
            1499.68
          ],
          [
            -115.8379,
            51.25422,
            1498.95
          ],
          [
            -115.83789,
            51.25423,
            1498.64
          ],
          [
            -115.83787,
            51.25424,
            1498.43
          ],
          [
            -115.83784,
            51.25426,
            1497.97
          ],
          [
            -115.83781,
            51.25428,
            1497.55
          ],
          [
            -115.83771,
            51.25432,
            1497.46
          ],
          [
            -115.83759,
            51.25436,
            1497.74
          ],
          [
            -115.83751,
            51.25438,
            1498.18
          ],
          [
            -115.83746,
            51.2544,
            1498.3
          ],
          [
            -115.83744,
            51.25441,
            1498.29
          ],
          [
            -115.83742,
            51.25444,
            1497.6
          ],
          [
            -115.8374,
            51.25451,
            1495.2
          ],
          [
            -115.83742,
            51.25463,
            1490.09
          ],
          [
            -115.83743,
            51.25464,
            1489.52
          ],
          [
            -115.83745,
            51.25464,
            1489.16
          ],
          [
            -115.83748,
            51.25461,
            1489.8
          ],
          [
            -115.8375,
            51.25456,
            1491.42
          ],
          [
            -115.83751,
            51.25454,
            1492.1
          ],
          [
            -115.83752,
            51.25454,
            1491.98
          ],
          [
            -115.83755,
            51.25463,
            1488.17
          ],
          [
            -115.83756,
            51.25468,
            1486.17
          ],
          [
            -115.83756,
            51.25472,
            1484.65
          ],
          [
            -115.83756,
            51.25476,
            1485.23
          ],
          [
            -115.83756,
            51.25483,
            1486.46
          ],
          [
            -115.83756,
            51.25493,
            1488.21
          ],
          [
            -115.83751,
            51.25503,
            1490.26
          ],
          [
            -115.83749,
            51.25505,
            1491.08
          ],
          [
            -115.83747,
            51.25506,
            1491.65
          ],
          [
            -115.83746,
            51.25507,
            1492.13
          ],
          [
            -115.83744,
            51.2552,
            1497.26
          ],
          [
            -115.83744,
            51.25525,
            1499.16
          ],
          [
            -115.83742,
            51.25529,
            1500.38
          ],
          [
            -115.83738,
            51.25533,
            1500.81
          ],
          [
            -115.83732,
            51.25542,
            1501.67
          ],
          [
            -115.83725,
            51.25548,
            1502.36
          ],
          [
            -115.83719,
            51.25553,
            1502.99
          ],
          [
            -115.83715,
            51.25555,
            1503.25
          ],
          [
            -115.83711,
            51.25558,
            1503.03
          ],
          [
            -115.83704,
            51.25563,
            1502.32
          ],
          [
            -115.83689,
            51.2557,
            1501.19
          ],
          [
            -115.83682,
            51.25573,
            1501.08
          ],
          [
            -115.83669,
            51.25577,
            1501.49
          ],
          [
            -115.83657,
            51.25581,
            1503.34
          ],
          [
            -115.83645,
            51.25586,
            1505.58
          ],
          [
            -115.83625,
            51.25591,
            1511.59
          ],
          [
            -115.83615,
            51.25595,
            1514.82
          ],
          [
            -115.83612,
            51.25598,
            1515.64
          ],
          [
            -115.8361,
            51.25601,
            1516.22
          ],
          [
            -115.83611,
            51.25604,
            1515.56
          ],
          [
            -115.83612,
            51.25607,
            1515
          ],
          [
            -115.83613,
            51.25609,
            1514.53
          ],
          [
            -115.83613,
            51.25611,
            1514.4
          ],
          [
            -115.83614,
            51.25618,
            1513.84
          ],
          [
            -115.83616,
            51.25627,
            1512.94
          ],
          [
            -115.83617,
            51.25634,
            1512.44
          ],
          [
            -115.83614,
            51.25647,
            1511.62
          ],
          [
            -115.83616,
            51.2565,
            1510.38
          ],
          [
            -115.8362,
            51.25654,
            1508.2
          ],
          [
            -115.83626,
            51.2566,
            1504.69
          ],
          [
            -115.83632,
            51.25663,
            1501.69
          ],
          [
            -115.83642,
            51.25667,
            1497.82
          ],
          [
            -115.83647,
            51.25668,
            1497.58
          ],
          [
            -115.83658,
            51.25673,
            1497.22
          ],
          [
            -115.83671,
            51.25682,
            1497.56
          ],
          [
            -115.83672,
            51.25682,
            1497.66
          ],
          [
            -115.83683,
            51.2569,
            1499.04
          ],
          [
            -115.83705,
            51.25702,
            1504.75
          ],
          [
            -115.83708,
            51.25705,
            1506.26
          ],
          [
            -115.83712,
            51.25714,
            1509.83
          ],
          [
            -115.83713,
            51.25719,
            1511.59
          ],
          [
            -115.83716,
            51.25723,
            1512.95
          ],
          [
            -115.83719,
            51.25725,
            1513.54
          ],
          [
            -115.83727,
            51.25729,
            1515.18
          ],
          [
            -115.83743,
            51.25733,
            1517.67
          ],
          [
            -115.8375,
            51.25736,
            1518.98
          ],
          [
            -115.83755,
            51.2574,
            1520.02
          ],
          [
            -115.83758,
            51.25745,
            1521.21
          ],
          [
            -115.8376,
            51.25748,
            1521.93
          ],
          [
            -115.8376,
            51.25748,
            1521.93
          ],
          [
            -115.8376,
            51.25749,
            1522.14
          ],
          [
            -115.83761,
            51.25751,
            1522.61
          ],
          [
            -115.83761,
            51.25752,
            1522.81
          ],
          [
            -115.83764,
            51.25758,
            1524.08
          ],
          [
            -115.83767,
            51.25765,
            1525.4
          ],
          [
            -115.83763,
            51.25777,
            1527.91
          ],
          [
            -115.83764,
            51.25779,
            1528.23
          ],
          [
            -115.83762,
            51.25787,
            1529.98
          ],
          [
            -115.83761,
            51.2579,
            1530.67
          ],
          [
            -115.8376,
            51.25792,
            1531.17
          ],
          [
            -115.83759,
            51.25794,
            1531.67
          ],
          [
            -115.83756,
            51.25797,
            1532.57
          ],
          [
            -115.8375,
            51.25802,
            1534.23
          ],
          [
            -115.83737,
            51.25811,
            1532.79
          ],
          [
            -115.83722,
            51.25816,
            1531.31
          ],
          [
            -115.83711,
            51.2582,
            1534.9
          ],
          [
            -115.83706,
            51.25822,
            1537.06
          ],
          [
            -115.837,
            51.25824,
            1539.98
          ],
          [
            -115.83691,
            51.25827,
            1544.17
          ],
          [
            -115.83673,
            51.25835,
            1549.41
          ],
          [
            -115.83659,
            51.25839,
            1548.11
          ],
          [
            -115.8364,
            51.25846,
            1544.66
          ],
          [
            -115.83633,
            51.25851,
            1544.38
          ],
          [
            -115.83625,
            51.25865,
            1542.17
          ],
          [
            -115.83622,
            51.25868,
            1541.01
          ],
          [
            -115.83616,
            51.25874,
            1538.62
          ],
          [
            -115.8361,
            51.25878,
            1536.76
          ],
          [
            -115.83603,
            51.25884,
            1533.59
          ],
          [
            -115.83594,
            51.25892,
            1529.95
          ],
          [
            -115.83584,
            51.25902,
            1526.29
          ],
          [
            -115.83574,
            51.25915,
            1522.33
          ],
          [
            -115.83562,
            51.25927,
            1522.16
          ],
          [
            -115.83556,
            51.25931,
            1521.63
          ],
          [
            -115.8355,
            51.25933,
            1520.41
          ],
          [
            -115.83539,
            51.25937,
            1517.91
          ],
          [
            -115.83529,
            51.2594,
            1515.33
          ],
          [
            -115.8352,
            51.25943,
            1513.57
          ],
          [
            -115.83513,
            51.25945,
            1512.47
          ],
          [
            -115.83509,
            51.25945,
            1511.75
          ],
          [
            -115.83504,
            51.25946,
            1511.1
          ],
          [
            -115.83492,
            51.25946,
            1509.39
          ],
          [
            -115.83488,
            51.25945,
            1508.49
          ],
          [
            -115.83476,
            51.25942,
            1506.29
          ],
          [
            -115.8347,
            51.25941,
            1505.42
          ],
          [
            -115.83467,
            51.2594,
            1505.05
          ],
          [
            -115.83455,
            51.2594,
            1503.96
          ],
          [
            -115.8345,
            51.25941,
            1503.53
          ],
          [
            -115.83445,
            51.25944,
            1503.06
          ],
          [
            -115.83444,
            51.25945,
            1503.46
          ],
          [
            -115.83443,
            51.2595,
            1507.04
          ],
          [
            -115.83442,
            51.2596,
            1513.98
          ],
          [
            -115.83441,
            51.25963,
            1516.15
          ],
          [
            -115.83437,
            51.25968,
            1520
          ],
          [
            -115.83433,
            51.25975,
            1523.71
          ],
          [
            -115.83432,
            51.25981,
            1524.93
          ],
          [
            -115.83435,
            51.25987,
            1525.18
          ],
          [
            -115.83439,
            51.25993,
            1524.66
          ],
          [
            -115.83442,
            51.25999,
            1523.99
          ],
          [
            -115.83442,
            51.26002,
            1524.41
          ],
          [
            -115.83441,
            51.26004,
            1525.14
          ],
          [
            -115.83436,
            51.26009,
            1527.41
          ],
          [
            -115.83432,
            51.26011,
            1528.62
          ],
          [
            -115.83428,
            51.26012,
            1529.63
          ],
          [
            -115.83418,
            51.26014,
            1531.69
          ],
          [
            -115.83409,
            51.26016,
            1531.2
          ],
          [
            -115.83402,
            51.26019,
            1530.81
          ],
          [
            -115.83395,
            51.26022,
            1530.97
          ],
          [
            -115.83379,
            51.26031,
            1531.16
          ],
          [
            -115.83364,
            51.26039,
            1530.44
          ],
          [
            -115.83351,
            51.26046,
            1530.31
          ],
          [
            -115.83346,
            51.26049,
            1530.32
          ],
          [
            -115.83342,
            51.26051,
            1530.23
          ],
          [
            -115.83338,
            51.26051,
            1529.82
          ],
          [
            -115.83332,
            51.26051,
            1529.28
          ],
          [
            -115.83325,
            51.26048,
            1528.45
          ],
          [
            -115.8332,
            51.26045,
            1527.64
          ],
          [
            -115.83312,
            51.26039,
            1525.93
          ],
          [
            -115.83309,
            51.26035,
            1524.87
          ],
          [
            -115.83308,
            51.26031,
            1523.94
          ],
          [
            -115.83301,
            51.26028,
            1523.05
          ],
          [
            -115.8329,
            51.26024,
            1523.06
          ],
          [
            -115.83272,
            51.26016,
            1523.83
          ],
          [
            -115.83266,
            51.26014,
            1524.7
          ],
          [
            -115.83257,
            51.26013,
            1525.99
          ],
          [
            -115.83253,
            51.26012,
            1526.57
          ],
          [
            -115.83247,
            51.26012,
            1526.87
          ],
          [
            -115.83241,
            51.26011,
            1526.68
          ],
          [
            -115.83237,
            51.26011,
            1526.54
          ],
          [
            -115.83229,
            51.26011,
            1526.26
          ],
          [
            -115.83216,
            51.2601,
            1527.53
          ],
          [
            -115.83208,
            51.26006,
            1530.17
          ],
          [
            -115.83198,
            51.26001,
            1533.83
          ],
          [
            -115.83193,
            51.26,
            1534.9
          ],
          [
            -115.83183,
            51.26,
            1534.18
          ],
          [
            -115.83177,
            51.26001,
            1533.57
          ],
          [
            -115.83168,
            51.26001,
            1532.98
          ],
          [
            -115.83164,
            51.26002,
            1532.79
          ],
          [
            -115.8316,
            51.26003,
            1532.7
          ],
          [
            -115.83157,
            51.26004,
            1532.62
          ],
          [
            -115.83153,
            51.26008,
            1532.28
          ],
          [
            -115.83151,
            51.26013,
            1531.86
          ],
          [
            -115.83152,
            51.26021,
            1531.13
          ],
          [
            -115.83156,
            51.26028,
            1530.4
          ],
          [
            -115.83156,
            51.26033,
            1530.69
          ],
          [
            -115.83155,
            51.26037,
            1530.94
          ],
          [
            -115.83153,
            51.26041,
            1531.21
          ],
          [
            -115.83147,
            51.26047,
            1531.6
          ],
          [
            -115.8314,
            51.26053,
            1531.9
          ],
          [
            -115.83128,
            51.26058,
            1532.79
          ],
          [
            -115.83118,
            51.26061,
            1532.98
          ],
          [
            -115.8311,
            51.26064,
            1532.47
          ],
          [
            -115.83107,
            51.26066,
            1531.7
          ],
          [
            -115.83104,
            51.26066,
            1531.48
          ],
          [
            -115.83102,
            51.26068,
            1530.95
          ],
          [
            -115.83103,
            51.26069,
            1530.8
          ],
          [
            -115.83105,
            51.2607,
            1530.66
          ],
          [
            -115.83111,
            51.2607,
            1530.84
          ],
          [
            -115.83113,
            51.26072,
            1530.3
          ],
          [
            -115.8312,
            51.26075,
            1529.78
          ],
          [
            -115.83124,
            51.26078,
            1529.39
          ],
          [
            -115.83132,
            51.26082,
            1529.42
          ],
          [
            -115.83146,
            51.26087,
            1533.9
          ],
          [
            -115.83156,
            51.2609,
            1538.14
          ],
          [
            -115.8316,
            51.26093,
            1539.99
          ],
          [
            -115.83162,
            51.26095,
            1540.91
          ],
          [
            -115.83163,
            51.26097,
            1541.48
          ],
          [
            -115.83162,
            51.26098,
            1541.36
          ],
          [
            -115.83157,
            51.261,
            1540.43
          ],
          [
            -115.83148,
            51.261,
            1538.23
          ],
          [
            -115.8314,
            51.26101,
            1536.62
          ],
          [
            -115.83134,
            51.26103,
            1536.43
          ],
          [
            -115.83128,
            51.26106,
            1536.66
          ],
          [
            -115.83104,
            51.2612,
            1538.48
          ],
          [
            -115.83097,
            51.26124,
            1540.15
          ],
          [
            -115.83092,
            51.26126,
            1541.28
          ],
          [
            -115.83086,
            51.26132,
            1544.44
          ],
          [
            -115.83081,
            51.26134,
            1546.94
          ],
          [
            -115.8308,
            51.26136,
            1548.47
          ],
          [
            -115.83078,
            51.26139,
            1551.16
          ],
          [
            -115.83077,
            51.2614,
            1552.54
          ],
          [
            -115.83078,
            51.26143,
            1554.4
          ],
          [
            -115.83082,
            51.26146,
            1554.81
          ],
          [
            -115.8309,
            51.2615,
            1556.11
          ],
          [
            -115.83095,
            51.26153,
            1557.45
          ],
          [
            -115.831,
            51.26155,
            1557.88
          ],
          [
            -115.83105,
            51.26156,
            1557.44
          ],
          [
            -115.83118,
            51.2616,
            1557.76
          ],
          [
            -115.83125,
            51.26162,
            1557.73
          ],
          [
            -115.8314,
            51.26164,
            1555.97
          ],
          [
            -115.83149,
            51.26166,
            1557.81
          ],
          [
            -115.83154,
            51.26167,
            1558.85
          ],
          [
            -115.83157,
            51.26169,
            1560.37
          ],
          [
            -115.83162,
            51.2617,
            1561.28
          ],
          [
            -115.83167,
            51.26175,
            1563.9
          ],
          [
            -115.8317,
            51.26182,
            1567.25
          ],
          [
            -115.83171,
            51.26187,
            1569.7
          ],
          [
            -115.83172,
            51.26195,
            1573.88
          ],
          [
            -115.83173,
            51.262,
            1578.25
          ],
          [
            -115.83175,
            51.26204,
            1581.31
          ],
          [
            -115.83176,
            51.26206,
            1582.66
          ],
          [
            -115.83177,
            51.26208,
            1583.9
          ],
          [
            -115.83178,
            51.2621,
            1585.03
          ],
          [
            -115.83182,
            51.26215,
            1586.58
          ],
          [
            -115.83189,
            51.26223,
            1586.23
          ],
          [
            -115.83194,
            51.26227,
            1584.69
          ],
          [
            -115.83197,
            51.26229,
            1583.93
          ],
          [
            -115.83209,
            51.26232,
            1577.93
          ],
          [
            -115.83216,
            51.26235,
            1574.36
          ],
          [
            -115.83221,
            51.26237,
            1571.49
          ],
          [
            -115.83226,
            51.26238,
            1570.9
          ],
          [
            -115.83234,
            51.26235,
            1570.53
          ],
          [
            -115.83242,
            51.26235,
            1570.68
          ],
          [
            -115.8326,
            51.26238,
            1571.47
          ],
          [
            -115.83267,
            51.26238,
            1571.6
          ],
          [
            -115.83278,
            51.26236,
            1571.03
          ],
          [
            -115.83284,
            51.26233,
            1571.95
          ],
          [
            -115.83288,
            51.2623,
            1572.2
          ],
          [
            -115.83291,
            51.26226,
            1571.74
          ],
          [
            -115.83294,
            51.26222,
            1571.42
          ],
          [
            -115.83299,
            51.26216,
            1572.93
          ],
          [
            -115.8331,
            51.26206,
            1574.12
          ],
          [
            -115.8332,
            51.262,
            1574.05
          ],
          [
            -115.83322,
            51.262,
            1574.22
          ],
          [
            -115.83328,
            51.26199,
            1574.54
          ],
          [
            -115.8333,
            51.262,
            1574.91
          ],
          [
            -115.83334,
            51.262,
            1575.2
          ],
          [
            -115.83336,
            51.262,
            1575.2
          ],
          [
            -115.83351,
            51.26205,
            1576.28
          ],
          [
            -115.83355,
            51.26207,
            1576.71
          ],
          [
            -115.83377,
            51.26215,
            1579.16
          ],
          [
            -115.83393,
            51.2622,
            1581.46
          ],
          [
            -115.83404,
            51.26224,
            1585.1
          ],
          [
            -115.83411,
            51.26227,
            1587.64
          ],
          [
            -115.83423,
            51.2623,
            1589.2
          ],
          [
            -115.83444,
            51.26234,
            1588.73
          ],
          [
            -115.83455,
            51.26236,
            1586.72
          ],
          [
            -115.83464,
            51.26238,
            1584.57
          ],
          [
            -115.83469,
            51.26241,
            1582.84
          ],
          [
            -115.83474,
            51.26245,
            1581.1
          ],
          [
            -115.83486,
            51.26262,
            1585.04
          ],
          [
            -115.83488,
            51.26264,
            1585.69
          ],
          [
            -115.83495,
            51.26269,
            1586.91
          ],
          [
            -115.83499,
            51.26271,
            1587.15
          ],
          [
            -115.83501,
            51.26271,
            1586.98
          ],
          [
            -115.83504,
            51.26269,
            1586.23
          ],
          [
            -115.83508,
            51.26267,
            1585.43
          ],
          [
            -115.83512,
            51.26263,
            1584.11
          ],
          [
            -115.83515,
            51.26259,
            1582.88
          ],
          [
            -115.83519,
            51.26254,
            1581.37
          ],
          [
            -115.83525,
            51.26251,
            1580.36
          ],
          [
            -115.83538,
            51.26245,
            1580.36
          ],
          [
            -115.83549,
            51.2624,
            1580.72
          ],
          [
            -115.8356,
            51.26232,
            1581.51
          ],
          [
            -115.83567,
            51.26226,
            1582.2
          ],
          [
            -115.83572,
            51.26223,
            1582.55
          ],
          [
            -115.83575,
            51.26223,
            1582.66
          ],
          [
            -115.83588,
            51.26224,
            1583.01
          ],
          [
            -115.83597,
            51.26224,
            1583.16
          ],
          [
            -115.83609,
            51.26224,
            1583.35
          ],
          [
            -115.83618,
            51.26223,
            1584.67
          ],
          [
            -115.83626,
            51.26224,
            1586.67
          ],
          [
            -115.83634,
            51.26225,
            1588.71
          ],
          [
            -115.83643,
            51.26228,
            1591.58
          ],
          [
            -115.83649,
            51.26229,
            1593.22
          ],
          [
            -115.83664,
            51.26234,
            1598.2
          ],
          [
            -115.83684,
            51.26237,
            1603.16
          ],
          [
            -115.83691,
            51.26237,
            1604.52
          ],
          [
            -115.83702,
            51.26239,
            1606.6
          ],
          [
            -115.83723,
            51.2624,
            1609.32
          ],
          [
            -115.83741,
            51.2624,
            1610.25
          ],
          [
            -115.83754,
            51.2624,
            1611.2
          ],
          [
            -115.83766,
            51.2624,
            1612.66
          ],
          [
            -115.83776,
            51.2624,
            1613.86
          ],
          [
            -115.83787,
            51.26241,
            1614.19
          ],
          [
            -115.83801,
            51.26241,
            1614.51
          ],
          [
            -115.83806,
            51.26241,
            1614.64
          ],
          [
            -115.83808,
            51.26242,
            1614.53
          ],
          [
            -115.83821,
            51.26242,
            1615
          ],
          [
            -115.83831,
            51.26244,
            1615
          ],
          [
            -115.83839,
            51.26244,
            1615.24
          ],
          [
            -115.83852,
            51.26246,
            1615.3
          ],
          [
            -115.83857,
            51.26246,
            1615.45
          ],
          [
            -115.83873,
            51.26249,
            1615.97
          ],
          [
            -115.83881,
            51.2625,
            1616.43
          ],
          [
            -115.83889,
            51.26251,
            1616.9
          ],
          [
            -115.83897,
            51.26252,
            1617.33
          ],
          [
            -115.83904,
            51.26253,
            1617.65
          ],
          [
            -115.83909,
            51.26254,
            1617.81
          ],
          [
            -115.83915,
            51.26255,
            1618
          ],
          [
            -115.83919,
            51.26255,
            1618.42
          ],
          [
            -115.83925,
            51.26256,
            1619.06
          ],
          [
            -115.83931,
            51.26257,
            1619.67
          ],
          [
            -115.83934,
            51.26259,
            1619.67
          ],
          [
            -115.83938,
            51.26261,
            1619.79
          ],
          [
            -115.83939,
            51.26262,
            1619.71
          ],
          [
            -115.8394,
            51.26265,
            1619.21
          ],
          [
            -115.83938,
            51.26268,
            1618.33
          ],
          [
            -115.83934,
            51.26275,
            1616.43
          ],
          [
            -115.83931,
            51.26277,
            1615.7
          ],
          [
            -115.83925,
            51.26287,
            1615.13
          ],
          [
            -115.83909,
            51.26298,
            1614.93
          ],
          [
            -115.83897,
            51.26302,
            1615.49
          ],
          [
            -115.83888,
            51.26302,
            1615.74
          ],
          [
            -115.83881,
            51.26302,
            1615.71
          ],
          [
            -115.83875,
            51.26303,
            1615.77
          ],
          [
            -115.83869,
            51.26303,
            1615.75
          ],
          [
            -115.83861,
            51.26304,
            1615.85
          ],
          [
            -115.83845,
            51.26305,
            1619.36
          ],
          [
            -115.83836,
            51.26305,
            1621.27
          ],
          [
            -115.83827,
            51.26307,
            1622.96
          ],
          [
            -115.83805,
            51.26307,
            1626.07
          ],
          [
            -115.838,
            51.26309,
            1626.37
          ],
          [
            -115.83794,
            51.26311,
            1626.78
          ],
          [
            -115.83787,
            51.26316,
            1627.55
          ],
          [
            -115.83782,
            51.26322,
            1628.44
          ],
          [
            -115.83776,
            51.26332,
            1629.86
          ],
          [
            -115.8377,
            51.26341,
            1628.45
          ],
          [
            -115.83767,
            51.26347,
            1627.51
          ],
          [
            -115.83766,
            51.26351,
            1626.9
          ],
          [
            -115.83766,
            51.26355,
            1626.19
          ],
          [
            -115.8377,
            51.2636,
            1624.62
          ],
          [
            -115.83779,
            51.26369,
            1625.59
          ],
          [
            -115.83786,
            51.26374,
            1627.33
          ],
          [
            -115.83789,
            51.26376,
            1628.01
          ],
          [
            -115.83799,
            51.26382,
            1629.96
          ],
          [
            -115.8381,
            51.26391,
            1631.72
          ],
          [
            -115.83814,
            51.26394,
            1631.8
          ],
          [
            -115.83824,
            51.26401,
            1632.54
          ],
          [
            -115.83834,
            51.26409,
            1634.39
          ],
          [
            -115.83841,
            51.26415,
            1634.85
          ],
          [
            -115.83844,
            51.26419,
            1635.59
          ],
          [
            -115.83845,
            51.26425,
            1637.76
          ],
          [
            -115.83846,
            51.26432,
            1640.44
          ],
          [
            -115.83843,
            51.26444,
            1645.18
          ],
          [
            -115.83839,
            51.26453,
            1648.35
          ],
          [
            -115.83832,
            51.26465,
            1652.35
          ],
          [
            -115.83827,
            51.26471,
            1654.33
          ],
          [
            -115.83824,
            51.26479,
            1656.78
          ],
          [
            -115.83825,
            51.26485,
            1658.7
          ],
          [
            -115.83831,
            51.26491,
            1660.94
          ],
          [
            -115.83838,
            51.26495,
            1662.03
          ],
          [
            -115.83844,
            51.26498,
            1662.34
          ],
          [
            -115.83849,
            51.265,
            1662.31
          ],
          [
            -115.83853,
            51.26502,
            1662.03
          ],
          [
            -115.83858,
            51.26505,
            1661.82
          ],
          [
            -115.83866,
            51.26508,
            1660.98
          ],
          [
            -115.83874,
            51.2651,
            1659.76
          ],
          [
            -115.83881,
            51.2651,
            1658.5
          ],
          [
            -115.83899,
            51.26513,
            1657.26
          ],
          [
            -115.83924,
            51.26519,
            1656.83
          ],
          [
            -115.83932,
            51.26523,
            1656.81
          ],
          [
            -115.83933,
            51.26525,
            1656.88
          ],
          [
            -115.83932,
            51.26526,
            1656.93
          ],
          [
            -115.83924,
            51.26531,
            1657.49
          ],
          [
            -115.83917,
            51.26533,
            1657.75
          ],
          [
            -115.83908,
            51.26537,
            1659.06
          ],
          [
            -115.83902,
            51.2654,
            1660.05
          ],
          [
            -115.83896,
            51.26542,
            1660.92
          ],
          [
            -115.83889,
            51.26544,
            1661.91
          ],
          [
            -115.8388,
            51.26547,
            1663.62
          ],
          [
            -115.83851,
            51.26552,
            1667.25
          ],
          [
            -115.83834,
            51.26556,
            1668.94
          ],
          [
            -115.83829,
            51.26557,
            1668.84
          ],
          [
            -115.83822,
            51.26559,
            1668.77
          ],
          [
            -115.83814,
            51.26562,
            1669.04
          ],
          [
            -115.83791,
            51.2657,
            1673.72
          ],
          [
            -115.83775,
            51.26575,
            1677.79
          ],
          [
            -115.83755,
            51.26582,
            1684.96
          ],
          [
            -115.83738,
            51.26588,
            1686.91
          ],
          [
            -115.83715,
            51.26595,
            1687.38
          ],
          [
            -115.83705,
            51.26598,
            1687.6
          ],
          [
            -115.83691,
            51.26601,
            1688.25
          ],
          [
            -115.83685,
            51.26602,
            1688.68
          ],
          [
            -115.83673,
            51.26605,
            1689.54
          ],
          [
            -115.83654,
            51.26612,
            1690.62
          ],
          [
            -115.83642,
            51.26617,
            1691.78
          ],
          [
            -115.83637,
            51.26619,
            1692.03
          ],
          [
            -115.83632,
            51.26622,
            1692.31
          ],
          [
            -115.83626,
            51.26626,
            1693
          ],
          [
            -115.83618,
            51.26632,
            1694.58
          ],
          [
            -115.83613,
            51.26638,
            1696.59
          ],
          [
            -115.83609,
            51.26641,
            1698.04
          ],
          [
            -115.83605,
            51.26646,
            1700.03
          ],
          [
            -115.83594,
            51.2666,
            1704.47
          ],
          [
            -115.83587,
            51.26671,
            1706.73
          ],
          [
            -115.83583,
            51.2668,
            1707.97
          ],
          [
            -115.83579,
            51.26689,
            1709.05
          ],
          [
            -115.83574,
            51.26704,
            1710.92
          ],
          [
            -115.83571,
            51.26716,
            1711.98
          ],
          [
            -115.83567,
            51.26729,
            1711.75
          ],
          [
            -115.83567,
            51.26736,
            1710.69
          ],
          [
            -115.83567,
            51.26741,
            1709.94
          ],
          [
            -115.83566,
            51.26744,
            1709.54
          ],
          [
            -115.83563,
            51.2675,
            1708.73
          ],
          [
            -115.83553,
            51.26757,
            1708.84
          ],
          [
            -115.83547,
            51.26766,
            1708.16
          ],
          [
            -115.83539,
            51.26772,
            1706.99
          ],
          [
            -115.83533,
            51.26777,
            1705.82
          ],
          [
            -115.83527,
            51.26782,
            1705.34
          ],
          [
            -115.83522,
            51.26787,
            1705.3
          ],
          [
            -115.83516,
            51.26795,
            1706.05
          ],
          [
            -115.8351,
            51.26801,
            1706.98
          ],
          [
            -115.8349,
            51.26814,
            1706.91
          ],
          [
            -115.83485,
            51.26819,
            1706.68
          ],
          [
            -115.83482,
            51.26823,
            1706.79
          ],
          [
            -115.83482,
            51.26825,
            1707.17
          ],
          [
            -115.8348,
            51.26829,
            1707.55
          ],
          [
            -115.8348,
            51.26831,
            1707.94
          ],
          [
            -115.83478,
            51.26836,
            1709.1
          ],
          [
            -115.83474,
            51.26842,
            1710.75
          ],
          [
            -115.83469,
            51.26845,
            1711.45
          ],
          [
            -115.83461,
            51.26845,
            1711.02
          ],
          [
            -115.83455,
            51.26846,
            1711.23
          ],
          [
            -115.83449,
            51.26846,
            1710.96
          ],
          [
            -115.83445,
            51.26847,
            1711.38
          ],
          [
            -115.83439,
            51.26849,
            1711.29
          ],
          [
            -115.83426,
            51.26855,
            1710.42
          ],
          [
            -115.83419,
            51.26859,
            1709.33
          ],
          [
            -115.83411,
            51.26865,
            1708.14
          ],
          [
            -115.83397,
            51.26879,
            1707.14
          ],
          [
            -115.83395,
            51.26883,
            1707.5
          ],
          [
            -115.83392,
            51.26886,
            1707.28
          ],
          [
            -115.83383,
            51.26891,
            1704.6
          ],
          [
            -115.83376,
            51.26895,
            1702.15
          ],
          [
            -115.83371,
            51.26899,
            1700.79
          ],
          [
            -115.83365,
            51.26906,
            1699.87
          ],
          [
            -115.83361,
            51.26912,
            1699.8
          ],
          [
            -115.83358,
            51.26916,
            1700.17
          ],
          [
            -115.83354,
            51.26919,
            1700.51
          ],
          [
            -115.83349,
            51.26922,
            1700.71
          ],
          [
            -115.83339,
            51.26926,
            1700.06
          ],
          [
            -115.83333,
            51.26928,
            1699.49
          ],
          [
            -115.83316,
            51.26931,
            1700.33
          ],
          [
            -115.83307,
            51.26932,
            1700.45
          ],
          [
            -115.833,
            51.26932,
            1699.46
          ],
          [
            -115.833,
            51.26933,
            1699.77
          ],
          [
            -115.83299,
            51.26935,
            1700.25
          ],
          [
            -115.83299,
            51.26938,
            1701.22
          ],
          [
            -115.83296,
            51.26949,
            1705.37
          ],
          [
            -115.83294,
            51.26953,
            1707.17
          ],
          [
            -115.83289,
            51.26957,
            1708.37
          ],
          [
            -115.83283,
            51.2696,
            1708.71
          ],
          [
            -115.83273,
            51.26961,
            1707.05
          ],
          [
            -115.83264,
            51.2696,
            1704.62
          ],
          [
            -115.83255,
            51.26959,
            1702.29
          ],
          [
            -115.83248,
            51.26959,
            1700.9
          ],
          [
            -115.83239,
            51.26958,
            1699.33
          ],
          [
            -115.83236,
            51.26959,
            1699.15
          ],
          [
            -115.83228,
            51.26962,
            1698.68
          ],
          [
            -115.83221,
            51.26968,
            1698.82
          ],
          [
            -115.83219,
            51.26969,
            1698.59
          ],
          [
            -115.83215,
            51.26971,
            1698.16
          ],
          [
            -115.83207,
            51.26975,
            1697.94
          ],
          [
            -115.83205,
            51.26976,
            1697.82
          ],
          [
            -115.83204,
            51.26978,
            1698.31
          ],
          [
            -115.83204,
            51.26982,
            1699.87
          ],
          [
            -115.83203,
            51.26988,
            1701.71
          ],
          [
            -115.832,
            51.26992,
            1701.47
          ],
          [
            -115.83198,
            51.26995,
            1701.16
          ],
          [
            -115.83189,
            51.27001,
            1698.52
          ],
          [
            -115.83184,
            51.27003,
            1697.54
          ],
          [
            -115.83176,
            51.27005,
            1695.1
          ],
          [
            -115.83174,
            51.27005,
            1694.28
          ],
          [
            -115.83167,
            51.27007,
            1691.91
          ],
          [
            -115.83164,
            51.27009,
            1691.57
          ],
          [
            -115.83161,
            51.27011,
            1691.19
          ],
          [
            -115.83159,
            51.27014,
            1691.17
          ],
          [
            -115.83155,
            51.27019,
            1690.68
          ],
          [
            -115.8315,
            51.27026,
            1689.62
          ],
          [
            -115.83143,
            51.27034,
            1687.19
          ],
          [
            -115.83134,
            51.27042,
            1684.17
          ],
          [
            -115.83129,
            51.27048,
            1682.64
          ],
          [
            -115.83119,
            51.27055,
            1679.1
          ],
          [
            -115.83107,
            51.27061,
            1677.1
          ],
          [
            -115.83093,
            51.27068,
            1676.86
          ],
          [
            -115.83083,
            51.27074,
            1677.23
          ],
          [
            -115.83076,
            51.27078,
            1677.14
          ],
          [
            -115.83071,
            51.27082,
            1677.41
          ],
          [
            -115.83066,
            51.27085,
            1677.45
          ],
          [
            -115.83059,
            51.2709,
            1678.2
          ],
          [
            -115.83046,
            51.27097,
            1677.97
          ],
          [
            -115.83028,
            51.27107,
            1677.15
          ],
          [
            -115.83023,
            51.27109,
            1676.48
          ],
          [
            -115.83019,
            51.2711,
            1675.65
          ],
          [
            -115.83016,
            51.27112,
            1675.42
          ],
          [
            -115.83008,
            51.27116,
            1674.02
          ],
          [
            -115.82997,
            51.27124,
            1673.48
          ],
          [
            -115.82985,
            51.27136,
            1674.34
          ],
          [
            -115.82978,
            51.27144,
            1675.27
          ],
          [
            -115.82975,
            51.27149,
            1676.12
          ],
          [
            -115.82973,
            51.27153,
            1676.82
          ],
          [
            -115.82969,
            51.27158,
            1677.58
          ],
          [
            -115.82964,
            51.27168,
            1680.37
          ],
          [
            -115.82959,
            51.27177,
            1683.05
          ],
          [
            -115.82948,
            51.2719,
            1684.77
          ],
          [
            -115.82934,
            51.27212,
            1687.77
          ],
          [
            -115.82929,
            51.2722,
            1689.55
          ],
          [
            -115.82924,
            51.27223,
            1688.99
          ],
          [
            -115.82921,
            51.27226,
            1689.8
          ],
          [
            -115.82919,
            51.27228,
            1690.39
          ],
          [
            -115.82916,
            51.27231,
            1691.2
          ],
          [
            -115.82912,
            51.27236,
            1692.23
          ],
          [
            -115.82905,
            51.27243,
            1692.31
          ],
          [
            -115.82895,
            51.27258,
            1696.05
          ],
          [
            -115.82891,
            51.27265,
            1698.89
          ],
          [
            -115.82882,
            51.27285,
            1707.02
          ],
          [
            -115.82879,
            51.27294,
            1710.8
          ],
          [
            -115.8288,
            51.27298,
            1713.98
          ],
          [
            -115.82883,
            51.27305,
            1719.91
          ],
          [
            -115.82885,
            51.27311,
            1720.82
          ],
          [
            -115.82884,
            51.27317,
            1719.96
          ],
          [
            -115.82882,
            51.27322,
            1718.74
          ],
          [
            -115.82879,
            51.27328,
            1717.04
          ],
          [
            -115.82872,
            51.27336,
            1713.46
          ],
          [
            -115.82854,
            51.27354,
            1705
          ],
          [
            -115.82851,
            51.27357,
            1703.19
          ],
          [
            -115.82843,
            51.27374,
            1701.21
          ],
          [
            -115.82836,
            51.27387,
            1704.81
          ],
          [
            -115.8283,
            51.27401,
            1703.01
          ],
          [
            -115.82824,
            51.27415,
            1700.85
          ],
          [
            -115.82816,
            51.27434,
            1700.86
          ],
          [
            -115.82805,
            51.27458,
            1693.08
          ],
          [
            -115.82798,
            51.27474,
            1687.52
          ],
          [
            -115.82794,
            51.27484,
            1685.75
          ],
          [
            -115.82792,
            51.27488,
            1684.73
          ],
          [
            -115.82788,
            51.27492,
            1683.06
          ],
          [
            -115.82786,
            51.27495,
            1681.86
          ],
          [
            -115.82782,
            51.27498,
            1679.93
          ],
          [
            -115.82774,
            51.27501,
            1677.71
          ],
          [
            -115.82769,
            51.27503,
            1677.15
          ],
          [
            -115.82746,
            51.27512,
            1673.11
          ],
          [
            -115.82737,
            51.27518,
            1669.66
          ],
          [
            -115.82725,
            51.27526,
            1665.05
          ],
          [
            -115.82721,
            51.27528,
            1663.44
          ],
          [
            -115.82711,
            51.2753,
            1658.86
          ],
          [
            -115.82708,
            51.2753,
            1657.58
          ],
          [
            -115.82705,
            51.27532,
            1656.05
          ],
          [
            -115.827,
            51.27536,
            1653.45
          ],
          [
            -115.82696,
            51.27539,
            1651.44
          ],
          [
            -115.82693,
            51.27545,
            1649.3
          ],
          [
            -115.8269,
            51.27554,
            1646.33
          ],
          [
            -115.82686,
            51.27566,
            1641.94
          ],
          [
            -115.82681,
            51.27575,
            1636.83
          ],
          [
            -115.82677,
            51.27579,
            1633.04
          ],
          [
            -115.82673,
            51.27582,
            1629.31
          ],
          [
            -115.82667,
            51.27587,
            1624.91
          ],
          [
            -115.82656,
            51.27597,
            1626.08
          ],
          [
            -115.82641,
            51.27611,
            1628.06
          ],
          [
            -115.82636,
            51.27618,
            1629.19
          ],
          [
            -115.82633,
            51.27622,
            1629.79
          ],
          [
            -115.8263,
            51.27627,
            1630.49
          ],
          [
            -115.82626,
            51.27636,
            1631.65
          ],
          [
            -115.82619,
            51.27648,
            1632.65
          ],
          [
            -115.82611,
            51.27658,
            1633.06
          ],
          [
            -115.82602,
            51.27668,
            1634.18
          ],
          [
            -115.82592,
            51.27683,
            1635.32
          ],
          [
            -115.82582,
            51.27691,
            1634.92
          ],
          [
            -115.82575,
            51.27698,
            1635.49
          ],
          [
            -115.82571,
            51.27702,
            1635.66
          ],
          [
            -115.82569,
            51.27704,
            1635.66
          ],
          [
            -115.82567,
            51.27707,
            1635.62
          ],
          [
            -115.82563,
            51.27709,
            1635.39
          ],
          [
            -115.82557,
            51.27713,
            1634.79
          ],
          [
            -115.82549,
            51.27719,
            1635.93
          ],
          [
            -115.82543,
            51.27724,
            1637.77
          ],
          [
            -115.82535,
            51.27734,
            1639.95
          ],
          [
            -115.8253,
            51.27738,
            1640.59
          ],
          [
            -115.82504,
            51.27755,
            1637.81
          ],
          [
            -115.82495,
            51.27766,
            1635.28
          ],
          [
            -115.82489,
            51.27769,
            1635.02
          ],
          [
            -115.82483,
            51.27772,
            1634.91
          ],
          [
            -115.82481,
            51.27773,
            1634.9
          ],
          [
            -115.8247,
            51.27777,
            1635.28
          ],
          [
            -115.82462,
            51.27781,
            1635.35
          ],
          [
            -115.82454,
            51.27787,
            1635.1
          ],
          [
            -115.82449,
            51.27792,
            1634.71
          ],
          [
            -115.82446,
            51.27798,
            1634.02
          ],
          [
            -115.8244,
            51.27805,
            1632.77
          ],
          [
            -115.82437,
            51.27809,
            1632.25
          ],
          [
            -115.82428,
            51.27816,
            1631.29
          ],
          [
            -115.82407,
            51.27828,
            1630.67
          ],
          [
            -115.82396,
            51.27838,
            1631.17
          ],
          [
            -115.82395,
            51.2784,
            1631.37
          ],
          [
            -115.82394,
            51.27844,
            1631.73
          ],
          [
            -115.82391,
            51.2785,
            1632.22
          ],
          [
            -115.82389,
            51.27855,
            1632.56
          ],
          [
            -115.82386,
            51.27859,
            1633.18
          ],
          [
            -115.82382,
            51.27863,
            1634.14
          ],
          [
            -115.82377,
            51.27867,
            1635.47
          ],
          [
            -115.82371,
            51.2787,
            1636.65
          ],
          [
            -115.82365,
            51.27872,
            1637.59
          ],
          [
            -115.82357,
            51.27872,
            1638.44
          ],
          [
            -115.82354,
            51.27872,
            1638.78
          ],
          [
            -115.82345,
            51.27865,
            1638.86
          ],
          [
            -115.82331,
            51.27863,
            1640.29
          ],
          [
            -115.82319,
            51.27865,
            1640.94
          ],
          [
            -115.82314,
            51.27862,
            1640.79
          ],
          [
            -115.82312,
            51.27856,
            1641.28
          ],
          [
            -115.82314,
            51.27848,
            1641.97
          ],
          [
            -115.82314,
            51.27848,
            1641.97
          ],
          [
            -115.82316,
            51.27842,
            1642.43
          ],
          [
            -115.82328,
            51.27835,
            1642.25
          ],
          [
            -115.82347,
            51.27836,
            1639.4
          ],
          [
            -115.82366,
            51.27829,
            1636.54
          ],
          [
            -115.82378,
            51.27834,
            1633.37
          ],
          [
            -115.82395,
            51.2784,
            1631.37
          ],
          [
            -115.82396,
            51.27838,
            1631.17
          ],
          [
            -115.82407,
            51.27828,
            1630.67
          ],
          [
            -115.82428,
            51.27816,
            1631.29
          ],
          [
            -115.82437,
            51.27809,
            1632.25
          ],
          [
            -115.8244,
            51.27805,
            1632.77
          ],
          [
            -115.82446,
            51.27798,
            1634.02
          ],
          [
            -115.82449,
            51.27792,
            1634.71
          ],
          [
            -115.82454,
            51.27787,
            1635.1
          ],
          [
            -115.82462,
            51.27781,
            1635.35
          ],
          [
            -115.8247,
            51.27777,
            1635.28
          ],
          [
            -115.82481,
            51.27773,
            1634.9
          ],
          [
            -115.82483,
            51.27772,
            1634.91
          ],
          [
            -115.82489,
            51.27769,
            1635.02
          ],
          [
            -115.82495,
            51.27766,
            1635.28
          ],
          [
            -115.82504,
            51.27755,
            1637.81
          ],
          [
            -115.8253,
            51.27738,
            1640.59
          ],
          [
            -115.82535,
            51.27734,
            1639.95
          ],
          [
            -115.82543,
            51.27724,
            1637.77
          ],
          [
            -115.82549,
            51.27719,
            1635.93
          ],
          [
            -115.82557,
            51.27713,
            1634.79
          ],
          [
            -115.82563,
            51.27709,
            1635.39
          ],
          [
            -115.82567,
            51.27707,
            1635.62
          ],
          [
            -115.82569,
            51.27704,
            1635.66
          ],
          [
            -115.82571,
            51.27702,
            1635.66
          ],
          [
            -115.82575,
            51.27698,
            1635.49
          ],
          [
            -115.82582,
            51.27691,
            1634.92
          ],
          [
            -115.82592,
            51.27683,
            1635.32
          ],
          [
            -115.82602,
            51.27668,
            1634.18
          ],
          [
            -115.82611,
            51.27658,
            1633.06
          ],
          [
            -115.82619,
            51.27648,
            1632.65
          ],
          [
            -115.82626,
            51.27636,
            1631.65
          ],
          [
            -115.8263,
            51.27627,
            1630.49
          ],
          [
            -115.82633,
            51.27622,
            1629.79
          ],
          [
            -115.82636,
            51.27618,
            1629.19
          ],
          [
            -115.82641,
            51.27611,
            1628.06
          ],
          [
            -115.82656,
            51.27597,
            1626.08
          ],
          [
            -115.82667,
            51.27587,
            1624.91
          ],
          [
            -115.82673,
            51.27582,
            1629.31
          ],
          [
            -115.82677,
            51.27579,
            1633.04
          ],
          [
            -115.82681,
            51.27575,
            1636.83
          ],
          [
            -115.82686,
            51.27566,
            1641.94
          ],
          [
            -115.8269,
            51.27554,
            1646.33
          ],
          [
            -115.82693,
            51.27545,
            1649.3
          ],
          [
            -115.82696,
            51.27539,
            1651.44
          ],
          [
            -115.827,
            51.27536,
            1653.45
          ],
          [
            -115.82705,
            51.27532,
            1656.05
          ],
          [
            -115.82708,
            51.2753,
            1657.58
          ],
          [
            -115.82711,
            51.2753,
            1658.86
          ],
          [
            -115.82721,
            51.27528,
            1663.44
          ],
          [
            -115.82725,
            51.27526,
            1665.05
          ],
          [
            -115.82737,
            51.27518,
            1669.66
          ],
          [
            -115.82746,
            51.27512,
            1673.11
          ],
          [
            -115.82769,
            51.27503,
            1677.15
          ],
          [
            -115.82774,
            51.27501,
            1677.71
          ],
          [
            -115.82782,
            51.27498,
            1679.93
          ],
          [
            -115.82786,
            51.27495,
            1681.86
          ],
          [
            -115.82788,
            51.27492,
            1683.06
          ],
          [
            -115.82792,
            51.27488,
            1684.73
          ],
          [
            -115.82794,
            51.27484,
            1685.75
          ],
          [
            -115.82798,
            51.27474,
            1687.52
          ],
          [
            -115.82805,
            51.27458,
            1693.08
          ],
          [
            -115.82816,
            51.27434,
            1700.86
          ],
          [
            -115.82824,
            51.27415,
            1700.85
          ],
          [
            -115.8283,
            51.27401,
            1703.01
          ],
          [
            -115.82836,
            51.27387,
            1704.81
          ],
          [
            -115.82843,
            51.27374,
            1701.21
          ],
          [
            -115.82851,
            51.27357,
            1703.19
          ],
          [
            -115.82854,
            51.27354,
            1705
          ],
          [
            -115.82872,
            51.27336,
            1713.46
          ],
          [
            -115.82879,
            51.27328,
            1717.04
          ],
          [
            -115.82882,
            51.27322,
            1718.74
          ],
          [
            -115.82884,
            51.27317,
            1719.96
          ],
          [
            -115.82885,
            51.27311,
            1720.82
          ],
          [
            -115.82883,
            51.27305,
            1719.91
          ],
          [
            -115.8288,
            51.27298,
            1713.98
          ],
          [
            -115.82879,
            51.27294,
            1710.8
          ],
          [
            -115.82882,
            51.27285,
            1707.02
          ],
          [
            -115.82891,
            51.27265,
            1698.89
          ],
          [
            -115.82895,
            51.27258,
            1696.05
          ],
          [
            -115.82905,
            51.27243,
            1692.31
          ],
          [
            -115.82912,
            51.27236,
            1692.23
          ],
          [
            -115.82916,
            51.27231,
            1691.2
          ],
          [
            -115.82919,
            51.27228,
            1690.39
          ],
          [
            -115.82921,
            51.27226,
            1689.8
          ],
          [
            -115.82924,
            51.27223,
            1688.99
          ],
          [
            -115.82929,
            51.2722,
            1689.55
          ],
          [
            -115.82934,
            51.27212,
            1687.77
          ],
          [
            -115.82948,
            51.2719,
            1684.77
          ],
          [
            -115.82959,
            51.27177,
            1683.05
          ],
          [
            -115.82964,
            51.27168,
            1680.37
          ],
          [
            -115.82969,
            51.27158,
            1677.58
          ],
          [
            -115.82973,
            51.27153,
            1676.82
          ],
          [
            -115.82975,
            51.27149,
            1676.12
          ],
          [
            -115.82978,
            51.27144,
            1675.27
          ],
          [
            -115.82985,
            51.27136,
            1674.34
          ],
          [
            -115.82997,
            51.27124,
            1673.48
          ],
          [
            -115.83008,
            51.27116,
            1674.02
          ],
          [
            -115.83016,
            51.27112,
            1675.42
          ],
          [
            -115.83019,
            51.2711,
            1675.65
          ],
          [
            -115.83023,
            51.27109,
            1676.48
          ],
          [
            -115.83028,
            51.27107,
            1677.15
          ],
          [
            -115.83046,
            51.27097,
            1677.97
          ],
          [
            -115.83059,
            51.2709,
            1678.2
          ],
          [
            -115.83066,
            51.27085,
            1677.45
          ],
          [
            -115.83071,
            51.27082,
            1677.41
          ],
          [
            -115.83076,
            51.27078,
            1677.14
          ],
          [
            -115.83083,
            51.27074,
            1677.23
          ],
          [
            -115.83093,
            51.27068,
            1676.86
          ],
          [
            -115.83107,
            51.27061,
            1677.1
          ],
          [
            -115.83119,
            51.27055,
            1679.1
          ],
          [
            -115.83129,
            51.27048,
            1682.64
          ],
          [
            -115.83134,
            51.27042,
            1684.17
          ],
          [
            -115.83143,
            51.27034,
            1687.19
          ],
          [
            -115.8315,
            51.27026,
            1689.62
          ],
          [
            -115.83155,
            51.27019,
            1690.68
          ],
          [
            -115.83159,
            51.27014,
            1691.17
          ],
          [
            -115.83161,
            51.27011,
            1691.19
          ],
          [
            -115.83164,
            51.27009,
            1691.57
          ],
          [
            -115.83167,
            51.27007,
            1691.91
          ],
          [
            -115.83174,
            51.27005,
            1694.28
          ],
          [
            -115.83176,
            51.27005,
            1695.1
          ],
          [
            -115.83184,
            51.27003,
            1697.54
          ],
          [
            -115.83189,
            51.27001,
            1698.52
          ],
          [
            -115.83198,
            51.26995,
            1701.16
          ],
          [
            -115.832,
            51.26992,
            1701.47
          ],
          [
            -115.83203,
            51.26988,
            1701.71
          ],
          [
            -115.83204,
            51.26982,
            1699.87
          ],
          [
            -115.83204,
            51.26978,
            1698.31
          ],
          [
            -115.83205,
            51.26976,
            1697.82
          ],
          [
            -115.83207,
            51.26975,
            1697.94
          ],
          [
            -115.83215,
            51.26971,
            1698.16
          ],
          [
            -115.83219,
            51.26969,
            1698.59
          ],
          [
            -115.83221,
            51.26968,
            1698.82
          ],
          [
            -115.83228,
            51.26962,
            1698.68
          ],
          [
            -115.83236,
            51.26959,
            1699.15
          ],
          [
            -115.83239,
            51.26958,
            1699.33
          ],
          [
            -115.83248,
            51.26959,
            1700.9
          ],
          [
            -115.83255,
            51.26959,
            1702.29
          ],
          [
            -115.83264,
            51.2696,
            1704.62
          ],
          [
            -115.83273,
            51.26961,
            1707.05
          ],
          [
            -115.83283,
            51.2696,
            1708.71
          ],
          [
            -115.83289,
            51.26957,
            1708.37
          ],
          [
            -115.83294,
            51.26953,
            1707.17
          ],
          [
            -115.83296,
            51.26949,
            1705.37
          ],
          [
            -115.83299,
            51.26938,
            1701.22
          ],
          [
            -115.83299,
            51.26935,
            1700.25
          ],
          [
            -115.833,
            51.26933,
            1699.77
          ],
          [
            -115.833,
            51.26932,
            1699.46
          ],
          [
            -115.83307,
            51.26932,
            1700.45
          ],
          [
            -115.83316,
            51.26931,
            1700.33
          ],
          [
            -115.83333,
            51.26928,
            1699.49
          ],
          [
            -115.83339,
            51.26926,
            1700.06
          ],
          [
            -115.83349,
            51.26922,
            1700.71
          ],
          [
            -115.83354,
            51.26919,
            1700.51
          ],
          [
            -115.83358,
            51.26916,
            1700.17
          ],
          [
            -115.83361,
            51.26912,
            1699.8
          ],
          [
            -115.83365,
            51.26906,
            1699.87
          ],
          [
            -115.83371,
            51.26899,
            1700.79
          ],
          [
            -115.83376,
            51.26895,
            1702.15
          ],
          [
            -115.83383,
            51.26891,
            1704.6
          ],
          [
            -115.83392,
            51.26886,
            1707.28
          ],
          [
            -115.83395,
            51.26883,
            1707.5
          ],
          [
            -115.83397,
            51.26879,
            1707.14
          ],
          [
            -115.83411,
            51.26865,
            1708.14
          ],
          [
            -115.83419,
            51.26859,
            1709.33
          ],
          [
            -115.83426,
            51.26855,
            1710.42
          ],
          [
            -115.83439,
            51.26849,
            1711.29
          ],
          [
            -115.83445,
            51.26847,
            1711.38
          ],
          [
            -115.83449,
            51.26846,
            1710.96
          ],
          [
            -115.83455,
            51.26846,
            1711.23
          ],
          [
            -115.83461,
            51.26845,
            1711.02
          ],
          [
            -115.83469,
            51.26845,
            1711.45
          ],
          [
            -115.83474,
            51.26842,
            1710.75
          ],
          [
            -115.83478,
            51.26836,
            1709.1
          ],
          [
            -115.8348,
            51.26831,
            1707.94
          ],
          [
            -115.8348,
            51.26829,
            1707.55
          ],
          [
            -115.83482,
            51.26825,
            1707.17
          ],
          [
            -115.83482,
            51.26823,
            1706.79
          ],
          [
            -115.83485,
            51.26819,
            1706.68
          ],
          [
            -115.8349,
            51.26814,
            1706.91
          ],
          [
            -115.8351,
            51.26801,
            1706.98
          ],
          [
            -115.83516,
            51.26795,
            1706.05
          ],
          [
            -115.83522,
            51.26787,
            1705.3
          ],
          [
            -115.83527,
            51.26782,
            1705.34
          ],
          [
            -115.83533,
            51.26777,
            1705.82
          ],
          [
            -115.83539,
            51.26772,
            1706.99
          ],
          [
            -115.83547,
            51.26766,
            1708.16
          ],
          [
            -115.83553,
            51.26757,
            1708.84
          ],
          [
            -115.83563,
            51.2675,
            1708.73
          ],
          [
            -115.83566,
            51.26744,
            1709.54
          ],
          [
            -115.83567,
            51.26741,
            1709.94
          ],
          [
            -115.83567,
            51.26736,
            1710.69
          ],
          [
            -115.83567,
            51.26729,
            1711.75
          ],
          [
            -115.83571,
            51.26716,
            1711.98
          ],
          [
            -115.83574,
            51.26704,
            1710.92
          ],
          [
            -115.83579,
            51.26689,
            1709.05
          ],
          [
            -115.83583,
            51.2668,
            1707.97
          ],
          [
            -115.83587,
            51.26671,
            1706.73
          ],
          [
            -115.83594,
            51.2666,
            1704.47
          ],
          [
            -115.83605,
            51.26646,
            1700.03
          ],
          [
            -115.83609,
            51.26641,
            1698.04
          ],
          [
            -115.83613,
            51.26638,
            1696.59
          ],
          [
            -115.83618,
            51.26632,
            1694.58
          ],
          [
            -115.83626,
            51.26626,
            1693
          ],
          [
            -115.83632,
            51.26622,
            1692.31
          ],
          [
            -115.83637,
            51.26619,
            1692.03
          ],
          [
            -115.83642,
            51.26617,
            1691.78
          ],
          [
            -115.83654,
            51.26612,
            1690.62
          ],
          [
            -115.83673,
            51.26605,
            1689.54
          ],
          [
            -115.83685,
            51.26602,
            1688.68
          ],
          [
            -115.83691,
            51.26601,
            1688.25
          ],
          [
            -115.83705,
            51.26598,
            1687.6
          ],
          [
            -115.83715,
            51.26595,
            1687.38
          ],
          [
            -115.83738,
            51.26588,
            1686.91
          ],
          [
            -115.83755,
            51.26582,
            1684.96
          ],
          [
            -115.83775,
            51.26575,
            1677.79
          ],
          [
            -115.83791,
            51.2657,
            1673.72
          ],
          [
            -115.83814,
            51.26562,
            1669.04
          ],
          [
            -115.83822,
            51.26559,
            1668.77
          ],
          [
            -115.83829,
            51.26557,
            1668.84
          ],
          [
            -115.83834,
            51.26556,
            1668.94
          ],
          [
            -115.83851,
            51.26552,
            1667.25
          ],
          [
            -115.8388,
            51.26547,
            1663.62
          ],
          [
            -115.83889,
            51.26544,
            1661.91
          ],
          [
            -115.83896,
            51.26542,
            1660.92
          ],
          [
            -115.83902,
            51.2654,
            1660.05
          ],
          [
            -115.83908,
            51.26537,
            1659.06
          ],
          [
            -115.83917,
            51.26533,
            1657.75
          ],
          [
            -115.83924,
            51.26531,
            1657.49
          ],
          [
            -115.83932,
            51.26526,
            1656.93
          ],
          [
            -115.83933,
            51.26525,
            1656.88
          ],
          [
            -115.83932,
            51.26523,
            1656.81
          ],
          [
            -115.83924,
            51.26519,
            1656.83
          ],
          [
            -115.83899,
            51.26513,
            1657.26
          ],
          [
            -115.83881,
            51.2651,
            1658.5
          ],
          [
            -115.83874,
            51.2651,
            1659.76
          ],
          [
            -115.83866,
            51.26508,
            1660.98
          ],
          [
            -115.83858,
            51.26505,
            1661.82
          ],
          [
            -115.83853,
            51.26502,
            1662.03
          ],
          [
            -115.83849,
            51.265,
            1662.31
          ],
          [
            -115.83844,
            51.26498,
            1662.34
          ],
          [
            -115.83838,
            51.26495,
            1662.03
          ],
          [
            -115.83831,
            51.26491,
            1660.94
          ],
          [
            -115.83825,
            51.26485,
            1658.7
          ],
          [
            -115.83824,
            51.26479,
            1656.78
          ],
          [
            -115.83827,
            51.26471,
            1654.33
          ],
          [
            -115.83832,
            51.26465,
            1652.35
          ],
          [
            -115.83839,
            51.26453,
            1648.35
          ],
          [
            -115.83843,
            51.26444,
            1645.18
          ],
          [
            -115.83846,
            51.26432,
            1640.44
          ],
          [
            -115.83845,
            51.26425,
            1637.76
          ],
          [
            -115.83844,
            51.26419,
            1635.59
          ],
          [
            -115.83841,
            51.26415,
            1634.85
          ],
          [
            -115.83834,
            51.26409,
            1634.39
          ],
          [
            -115.83824,
            51.26401,
            1632.54
          ],
          [
            -115.83814,
            51.26394,
            1631.8
          ],
          [
            -115.8381,
            51.26391,
            1631.72
          ],
          [
            -115.83799,
            51.26382,
            1629.96
          ],
          [
            -115.83789,
            51.26376,
            1628.01
          ],
          [
            -115.83786,
            51.26374,
            1627.33
          ],
          [
            -115.83779,
            51.26369,
            1625.59
          ],
          [
            -115.8377,
            51.2636,
            1624.62
          ],
          [
            -115.83766,
            51.26355,
            1626.19
          ],
          [
            -115.83766,
            51.26351,
            1626.9
          ],
          [
            -115.83767,
            51.26347,
            1627.51
          ],
          [
            -115.8377,
            51.26341,
            1628.45
          ],
          [
            -115.83776,
            51.26332,
            1629.86
          ],
          [
            -115.83782,
            51.26322,
            1628.44
          ],
          [
            -115.83787,
            51.26316,
            1627.55
          ],
          [
            -115.83794,
            51.26311,
            1626.78
          ],
          [
            -115.838,
            51.26309,
            1626.37
          ],
          [
            -115.83805,
            51.26307,
            1626.07
          ],
          [
            -115.83827,
            51.26307,
            1622.96
          ],
          [
            -115.83836,
            51.26305,
            1621.27
          ],
          [
            -115.83845,
            51.26305,
            1619.36
          ],
          [
            -115.83861,
            51.26304,
            1615.85
          ],
          [
            -115.83869,
            51.26303,
            1615.75
          ],
          [
            -115.83875,
            51.26303,
            1615.77
          ],
          [
            -115.83881,
            51.26302,
            1615.71
          ],
          [
            -115.83888,
            51.26302,
            1615.74
          ],
          [
            -115.83897,
            51.26302,
            1615.49
          ],
          [
            -115.83909,
            51.26298,
            1614.93
          ],
          [
            -115.83925,
            51.26287,
            1615.13
          ],
          [
            -115.83931,
            51.26277,
            1615.7
          ],
          [
            -115.83934,
            51.26275,
            1616.43
          ],
          [
            -115.83938,
            51.26268,
            1618.33
          ],
          [
            -115.8394,
            51.26265,
            1619.21
          ],
          [
            -115.83939,
            51.26262,
            1619.71
          ],
          [
            -115.83938,
            51.26261,
            1619.79
          ],
          [
            -115.83934,
            51.26259,
            1619.67
          ],
          [
            -115.83931,
            51.26257,
            1619.67
          ],
          [
            -115.83925,
            51.26256,
            1619.06
          ],
          [
            -115.83919,
            51.26255,
            1618.42
          ],
          [
            -115.83915,
            51.26255,
            1618
          ],
          [
            -115.83909,
            51.26254,
            1617.81
          ],
          [
            -115.83904,
            51.26253,
            1617.65
          ],
          [
            -115.83897,
            51.26252,
            1617.33
          ],
          [
            -115.83889,
            51.26251,
            1616.9
          ],
          [
            -115.83881,
            51.2625,
            1616.43
          ],
          [
            -115.83873,
            51.26249,
            1615.97
          ],
          [
            -115.83857,
            51.26246,
            1615.45
          ],
          [
            -115.83852,
            51.26246,
            1615.3
          ],
          [
            -115.83839,
            51.26244,
            1615.24
          ],
          [
            -115.83831,
            51.26244,
            1615
          ],
          [
            -115.83821,
            51.26242,
            1615
          ],
          [
            -115.83808,
            51.26242,
            1614.53
          ],
          [
            -115.83806,
            51.26241,
            1614.64
          ],
          [
            -115.83801,
            51.26241,
            1614.51
          ],
          [
            -115.83787,
            51.26241,
            1614.19
          ],
          [
            -115.83776,
            51.2624,
            1613.86
          ],
          [
            -115.83766,
            51.2624,
            1612.66
          ],
          [
            -115.83754,
            51.2624,
            1611.2
          ],
          [
            -115.83741,
            51.2624,
            1610.25
          ],
          [
            -115.83723,
            51.2624,
            1609.32
          ],
          [
            -115.83702,
            51.26239,
            1606.6
          ],
          [
            -115.83691,
            51.26237,
            1604.52
          ],
          [
            -115.83684,
            51.26237,
            1603.16
          ],
          [
            -115.83664,
            51.26234,
            1598.2
          ],
          [
            -115.83649,
            51.26229,
            1593.22
          ],
          [
            -115.83643,
            51.26228,
            1591.58
          ],
          [
            -115.83634,
            51.26225,
            1588.71
          ],
          [
            -115.83626,
            51.26224,
            1586.67
          ],
          [
            -115.83618,
            51.26223,
            1584.67
          ],
          [
            -115.83609,
            51.26224,
            1583.35
          ],
          [
            -115.83597,
            51.26224,
            1583.16
          ],
          [
            -115.83588,
            51.26224,
            1583.01
          ],
          [
            -115.83575,
            51.26223,
            1582.66
          ],
          [
            -115.83572,
            51.26223,
            1582.55
          ],
          [
            -115.83567,
            51.26226,
            1582.2
          ],
          [
            -115.8356,
            51.26232,
            1581.51
          ],
          [
            -115.83549,
            51.2624,
            1580.72
          ],
          [
            -115.83538,
            51.26245,
            1580.36
          ],
          [
            -115.83525,
            51.26251,
            1580.36
          ],
          [
            -115.83519,
            51.26254,
            1581.37
          ],
          [
            -115.83515,
            51.26259,
            1582.88
          ],
          [
            -115.83512,
            51.26263,
            1584.11
          ],
          [
            -115.83508,
            51.26267,
            1585.43
          ],
          [
            -115.83504,
            51.26269,
            1586.23
          ],
          [
            -115.83501,
            51.26271,
            1586.98
          ],
          [
            -115.83499,
            51.26271,
            1587.15
          ],
          [
            -115.83495,
            51.26269,
            1586.91
          ],
          [
            -115.83488,
            51.26264,
            1585.69
          ],
          [
            -115.83486,
            51.26262,
            1585.04
          ],
          [
            -115.83474,
            51.26245,
            1581.1
          ],
          [
            -115.83469,
            51.26241,
            1582.84
          ],
          [
            -115.83464,
            51.26238,
            1584.57
          ],
          [
            -115.83455,
            51.26236,
            1586.72
          ],
          [
            -115.83444,
            51.26234,
            1588.73
          ],
          [
            -115.83423,
            51.2623,
            1589.2
          ],
          [
            -115.83411,
            51.26227,
            1587.64
          ],
          [
            -115.83404,
            51.26224,
            1585.1
          ],
          [
            -115.83393,
            51.2622,
            1581.46
          ],
          [
            -115.83377,
            51.26215,
            1579.16
          ],
          [
            -115.83355,
            51.26207,
            1576.71
          ],
          [
            -115.83351,
            51.26205,
            1576.28
          ],
          [
            -115.83336,
            51.262,
            1575.2
          ],
          [
            -115.83334,
            51.262,
            1575.2
          ],
          [
            -115.8333,
            51.262,
            1574.91
          ],
          [
            -115.83328,
            51.26199,
            1574.54
          ],
          [
            -115.83322,
            51.262,
            1574.22
          ],
          [
            -115.8332,
            51.262,
            1574.05
          ],
          [
            -115.8331,
            51.26206,
            1574.12
          ],
          [
            -115.83299,
            51.26216,
            1572.93
          ],
          [
            -115.83294,
            51.26222,
            1571.42
          ],
          [
            -115.83291,
            51.26226,
            1571.74
          ],
          [
            -115.83288,
            51.2623,
            1572.2
          ],
          [
            -115.83284,
            51.26233,
            1571.95
          ],
          [
            -115.83278,
            51.26236,
            1571.03
          ],
          [
            -115.83267,
            51.26238,
            1571.6
          ],
          [
            -115.8326,
            51.26238,
            1571.47
          ],
          [
            -115.83242,
            51.26235,
            1570.68
          ],
          [
            -115.83234,
            51.26235,
            1570.53
          ],
          [
            -115.83226,
            51.26238,
            1570.9
          ],
          [
            -115.83221,
            51.26237,
            1571.49
          ],
          [
            -115.83216,
            51.26235,
            1574.36
          ],
          [
            -115.83209,
            51.26232,
            1577.93
          ],
          [
            -115.83197,
            51.26229,
            1583.93
          ],
          [
            -115.83194,
            51.26227,
            1584.69
          ],
          [
            -115.83189,
            51.26223,
            1586.23
          ],
          [
            -115.83182,
            51.26215,
            1586.58
          ],
          [
            -115.83178,
            51.2621,
            1585.03
          ],
          [
            -115.83177,
            51.26208,
            1583.9
          ],
          [
            -115.83176,
            51.26206,
            1582.66
          ],
          [
            -115.83175,
            51.26204,
            1581.31
          ],
          [
            -115.83173,
            51.262,
            1578.25
          ],
          [
            -115.83172,
            51.26195,
            1573.88
          ],
          [
            -115.83171,
            51.26187,
            1569.7
          ],
          [
            -115.8317,
            51.26182,
            1567.25
          ],
          [
            -115.83167,
            51.26175,
            1563.9
          ],
          [
            -115.83162,
            51.2617,
            1561.28
          ],
          [
            -115.83157,
            51.26169,
            1560.37
          ],
          [
            -115.83154,
            51.26167,
            1558.85
          ],
          [
            -115.83149,
            51.26166,
            1557.81
          ],
          [
            -115.8314,
            51.26164,
            1555.97
          ],
          [
            -115.83125,
            51.26162,
            1557.73
          ],
          [
            -115.83118,
            51.2616,
            1557.76
          ],
          [
            -115.83105,
            51.26156,
            1557.44
          ],
          [
            -115.831,
            51.26155,
            1557.88
          ],
          [
            -115.83095,
            51.26153,
            1557.45
          ],
          [
            -115.8309,
            51.2615,
            1556.11
          ],
          [
            -115.83082,
            51.26146,
            1554.81
          ],
          [
            -115.83078,
            51.26143,
            1554.4
          ],
          [
            -115.83077,
            51.2614,
            1552.54
          ],
          [
            -115.83078,
            51.26139,
            1551.16
          ],
          [
            -115.8308,
            51.26136,
            1548.47
          ],
          [
            -115.83081,
            51.26134,
            1546.94
          ],
          [
            -115.83086,
            51.26132,
            1544.44
          ],
          [
            -115.83092,
            51.26126,
            1541.28
          ],
          [
            -115.83097,
            51.26124,
            1540.15
          ],
          [
            -115.83104,
            51.2612,
            1538.48
          ],
          [
            -115.83128,
            51.26106,
            1536.66
          ],
          [
            -115.83134,
            51.26103,
            1536.43
          ],
          [
            -115.8314,
            51.26101,
            1536.62
          ],
          [
            -115.83148,
            51.261,
            1538.23
          ],
          [
            -115.83157,
            51.261,
            1540.43
          ],
          [
            -115.83162,
            51.26098,
            1541.36
          ],
          [
            -115.83163,
            51.26097,
            1541.48
          ],
          [
            -115.83162,
            51.26095,
            1540.91
          ],
          [
            -115.8316,
            51.26093,
            1539.99
          ],
          [
            -115.83156,
            51.2609,
            1538.14
          ],
          [
            -115.83146,
            51.26087,
            1533.9
          ],
          [
            -115.83132,
            51.26082,
            1529.42
          ],
          [
            -115.83124,
            51.26078,
            1529.39
          ],
          [
            -115.8312,
            51.26075,
            1529.78
          ],
          [
            -115.83113,
            51.26072,
            1530.3
          ],
          [
            -115.83111,
            51.2607,
            1530.84
          ],
          [
            -115.83105,
            51.2607,
            1530.66
          ],
          [
            -115.83103,
            51.26069,
            1530.8
          ],
          [
            -115.83102,
            51.26068,
            1530.95
          ],
          [
            -115.83104,
            51.26066,
            1531.48
          ],
          [
            -115.83107,
            51.26066,
            1531.7
          ],
          [
            -115.8311,
            51.26064,
            1532.47
          ],
          [
            -115.83118,
            51.26061,
            1532.98
          ],
          [
            -115.83128,
            51.26058,
            1532.79
          ],
          [
            -115.8314,
            51.26053,
            1531.9
          ],
          [
            -115.83147,
            51.26047,
            1531.6
          ],
          [
            -115.83153,
            51.26041,
            1531.21
          ],
          [
            -115.83155,
            51.26037,
            1530.94
          ],
          [
            -115.83156,
            51.26033,
            1530.69
          ],
          [
            -115.83156,
            51.26028,
            1530.4
          ],
          [
            -115.83152,
            51.26021,
            1531.13
          ],
          [
            -115.83151,
            51.26013,
            1531.86
          ],
          [
            -115.83153,
            51.26008,
            1532.28
          ],
          [
            -115.83157,
            51.26004,
            1532.62
          ],
          [
            -115.8316,
            51.26003,
            1532.7
          ],
          [
            -115.83164,
            51.26002,
            1532.79
          ],
          [
            -115.83168,
            51.26001,
            1532.98
          ],
          [
            -115.83177,
            51.26001,
            1533.57
          ],
          [
            -115.83183,
            51.26,
            1534.18
          ],
          [
            -115.83193,
            51.26,
            1534.9
          ],
          [
            -115.83198,
            51.26001,
            1533.83
          ],
          [
            -115.83208,
            51.26006,
            1530.17
          ],
          [
            -115.83216,
            51.2601,
            1527.53
          ],
          [
            -115.83229,
            51.26011,
            1526.26
          ],
          [
            -115.83237,
            51.26011,
            1526.54
          ],
          [
            -115.83241,
            51.26011,
            1526.68
          ],
          [
            -115.83247,
            51.26012,
            1526.87
          ],
          [
            -115.83253,
            51.26012,
            1526.57
          ],
          [
            -115.83257,
            51.26013,
            1525.99
          ],
          [
            -115.83266,
            51.26014,
            1524.7
          ],
          [
            -115.83272,
            51.26016,
            1523.83
          ],
          [
            -115.8329,
            51.26024,
            1523.06
          ],
          [
            -115.83301,
            51.26028,
            1523.05
          ],
          [
            -115.83308,
            51.26031,
            1523.94
          ],
          [
            -115.83309,
            51.26035,
            1524.87
          ],
          [
            -115.83312,
            51.26039,
            1525.93
          ],
          [
            -115.8332,
            51.26045,
            1527.64
          ],
          [
            -115.83325,
            51.26048,
            1528.45
          ],
          [
            -115.83332,
            51.26051,
            1529.28
          ],
          [
            -115.83338,
            51.26051,
            1529.82
          ],
          [
            -115.83342,
            51.26051,
            1530.23
          ],
          [
            -115.83346,
            51.26049,
            1530.32
          ],
          [
            -115.83351,
            51.26046,
            1530.31
          ],
          [
            -115.83364,
            51.26039,
            1530.44
          ],
          [
            -115.83379,
            51.26031,
            1531.16
          ],
          [
            -115.83395,
            51.26022,
            1530.97
          ],
          [
            -115.83402,
            51.26019,
            1530.81
          ],
          [
            -115.83409,
            51.26016,
            1531.2
          ],
          [
            -115.83418,
            51.26014,
            1531.69
          ],
          [
            -115.83428,
            51.26012,
            1529.63
          ],
          [
            -115.83432,
            51.26011,
            1528.62
          ],
          [
            -115.83436,
            51.26009,
            1527.41
          ],
          [
            -115.83441,
            51.26004,
            1525.14
          ],
          [
            -115.83442,
            51.26002,
            1524.41
          ],
          [
            -115.83442,
            51.25999,
            1523.99
          ],
          [
            -115.83439,
            51.25993,
            1524.66
          ],
          [
            -115.83435,
            51.25987,
            1525.18
          ],
          [
            -115.83432,
            51.25981,
            1524.93
          ],
          [
            -115.83433,
            51.25975,
            1523.71
          ],
          [
            -115.83437,
            51.25968,
            1520
          ],
          [
            -115.83441,
            51.25963,
            1516.15
          ],
          [
            -115.83442,
            51.2596,
            1513.98
          ],
          [
            -115.83443,
            51.2595,
            1507.04
          ],
          [
            -115.83444,
            51.25945,
            1503.46
          ],
          [
            -115.83445,
            51.25944,
            1503.06
          ],
          [
            -115.8345,
            51.25941,
            1503.53
          ],
          [
            -115.83455,
            51.2594,
            1503.96
          ],
          [
            -115.83467,
            51.2594,
            1505.05
          ],
          [
            -115.8347,
            51.25941,
            1505.42
          ],
          [
            -115.83476,
            51.25942,
            1506.29
          ],
          [
            -115.83488,
            51.25945,
            1508.49
          ],
          [
            -115.83492,
            51.25946,
            1509.39
          ],
          [
            -115.83504,
            51.25946,
            1511.1
          ],
          [
            -115.83509,
            51.25945,
            1511.75
          ],
          [
            -115.83513,
            51.25945,
            1512.47
          ],
          [
            -115.8352,
            51.25943,
            1513.57
          ],
          [
            -115.83529,
            51.2594,
            1515.33
          ],
          [
            -115.83539,
            51.25937,
            1517.91
          ],
          [
            -115.8355,
            51.25933,
            1520.41
          ],
          [
            -115.83556,
            51.25931,
            1521.63
          ],
          [
            -115.83562,
            51.25927,
            1522.16
          ],
          [
            -115.83574,
            51.25915,
            1522.33
          ],
          [
            -115.83584,
            51.25902,
            1526.29
          ],
          [
            -115.83594,
            51.25892,
            1529.95
          ],
          [
            -115.83603,
            51.25884,
            1533.59
          ],
          [
            -115.8361,
            51.25878,
            1536.76
          ],
          [
            -115.83616,
            51.25874,
            1538.62
          ],
          [
            -115.83622,
            51.25868,
            1541.01
          ],
          [
            -115.83625,
            51.25865,
            1542.17
          ],
          [
            -115.83633,
            51.25851,
            1544.38
          ],
          [
            -115.8364,
            51.25846,
            1544.66
          ],
          [
            -115.83659,
            51.25839,
            1548.11
          ],
          [
            -115.83673,
            51.25835,
            1549.41
          ],
          [
            -115.83691,
            51.25827,
            1544.17
          ],
          [
            -115.837,
            51.25824,
            1539.98
          ],
          [
            -115.83706,
            51.25822,
            1537.06
          ],
          [
            -115.83711,
            51.2582,
            1534.9
          ],
          [
            -115.83722,
            51.25816,
            1531.31
          ],
          [
            -115.83737,
            51.25811,
            1532.79
          ],
          [
            -115.8375,
            51.25802,
            1534.23
          ],
          [
            -115.83756,
            51.25797,
            1532.57
          ],
          [
            -115.83759,
            51.25794,
            1531.67
          ],
          [
            -115.8376,
            51.25792,
            1531.17
          ],
          [
            -115.83761,
            51.2579,
            1530.67
          ],
          [
            -115.83762,
            51.25787,
            1529.98
          ],
          [
            -115.83764,
            51.25779,
            1528.23
          ],
          [
            -115.83763,
            51.25777,
            1527.91
          ],
          [
            -115.83767,
            51.25765,
            1525.4
          ],
          [
            -115.83764,
            51.25758,
            1524.08
          ],
          [
            -115.83761,
            51.25752,
            1522.81
          ],
          [
            -115.83761,
            51.25751,
            1522.61
          ],
          [
            -115.8376,
            51.25749,
            1522.14
          ],
          [
            -115.8376,
            51.25748,
            1521.93
          ],
          [
            -115.8376,
            51.25748,
            1521.93
          ],
          [
            -115.83758,
            51.25745,
            1521.21
          ],
          [
            -115.83755,
            51.2574,
            1520.02
          ],
          [
            -115.8375,
            51.25736,
            1518.98
          ],
          [
            -115.83743,
            51.25733,
            1517.67
          ],
          [
            -115.83727,
            51.25729,
            1515.18
          ],
          [
            -115.83719,
            51.25725,
            1513.54
          ],
          [
            -115.83716,
            51.25723,
            1512.95
          ],
          [
            -115.83713,
            51.25719,
            1511.59
          ],
          [
            -115.83712,
            51.25714,
            1509.83
          ],
          [
            -115.83708,
            51.25705,
            1506.26
          ],
          [
            -115.83705,
            51.25702,
            1504.75
          ],
          [
            -115.83683,
            51.2569,
            1499.04
          ],
          [
            -115.83672,
            51.25682,
            1497.66
          ],
          [
            -115.83671,
            51.25682,
            1497.56
          ],
          [
            -115.83658,
            51.25673,
            1497.22
          ],
          [
            -115.83647,
            51.25668,
            1497.58
          ],
          [
            -115.83642,
            51.25667,
            1497.82
          ],
          [
            -115.83632,
            51.25663,
            1501.69
          ],
          [
            -115.83626,
            51.2566,
            1504.69
          ],
          [
            -115.8362,
            51.25654,
            1508.2
          ],
          [
            -115.83616,
            51.2565,
            1510.38
          ],
          [
            -115.83614,
            51.25647,
            1511.62
          ],
          [
            -115.83617,
            51.25634,
            1512.44
          ],
          [
            -115.83616,
            51.25627,
            1512.94
          ],
          [
            -115.83614,
            51.25618,
            1513.84
          ],
          [
            -115.83613,
            51.25611,
            1514.4
          ],
          [
            -115.83613,
            51.25609,
            1514.53
          ],
          [
            -115.83612,
            51.25607,
            1515
          ],
          [
            -115.83611,
            51.25604,
            1515.56
          ],
          [
            -115.8361,
            51.25601,
            1516.22
          ],
          [
            -115.83612,
            51.25598,
            1515.64
          ],
          [
            -115.83615,
            51.25595,
            1514.82
          ],
          [
            -115.83625,
            51.25591,
            1511.59
          ],
          [
            -115.83645,
            51.25586,
            1505.58
          ],
          [
            -115.83657,
            51.25581,
            1503.34
          ],
          [
            -115.83669,
            51.25577,
            1501.49
          ],
          [
            -115.83682,
            51.25573,
            1501.08
          ],
          [
            -115.83689,
            51.2557,
            1501.19
          ],
          [
            -115.83704,
            51.25563,
            1502.32
          ],
          [
            -115.83711,
            51.25558,
            1503.03
          ],
          [
            -115.83715,
            51.25555,
            1503.25
          ],
          [
            -115.83719,
            51.25553,
            1502.99
          ],
          [
            -115.83725,
            51.25548,
            1502.36
          ],
          [
            -115.83732,
            51.25542,
            1501.67
          ],
          [
            -115.83738,
            51.25533,
            1500.81
          ],
          [
            -115.83742,
            51.25529,
            1500.38
          ],
          [
            -115.83744,
            51.25525,
            1499.16
          ],
          [
            -115.83744,
            51.2552,
            1497.26
          ],
          [
            -115.83746,
            51.25507,
            1492.13
          ],
          [
            -115.83747,
            51.25506,
            1491.65
          ],
          [
            -115.83749,
            51.25505,
            1491.08
          ],
          [
            -115.83751,
            51.25503,
            1490.26
          ],
          [
            -115.83756,
            51.25493,
            1488.21
          ],
          [
            -115.83756,
            51.25483,
            1486.46
          ],
          [
            -115.83756,
            51.25476,
            1485.23
          ],
          [
            -115.83756,
            51.25472,
            1484.65
          ],
          [
            -115.83756,
            51.25468,
            1486.17
          ],
          [
            -115.83755,
            51.25463,
            1488.17
          ],
          [
            -115.83752,
            51.25454,
            1491.98
          ],
          [
            -115.83751,
            51.25454,
            1492.1
          ],
          [
            -115.8375,
            51.25456,
            1491.42
          ],
          [
            -115.83748,
            51.25461,
            1489.8
          ],
          [
            -115.83745,
            51.25464,
            1489.16
          ],
          [
            -115.83743,
            51.25464,
            1489.52
          ],
          [
            -115.83742,
            51.25463,
            1490.09
          ],
          [
            -115.8374,
            51.25451,
            1495.2
          ],
          [
            -115.83742,
            51.25444,
            1497.6
          ],
          [
            -115.83744,
            51.25441,
            1498.29
          ],
          [
            -115.83746,
            51.2544,
            1498.3
          ],
          [
            -115.83751,
            51.25438,
            1498.18
          ],
          [
            -115.83759,
            51.25436,
            1497.74
          ],
          [
            -115.83771,
            51.25432,
            1497.46
          ],
          [
            -115.83781,
            51.25428,
            1497.55
          ],
          [
            -115.83784,
            51.25426,
            1497.97
          ],
          [
            -115.83787,
            51.25424,
            1498.43
          ],
          [
            -115.83789,
            51.25423,
            1498.64
          ],
          [
            -115.8379,
            51.25422,
            1498.95
          ],
          [
            -115.83791,
            51.2542,
            1499.68
          ],
          [
            -115.83792,
            51.25415,
            1501.06
          ],
          [
            -115.83794,
            51.2541,
            1500.97
          ],
          [
            -115.83792,
            51.25406,
            1501.5
          ],
          [
            -115.83792,
            51.25401,
            1501.75
          ],
          [
            -115.83789,
            51.25396,
            1503.09
          ],
          [
            -115.83788,
            51.25388,
            1504.21
          ],
          [
            -115.83785,
            51.25379,
            1505.12
          ],
          [
            -115.83785,
            51.25378,
            1505.07
          ],
          [
            -115.83783,
            51.25371,
            1505.19
          ],
          [
            -115.83783,
            51.25369,
            1505.04
          ],
          [
            -115.83783,
            51.25366,
            1504.81
          ],
          [
            -115.83783,
            51.25359,
            1505
          ],
          [
            -115.83793,
            51.25349,
            1506.13
          ],
          [
            -115.838,
            51.25343,
            1506.25
          ],
          [
            -115.83804,
            51.2534,
            1506.1
          ],
          [
            -115.83807,
            51.25338,
            1505.62
          ],
          [
            -115.8381,
            51.25335,
            1505.08
          ],
          [
            -115.83814,
            51.25332,
            1503.9
          ],
          [
            -115.83819,
            51.25328,
            1502.23
          ],
          [
            -115.83822,
            51.25326,
            1501.43
          ],
          [
            -115.83828,
            51.25318,
            1500.73
          ],
          [
            -115.83832,
            51.25314,
            1500.66
          ],
          [
            -115.83832,
            51.25312,
            1500.99
          ],
          [
            -115.83832,
            51.25309,
            1501.48
          ],
          [
            -115.83835,
            51.25305,
            1501.29
          ],
          [
            -115.83835,
            51.25299,
            1498.82
          ],
          [
            -115.83835,
            51.25293,
            1496.34
          ],
          [
            -115.83825,
            51.25283,
            1492.31
          ],
          [
            -115.83819,
            51.25275,
            1488
          ],
          [
            -115.83815,
            51.25271,
            1485.2
          ],
          [
            -115.83812,
            51.25265,
            1481.05
          ],
          [
            -115.8381,
            51.2526,
            1477.64
          ],
          [
            -115.8381,
            51.25256,
            1474.85
          ],
          [
            -115.8381,
            51.25252,
            1472.07
          ],
          [
            -115.83809,
            51.25247,
            1470.2
          ],
          [
            -115.83808,
            51.25241,
            1469.18
          ],
          [
            -115.838,
            51.25232,
            1469.09
          ],
          [
            -115.83795,
            51.25226,
            1469.29
          ],
          [
            -115.83792,
            51.25222,
            1469.4
          ],
          [
            -115.83784,
            51.25216,
            1470.93
          ],
          [
            -115.8378,
            51.2521,
            1471.52
          ],
          [
            -115.83778,
            51.25203,
            1471.55
          ],
          [
            -115.83779,
            51.25201,
            1471.13
          ],
          [
            -115.83779,
            51.25198,
            1470.91
          ],
          [
            -115.8378,
            51.25196,
            1470.48
          ],
          [
            -115.83781,
            51.25191,
            1469.04
          ],
          [
            -115.83784,
            51.25187,
            1466.88
          ],
          [
            -115.83786,
            51.25182,
            1464.65
          ],
          [
            -115.83787,
            51.25176,
            1462.37
          ],
          [
            -115.83788,
            51.25162,
            1459.33
          ],
          [
            -115.83789,
            51.25142,
            1460.5
          ],
          [
            -115.8379,
            51.25116,
            1461.73
          ],
          [
            -115.83791,
            51.25113,
            1461.59
          ],
          [
            -115.83792,
            51.25101,
            1462.1
          ],
          [
            -115.83794,
            51.2509,
            1462.01
          ],
          [
            -115.83795,
            51.25081,
            1461.8
          ],
          [
            -115.83796,
            51.25077,
            1461.09
          ],
          [
            -115.83796,
            51.25073,
            1460.86
          ],
          [
            -115.83796,
            51.25068,
            1460.56
          ],
          [
            -115.83797,
            51.25066,
            1459.95
          ],
          [
            -115.83798,
            51.25055,
            1458.87
          ],
          [
            -115.83796,
            51.2504,
            1461.27
          ],
          [
            -115.83801,
            51.25013,
            1460.6
          ],
          [
            -115.83801,
            51.25003,
            1460.23
          ],
          [
            -115.83801,
            51.24997,
            1462.44
          ],
          [
            -115.83802,
            51.24993,
            1464.94
          ],
          [
            -115.83801,
            51.24989,
            1468.64
          ],
          [
            -115.83801,
            51.24982,
            1474.06
          ],
          [
            -115.838,
            51.24969,
            1482.63
          ],
          [
            -115.83797,
            51.24947,
            1487.69
          ],
          [
            -115.83798,
            51.24943,
            1487.89
          ],
          [
            -115.83801,
            51.24937,
            1487.1
          ],
          [
            -115.83804,
            51.24932,
            1486.37
          ],
          [
            -115.83819,
            51.24921,
            1480.09
          ],
          [
            -115.83826,
            51.24915,
            1476.22
          ],
          [
            -115.8383,
            51.2491,
            1473.66
          ],
          [
            -115.83837,
            51.24901,
            1470.41
          ],
          [
            -115.83847,
            51.24886,
            1466.8
          ],
          [
            -115.83859,
            51.24867,
            1459.38
          ],
          [
            -115.83869,
            51.24848,
            1448.86
          ],
          [
            -115.83872,
            51.24841,
            1445.23
          ],
          [
            -115.83873,
            51.24838,
            1443.83
          ],
          [
            -115.83873,
            51.24832,
            1442.1
          ],
          [
            -115.83874,
            51.24827,
            1441.04
          ],
          [
            -115.83874,
            51.24821,
            1440.23
          ],
          [
            -115.83876,
            51.24813,
            1438.73
          ],
          [
            -115.83879,
            51.24805,
            1437.66
          ],
          [
            -115.83882,
            51.248,
            1439.55
          ],
          [
            -115.8389,
            51.24792,
            1443.36
          ],
          [
            -115.83899,
            51.24781,
            1449.62
          ],
          [
            -115.83906,
            51.24773,
            1452.36
          ],
          [
            -115.8392,
            51.24761,
            1452.97
          ],
          [
            -115.83932,
            51.24751,
            1451.82
          ],
          [
            -115.83943,
            51.24744,
            1450.51
          ],
          [
            -115.83956,
            51.24737,
            1448.86
          ],
          [
            -115.83975,
            51.24729,
            1445.53
          ],
          [
            -115.84,
            51.24722,
            1443.01
          ],
          [
            -115.84041,
            51.24712,
            1447.9
          ],
          [
            -115.84054,
            51.24708,
            1447.46
          ],
          [
            -115.84062,
            51.24706,
            1446.44
          ],
          [
            -115.84072,
            51.24702,
            1445.26
          ],
          [
            -115.84083,
            51.24697,
            1444.74
          ],
          [
            -115.84095,
            51.24691,
            1444.27
          ],
          [
            -115.84098,
            51.24689,
            1443.85
          ],
          [
            -115.84103,
            51.24684,
            1442.69
          ],
          [
            -115.84105,
            51.24681,
            1441.95
          ],
          [
            -115.84106,
            51.24677,
            1441.11
          ],
          [
            -115.84107,
            51.24669,
            1439.47
          ],
          [
            -115.84107,
            51.24656,
            1435.24
          ],
          [
            -115.84108,
            51.24653,
            1434.03
          ],
          [
            -115.84106,
            51.24648,
            1432.5
          ],
          [
            -115.84104,
            51.24646,
            1431.95
          ],
          [
            -115.84102,
            51.24644,
            1431.35
          ],
          [
            -115.84092,
            51.24642,
            1431.16
          ],
          [
            -115.84085,
            51.2464,
            1430.53
          ],
          [
            -115.8408,
            51.24639,
            1430.77
          ],
          [
            -115.84078,
            51.24639,
            1431.2
          ],
          [
            -115.84077,
            51.24639,
            1431.42
          ],
          [
            -115.84069,
            51.24636,
            1432.51
          ],
          [
            -115.84059,
            51.24633,
            1433.53
          ],
          [
            -115.84042,
            51.24626,
            1433.44
          ],
          [
            -115.84015,
            51.24592,
            1433.03
          ],
          [
            -115.8399,
            51.24572,
            1428.05
          ]
        ]
      }
    },
    {
      "type": "Feature",
      "properties": {
        "_gpxType": "trk",
        "name": "Little Beehive via Lake Agnes Trail",
        "coordinateProperties": {}
      },
      "geometry": {
        "type": "LineString",
        "coordinates": [
          [
            -116.21929,
            51.41746,
            1735.02
          ],
          [
            -116.21931,
            51.41746,
            1734.9
          ],
          [
            -116.21939,
            51.41747,
            1734.44
          ],
          [
            -116.21947,
            51.41748,
            1734
          ],
          [
            -116.21955,
            51.41749,
            1733.7
          ],
          [
            -116.21962,
            51.41749,
            1733.47
          ],
          [
            -116.2197,
            51.41749,
            1733.22
          ],
          [
            -116.22044,
            51.41755,
            1735.63
          ],
          [
            -116.22044,
            51.41754,
            1735.42
          ],
          [
            -116.2206,
            51.41756,
            1736.27
          ],
          [
            -116.22065,
            51.41757,
            1736.69
          ],
          [
            -116.22068,
            51.41758,
            1737.02
          ],
          [
            -116.2207,
            51.41758,
            1737.11
          ],
          [
            -116.22073,
            51.41759,
            1737.45
          ],
          [
            -116.22083,
            51.41761,
            1738.36
          ],
          [
            -116.22101,
            51.41764,
            1739.66
          ],
          [
            -116.22136,
            51.41768,
            1741.78
          ],
          [
            -116.22143,
            51.4177,
            1742.36
          ],
          [
            -116.22147,
            51.4177,
            1742.4
          ],
          [
            -116.22154,
            51.41772,
            1742.87
          ],
          [
            -116.22169,
            51.41772,
            1743.06
          ],
          [
            -116.22174,
            51.41771,
            1743.11
          ],
          [
            -116.22178,
            51.41771,
            1743.29
          ],
          [
            -116.22181,
            51.41772,
            1743.58
          ],
          [
            -116.22186,
            51.41771,
            1743.65
          ],
          [
            -116.22192,
            51.41772,
            1744.06
          ],
          [
            -116.222,
            51.41772,
            1744.68
          ],
          [
            -116.22206,
            51.41773,
            1745.42
          ],
          [
            -116.22216,
            51.41774,
            1746.57
          ],
          [
            -116.22226,
            51.41777,
            1748.23
          ],
          [
            -116.22238,
            51.4178,
            1751.02
          ],
          [
            -116.22245,
            51.41782,
            1753.18
          ],
          [
            -116.22253,
            51.41784,
            1755.77
          ],
          [
            -116.2226,
            51.41785,
            1757.65
          ],
          [
            -116.22273,
            51.41785,
            1759.86
          ],
          [
            -116.22277,
            51.41784,
            1759.9
          ],
          [
            -116.22281,
            51.41784,
            1759.7
          ],
          [
            -116.22288,
            51.41782,
            1757.78
          ],
          [
            -116.22293,
            51.41781,
            1756.74
          ],
          [
            -116.22304,
            51.41781,
            1755.76
          ],
          [
            -116.22314,
            51.41784,
            1756.56
          ],
          [
            -116.22317,
            51.41787,
            1757.69
          ],
          [
            -116.22327,
            51.41793,
            1759.21
          ],
          [
            -116.22332,
            51.41794,
            1759
          ],
          [
            -116.22336,
            51.41795,
            1759
          ],
          [
            -116.2234,
            51.41795,
            1758.7
          ],
          [
            -116.2234,
            51.41795,
            1758.7
          ],
          [
            -116.22344,
            51.41795,
            1758.39
          ],
          [
            -116.22348,
            51.41794,
            1757.83
          ],
          [
            -116.22357,
            51.41794,
            1757.2
          ],
          [
            -116.22382,
            51.41791,
            1759.39
          ],
          [
            -116.22433,
            51.41791,
            1768.25
          ],
          [
            -116.22444,
            51.4179,
            1770.14
          ],
          [
            -116.22457,
            51.41787,
            1768.12
          ],
          [
            -116.22467,
            51.41787,
            1768.24
          ],
          [
            -116.22475,
            51.41786,
            1767.54
          ],
          [
            -116.22481,
            51.41786,
            1767.84
          ],
          [
            -116.22485,
            51.41786,
            1768.05
          ],
          [
            -116.22495,
            51.41786,
            1768.55
          ],
          [
            -116.2251,
            51.41785,
            1772.75
          ],
          [
            -116.2253,
            51.41782,
            1779.13
          ],
          [
            -116.22539,
            51.41782,
            1781.1
          ],
          [
            -116.22546,
            51.41781,
            1781.6
          ],
          [
            -116.2255,
            51.4178,
            1781.37
          ],
          [
            -116.22559,
            51.41778,
            1781.24
          ],
          [
            -116.22568,
            51.41777,
            1783.05
          ],
          [
            -116.22578,
            51.41776,
            1785.21
          ],
          [
            -116.22592,
            51.41773,
            1788.35
          ],
          [
            -116.2261,
            51.4177,
            1793.54
          ],
          [
            -116.22615,
            51.4177,
            1795.51
          ],
          [
            -116.2262,
            51.41769,
            1796.45
          ],
          [
            -116.22627,
            51.41768,
            1798.03
          ],
          [
            -116.22637,
            51.41765,
            1798.19
          ],
          [
            -116.22651,
            51.41762,
            1796.24
          ],
          [
            -116.22673,
            51.41754,
            1792.28
          ],
          [
            -116.22688,
            51.41749,
            1791.24
          ],
          [
            -116.22699,
            51.41745,
            1791.06
          ],
          [
            -116.22712,
            51.41742,
            1792.35
          ],
          [
            -116.22716,
            51.41741,
            1792.67
          ],
          [
            -116.22724,
            51.41741,
            1794.85
          ],
          [
            -116.22738,
            51.41744,
            1802.04
          ],
          [
            -116.22741,
            51.41744,
            1803.16
          ],
          [
            -116.22743,
            51.41745,
            1804.51
          ],
          [
            -116.22748,
            51.41745,
            1806.37
          ],
          [
            -116.22753,
            51.41746,
            1808.48
          ],
          [
            -116.22759,
            51.41746,
            1810.06
          ],
          [
            -116.22765,
            51.41746,
            1811.63
          ],
          [
            -116.22772,
            51.41745,
            1812.95
          ],
          [
            -116.22781,
            51.41741,
            1814.17
          ],
          [
            -116.22785,
            51.41738,
            1814.59
          ],
          [
            -116.22788,
            51.41736,
            1814.9
          ],
          [
            -116.22791,
            51.41732,
            1813.86
          ],
          [
            -116.22796,
            51.41723,
            1810.08
          ],
          [
            -116.22803,
            51.41713,
            1809.99
          ],
          [
            -116.22809,
            51.41709,
            1811.51
          ],
          [
            -116.22817,
            51.41704,
            1812.09
          ],
          [
            -116.22823,
            51.41702,
            1812.61
          ],
          [
            -116.22828,
            51.41699,
            1812.3
          ],
          [
            -116.22842,
            51.41694,
            1813.2
          ],
          [
            -116.22849,
            51.41692,
            1813.88
          ],
          [
            -116.22855,
            51.4169,
            1814.24
          ],
          [
            -116.22865,
            51.41686,
            1814.11
          ],
          [
            -116.22879,
            51.41679,
            1812.66
          ],
          [
            -116.22897,
            51.41671,
            1813.53
          ],
          [
            -116.22916,
            51.41664,
            1818.47
          ],
          [
            -116.22924,
            51.4166,
            1818.43
          ],
          [
            -116.22937,
            51.41655,
            1820.69
          ],
          [
            -116.2296,
            51.41647,
            1824.24
          ],
          [
            -116.22974,
            51.41641,
            1825.47
          ],
          [
            -116.2298,
            51.41638,
            1826.12
          ],
          [
            -116.22987,
            51.41635,
            1827.12
          ],
          [
            -116.22995,
            51.41632,
            1828.56
          ],
          [
            -116.23004,
            51.41629,
            1829.26
          ],
          [
            -116.23029,
            51.41619,
            1829.96
          ],
          [
            -116.23057,
            51.41608,
            1834.47
          ],
          [
            -116.23079,
            51.41598,
            1843.66
          ],
          [
            -116.23096,
            51.41591,
            1847.96
          ],
          [
            -116.23104,
            51.41588,
            1849.91
          ],
          [
            -116.23115,
            51.41583,
            1852.19
          ],
          [
            -116.23143,
            51.41572,
            1855.31
          ],
          [
            -116.23158,
            51.41564,
            1855.15
          ],
          [
            -116.23185,
            51.41552,
            1859.02
          ],
          [
            -116.23201,
            51.41546,
            1863.98
          ],
          [
            -116.23212,
            51.41541,
            1869.39
          ],
          [
            -116.23235,
            51.41532,
            1880.49
          ],
          [
            -116.23256,
            51.41523,
            1884.6
          ],
          [
            -116.23279,
            51.41513,
            1889.71
          ],
          [
            -116.23304,
            51.41503,
            1890.5
          ],
          [
            -116.23323,
            51.41495,
            1900.54
          ],
          [
            -116.23337,
            51.41489,
            1904.78
          ],
          [
            -116.23346,
            51.41486,
            1905.64
          ],
          [
            -116.2336,
            51.41481,
            1907.1
          ],
          [
            -116.23374,
            51.41475,
            1905.97
          ],
          [
            -116.23388,
            51.41468,
            1906.61
          ],
          [
            -116.23402,
            51.41459,
            1903.93
          ],
          [
            -116.23411,
            51.41453,
            1902.86
          ],
          [
            -116.23427,
            51.41445,
            1904.49
          ],
          [
            -116.2344,
            51.41439,
            1906.17
          ],
          [
            -116.23458,
            51.41431,
            1905.64
          ],
          [
            -116.23477,
            51.41423,
            1904.95
          ],
          [
            -116.23501,
            51.41413,
            1902.57
          ],
          [
            -116.23511,
            51.41409,
            1899.57
          ],
          [
            -116.23534,
            51.41399,
            1892.83
          ],
          [
            -116.23547,
            51.41393,
            1889.02
          ],
          [
            -116.23556,
            51.41389,
            1887.04
          ],
          [
            -116.23562,
            51.41386,
            1885.66
          ],
          [
            -116.23565,
            51.41385,
            1885.13
          ],
          [
            -116.23569,
            51.41382,
            1883.54
          ],
          [
            -116.23576,
            51.41378,
            1881.14
          ],
          [
            -116.23584,
            51.41376,
            1879.58
          ],
          [
            -116.23608,
            51.41367,
            1874.39
          ],
          [
            -116.23618,
            51.41365,
            1873.91
          ],
          [
            -116.23625,
            51.41364,
            1873.92
          ],
          [
            -116.23629,
            51.41363,
            1873.59
          ],
          [
            -116.23634,
            51.4136,
            1872.13
          ],
          [
            -116.2364,
            51.41357,
            1871.24
          ],
          [
            -116.23648,
            51.41352,
            1870.9
          ],
          [
            -116.23657,
            51.41347,
            1872.34
          ],
          [
            -116.23671,
            51.41341,
            1875.56
          ],
          [
            -116.23679,
            51.41338,
            1875.02
          ],
          [
            -116.23682,
            51.41337,
            1874.72
          ],
          [
            -116.23685,
            51.41335,
            1874.24
          ],
          [
            -116.23688,
            51.41334,
            1873.8
          ],
          [
            -116.237,
            51.41329,
            1869.99
          ],
          [
            -116.23721,
            51.41321,
            1867.16
          ],
          [
            -116.23741,
            51.41312,
            1867.21
          ],
          [
            -116.23758,
            51.41306,
            1871.95
          ],
          [
            -116.23786,
            51.41297,
            1879.95
          ],
          [
            -116.23803,
            51.41291,
            1878.53
          ],
          [
            -116.23812,
            51.41287,
            1880.95
          ],
          [
            -116.23826,
            51.41282,
            1886.41
          ],
          [
            -116.23847,
            51.41275,
            1887.84
          ],
          [
            -116.23855,
            51.4127,
            1884.25
          ],
          [
            -116.23862,
            51.41267,
            1882.46
          ],
          [
            -116.23878,
            51.41258,
            1876.11
          ],
          [
            -116.23901,
            51.41247,
            1877.49
          ],
          [
            -116.23916,
            51.41239,
            1883.25
          ],
          [
            -116.23926,
            51.41233,
            1882.1
          ],
          [
            -116.23931,
            51.4123,
            1882.31
          ],
          [
            -116.23937,
            51.41227,
            1883.58
          ],
          [
            -116.23956,
            51.4122,
            1889.77
          ],
          [
            -116.23972,
            51.41215,
            1894.36
          ],
          [
            -116.23977,
            51.41212,
            1894.59
          ],
          [
            -116.23989,
            51.41206,
            1895.16
          ],
          [
            -116.24001,
            51.41197,
            1894.7
          ],
          [
            -116.24011,
            51.41191,
            1892.16
          ],
          [
            -116.24024,
            51.41188,
            1890.69
          ],
          [
            -116.24033,
            51.41186,
            1889.83
          ],
          [
            -116.24039,
            51.41186,
            1890.18
          ],
          [
            -116.24043,
            51.41185,
            1889.8
          ],
          [
            -116.24048,
            51.41185,
            1890.1
          ],
          [
            -116.24054,
            51.41184,
            1889.89
          ],
          [
            -116.24056,
            51.41185,
            1890.61
          ],
          [
            -116.24055,
            51.41186,
            1891.1
          ],
          [
            -116.24034,
            51.41194,
            1894.94
          ],
          [
            -116.24027,
            51.41198,
            1896.49
          ],
          [
            -116.24017,
            51.41206,
            1898.8
          ],
          [
            -116.24009,
            51.41217,
            1901.32
          ],
          [
            -116.24006,
            51.41222,
            1902.23
          ],
          [
            -116.24002,
            51.41226,
            1903.12
          ],
          [
            -116.23994,
            51.41232,
            1904.6
          ],
          [
            -116.23985,
            51.41237,
            1906.41
          ],
          [
            -116.2398,
            51.4124,
            1907.84
          ],
          [
            -116.23977,
            51.41242,
            1908.94
          ],
          [
            -116.23975,
            51.41243,
            1909.52
          ],
          [
            -116.23973,
            51.41244,
            1910.12
          ],
          [
            -116.2397,
            51.41247,
            1910.33
          ],
          [
            -116.23966,
            51.41249,
            1908.3
          ],
          [
            -116.23956,
            51.4126,
            1909.63
          ],
          [
            -116.23948,
            51.41269,
            1913.92
          ],
          [
            -116.2394,
            51.41277,
            1919.43
          ],
          [
            -116.23934,
            51.41281,
            1919.68
          ],
          [
            -116.23927,
            51.41287,
            1921.54
          ],
          [
            -116.23922,
            51.41293,
            1925.23
          ],
          [
            -116.23918,
            51.413,
            1930.95
          ],
          [
            -116.23917,
            51.41304,
            1934.56
          ],
          [
            -116.23914,
            51.41308,
            1936.68
          ],
          [
            -116.23908,
            51.41313,
            1938.13
          ],
          [
            -116.23903,
            51.41316,
            1938.87
          ],
          [
            -116.2389,
            51.41323,
            1940.84
          ],
          [
            -116.23874,
            51.41332,
            1944.93
          ],
          [
            -116.23852,
            51.41344,
            1940.71
          ],
          [
            -116.23831,
            51.4136,
            1935.66
          ],
          [
            -116.23813,
            51.41373,
            1928.33
          ],
          [
            -116.23799,
            51.41384,
            1925.01
          ],
          [
            -116.23796,
            51.41386,
            1923.64
          ],
          [
            -116.23792,
            51.41389,
            1921.83
          ],
          [
            -116.23786,
            51.41392,
            1918.54
          ],
          [
            -116.2377,
            51.41405,
            1918.62
          ],
          [
            -116.23757,
            51.41416,
            1921.83
          ],
          [
            -116.23755,
            51.41419,
            1923.19
          ],
          [
            -116.23753,
            51.41424,
            1925.84
          ],
          [
            -116.23753,
            51.41431,
            1930.48
          ],
          [
            -116.23752,
            51.41435,
            1932.72
          ],
          [
            -116.23748,
            51.4144,
            1934.59
          ],
          [
            -116.23743,
            51.41443,
            1935.1
          ],
          [
            -116.23738,
            51.41445,
            1934.97
          ],
          [
            -116.23734,
            51.41446,
            1934.48
          ],
          [
            -116.23727,
            51.41447,
            1932.81
          ],
          [
            -116.2372,
            51.41448,
            1930.97
          ],
          [
            -116.23714,
            51.41449,
            1929.66
          ],
          [
            -116.23705,
            51.41455,
            1931.1
          ],
          [
            -116.2369,
            51.41465,
            1935.07
          ],
          [
            -116.23677,
            51.41473,
            1935.22
          ],
          [
            -116.23662,
            51.41481,
            1939.27
          ],
          [
            -116.2365,
            51.41489,
            1945.93
          ],
          [
            -116.23645,
            51.41494,
            1950.27
          ],
          [
            -116.23638,
            51.41507,
            1964.84
          ],
          [
            -116.23634,
            51.41511,
            1968.53
          ],
          [
            -116.2363,
            51.41514,
            1970.7
          ],
          [
            -116.23627,
            51.41516,
            1971.95
          ],
          [
            -116.23621,
            51.41519,
            1972.94
          ],
          [
            -116.23613,
            51.41522,
            1972.75
          ],
          [
            -116.23607,
            51.41527,
            1977
          ],
          [
            -116.23604,
            51.41531,
            1979.03
          ],
          [
            -116.23599,
            51.4154,
            1983.98
          ],
          [
            -116.23594,
            51.41545,
            1986.59
          ],
          [
            -116.2359,
            51.41549,
            1989.1
          ],
          [
            -116.23584,
            51.41552,
            1990.67
          ],
          [
            -116.2358,
            51.41555,
            1992.86
          ],
          [
            -116.23575,
            51.41558,
            1993.34
          ],
          [
            -116.23573,
            51.41561,
            1994.05
          ],
          [
            -116.23574,
            51.41562,
            1994.56
          ],
          [
            -116.23575,
            51.41563,
            1995.07
          ],
          [
            -116.23577,
            51.41563,
            1995.39
          ],
          [
            -116.23584,
            51.41563,
            1996.53
          ],
          [
            -116.23592,
            51.41563,
            1997.99
          ],
          [
            -116.236,
            51.41562,
            1999.04
          ],
          [
            -116.23614,
            51.41562,
            2001.8
          ],
          [
            -116.23623,
            51.41562,
            2004.24
          ],
          [
            -116.23627,
            51.41562,
            2005.33
          ],
          [
            -116.23631,
            51.41563,
            2006.83
          ],
          [
            -116.23636,
            51.41565,
            2008.98
          ],
          [
            -116.23641,
            51.41568,
            2011.02
          ],
          [
            -116.23645,
            51.41573,
            2013.02
          ],
          [
            -116.23647,
            51.41577,
            2014.47
          ],
          [
            -116.23655,
            51.41592,
            2017.06
          ],
          [
            -116.23658,
            51.41595,
            2017.49
          ],
          [
            -116.23661,
            51.41597,
            2017.96
          ],
          [
            -116.23673,
            51.41601,
            2018.79
          ],
          [
            -116.23677,
            51.41601,
            2018.54
          ],
          [
            -116.2369,
            51.41604,
            2018.45
          ],
          [
            -116.23695,
            51.41605,
            2018.47
          ],
          [
            -116.23701,
            51.41608,
            2019.37
          ],
          [
            -116.23713,
            51.4161,
            2020.31
          ],
          [
            -116.23718,
            51.41611,
            2020.81
          ],
          [
            -116.23725,
            51.41612,
            2020.76
          ],
          [
            -116.23733,
            51.41615,
            2019.87
          ],
          [
            -116.23738,
            51.4162,
            2018.82
          ],
          [
            -116.23743,
            51.41625,
            2017.51
          ],
          [
            -116.23743,
            51.41628,
            2017.08
          ],
          [
            -116.23745,
            51.41632,
            2016.14
          ],
          [
            -116.23743,
            51.41636,
            2015.93
          ],
          [
            -116.23743,
            51.41641,
            2015.11
          ],
          [
            -116.23741,
            51.41645,
            2014.71
          ],
          [
            -116.23741,
            51.41652,
            2013.29
          ],
          [
            -116.23739,
            51.41657,
            2012.48
          ],
          [
            -116.23739,
            51.41662,
            2011.4
          ],
          [
            -116.23737,
            51.4167,
            2009.65
          ],
          [
            -116.23738,
            51.41672,
            2009.17
          ],
          [
            -116.23741,
            51.41677,
            2008.11
          ],
          [
            -116.23745,
            51.41681,
            2007.56
          ],
          [
            -116.23748,
            51.41683,
            2007.47
          ],
          [
            -116.23759,
            51.41683,
            2009.52
          ],
          [
            -116.23768,
            51.41683,
            2011.38
          ],
          [
            -116.23775,
            51.41682,
            2012.88
          ],
          [
            -116.23782,
            51.4168,
            2014.44
          ],
          [
            -116.23789,
            51.41678,
            2016.16
          ],
          [
            -116.23795,
            51.41675,
            2017.92
          ],
          [
            -116.23805,
            51.41668,
            2021.6
          ],
          [
            -116.23822,
            51.41661,
            2023.82
          ],
          [
            -116.2383,
            51.41659,
            2024.46
          ],
          [
            -116.23846,
            51.41651,
            2024.52
          ],
          [
            -116.23852,
            51.41647,
            2023.93
          ],
          [
            -116.23855,
            51.41644,
            2023.34
          ],
          [
            -116.2386,
            51.41638,
            2021.73
          ],
          [
            -116.23866,
            51.41631,
            2018.98
          ],
          [
            -116.2387,
            51.41626,
            2017.19
          ],
          [
            -116.23874,
            51.41622,
            2015.88
          ],
          [
            -116.23877,
            51.4162,
            2015.3
          ],
          [
            -116.23881,
            51.41618,
            2014.8
          ],
          [
            -116.23886,
            51.41615,
            2014.08
          ],
          [
            -116.23893,
            51.41611,
            2013.28
          ],
          [
            -116.23898,
            51.41608,
            2013.24
          ],
          [
            -116.23901,
            51.41608,
            2013.47
          ],
          [
            -116.23904,
            51.41608,
            2013.7
          ],
          [
            -116.2391,
            51.41611,
            2014.51
          ],
          [
            -116.23914,
            51.41616,
            2015.76
          ],
          [
            -116.23919,
            51.4162,
            2016.66
          ],
          [
            -116.23921,
            51.41623,
            2017.18
          ],
          [
            -116.23926,
            51.41627,
            2017.76
          ],
          [
            -116.23941,
            51.41634,
            2017.98
          ],
          [
            -116.23959,
            51.41638,
            2018.54
          ],
          [
            -116.23965,
            51.41641,
            2019.22
          ],
          [
            -116.23974,
            51.41646,
            2020.62
          ],
          [
            -116.23979,
            51.41648,
            2021.29
          ],
          [
            -116.2398,
            51.41648,
            2021.34
          ],
          [
            -116.23982,
            51.41649,
            2021.66
          ],
          [
            -116.23983,
            51.41649,
            2021.71
          ],
          [
            -116.23986,
            51.41649,
            2021.86
          ],
          [
            -116.23987,
            51.4165,
            2022.14
          ],
          [
            -116.23988,
            51.4165,
            2022.2
          ],
          [
            -116.23991,
            51.41651,
            2022.59
          ],
          [
            -116.23994,
            51.41657,
            2024.21
          ],
          [
            -116.23991,
            51.41661,
            2024.99
          ],
          [
            -116.23986,
            51.41666,
            2025.84
          ],
          [
            -116.23981,
            51.41668,
            2025.84
          ],
          [
            -116.23975,
            51.4167,
            2025.78
          ],
          [
            -116.23965,
            51.41671,
            2025.7
          ],
          [
            -116.23954,
            51.41671,
            2025.58
          ],
          [
            -116.23943,
            51.41672,
            2025.69
          ],
          [
            -116.2394,
            51.41673,
            2026.02
          ],
          [
            -116.23939,
            51.41673,
            2026.09
          ],
          [
            -116.23938,
            51.41675,
            2026.32
          ],
          [
            -116.23939,
            51.41677,
            2026.41
          ],
          [
            -116.23943,
            51.4168,
            2026.5
          ],
          [
            -116.23949,
            51.41682,
            2026.84
          ],
          [
            -116.23959,
            51.41684,
            2027.53
          ],
          [
            -116.23975,
            51.41685,
            2028.37
          ],
          [
            -116.23978,
            51.41685,
            2028.44
          ],
          [
            -116.23978,
            51.41686,
            2028.61
          ],
          [
            -116.23976,
            51.41687,
            2028.73
          ],
          [
            -116.23973,
            51.41688,
            2028.85
          ],
          [
            -116.23967,
            51.41691,
            2029.05
          ],
          [
            -116.23961,
            51.41693,
            2028.97
          ],
          [
            -116.23956,
            51.41697,
            2029.42
          ],
          [
            -116.23952,
            51.41702,
            2030.25
          ],
          [
            -116.23945,
            51.41708,
            2030.98
          ],
          [
            -116.2394,
            51.41715,
            2031.92
          ],
          [
            -116.23937,
            51.41718,
            2032.14
          ],
          [
            -116.23933,
            51.41722,
            2032.31
          ],
          [
            -116.23926,
            51.41727,
            2033.87
          ],
          [
            -116.23923,
            51.41731,
            2035.48
          ],
          [
            -116.23916,
            51.41735,
            2036.31
          ],
          [
            -116.2391,
            51.41743,
            2038.97
          ],
          [
            -116.23906,
            51.41749,
            2040.85
          ],
          [
            -116.23906,
            51.41753,
            2041.34
          ],
          [
            -116.23908,
            51.41757,
            2041.91
          ],
          [
            -116.23911,
            51.41759,
            2042.76
          ],
          [
            -116.23915,
            51.41762,
            2043.96
          ],
          [
            -116.2392,
            51.41765,
            2045.52
          ],
          [
            -116.23927,
            51.41769,
            2047.93
          ],
          [
            -116.23934,
            51.41773,
            2050.64
          ],
          [
            -116.23943,
            51.41788,
            2056.03
          ],
          [
            -116.23949,
            51.41795,
            2058.57
          ],
          [
            -116.23952,
            51.41797,
            2059.44
          ],
          [
            -116.23957,
            51.41797,
            2060.55
          ],
          [
            -116.23959,
            51.41795,
            2060.97
          ],
          [
            -116.23961,
            51.41791,
            2061.47
          ],
          [
            -116.23961,
            51.41776,
            2061.01
          ],
          [
            -116.23963,
            51.41771,
            2060.15
          ],
          [
            -116.23967,
            51.41764,
            2059.04
          ],
          [
            -116.23973,
            51.4176,
            2059.09
          ],
          [
            -116.23977,
            51.41756,
            2058.26
          ],
          [
            -116.23981,
            51.41753,
            2057.95
          ],
          [
            -116.23988,
            51.4175,
            2058.41
          ],
          [
            -116.23997,
            51.41745,
            2056.95
          ],
          [
            -116.24002,
            51.41743,
            2056.66
          ],
          [
            -116.24014,
            51.4174,
            2057.14
          ],
          [
            -116.2402,
            51.41737,
            2056.14
          ],
          [
            -116.24025,
            51.41736,
            2056.36
          ],
          [
            -116.24031,
            51.41736,
            2057.26
          ],
          [
            -116.24037,
            51.41735,
            2057.17
          ],
          [
            -116.24058,
            51.41735,
            2059.61
          ],
          [
            -116.24063,
            51.41734,
            2059.71
          ],
          [
            -116.24069,
            51.41735,
            2061.11
          ],
          [
            -116.24083,
            51.41735,
            2063.01
          ],
          [
            -116.24088,
            51.41736,
            2063.46
          ],
          [
            -116.24096,
            51.41736,
            2063.46
          ],
          [
            -116.24099,
            51.41738,
            2064.09
          ],
          [
            -116.24103,
            51.41737,
            2063.76
          ],
          [
            -116.24108,
            51.41738,
            2064.01
          ],
          [
            -116.24113,
            51.41738,
            2064.08
          ],
          [
            -116.24118,
            51.41739,
            2064.63
          ],
          [
            -116.24123,
            51.41739,
            2064.91
          ],
          [
            -116.24128,
            51.4174,
            2065.48
          ],
          [
            -116.24134,
            51.4174,
            2065.83
          ],
          [
            -116.24138,
            51.41741,
            2066.35
          ],
          [
            -116.24142,
            51.41741,
            2066.56
          ],
          [
            -116.24147,
            51.41742,
            2067.11
          ],
          [
            -116.24156,
            51.41742,
            2067.57
          ],
          [
            -116.24164,
            51.41743,
            2068.34
          ],
          [
            -116.2417,
            51.41743,
            2069.32
          ],
          [
            -116.24202,
            51.41741,
            2076.37
          ],
          [
            -116.24207,
            51.4174,
            2077.12
          ],
          [
            -116.24211,
            51.4174,
            2078.13
          ],
          [
            -116.24214,
            51.41739,
            2078.38
          ],
          [
            -116.24221,
            51.41739,
            2080.15
          ],
          [
            -116.2423,
            51.41738,
            2081.8
          ],
          [
            -116.24237,
            51.41737,
            2083.07
          ],
          [
            -116.24246,
            51.41736,
            2084.96
          ],
          [
            -116.24253,
            51.41735,
            2086.72
          ],
          [
            -116.24261,
            51.41734,
            2089.24
          ],
          [
            -116.24264,
            51.41734,
            2090.29
          ],
          [
            -116.24268,
            51.41733,
            2091.48
          ],
          [
            -116.24276,
            51.41733,
            2094.31
          ],
          [
            -116.24281,
            51.41732,
            2095.65
          ],
          [
            -116.24286,
            51.41732,
            2097.04
          ],
          [
            -116.24291,
            51.41731,
            2098.21
          ],
          [
            -116.24296,
            51.41731,
            2099.59
          ],
          [
            -116.24315,
            51.41728,
            2103.5
          ],
          [
            -116.24323,
            51.41725,
            2104.47
          ],
          [
            -116.24328,
            51.41722,
            2104.83
          ],
          [
            -116.24338,
            51.41719,
            2107.06
          ],
          [
            -116.2435,
            51.41719,
            2110.08
          ],
          [
            -116.24356,
            51.41718,
            2111.56
          ],
          [
            -116.2436,
            51.41714,
            2112.42
          ],
          [
            -116.24364,
            51.41709,
            2113.83
          ],
          [
            -116.24366,
            51.41704,
            2114.52
          ],
          [
            -116.24368,
            51.41698,
            2115.14
          ],
          [
            -116.2437,
            51.41689,
            2116.58
          ],
          [
            -116.2437,
            51.41682,
            2117.52
          ],
          [
            -116.24368,
            51.41676,
            2117.81
          ],
          [
            -116.24369,
            51.41671,
            2118.79
          ],
          [
            -116.2437,
            51.41664,
            2120.53
          ],
          [
            -116.24373,
            51.41658,
            2123.04
          ],
          [
            -116.24377,
            51.41653,
            2125.15
          ],
          [
            -116.24381,
            51.41649,
            2126.75
          ],
          [
            -116.24386,
            51.4165,
            2126.93
          ],
          [
            -116.24389,
            51.41657,
            2125.44
          ],
          [
            -116.24389,
            51.41657,
            2125.44
          ],
          [
            -116.2439,
            51.41657,
            2125.51
          ],
          [
            -116.24396,
            51.41654,
            2126.52
          ],
          [
            -116.24399,
            51.41649,
            2127.52
          ],
          [
            -116.24401,
            51.41646,
            2128.01
          ],
          [
            -116.24402,
            51.41645,
            2128.14
          ],
          [
            -116.24405,
            51.41643,
            2128.32
          ],
          [
            -116.24407,
            51.41641,
            2128.46
          ],
          [
            -116.24412,
            51.41637,
            2129.2
          ],
          [
            -116.24417,
            51.41635,
            2129.8
          ],
          [
            -116.2442,
            51.41633,
            2130.56
          ],
          [
            -116.24422,
            51.41633,
            2130.44
          ],
          [
            -116.2443,
            51.41634,
            2129.55
          ],
          [
            -116.24436,
            51.41635,
            2128.83
          ],
          [
            -116.24443,
            51.41638,
            2127.38
          ],
          [
            -116.24449,
            51.41639,
            2127.01
          ],
          [
            -116.24456,
            51.4164,
            2127.16
          ],
          [
            -116.2446,
            51.41644,
            2127.88
          ],
          [
            -116.24455,
            51.41648,
            2128.28
          ],
          [
            -116.2445,
            51.41651,
            2128.31
          ],
          [
            -116.24444,
            51.41653,
            2128.01
          ],
          [
            -116.24437,
            51.41655,
            2127.96
          ],
          [
            -116.24432,
            51.41658,
            2127.9
          ],
          [
            -116.24428,
            51.41663,
            2127.79
          ],
          [
            -116.24425,
            51.41667,
            2127.73
          ],
          [
            -116.24423,
            51.41672,
            2129.41
          ],
          [
            -116.24422,
            51.41677,
            2130.99
          ],
          [
            -116.24421,
            51.41679,
            2131.39
          ],
          [
            -116.24421,
            51.41679,
            2131.39
          ],
          [
            -116.24421,
            51.4168,
            2131.72
          ],
          [
            -116.24419,
            51.41685,
            2132.56
          ],
          [
            -116.24415,
            51.41693,
            2133.05
          ],
          [
            -116.24409,
            51.41702,
            2133.36
          ],
          [
            -116.24405,
            51.41711,
            2133.76
          ],
          [
            -116.24399,
            51.41723,
            2132.73
          ],
          [
            -116.24399,
            51.41724,
            2132.96
          ],
          [
            -116.24397,
            51.41728,
            2132.56
          ],
          [
            -116.24397,
            51.41732,
            2133.47
          ],
          [
            -116.24391,
            51.41753,
            2133.74
          ],
          [
            -116.2439,
            51.41759,
            2133.69
          ],
          [
            -116.24389,
            51.41763,
            2133.47
          ],
          [
            -116.24388,
            51.41766,
            2133.4
          ],
          [
            -116.24387,
            51.41768,
            2133.26
          ],
          [
            -116.24386,
            51.41772,
            2133.38
          ],
          [
            -116.24384,
            51.41778,
            2133.5
          ],
          [
            -116.24383,
            51.41783,
            2134.97
          ],
          [
            -116.2438,
            51.41793,
            2137.6
          ],
          [
            -116.24372,
            51.418,
            2137.53
          ],
          [
            -116.24364,
            51.41805,
            2136.74
          ],
          [
            -116.24361,
            51.41806,
            2136.23
          ],
          [
            -116.24359,
            51.41809,
            2137.45
          ],
          [
            -116.24351,
            51.41815,
            2138.89
          ],
          [
            -116.24346,
            51.41822,
            2141.66
          ],
          [
            -116.24343,
            51.41827,
            2143.79
          ],
          [
            -116.24342,
            51.41834,
            2147.47
          ],
          [
            -116.24336,
            51.41846,
            2150.82
          ],
          [
            -116.24334,
            51.41853,
            2153.01
          ],
          [
            -116.24331,
            51.41857,
            2153.72
          ],
          [
            -116.24321,
            51.41868,
            2155.75
          ],
          [
            -116.24311,
            51.41875,
            2156.77
          ],
          [
            -116.24307,
            51.41876,
            2156.37
          ],
          [
            -116.24299,
            51.41878,
            2155.56
          ],
          [
            -116.24295,
            51.41879,
            2155.14
          ],
          [
            -116.24293,
            51.4188,
            2155.18
          ],
          [
            -116.24289,
            51.41882,
            2155.26
          ],
          [
            -116.24282,
            51.41885,
            2155.08
          ],
          [
            -116.24271,
            51.41889,
            2155.33
          ],
          [
            -116.24266,
            51.41891,
            2155.75
          ],
          [
            -116.24249,
            51.419,
            2156.9
          ],
          [
            -116.24233,
            51.41906,
            2158.5
          ],
          [
            -116.24219,
            51.41911,
            2160.03
          ],
          [
            -116.24197,
            51.41917,
            2153.39
          ],
          [
            -116.24186,
            51.41919,
            2152.79
          ],
          [
            -116.24177,
            51.41921,
            2153.3
          ],
          [
            -116.24169,
            51.41923,
            2153.84
          ],
          [
            -116.24167,
            51.41924,
            2154.25
          ],
          [
            -116.24165,
            51.41925,
            2154.58
          ],
          [
            -116.24161,
            51.41926,
            2154.63
          ],
          [
            -116.24157,
            51.41928,
            2155.28
          ],
          [
            -116.24137,
            51.41937,
            2158.25
          ],
          [
            -116.24135,
            51.41938,
            2158.68
          ],
          [
            -116.24133,
            51.4194,
            2159.75
          ],
          [
            -116.24133,
            51.41944,
            2162.29
          ],
          [
            -116.24134,
            51.41948,
            2165.47
          ],
          [
            -116.24136,
            51.41951,
            2168.19
          ],
          [
            -116.24138,
            51.4196,
            2176.18
          ],
          [
            -116.24136,
            51.4197,
            2183.82
          ],
          [
            -116.2413,
            51.41988,
            2183.52
          ],
          [
            -116.24126,
            51.41992,
            2182.85
          ],
          [
            -116.24122,
            51.41996,
            2182.59
          ],
          [
            -116.24119,
            51.41998,
            2182.48
          ],
          [
            -116.24119,
            51.41999,
            2182.67
          ],
          [
            -116.24115,
            51.42001,
            2182.84
          ],
          [
            -116.24107,
            51.42005,
            2183.94
          ],
          [
            -116.24095,
            51.42011,
            2186.28
          ],
          [
            -116.24081,
            51.42018,
            2190.57
          ],
          [
            -116.24071,
            51.42023,
            2198.01
          ],
          [
            -116.24063,
            51.42025,
            2203.46
          ],
          [
            -116.24054,
            51.42025,
            2207.43
          ],
          [
            -116.24039,
            51.42021,
            2206.35
          ],
          [
            -116.24021,
            51.42014,
            2202.82
          ],
          [
            -116.24014,
            51.4201,
            2201.11
          ],
          [
            -116.24007,
            51.42006,
            2200.27
          ],
          [
            -116.24003,
            51.42003,
            2199.68
          ],
          [
            -116.24001,
            51.42003,
            2200.52
          ],
          [
            -116.24,
            51.42002,
            2200.3
          ],
          [
            -116.23995,
            51.42002,
            2200.26
          ],
          [
            -116.23981,
            51.42007,
            2203.02
          ],
          [
            -116.23965,
            51.42011,
            2204.47
          ],
          [
            -116.23959,
            51.42012,
            2204.67
          ],
          [
            -116.23955,
            51.42014,
            2205.64
          ],
          [
            -116.23951,
            51.42014,
            2205.42
          ],
          [
            -116.23946,
            51.42015,
            2205.8
          ],
          [
            -116.23942,
            51.42016,
            2205.74
          ],
          [
            -116.23937,
            51.42017,
            2205.23
          ],
          [
            -116.23935,
            51.42018,
            2205.55
          ],
          [
            -116.23933,
            51.42019,
            2205.93
          ],
          [
            -116.23931,
            51.42019,
            2205.51
          ],
          [
            -116.23929,
            51.42021,
            2206.87
          ],
          [
            -116.23926,
            51.42024,
            2209.14
          ],
          [
            -116.23921,
            51.42045,
            2218.18
          ],
          [
            -116.2392,
            51.42048,
            2219.05
          ],
          [
            -116.23918,
            51.42052,
            2220.07
          ],
          [
            -116.23915,
            51.42056,
            2220.71
          ],
          [
            -116.23913,
            51.42058,
            2220.85
          ],
          [
            -116.23912,
            51.42059,
            2220.94
          ],
          [
            -116.2391,
            51.4206,
            2220.83
          ],
          [
            -116.23905,
            51.42064,
            2221.26
          ],
          [
            -116.23899,
            51.42067,
            2221.42
          ],
          [
            -116.23897,
            51.42069,
            2221.97
          ],
          [
            -116.23889,
            51.42073,
            2222.8
          ],
          [
            -116.23883,
            51.42075,
            2223.76
          ],
          [
            -116.23875,
            51.42077,
            2224.85
          ],
          [
            -116.23868,
            51.42076,
            2224.26
          ],
          [
            -116.23861,
            51.42077,
            2224.89
          ],
          [
            -116.23856,
            51.42081,
            2227.43
          ],
          [
            -116.23851,
            51.42085,
            2229.35
          ],
          [
            -116.23846,
            51.42088,
            2229.9
          ],
          [
            -116.23839,
            51.4209,
            2230.11
          ],
          [
            -116.23832,
            51.42091,
            2230.18
          ],
          [
            -116.23829,
            51.42092,
            2230.5
          ],
          [
            -116.2381,
            51.42095,
            2232.23
          ],
          [
            -116.23803,
            51.42097,
            2232.12
          ],
          [
            -116.23797,
            51.42099,
            2230.65
          ],
          [
            -116.2379,
            51.42102,
            2229.18
          ],
          [
            -116.23784,
            51.42104,
            2227.86
          ],
          [
            -116.23778,
            51.42107,
            2226.88
          ],
          [
            -116.23773,
            51.4211,
            2225.33
          ],
          [
            -116.23768,
            51.42113,
            2222.97
          ],
          [
            -116.23766,
            51.42114,
            2221.96
          ],
          [
            -116.2376,
            51.42115,
            2219.11
          ],
          [
            -116.23766,
            51.42114,
            2221.96
          ],
          [
            -116.23768,
            51.42113,
            2222.97
          ],
          [
            -116.23773,
            51.4211,
            2225.33
          ],
          [
            -116.23778,
            51.42107,
            2226.88
          ],
          [
            -116.23784,
            51.42104,
            2227.86
          ],
          [
            -116.2379,
            51.42102,
            2229.18
          ],
          [
            -116.23797,
            51.42099,
            2230.65
          ],
          [
            -116.23803,
            51.42097,
            2232.12
          ],
          [
            -116.2381,
            51.42095,
            2232.23
          ],
          [
            -116.23829,
            51.42092,
            2230.5
          ],
          [
            -116.23832,
            51.42091,
            2230.18
          ],
          [
            -116.23839,
            51.4209,
            2230.11
          ],
          [
            -116.23846,
            51.42088,
            2229.9
          ],
          [
            -116.23851,
            51.42085,
            2229.35
          ],
          [
            -116.23856,
            51.42081,
            2227.43
          ],
          [
            -116.23861,
            51.42077,
            2224.89
          ],
          [
            -116.23868,
            51.42076,
            2224.26
          ],
          [
            -116.23875,
            51.42077,
            2224.85
          ],
          [
            -116.23883,
            51.42075,
            2223.76
          ],
          [
            -116.23889,
            51.42073,
            2222.8
          ],
          [
            -116.23897,
            51.42069,
            2221.97
          ],
          [
            -116.23899,
            51.42067,
            2221.42
          ],
          [
            -116.23905,
            51.42064,
            2221.26
          ],
          [
            -116.2391,
            51.4206,
            2220.83
          ],
          [
            -116.23912,
            51.42059,
            2220.94
          ],
          [
            -116.23913,
            51.42058,
            2220.85
          ],
          [
            -116.23915,
            51.42056,
            2220.71
          ],
          [
            -116.23918,
            51.42052,
            2220.07
          ],
          [
            -116.2392,
            51.42048,
            2219.05
          ],
          [
            -116.23921,
            51.42045,
            2218.18
          ],
          [
            -116.23926,
            51.42024,
            2209.14
          ],
          [
            -116.23929,
            51.42021,
            2206.87
          ],
          [
            -116.23931,
            51.42019,
            2205.51
          ],
          [
            -116.23933,
            51.42019,
            2205.93
          ],
          [
            -116.23935,
            51.42018,
            2205.55
          ],
          [
            -116.23937,
            51.42017,
            2205.23
          ],
          [
            -116.23942,
            51.42016,
            2205.74
          ],
          [
            -116.23946,
            51.42015,
            2205.8
          ],
          [
            -116.23951,
            51.42014,
            2205.42
          ],
          [
            -116.23955,
            51.42014,
            2205.64
          ],
          [
            -116.23959,
            51.42012,
            2204.67
          ],
          [
            -116.23965,
            51.42011,
            2204.47
          ],
          [
            -116.23981,
            51.42007,
            2203.02
          ],
          [
            -116.23995,
            51.42002,
            2200.26
          ],
          [
            -116.24,
            51.42002,
            2200.3
          ],
          [
            -116.24001,
            51.42003,
            2200.52
          ],
          [
            -116.24003,
            51.42003,
            2199.68
          ],
          [
            -116.24007,
            51.42006,
            2200.27
          ],
          [
            -116.24014,
            51.4201,
            2201.11
          ],
          [
            -116.24021,
            51.42014,
            2202.82
          ],
          [
            -116.24039,
            51.42021,
            2206.35
          ],
          [
            -116.24054,
            51.42025,
            2207.43
          ],
          [
            -116.24063,
            51.42025,
            2203.46
          ],
          [
            -116.24071,
            51.42023,
            2198.01
          ],
          [
            -116.24081,
            51.42018,
            2190.57
          ],
          [
            -116.24095,
            51.42011,
            2186.28
          ],
          [
            -116.24107,
            51.42005,
            2183.94
          ],
          [
            -116.24115,
            51.42001,
            2182.84
          ],
          [
            -116.24119,
            51.41999,
            2182.67
          ],
          [
            -116.24119,
            51.41998,
            2182.48
          ],
          [
            -116.24122,
            51.41996,
            2182.59
          ],
          [
            -116.24126,
            51.41992,
            2182.85
          ],
          [
            -116.2413,
            51.41988,
            2183.52
          ],
          [
            -116.24136,
            51.4197,
            2183.82
          ],
          [
            -116.24138,
            51.4196,
            2176.18
          ],
          [
            -116.24136,
            51.41951,
            2168.19
          ],
          [
            -116.24134,
            51.41948,
            2165.47
          ],
          [
            -116.24133,
            51.41944,
            2162.29
          ],
          [
            -116.24133,
            51.4194,
            2159.75
          ],
          [
            -116.24135,
            51.41938,
            2158.68
          ],
          [
            -116.24137,
            51.41937,
            2158.25
          ],
          [
            -116.24157,
            51.41928,
            2155.28
          ],
          [
            -116.24161,
            51.41926,
            2154.63
          ],
          [
            -116.24165,
            51.41925,
            2154.58
          ],
          [
            -116.24167,
            51.41924,
            2154.25
          ],
          [
            -116.24169,
            51.41923,
            2153.84
          ],
          [
            -116.24177,
            51.41921,
            2153.3
          ],
          [
            -116.24186,
            51.41919,
            2152.79
          ],
          [
            -116.24197,
            51.41917,
            2153.39
          ],
          [
            -116.24219,
            51.41911,
            2160.03
          ],
          [
            -116.24233,
            51.41906,
            2158.5
          ],
          [
            -116.24249,
            51.419,
            2156.9
          ],
          [
            -116.24266,
            51.41891,
            2155.75
          ],
          [
            -116.24271,
            51.41889,
            2155.33
          ],
          [
            -116.24282,
            51.41885,
            2155.08
          ],
          [
            -116.24289,
            51.41882,
            2155.26
          ],
          [
            -116.24293,
            51.4188,
            2155.18
          ],
          [
            -116.24295,
            51.41879,
            2155.14
          ],
          [
            -116.24299,
            51.41878,
            2155.56
          ],
          [
            -116.24307,
            51.41876,
            2156.37
          ],
          [
            -116.24311,
            51.41875,
            2156.77
          ],
          [
            -116.24321,
            51.41868,
            2155.75
          ],
          [
            -116.24331,
            51.41857,
            2153.72
          ],
          [
            -116.24334,
            51.41853,
            2153.01
          ],
          [
            -116.24336,
            51.41846,
            2150.82
          ],
          [
            -116.24342,
            51.41834,
            2147.47
          ],
          [
            -116.24343,
            51.41827,
            2143.79
          ],
          [
            -116.24346,
            51.41822,
            2141.66
          ],
          [
            -116.24351,
            51.41815,
            2138.89
          ],
          [
            -116.24359,
            51.41809,
            2137.45
          ],
          [
            -116.24361,
            51.41806,
            2136.23
          ],
          [
            -116.24347,
            51.41809,
            2134.43
          ],
          [
            -116.2434,
            51.4181,
            2133.24
          ],
          [
            -116.24331,
            51.41809,
            2130.7
          ],
          [
            -116.24324,
            51.41809,
            2129.85
          ],
          [
            -116.24317,
            51.4181,
            2129.51
          ],
          [
            -116.24309,
            51.41811,
            2128.99
          ],
          [
            -116.24302,
            51.41812,
            2128.63
          ],
          [
            -116.24296,
            51.41815,
            2129.39
          ],
          [
            -116.24291,
            51.41818,
            2130.25
          ],
          [
            -116.24287,
            51.41822,
            2131.69
          ],
          [
            -116.24284,
            51.41827,
            2133.71
          ],
          [
            -116.2428,
            51.41831,
            2135.15
          ],
          [
            -116.24278,
            51.41832,
            2135.4
          ],
          [
            -116.2427,
            51.41838,
            2135.42
          ],
          [
            -116.24264,
            51.41841,
            2134.95
          ],
          [
            -116.24259,
            51.41844,
            2134.77
          ],
          [
            -116.24254,
            51.41845,
            2134.1
          ],
          [
            -116.24255,
            51.41842,
            2133.46
          ],
          [
            -116.24256,
            51.41839,
            2132.84
          ],
          [
            -116.24256,
            51.41839,
            2132.84
          ],
          [
            -116.24258,
            51.41836,
            2132.44
          ],
          [
            -116.24261,
            51.4183,
            2130.96
          ],
          [
            -116.24263,
            51.41821,
            2127.51
          ],
          [
            -116.24266,
            51.41815,
            2125.44
          ],
          [
            -116.2427,
            51.4181,
            2123.87
          ],
          [
            -116.24277,
            51.41804,
            2122.11
          ],
          [
            -116.24285,
            51.41799,
            2120.48
          ],
          [
            -116.24285,
            51.41799,
            2120.48
          ],
          [
            -116.24288,
            51.41796,
            2119.29
          ],
          [
            -116.24293,
            51.41792,
            2117.81
          ],
          [
            -116.24296,
            51.4179,
            2117.13
          ],
          [
            -116.24297,
            51.41789,
            2116.73
          ],
          [
            -116.24301,
            51.41787,
            2116.16
          ],
          [
            -116.2431,
            51.41784,
            2115.99
          ],
          [
            -116.24321,
            51.41782,
            2117.21
          ],
          [
            -116.24326,
            51.41779,
            2116.93
          ],
          [
            -116.24333,
            51.41777,
            2117.79
          ],
          [
            -116.24339,
            51.41775,
            2119.11
          ],
          [
            -116.24342,
            51.41774,
            2119.77
          ],
          [
            -116.24342,
            51.41774,
            2119.77
          ],
          [
            -116.24345,
            51.41773,
            2120.43
          ],
          [
            -116.24348,
            51.41771,
            2120.88
          ],
          [
            -116.24352,
            51.4177,
            2121.79
          ],
          [
            -116.24352,
            51.41769,
            2121.58
          ],
          [
            -116.24351,
            51.41768,
            2121.1
          ],
          [
            -116.24346,
            51.41768,
            2119.73
          ],
          [
            -116.24337,
            51.41769,
            2117.43
          ],
          [
            -116.24329,
            51.4177,
            2115.66
          ],
          [
            -116.24291,
            51.41773,
            2109.03
          ],
          [
            -116.24281,
            51.41775,
            2108.32
          ],
          [
            -116.24271,
            51.41776,
            2107.49
          ],
          [
            -116.24261,
            51.41776,
            2106.29
          ],
          [
            -116.24256,
            51.41777,
            2106.23
          ],
          [
            -116.24243,
            51.41777,
            2104.54
          ],
          [
            -116.24234,
            51.41779,
            2104.24
          ],
          [
            -116.24228,
            51.41779,
            2103.37
          ],
          [
            -116.24226,
            51.4178,
            2103.51
          ],
          [
            -116.24225,
            51.4178,
            2103.37
          ],
          [
            -116.24224,
            51.4178,
            2103.22
          ],
          [
            -116.24221,
            51.4178,
            2102.7
          ],
          [
            -116.24211,
            51.41781,
            2101.01
          ],
          [
            -116.24196,
            51.41781,
            2097.84
          ],
          [
            -116.24189,
            51.41782,
            2097.52
          ],
          [
            -116.24165,
            51.41788,
            2097.81
          ],
          [
            -116.2416,
            51.4179,
            2097.96
          ],
          [
            -116.24144,
            51.41799,
            2100.19
          ],
          [
            -116.24136,
            51.41804,
            2101.8
          ],
          [
            -116.24131,
            51.41808,
            2102.02
          ],
          [
            -116.24122,
            51.41812,
            2100.89
          ],
          [
            -116.24115,
            51.41818,
            2100.07
          ],
          [
            -116.24109,
            51.41821,
            2099.14
          ],
          [
            -116.24107,
            51.41823,
            2098.83
          ],
          [
            -116.24107,
            51.41823,
            2098.83
          ],
          [
            -116.24104,
            51.41823,
            2098.25
          ],
          [
            -116.24101,
            51.41823,
            2097.67
          ],
          [
            -116.24096,
            51.41818,
            2096.43
          ],
          [
            -116.24094,
            51.41814,
            2095.8
          ],
          [
            -116.24093,
            51.41809,
            2095.29
          ],
          [
            -116.2409,
            51.41802,
            2093.33
          ],
          [
            -116.24086,
            51.41793,
            2090.11
          ],
          [
            -116.24083,
            51.41787,
            2088.24
          ],
          [
            -116.24082,
            51.41784,
            2087.21
          ],
          [
            -116.24082,
            51.41784,
            2087.21
          ],
          [
            -116.24082,
            51.41783,
            2086.95
          ],
          [
            -116.24081,
            51.41781,
            2086.16
          ],
          [
            -116.24081,
            51.41779,
            2085.64
          ],
          [
            -116.24079,
            51.41775,
            2083.18
          ],
          [
            -116.24079,
            51.41774,
            2082.61
          ],
          [
            -116.24075,
            51.41769,
            2078.99
          ],
          [
            -116.24072,
            51.41765,
            2076.42
          ],
          [
            -116.24071,
            51.4176,
            2073.84
          ],
          [
            -116.24072,
            51.41756,
            2071.97
          ],
          [
            -116.24076,
            51.41752,
            2070.07
          ],
          [
            -116.24081,
            51.41748,
            2068.17
          ],
          [
            -116.24087,
            51.41746,
            2067.23
          ],
          [
            -116.24093,
            51.41743,
            2065.88
          ],
          [
            -116.24095,
            51.41743,
            2065.81
          ],
          [
            -116.24099,
            51.41738,
            2064.09
          ],
          [
            -116.24096,
            51.41736,
            2063.46
          ],
          [
            -116.24088,
            51.41736,
            2063.46
          ],
          [
            -116.24083,
            51.41735,
            2063.01
          ],
          [
            -116.24069,
            51.41735,
            2061.11
          ],
          [
            -116.24063,
            51.41734,
            2059.71
          ],
          [
            -116.24058,
            51.41735,
            2059.61
          ],
          [
            -116.24037,
            51.41735,
            2057.17
          ],
          [
            -116.24031,
            51.41736,
            2057.26
          ],
          [
            -116.24025,
            51.41736,
            2056.36
          ],
          [
            -116.2402,
            51.41737,
            2056.14
          ],
          [
            -116.24014,
            51.4174,
            2057.14
          ],
          [
            -116.24002,
            51.41743,
            2056.66
          ],
          [
            -116.23997,
            51.41745,
            2056.95
          ],
          [
            -116.23988,
            51.4175,
            2058.41
          ],
          [
            -116.23981,
            51.41753,
            2057.95
          ],
          [
            -116.23977,
            51.41756,
            2058.26
          ],
          [
            -116.23973,
            51.4176,
            2059.09
          ],
          [
            -116.23967,
            51.41764,
            2059.04
          ],
          [
            -116.23963,
            51.41771,
            2060.15
          ],
          [
            -116.23961,
            51.41776,
            2061.01
          ],
          [
            -116.23961,
            51.41791,
            2061.47
          ],
          [
            -116.23959,
            51.41795,
            2060.97
          ],
          [
            -116.23957,
            51.41797,
            2060.55
          ],
          [
            -116.23952,
            51.41797,
            2059.44
          ],
          [
            -116.23949,
            51.41795,
            2058.57
          ],
          [
            -116.23943,
            51.41788,
            2056.03
          ],
          [
            -116.23934,
            51.41773,
            2050.64
          ],
          [
            -116.23927,
            51.41769,
            2047.93
          ],
          [
            -116.2392,
            51.41765,
            2045.52
          ],
          [
            -116.23915,
            51.41762,
            2043.96
          ],
          [
            -116.23911,
            51.41759,
            2042.76
          ],
          [
            -116.23908,
            51.41757,
            2041.91
          ],
          [
            -116.23906,
            51.41753,
            2041.34
          ],
          [
            -116.23906,
            51.41749,
            2040.85
          ],
          [
            -116.2391,
            51.41743,
            2038.97
          ],
          [
            -116.23916,
            51.41735,
            2036.31
          ],
          [
            -116.23923,
            51.41731,
            2035.48
          ],
          [
            -116.23926,
            51.41727,
            2033.87
          ],
          [
            -116.23933,
            51.41722,
            2032.31
          ],
          [
            -116.23937,
            51.41718,
            2032.14
          ],
          [
            -116.2394,
            51.41715,
            2031.92
          ],
          [
            -116.23945,
            51.41708,
            2030.98
          ],
          [
            -116.23952,
            51.41702,
            2030.25
          ],
          [
            -116.23956,
            51.41697,
            2029.42
          ],
          [
            -116.23961,
            51.41693,
            2028.97
          ],
          [
            -116.23967,
            51.41691,
            2029.05
          ],
          [
            -116.23973,
            51.41688,
            2028.85
          ],
          [
            -116.23976,
            51.41687,
            2028.73
          ],
          [
            -116.23978,
            51.41686,
            2028.61
          ],
          [
            -116.23978,
            51.41685,
            2028.44
          ],
          [
            -116.23975,
            51.41685,
            2028.37
          ],
          [
            -116.23959,
            51.41684,
            2027.53
          ],
          [
            -116.23949,
            51.41682,
            2026.84
          ],
          [
            -116.23943,
            51.4168,
            2026.5
          ],
          [
            -116.23939,
            51.41677,
            2026.41
          ],
          [
            -116.23938,
            51.41675,
            2026.32
          ],
          [
            -116.23939,
            51.41673,
            2026.09
          ],
          [
            -116.2394,
            51.41673,
            2026.02
          ],
          [
            -116.23943,
            51.41672,
            2025.69
          ],
          [
            -116.23954,
            51.41671,
            2025.58
          ],
          [
            -116.23965,
            51.41671,
            2025.7
          ],
          [
            -116.23975,
            51.4167,
            2025.78
          ],
          [
            -116.23981,
            51.41668,
            2025.84
          ],
          [
            -116.23986,
            51.41666,
            2025.84
          ],
          [
            -116.23991,
            51.41661,
            2024.99
          ],
          [
            -116.23994,
            51.41657,
            2024.21
          ],
          [
            -116.23991,
            51.41651,
            2022.59
          ],
          [
            -116.23988,
            51.4165,
            2022.2
          ],
          [
            -116.23987,
            51.4165,
            2022.14
          ],
          [
            -116.23986,
            51.41649,
            2021.86
          ],
          [
            -116.23983,
            51.41649,
            2021.71
          ],
          [
            -116.23982,
            51.41649,
            2021.66
          ],
          [
            -116.2398,
            51.41648,
            2021.34
          ],
          [
            -116.23979,
            51.41648,
            2021.29
          ],
          [
            -116.23974,
            51.41646,
            2020.62
          ],
          [
            -116.23965,
            51.41641,
            2019.22
          ],
          [
            -116.23959,
            51.41638,
            2018.54
          ],
          [
            -116.23941,
            51.41634,
            2017.98
          ],
          [
            -116.23926,
            51.41627,
            2017.76
          ],
          [
            -116.23921,
            51.41623,
            2017.18
          ],
          [
            -116.23919,
            51.4162,
            2016.66
          ],
          [
            -116.23914,
            51.41616,
            2015.76
          ],
          [
            -116.2391,
            51.41611,
            2014.51
          ],
          [
            -116.23904,
            51.41608,
            2013.7
          ],
          [
            -116.23901,
            51.41608,
            2013.47
          ],
          [
            -116.23898,
            51.41608,
            2013.24
          ],
          [
            -116.23893,
            51.41611,
            2013.28
          ],
          [
            -116.23886,
            51.41615,
            2014.08
          ],
          [
            -116.23881,
            51.41618,
            2014.8
          ],
          [
            -116.23877,
            51.4162,
            2015.3
          ],
          [
            -116.23874,
            51.41622,
            2015.88
          ],
          [
            -116.2387,
            51.41626,
            2017.19
          ],
          [
            -116.23866,
            51.41631,
            2018.98
          ],
          [
            -116.2386,
            51.41638,
            2021.73
          ],
          [
            -116.23855,
            51.41644,
            2023.34
          ],
          [
            -116.23852,
            51.41647,
            2023.93
          ],
          [
            -116.23846,
            51.41651,
            2024.52
          ],
          [
            -116.2383,
            51.41659,
            2024.46
          ],
          [
            -116.23822,
            51.41661,
            2023.82
          ],
          [
            -116.23805,
            51.41668,
            2021.6
          ],
          [
            -116.23795,
            51.41675,
            2017.92
          ],
          [
            -116.23789,
            51.41678,
            2016.16
          ],
          [
            -116.23782,
            51.4168,
            2014.44
          ],
          [
            -116.23775,
            51.41682,
            2012.88
          ],
          [
            -116.23768,
            51.41683,
            2011.38
          ],
          [
            -116.23759,
            51.41683,
            2009.52
          ],
          [
            -116.23748,
            51.41683,
            2007.47
          ],
          [
            -116.23745,
            51.41681,
            2007.56
          ],
          [
            -116.23741,
            51.41677,
            2008.11
          ],
          [
            -116.23738,
            51.41672,
            2009.17
          ],
          [
            -116.23737,
            51.4167,
            2009.65
          ],
          [
            -116.23739,
            51.41662,
            2011.4
          ],
          [
            -116.23739,
            51.41657,
            2012.48
          ],
          [
            -116.23741,
            51.41652,
            2013.29
          ],
          [
            -116.23741,
            51.41645,
            2014.71
          ],
          [
            -116.23743,
            51.41641,
            2015.11
          ],
          [
            -116.23743,
            51.41636,
            2015.93
          ],
          [
            -116.23745,
            51.41632,
            2016.14
          ],
          [
            -116.23743,
            51.41628,
            2017.08
          ],
          [
            -116.23743,
            51.41625,
            2017.51
          ],
          [
            -116.23738,
            51.4162,
            2018.82
          ],
          [
            -116.23733,
            51.41615,
            2019.87
          ],
          [
            -116.23725,
            51.41612,
            2020.76
          ],
          [
            -116.23718,
            51.41611,
            2020.81
          ],
          [
            -116.23713,
            51.4161,
            2020.31
          ],
          [
            -116.23701,
            51.41608,
            2019.37
          ],
          [
            -116.23695,
            51.41605,
            2018.47
          ],
          [
            -116.2369,
            51.41604,
            2018.45
          ],
          [
            -116.23677,
            51.41601,
            2018.54
          ],
          [
            -116.23673,
            51.41601,
            2018.79
          ],
          [
            -116.23661,
            51.41597,
            2017.96
          ],
          [
            -116.23658,
            51.41595,
            2017.49
          ],
          [
            -116.23655,
            51.41592,
            2017.06
          ],
          [
            -116.23647,
            51.41577,
            2014.47
          ],
          [
            -116.23645,
            51.41573,
            2013.02
          ],
          [
            -116.23641,
            51.41568,
            2011.02
          ],
          [
            -116.23636,
            51.41565,
            2008.98
          ],
          [
            -116.23631,
            51.41563,
            2006.83
          ],
          [
            -116.23627,
            51.41562,
            2005.33
          ],
          [
            -116.23623,
            51.41562,
            2004.24
          ],
          [
            -116.23614,
            51.41562,
            2001.8
          ],
          [
            -116.236,
            51.41562,
            1999.04
          ],
          [
            -116.23592,
            51.41563,
            1997.99
          ],
          [
            -116.23584,
            51.41563,
            1996.53
          ],
          [
            -116.23577,
            51.41563,
            1995.39
          ],
          [
            -116.23575,
            51.41563,
            1995.07
          ],
          [
            -116.23574,
            51.41562,
            1994.56
          ],
          [
            -116.23573,
            51.41561,
            1994.05
          ],
          [
            -116.23575,
            51.41558,
            1993.34
          ],
          [
            -116.2358,
            51.41555,
            1992.86
          ],
          [
            -116.23584,
            51.41552,
            1990.67
          ],
          [
            -116.2359,
            51.41549,
            1989.1
          ],
          [
            -116.23594,
            51.41545,
            1986.59
          ],
          [
            -116.23599,
            51.4154,
            1983.98
          ],
          [
            -116.23604,
            51.41531,
            1979.03
          ],
          [
            -116.23607,
            51.41527,
            1977
          ],
          [
            -116.23613,
            51.41522,
            1972.75
          ],
          [
            -116.23621,
            51.41519,
            1972.94
          ],
          [
            -116.23627,
            51.41516,
            1971.95
          ],
          [
            -116.2363,
            51.41514,
            1970.7
          ],
          [
            -116.23634,
            51.41511,
            1968.53
          ],
          [
            -116.23638,
            51.41507,
            1964.84
          ],
          [
            -116.23645,
            51.41494,
            1950.27
          ],
          [
            -116.2365,
            51.41489,
            1945.93
          ],
          [
            -116.23662,
            51.41481,
            1939.27
          ],
          [
            -116.23677,
            51.41473,
            1935.22
          ],
          [
            -116.2369,
            51.41465,
            1935.07
          ],
          [
            -116.23705,
            51.41455,
            1931.1
          ],
          [
            -116.23714,
            51.41449,
            1929.66
          ],
          [
            -116.2372,
            51.41448,
            1930.97
          ],
          [
            -116.23727,
            51.41447,
            1932.81
          ],
          [
            -116.23734,
            51.41446,
            1934.48
          ],
          [
            -116.23738,
            51.41445,
            1934.97
          ],
          [
            -116.23743,
            51.41443,
            1935.1
          ],
          [
            -116.23748,
            51.4144,
            1934.59
          ],
          [
            -116.23752,
            51.41435,
            1932.72
          ],
          [
            -116.23753,
            51.41431,
            1930.48
          ],
          [
            -116.23753,
            51.41424,
            1925.84
          ],
          [
            -116.23755,
            51.41419,
            1923.19
          ],
          [
            -116.23757,
            51.41416,
            1921.83
          ],
          [
            -116.2377,
            51.41405,
            1918.62
          ],
          [
            -116.23786,
            51.41392,
            1918.54
          ],
          [
            -116.23792,
            51.41389,
            1921.83
          ],
          [
            -116.23796,
            51.41386,
            1923.64
          ],
          [
            -116.23799,
            51.41384,
            1925.01
          ],
          [
            -116.23813,
            51.41373,
            1928.33
          ],
          [
            -116.23831,
            51.4136,
            1935.66
          ],
          [
            -116.23852,
            51.41344,
            1940.71
          ],
          [
            -116.23874,
            51.41332,
            1944.93
          ],
          [
            -116.2389,
            51.41323,
            1940.84
          ],
          [
            -116.23903,
            51.41316,
            1938.87
          ],
          [
            -116.23908,
            51.41313,
            1938.13
          ],
          [
            -116.23914,
            51.41308,
            1936.68
          ],
          [
            -116.23917,
            51.41304,
            1934.56
          ],
          [
            -116.23918,
            51.413,
            1930.95
          ],
          [
            -116.23922,
            51.41293,
            1925.23
          ],
          [
            -116.23927,
            51.41287,
            1921.54
          ],
          [
            -116.23934,
            51.41281,
            1919.68
          ],
          [
            -116.2394,
            51.41277,
            1919.43
          ],
          [
            -116.23948,
            51.41269,
            1913.92
          ],
          [
            -116.23956,
            51.4126,
            1909.63
          ],
          [
            -116.23966,
            51.41249,
            1908.3
          ],
          [
            -116.2397,
            51.41247,
            1910.33
          ],
          [
            -116.23973,
            51.41244,
            1910.12
          ],
          [
            -116.23975,
            51.41243,
            1909.52
          ],
          [
            -116.23977,
            51.41242,
            1908.94
          ],
          [
            -116.2398,
            51.4124,
            1907.84
          ],
          [
            -116.23985,
            51.41237,
            1906.41
          ],
          [
            -116.23994,
            51.41232,
            1904.6
          ],
          [
            -116.24002,
            51.41226,
            1903.12
          ],
          [
            -116.24006,
            51.41222,
            1902.23
          ],
          [
            -116.24009,
            51.41217,
            1901.32
          ],
          [
            -116.24017,
            51.41206,
            1898.8
          ],
          [
            -116.24027,
            51.41198,
            1896.49
          ],
          [
            -116.24034,
            51.41194,
            1894.94
          ],
          [
            -116.24055,
            51.41186,
            1891.1
          ],
          [
            -116.24056,
            51.41185,
            1890.61
          ],
          [
            -116.24054,
            51.41184,
            1889.89
          ],
          [
            -116.24048,
            51.41185,
            1890.1
          ],
          [
            -116.24043,
            51.41185,
            1889.8
          ],
          [
            -116.24039,
            51.41186,
            1890.18
          ],
          [
            -116.24033,
            51.41186,
            1889.83
          ],
          [
            -116.24024,
            51.41188,
            1890.69
          ],
          [
            -116.24011,
            51.41191,
            1892.16
          ],
          [
            -116.24001,
            51.41197,
            1894.7
          ],
          [
            -116.23989,
            51.41206,
            1895.16
          ],
          [
            -116.23977,
            51.41212,
            1894.59
          ],
          [
            -116.23972,
            51.41215,
            1894.36
          ],
          [
            -116.23956,
            51.4122,
            1889.77
          ],
          [
            -116.23937,
            51.41227,
            1883.58
          ],
          [
            -116.23931,
            51.4123,
            1882.31
          ],
          [
            -116.23926,
            51.41233,
            1882.1
          ],
          [
            -116.23916,
            51.41239,
            1883.25
          ],
          [
            -116.23901,
            51.41247,
            1877.49
          ],
          [
            -116.23878,
            51.41258,
            1876.11
          ],
          [
            -116.23862,
            51.41267,
            1882.46
          ],
          [
            -116.23855,
            51.4127,
            1884.25
          ],
          [
            -116.23847,
            51.41275,
            1887.84
          ],
          [
            -116.23826,
            51.41282,
            1886.41
          ],
          [
            -116.23812,
            51.41287,
            1880.95
          ],
          [
            -116.23803,
            51.41291,
            1878.53
          ],
          [
            -116.23786,
            51.41297,
            1879.95
          ],
          [
            -116.23758,
            51.41306,
            1871.95
          ],
          [
            -116.23741,
            51.41312,
            1867.21
          ],
          [
            -116.23721,
            51.41321,
            1867.16
          ],
          [
            -116.237,
            51.41329,
            1869.99
          ],
          [
            -116.23688,
            51.41334,
            1873.8
          ],
          [
            -116.23685,
            51.41335,
            1874.24
          ],
          [
            -116.23682,
            51.41337,
            1874.72
          ],
          [
            -116.23679,
            51.41338,
            1875.02
          ],
          [
            -116.23671,
            51.41341,
            1875.56
          ],
          [
            -116.23657,
            51.41347,
            1872.34
          ],
          [
            -116.23648,
            51.41352,
            1870.9
          ],
          [
            -116.2364,
            51.41357,
            1871.24
          ],
          [
            -116.23634,
            51.4136,
            1872.13
          ],
          [
            -116.23629,
            51.41363,
            1873.59
          ],
          [
            -116.23625,
            51.41364,
            1873.92
          ],
          [
            -116.23618,
            51.41365,
            1873.91
          ],
          [
            -116.23608,
            51.41367,
            1874.39
          ],
          [
            -116.23584,
            51.41376,
            1879.58
          ],
          [
            -116.23576,
            51.41378,
            1881.14
          ],
          [
            -116.23569,
            51.41382,
            1883.54
          ],
          [
            -116.23565,
            51.41385,
            1885.13
          ],
          [
            -116.23562,
            51.41386,
            1885.66
          ],
          [
            -116.23556,
            51.41389,
            1887.04
          ],
          [
            -116.23547,
            51.41393,
            1889.02
          ],
          [
            -116.23534,
            51.41399,
            1892.83
          ],
          [
            -116.23511,
            51.41409,
            1899.57
          ],
          [
            -116.23501,
            51.41413,
            1902.57
          ],
          [
            -116.23477,
            51.41423,
            1904.95
          ],
          [
            -116.23458,
            51.41431,
            1905.64
          ],
          [
            -116.2344,
            51.41439,
            1906.17
          ],
          [
            -116.23427,
            51.41445,
            1904.49
          ],
          [
            -116.23411,
            51.41453,
            1902.86
          ],
          [
            -116.23402,
            51.41459,
            1903.93
          ],
          [
            -116.23388,
            51.41468,
            1906.61
          ],
          [
            -116.23374,
            51.41475,
            1905.97
          ],
          [
            -116.2336,
            51.41481,
            1907.1
          ],
          [
            -116.23346,
            51.41486,
            1905.64
          ],
          [
            -116.23337,
            51.41489,
            1904.78
          ],
          [
            -116.23323,
            51.41495,
            1900.54
          ],
          [
            -116.23304,
            51.41503,
            1890.5
          ],
          [
            -116.23279,
            51.41513,
            1889.71
          ],
          [
            -116.23256,
            51.41523,
            1884.6
          ],
          [
            -116.23235,
            51.41532,
            1880.49
          ],
          [
            -116.23212,
            51.41541,
            1869.39
          ],
          [
            -116.23201,
            51.41546,
            1863.98
          ],
          [
            -116.23185,
            51.41552,
            1859.02
          ],
          [
            -116.23158,
            51.41564,
            1855.15
          ],
          [
            -116.23143,
            51.41572,
            1855.31
          ],
          [
            -116.23115,
            51.41583,
            1852.19
          ],
          [
            -116.23104,
            51.41588,
            1849.91
          ],
          [
            -116.23096,
            51.41591,
            1847.96
          ],
          [
            -116.23079,
            51.41598,
            1843.66
          ],
          [
            -116.23057,
            51.41608,
            1834.47
          ],
          [
            -116.23029,
            51.41619,
            1829.96
          ],
          [
            -116.23004,
            51.41629,
            1829.26
          ],
          [
            -116.22995,
            51.41632,
            1828.56
          ],
          [
            -116.22987,
            51.41635,
            1827.12
          ],
          [
            -116.2298,
            51.41638,
            1826.12
          ],
          [
            -116.22974,
            51.41641,
            1825.47
          ],
          [
            -116.2296,
            51.41647,
            1824.24
          ],
          [
            -116.22937,
            51.41655,
            1820.69
          ],
          [
            -116.22924,
            51.4166,
            1818.43
          ],
          [
            -116.22916,
            51.41664,
            1818.47
          ],
          [
            -116.22897,
            51.41671,
            1813.53
          ],
          [
            -116.22879,
            51.41679,
            1812.66
          ],
          [
            -116.22865,
            51.41686,
            1814.11
          ],
          [
            -116.22855,
            51.4169,
            1814.24
          ],
          [
            -116.22849,
            51.41692,
            1813.88
          ],
          [
            -116.22842,
            51.41694,
            1813.2
          ],
          [
            -116.22828,
            51.41699,
            1812.3
          ],
          [
            -116.22823,
            51.41702,
            1812.61
          ],
          [
            -116.22817,
            51.41704,
            1812.09
          ],
          [
            -116.22809,
            51.41709,
            1811.51
          ],
          [
            -116.22803,
            51.41713,
            1809.99
          ],
          [
            -116.22796,
            51.41723,
            1810.08
          ],
          [
            -116.22791,
            51.41732,
            1813.86
          ],
          [
            -116.22788,
            51.41736,
            1814.9
          ],
          [
            -116.22785,
            51.41738,
            1814.59
          ],
          [
            -116.22781,
            51.41741,
            1814.17
          ],
          [
            -116.22772,
            51.41745,
            1812.95
          ],
          [
            -116.22765,
            51.41746,
            1811.63
          ],
          [
            -116.22759,
            51.41746,
            1810.06
          ],
          [
            -116.22753,
            51.41746,
            1808.48
          ],
          [
            -116.22748,
            51.41745,
            1806.37
          ],
          [
            -116.22743,
            51.41745,
            1804.51
          ],
          [
            -116.22741,
            51.41744,
            1803.16
          ],
          [
            -116.22738,
            51.41744,
            1802.04
          ],
          [
            -116.22724,
            51.41741,
            1794.85
          ],
          [
            -116.22716,
            51.41741,
            1792.67
          ],
          [
            -116.22712,
            51.41742,
            1792.35
          ],
          [
            -116.22699,
            51.41745,
            1791.06
          ],
          [
            -116.22688,
            51.41749,
            1791.24
          ],
          [
            -116.22673,
            51.41754,
            1792.28
          ],
          [
            -116.22651,
            51.41762,
            1796.24
          ],
          [
            -116.22637,
            51.41765,
            1798.19
          ],
          [
            -116.22627,
            51.41768,
            1798.03
          ],
          [
            -116.2262,
            51.41769,
            1796.45
          ],
          [
            -116.22615,
            51.4177,
            1795.51
          ],
          [
            -116.2261,
            51.4177,
            1793.54
          ],
          [
            -116.22592,
            51.41773,
            1788.35
          ],
          [
            -116.22578,
            51.41776,
            1785.21
          ],
          [
            -116.22568,
            51.41777,
            1783.05
          ],
          [
            -116.22559,
            51.41778,
            1781.24
          ],
          [
            -116.2255,
            51.4178,
            1781.37
          ],
          [
            -116.22546,
            51.41781,
            1781.6
          ],
          [
            -116.22539,
            51.41782,
            1781.1
          ],
          [
            -116.2253,
            51.41782,
            1779.13
          ],
          [
            -116.2251,
            51.41785,
            1772.75
          ],
          [
            -116.22495,
            51.41786,
            1768.55
          ],
          [
            -116.22485,
            51.41786,
            1768.05
          ],
          [
            -116.22481,
            51.41786,
            1767.84
          ],
          [
            -116.22475,
            51.41786,
            1767.54
          ],
          [
            -116.22467,
            51.41787,
            1768.24
          ],
          [
            -116.22457,
            51.41787,
            1768.12
          ],
          [
            -116.22444,
            51.4179,
            1770.14
          ],
          [
            -116.22433,
            51.41791,
            1768.25
          ],
          [
            -116.22382,
            51.41791,
            1759.39
          ],
          [
            -116.22357,
            51.41794,
            1757.2
          ],
          [
            -116.22348,
            51.41794,
            1757.83
          ],
          [
            -116.22344,
            51.41795,
            1758.39
          ],
          [
            -116.2234,
            51.41795,
            1758.7
          ],
          [
            -116.2234,
            51.41795,
            1758.7
          ],
          [
            -116.22336,
            51.41795,
            1759
          ],
          [
            -116.22332,
            51.41794,
            1759
          ],
          [
            -116.22327,
            51.41793,
            1759.21
          ],
          [
            -116.22317,
            51.41787,
            1757.69
          ],
          [
            -116.22314,
            51.41784,
            1756.56
          ],
          [
            -116.22304,
            51.41781,
            1755.76
          ],
          [
            -116.22293,
            51.41781,
            1756.74
          ],
          [
            -116.22288,
            51.41782,
            1757.78
          ],
          [
            -116.22281,
            51.41784,
            1759.7
          ],
          [
            -116.22277,
            51.41784,
            1759.9
          ],
          [
            -116.22273,
            51.41785,
            1759.86
          ],
          [
            -116.2226,
            51.41785,
            1757.65
          ],
          [
            -116.22253,
            51.41784,
            1755.77
          ],
          [
            -116.22245,
            51.41782,
            1753.18
          ],
          [
            -116.22238,
            51.4178,
            1751.02
          ],
          [
            -116.22226,
            51.41777,
            1748.23
          ],
          [
            -116.22216,
            51.41774,
            1746.57
          ],
          [
            -116.22206,
            51.41773,
            1745.42
          ],
          [
            -116.222,
            51.41772,
            1744.68
          ],
          [
            -116.22192,
            51.41772,
            1744.06
          ],
          [
            -116.22186,
            51.41771,
            1743.65
          ],
          [
            -116.22181,
            51.41772,
            1743.58
          ],
          [
            -116.22178,
            51.41771,
            1743.29
          ],
          [
            -116.22174,
            51.41771,
            1743.11
          ],
          [
            -116.22169,
            51.41772,
            1743.06
          ],
          [
            -116.22154,
            51.41772,
            1742.87
          ],
          [
            -116.22147,
            51.4177,
            1742.4
          ],
          [
            -116.22143,
            51.4177,
            1742.36
          ],
          [
            -116.22136,
            51.41768,
            1741.78
          ],
          [
            -116.22101,
            51.41764,
            1739.66
          ],
          [
            -116.22083,
            51.41761,
            1738.36
          ],
          [
            -116.22073,
            51.41759,
            1737.45
          ],
          [
            -116.2207,
            51.41758,
            1737.11
          ],
          [
            -116.22068,
            51.41758,
            1737.02
          ],
          [
            -116.22065,
            51.41757,
            1736.69
          ],
          [
            -116.2206,
            51.41756,
            1736.27
          ],
          [
            -116.22044,
            51.41754,
            1735.42
          ],
          [
            -116.22044,
            51.41755,
            1735.63
          ],
          [
            -116.2197,
            51.41749,
            1733.22
          ],
          [
            -116.21962,
            51.41749,
            1733.47
          ],
          [
            -116.21955,
            51.41749,
            1733.7
          ],
          [
            -116.21947,
            51.41748,
            1734
          ],
          [
            -116.21939,
            51.41747,
            1734.44
          ],
          [
            -116.21931,
            51.41746,
            1734.9
          ],
          [
            -116.21929,
            51.41746,
            1735.02
          ]
        ]
      }
    },
    {
      "type": "Feature",
      "properties": {
        "_gpxType": "trk",
        "name": "Mount Norquay Via Ferrata",
        "coordinateProperties": {}
      },
      "geometry": {
        "type": "LineString",
        "coordinates": [
          [
            -115.6118,
            51.19947,
            2096.34
          ],
          [
            -115.61182,
            51.19946,
            2097.09
          ],
          [
            -115.61188,
            51.19949,
            2099.31
          ],
          [
            -115.61194,
            51.19951,
            2101.37
          ],
          [
            -115.61202,
            51.19952,
            2103.81
          ],
          [
            -115.61209,
            51.19953,
            2105.82
          ],
          [
            -115.61217,
            51.19953,
            2108.25
          ],
          [
            -115.61225,
            51.19953,
            2111.03
          ],
          [
            -115.61235,
            51.19953,
            2115.29
          ],
          [
            -115.61242,
            51.19953,
            2118.28
          ],
          [
            -115.6125,
            51.19952,
            2122.19
          ],
          [
            -115.61257,
            51.1995,
            2125.37
          ],
          [
            -115.6126,
            51.19946,
            2128.42
          ],
          [
            -115.61263,
            51.19941,
            2130.77
          ],
          [
            -115.61265,
            51.19937,
            2132.08
          ],
          [
            -115.61263,
            51.19932,
            2132.21
          ],
          [
            -115.61257,
            51.19929,
            2130.63
          ],
          [
            -115.6125,
            51.19926,
            2128.66
          ],
          [
            -115.61243,
            51.19924,
            2125.05
          ],
          [
            -115.61237,
            51.19921,
            2122.03
          ],
          [
            -115.61233,
            51.19917,
            2120.17
          ],
          [
            -115.61231,
            51.19913,
            2117.85
          ],
          [
            -115.61232,
            51.19908,
            2116.86
          ],
          [
            -115.61237,
            51.19905,
            2119.23
          ],
          [
            -115.61242,
            51.19901,
            2121.6
          ],
          [
            -115.61247,
            51.19898,
            2124.48
          ],
          [
            -115.61252,
            51.19895,
            2127.1
          ],
          [
            -115.61259,
            51.19893,
            2130.36
          ],
          [
            -115.61267,
            51.19893,
            2134.47
          ],
          [
            -115.61268,
            51.19888,
            2134.02
          ],
          [
            -115.61268,
            51.19884,
            2130.89
          ],
          [
            -115.61271,
            51.19879,
            2128.79
          ],
          [
            -115.61274,
            51.19875,
            2127.62
          ],
          [
            -115.61278,
            51.19871,
            2127.3
          ],
          [
            -115.61281,
            51.19867,
            2126.93
          ],
          [
            -115.61285,
            51.19863,
            2127.53
          ],
          [
            -115.61289,
            51.19859,
            2128.63
          ],
          [
            -115.61295,
            51.19856,
            2131.9
          ],
          [
            -115.61301,
            51.19854,
            2135.36
          ],
          [
            -115.61308,
            51.19852,
            2139.41
          ],
          [
            -115.61316,
            51.19851,
            2145.09
          ],
          [
            -115.61323,
            51.1985,
            2149.94
          ],
          [
            -115.61331,
            51.19849,
            2155.55
          ],
          [
            -115.61338,
            51.19848,
            2160.19
          ],
          [
            -115.61345,
            51.1985,
            2166.85
          ],
          [
            -115.61353,
            51.19851,
            2173.35
          ],
          [
            -115.61356,
            51.19855,
            2177.65
          ],
          [
            -115.61363,
            51.19856,
            2182.61
          ],
          [
            -115.6137,
            51.19855,
            2185.9
          ],
          [
            -115.61376,
            51.19852,
            2187.94
          ],
          [
            -115.61381,
            51.19848,
            2189.24
          ],
          [
            -115.61387,
            51.19846,
            2192
          ],
          [
            -115.61393,
            51.19844,
            2194.56
          ],
          [
            -115.61401,
            51.19843,
            2198.37
          ],
          [
            -115.61408,
            51.19842,
            2201.7
          ],
          [
            -115.61417,
            51.19842,
            2206.45
          ],
          [
            -115.61424,
            51.19842,
            2212.01
          ],
          [
            -115.61432,
            51.19842,
            2218.36
          ],
          [
            -115.61439,
            51.19844,
            2224.25
          ],
          [
            -115.61446,
            51.19846,
            2230.13
          ],
          [
            -115.61453,
            51.19848,
            2236.13
          ],
          [
            -115.6146,
            51.19849,
            2241.85
          ],
          [
            -115.61466,
            51.19852,
            2246.47
          ],
          [
            -115.61468,
            51.19855,
            2247.72
          ],
          [
            -115.6147,
            51.19855,
            2249.22
          ],
          [
            -115.61473,
            51.1986,
            2250.99
          ],
          [
            -115.61475,
            51.19864,
            2252.18
          ],
          [
            -115.61477,
            51.19869,
            2252.73
          ],
          [
            -115.61478,
            51.19874,
            2252.12
          ],
          [
            -115.61478,
            51.19879,
            2250.53
          ],
          [
            -115.6148,
            51.1988,
            2251.93
          ],
          [
            -115.61478,
            51.19879,
            2250.53
          ],
          [
            -115.6148,
            51.19885,
            2250.21
          ],
          [
            -115.61481,
            51.19891,
            2248.5
          ],
          [
            -115.61483,
            51.19896,
            2247.31
          ],
          [
            -115.61488,
            51.19899,
            2249.47
          ],
          [
            -115.61494,
            51.19902,
            2252.38
          ],
          [
            -115.61501,
            51.19904,
            2256.32
          ],
          [
            -115.61507,
            51.19908,
            2257.24
          ],
          [
            -115.61513,
            51.19912,
            2258.54
          ],
          [
            -115.61518,
            51.19915,
            2260.03
          ],
          [
            -115.61524,
            51.19919,
            2261.05
          ],
          [
            -115.61529,
            51.19923,
            2260.7
          ],
          [
            -115.61534,
            51.19926,
            2259.78
          ],
          [
            -115.61539,
            51.19931,
            2257.96
          ],
          [
            -115.61543,
            51.19935,
            2256.89
          ],
          [
            -115.61547,
            51.19939,
            2256.14
          ],
          [
            -115.6155,
            51.19943,
            2255.31
          ],
          [
            -115.61554,
            51.19947,
            2254.74
          ],
          [
            -115.61559,
            51.19951,
            2254.05
          ],
          [
            -115.61566,
            51.19954,
            2254.83
          ],
          [
            -115.61575,
            51.19956,
            2257.33
          ],
          [
            -115.61581,
            51.19959,
            2258.87
          ],
          [
            -115.61587,
            51.19962,
            2261.31
          ],
          [
            -115.61592,
            51.19965,
            2263.62
          ],
          [
            -115.61598,
            51.19968,
            2266.65
          ],
          [
            -115.61604,
            51.19971,
            2269.81
          ],
          [
            -115.6161,
            51.19975,
            2273.82
          ],
          [
            -115.61613,
            51.19979,
            2276.21
          ],
          [
            -115.61617,
            51.19984,
            2279.27
          ],
          [
            -115.61623,
            51.19987,
            2283.11
          ],
          [
            -115.61629,
            51.1999,
            2287.04
          ],
          [
            -115.61634,
            51.19994,
            2290.75
          ],
          [
            -115.61639,
            51.19997,
            2294.28
          ],
          [
            -115.61647,
            51.20002,
            2297.13
          ],
          [
            -115.61653,
            51.20006,
            2298.04
          ],
          [
            -115.61659,
            51.20009,
            2299.67
          ],
          [
            -115.61664,
            51.20013,
            2300.92
          ],
          [
            -115.6167,
            51.20016,
            2302.96
          ],
          [
            -115.61674,
            51.20021,
            2304.04
          ],
          [
            -115.61679,
            51.20025,
            2306.26
          ],
          [
            -115.61682,
            51.2003,
            2306.71
          ],
          [
            -115.61687,
            51.20033,
            2308.08
          ],
          [
            -115.61691,
            51.20037,
            2308.37
          ],
          [
            -115.61696,
            51.20041,
            2308.85
          ],
          [
            -115.61701,
            51.20045,
            2308.87
          ],
          [
            -115.61706,
            51.20049,
            2309.46
          ],
          [
            -115.61711,
            51.20053,
            2310.62
          ],
          [
            -115.61716,
            51.20056,
            2312.46
          ],
          [
            -115.6172,
            51.2006,
            2313.01
          ],
          [
            -115.61725,
            51.20064,
            2314.23
          ],
          [
            -115.61732,
            51.20067,
            2316.87
          ],
          [
            -115.61738,
            51.20069,
            2319.23
          ],
          [
            -115.61743,
            51.20072,
            2320.43
          ],
          [
            -115.61749,
            51.20075,
            2321.99
          ],
          [
            -115.61753,
            51.20078,
            2322.77
          ],
          [
            -115.61753,
            51.20078,
            2322.77
          ],
          [
            -115.61754,
            51.20082,
            2321.51
          ],
          [
            -115.61757,
            51.20087,
            2320.57
          ],
          [
            -115.6176,
            51.20091,
            2320.06
          ],
          [
            -115.61762,
            51.20096,
            2318.17
          ],
          [
            -115.61765,
            51.201,
            2317.72
          ],
          [
            -115.61769,
            51.20104,
            2318.05
          ],
          [
            -115.61772,
            51.20108,
            2317.67
          ],
          [
            -115.61775,
            51.20113,
            2317.58
          ],
          [
            -115.61778,
            51.20117,
            2319.13
          ],
          [
            -115.6178,
            51.20122,
            2320.04
          ],
          [
            -115.6178,
            51.20122,
            2320.04
          ],
          [
            -115.61783,
            51.20125,
            2322.29
          ],
          [
            -115.6179,
            51.20126,
            2328.62
          ],
          [
            -115.61798,
            51.20126,
            2336.02
          ],
          [
            -115.61804,
            51.20123,
            2341.59
          ],
          [
            -115.61811,
            51.20121,
            2345.87
          ],
          [
            -115.61819,
            51.2012,
            2350.11
          ],
          [
            -115.61826,
            51.20118,
            2353.86
          ],
          [
            -115.61831,
            51.20115,
            2356.61
          ],
          [
            -115.61835,
            51.20111,
            2358.4
          ],
          [
            -115.6184,
            51.20107,
            2358.87
          ],
          [
            -115.61846,
            51.20104,
            2359.68
          ],
          [
            -115.61853,
            51.20101,
            2360.62
          ],
          [
            -115.6186,
            51.201,
            2361.95
          ],
          [
            -115.61868,
            51.20099,
            2363.58
          ],
          [
            -115.61875,
            51.20098,
            2364.96
          ],
          [
            -115.61882,
            51.20096,
            2366.05
          ],
          [
            -115.61889,
            51.20094,
            2367.08
          ],
          [
            -115.61896,
            51.20092,
            2367.18
          ],
          [
            -115.61903,
            51.2009,
            2367.32
          ],
          [
            -115.6191,
            51.2009,
            2368.02
          ],
          [
            -115.61918,
            51.2009,
            2369.06
          ],
          [
            -115.61926,
            51.20091,
            2371.65
          ],
          [
            -115.61934,
            51.20092,
            2374.33
          ],
          [
            -115.61942,
            51.20093,
            2377.09
          ],
          [
            -115.6195,
            51.20094,
            2379.18
          ],
          [
            -115.61956,
            51.20096,
            2381.06
          ],
          [
            -115.61963,
            51.20098,
            2383.19
          ],
          [
            -115.61969,
            51.201,
            2385.2
          ],
          [
            -115.61977,
            51.20103,
            2386.54
          ],
          [
            -115.61984,
            51.20104,
            2386.07
          ],
          [
            -115.61991,
            51.20106,
            2386.21
          ],
          [
            -115.61993,
            51.20106,
            2385.95
          ],
          [
            -115.61998,
            51.20108,
            2386.45
          ],
          [
            -115.62006,
            51.20108,
            2387.26
          ],
          [
            -115.62013,
            51.2011,
            2389.98
          ],
          [
            -115.62019,
            51.20113,
            2392.3
          ],
          [
            -115.62027,
            51.20116,
            2394.2
          ],
          [
            -115.62034,
            51.20119,
            2391.49
          ],
          [
            -115.62041,
            51.20122,
            2389.01
          ],
          [
            -115.62041,
            51.20127,
            2390.66
          ],
          [
            -115.6204,
            51.20132,
            2392.55
          ],
          [
            -115.6204,
            51.20136,
            2393.79
          ],
          [
            -115.62043,
            51.20142,
            2394.33
          ],
          [
            -115.62045,
            51.20147,
            2394.17
          ],
          [
            -115.62049,
            51.20151,
            2394.07
          ],
          [
            -115.62052,
            51.20155,
            2394.17
          ],
          [
            -115.62056,
            51.2016,
            2394.45
          ],
          [
            -115.6206,
            51.20164,
            2394.22
          ],
          [
            -115.62064,
            51.20168,
            2394.19
          ],
          [
            -115.62069,
            51.20172,
            2394.11
          ],
          [
            -115.62077,
            51.20175,
            2393.91
          ],
          [
            -115.62084,
            51.20179,
            2394.24
          ],
          [
            -115.6209,
            51.20182,
            2395.07
          ],
          [
            -115.62097,
            51.20185,
            2396.26
          ],
          [
            -115.62104,
            51.20188,
            2397.78
          ],
          [
            -115.62111,
            51.2019,
            2399.23
          ],
          [
            -115.62118,
            51.20193,
            2400.26
          ],
          [
            -115.62125,
            51.20195,
            2401.09
          ],
          [
            -115.62119,
            51.20193,
            2400.24
          ],
          [
            -115.62111,
            51.20189,
            2398.83
          ],
          [
            -115.62106,
            51.20185,
            2396.9
          ],
          [
            -115.621,
            51.20182,
            2395.55
          ],
          [
            -115.62093,
            51.20179,
            2394.45
          ],
          [
            -115.62087,
            51.20177,
            2393.89
          ],
          [
            -115.6208,
            51.20174,
            2393.55
          ],
          [
            -115.62074,
            51.20171,
            2393.58
          ],
          [
            -115.62069,
            51.20167,
            2393.58
          ],
          [
            -115.62066,
            51.20164,
            2393.43
          ],
          [
            -115.62062,
            51.2016,
            2393.43
          ],
          [
            -115.62057,
            51.20156,
            2393.94
          ],
          [
            -115.62052,
            51.20153,
            2394.07
          ],
          [
            -115.62047,
            51.20149,
            2394.09
          ],
          [
            -115.62041,
            51.20145,
            2394.44
          ],
          [
            -115.62037,
            51.20141,
            2394.9
          ],
          [
            -115.62038,
            51.20136,
            2394.11
          ],
          [
            -115.6204,
            51.20132,
            2392.55
          ],
          [
            -115.6204,
            51.20127,
            2391
          ],
          [
            -115.62036,
            51.20123,
            2391.43
          ],
          [
            -115.62032,
            51.20119,
            2392.48
          ],
          [
            -115.62027,
            51.20116,
            2394.2
          ],
          [
            -115.62021,
            51.20113,
            2392.72
          ],
          [
            -115.62014,
            51.2011,
            2390.18
          ],
          [
            -115.62007,
            51.20108,
            2387.44
          ],
          [
            -115.61998,
            51.20106,
            2385.31
          ],
          [
            -115.61991,
            51.20105,
            2385.67
          ],
          [
            -115.61983,
            51.20103,
            2385.7
          ],
          [
            -115.61976,
            51.20101,
            2385.71
          ],
          [
            -115.61967,
            51.20098,
            2383.91
          ],
          [
            -115.61961,
            51.20096,
            2381.94
          ],
          [
            -115.61953,
            51.20094,
            2379.69
          ],
          [
            -115.61946,
            51.20092,
            2377.69
          ],
          [
            -115.61938,
            51.2009,
            2374.79
          ],
          [
            -115.61931,
            51.20088,
            2372.13
          ],
          [
            -115.61924,
            51.20086,
            2369.62
          ],
          [
            -115.61918,
            51.20084,
            2367.51
          ],
          [
            -115.6191,
            51.20082,
            2365.65
          ],
          [
            -115.61904,
            51.20079,
            2363.99
          ],
          [
            -115.61899,
            51.20076,
            2362.88
          ],
          [
            -115.61898,
            51.20071,
            2361.46
          ],
          [
            -115.61899,
            51.20066,
            2359.87
          ],
          [
            -115.61895,
            51.20062,
            2359.56
          ],
          [
            -115.61891,
            51.20058,
            2359.75
          ],
          [
            -115.61884,
            51.20055,
            2358.78
          ],
          [
            -115.61879,
            51.20052,
            2355.64
          ],
          [
            -115.61872,
            51.20049,
            2353.16
          ],
          [
            -115.61866,
            51.20046,
            2351.55
          ],
          [
            -115.6186,
            51.20043,
            2350.54
          ],
          [
            -115.61854,
            51.20041,
            2349.43
          ],
          [
            -115.61847,
            51.20039,
            2348.14
          ],
          [
            -115.61841,
            51.20037,
            2346.77
          ],
          [
            -115.61834,
            51.20035,
            2345.21
          ],
          [
            -115.61828,
            51.20032,
            2343.21
          ],
          [
            -115.61821,
            51.2003,
            2341.8
          ],
          [
            -115.61814,
            51.20027,
            2339.89
          ],
          [
            -115.61809,
            51.20024,
            2338.19
          ],
          [
            -115.61805,
            51.2002,
            2336.07
          ],
          [
            -115.618,
            51.20016,
            2334.17
          ],
          [
            -115.61796,
            51.20012,
            2332.53
          ],
          [
            -115.61791,
            51.20008,
            2331.22
          ],
          [
            -115.61786,
            51.20004,
            2330.22
          ],
          [
            -115.61783,
            51.2,
            2329.25
          ],
          [
            -115.61783,
            51.19995,
            2327.11
          ],
          [
            -115.61783,
            51.19994,
            2326.68
          ],
          [
            -115.61784,
            51.19995,
            2327.01
          ],
          [
            -115.61785,
            51.1999,
            2324.84
          ],
          [
            -115.61783,
            51.19986,
            2323.26
          ],
          [
            -115.61782,
            51.19981,
            2321.12
          ],
          [
            -115.6178,
            51.19977,
            2319.31
          ],
          [
            -115.61777,
            51.19972,
            2316.88
          ],
          [
            -115.61772,
            51.19969,
            2316.01
          ],
          [
            -115.61767,
            51.19965,
            2315.2
          ],
          [
            -115.61762,
            51.19961,
            2314.6
          ],
          [
            -115.61758,
            51.19957,
            2314.23
          ],
          [
            -115.61755,
            51.19953,
            2314.04
          ],
          [
            -115.61754,
            51.19948,
            2313.93
          ],
          [
            -115.61749,
            51.19945,
            2314.03
          ],
          [
            -115.61743,
            51.19942,
            2314.91
          ],
          [
            -115.61735,
            51.19942,
            2315.25
          ],
          [
            -115.61729,
            51.19945,
            2314.73
          ],
          [
            -115.61723,
            51.19948,
            2314.72
          ],
          [
            -115.61717,
            51.19952,
            2313.36
          ],
          [
            -115.61711,
            51.19955,
            2311.76
          ],
          [
            -115.61706,
            51.19958,
            2310.25
          ],
          [
            -115.61701,
            51.19961,
            2308.62
          ],
          [
            -115.61693,
            51.19963,
            2306.3
          ],
          [
            -115.61686,
            51.19963,
            2304.53
          ],
          [
            -115.61679,
            51.19963,
            2302.77
          ],
          [
            -115.61671,
            51.19963,
            2300.76
          ],
          [
            -115.61664,
            51.19963,
            2298.58
          ],
          [
            -115.61658,
            51.1996,
            2296.31
          ],
          [
            -115.61654,
            51.19955,
            2294.94
          ],
          [
            -115.61653,
            51.1995,
            2294.79
          ],
          [
            -115.61652,
            51.19946,
            2294.58
          ],
          [
            -115.61644,
            51.19943,
            2291.65
          ],
          [
            -115.61637,
            51.19943,
            2288.59
          ],
          [
            -115.61629,
            51.19945,
            2284.69
          ],
          [
            -115.61623,
            51.19946,
            2282.02
          ],
          [
            -115.61615,
            51.19947,
            2278.43
          ],
          [
            -115.61607,
            51.19947,
            2274.61
          ],
          [
            -115.616,
            51.19947,
            2271.01
          ],
          [
            -115.61592,
            51.19948,
            2266.72
          ],
          [
            -115.61586,
            51.1995,
            2263.2
          ],
          [
            -115.6158,
            51.19954,
            2259.76
          ],
          [
            -115.61573,
            51.19955,
            2256.93
          ],
          [
            -115.61565,
            51.19955,
            2254
          ],
          [
            -115.61555,
            51.19954,
            2250.88
          ],
          [
            -115.61547,
            51.19953,
            2247.59
          ],
          [
            -115.6154,
            51.19952,
            2244.89
          ],
          [
            -115.61533,
            51.1995,
            2243.04
          ],
          [
            -115.61526,
            51.19949,
            2239.91
          ],
          [
            -115.61518,
            51.19948,
            2233.96
          ],
          [
            -115.61511,
            51.19948,
            2228.07
          ],
          [
            -115.61504,
            51.19948,
            2222.19
          ],
          [
            -115.61496,
            51.1995,
            2214.58
          ],
          [
            -115.61489,
            51.19952,
            2208.2
          ],
          [
            -115.61482,
            51.19953,
            2202.51
          ],
          [
            -115.61475,
            51.19955,
            2196.45
          ],
          [
            -115.61468,
            51.19955,
            2192.28
          ],
          [
            -115.6146,
            51.19954,
            2188.57
          ],
          [
            -115.61454,
            51.19951,
            2186.64
          ],
          [
            -115.61447,
            51.1995,
            2183.34
          ],
          [
            -115.6144,
            51.19952,
            2179.78
          ],
          [
            -115.61433,
            51.19954,
            2176.88
          ],
          [
            -115.6143,
            51.19958,
            2174.92
          ],
          [
            -115.61425,
            51.19961,
            2172.84
          ],
          [
            -115.61418,
            51.19964,
            2170.51
          ],
          [
            -115.61411,
            51.19966,
            2167.43
          ],
          [
            -115.61405,
            51.19968,
            2164.4
          ],
          [
            -115.614,
            51.19971,
            2161.48
          ],
          [
            -115.61395,
            51.19975,
            2158.67
          ],
          [
            -115.61394,
            51.1998,
            2157.91
          ],
          [
            -115.61395,
            51.19984,
            2158.06
          ],
          [
            -115.61401,
            51.19988,
            2160.11
          ],
          [
            -115.61409,
            51.19992,
            2162.64
          ],
          [
            -115.61415,
            51.19994,
            2164.49
          ],
          [
            -115.61421,
            51.19998,
            2165.72
          ],
          [
            -115.61425,
            51.20003,
            2165.87
          ],
          [
            -115.61425,
            51.20007,
            2164.76
          ],
          [
            -115.61427,
            51.20012,
            2164.05
          ],
          [
            -115.6143,
            51.20016,
            2163.99
          ],
          [
            -115.61432,
            51.20021,
            2163.34
          ],
          [
            -115.61434,
            51.20025,
            2162.98
          ],
          [
            -115.61435,
            51.2003,
            2162.14
          ],
          [
            -115.61435,
            51.20035,
            2161.12
          ],
          [
            -115.61433,
            51.2004,
            2159.21
          ],
          [
            -115.61433,
            51.20045,
            2158.12
          ],
          [
            -115.6143,
            51.2005,
            2155.52
          ],
          [
            -115.61425,
            51.20053,
            2152.19
          ],
          [
            -115.61421,
            51.20057,
            2149.46
          ],
          [
            -115.61415,
            51.2006,
            2147
          ],
          [
            -115.61414,
            51.20061,
            2146.8
          ],
          [
            -115.61412,
            51.20061,
            2146.21
          ],
          [
            -115.61406,
            51.20058,
            2144.37
          ],
          [
            -115.61402,
            51.20054,
            2143.75
          ],
          [
            -115.614,
            51.20049,
            2144.64
          ],
          [
            -115.614,
            51.20045,
            2145.76
          ],
          [
            -115.61398,
            51.2004,
            2146.58
          ],
          [
            -115.61395,
            51.20035,
            2147.05
          ],
          [
            -115.61392,
            51.20031,
            2147.17
          ],
          [
            -115.61388,
            51.20027,
            2146.9
          ],
          [
            -115.61385,
            51.20023,
            2146.98
          ],
          [
            -115.61381,
            51.20019,
            2146.69
          ],
          [
            -115.61377,
            51.20015,
            2146.4
          ],
          [
            -115.61374,
            51.20011,
            2146.47
          ],
          [
            -115.61372,
            51.20006,
            2147.19
          ],
          [
            -115.6137,
            51.20001,
            2147.91
          ],
          [
            -115.61368,
            51.19997,
            2147.67
          ],
          [
            -115.61364,
            51.19993,
            2146.52
          ],
          [
            -115.61361,
            51.19988,
            2145.82
          ],
          [
            -115.61358,
            51.19984,
            2145.07
          ],
          [
            -115.61353,
            51.1998,
            2143.78
          ],
          [
            -115.61349,
            51.19975,
            2143.14
          ],
          [
            -115.61345,
            51.19971,
            2142.9
          ],
          [
            -115.61342,
            51.19967,
            2143.82
          ],
          [
            -115.61338,
            51.19963,
            2144.55
          ],
          [
            -115.61334,
            51.19959,
            2145.36
          ],
          [
            -115.61329,
            51.19955,
            2145.73
          ],
          [
            -115.61323,
            51.19953,
            2144.93
          ],
          [
            -115.61315,
            51.19951,
            2143.69
          ],
          [
            -115.61307,
            51.1995,
            2142.01
          ],
          [
            -115.613,
            51.1995,
            2139.64
          ],
          [
            -115.61291,
            51.19949,
            2137.06
          ],
          [
            -115.61284,
            51.19948,
            2135.16
          ],
          [
            -115.61276,
            51.19949,
            2131.82
          ],
          [
            -115.6127,
            51.19951,
            2128.84
          ],
          [
            -115.61263,
            51.19953,
            2125.61
          ],
          [
            -115.61255,
            51.19954,
            2122.68
          ],
          [
            -115.61249,
            51.19956,
            2119.78
          ],
          [
            -115.61241,
            51.19957,
            2116.16
          ],
          [
            -115.61234,
            51.19957,
            2113.43
          ],
          [
            -115.61226,
            51.19957,
            2110.31
          ],
          [
            -115.61217,
            51.19956,
            2107.6
          ],
          [
            -115.6121,
            51.19955,
            2105.78
          ],
          [
            -115.61202,
            51.19954,
            2103.56
          ],
          [
            -115.61194,
            51.19952,
            2101.3
          ],
          [
            -115.61187,
            51.19951,
            2098.9
          ],
          [
            -115.61185,
            51.1995,
            2098.2
          ],
          [
            -115.6118,
            51.19947,
            2096.34
          ]
        ]
      }
    }
  ]
}