{
  "type": "FeatureCollection",
  "features": [
    {
      "type": "Feature",
      "properties": {
        "_gpxType": "trk",
        "name": "Avalanche Lake",
        "coordinateProperties": {}
      },
      "geometry": {
        "type": "LineString",
        "coordinates": [
          [
            -113.81956,
            48.67945,
            1037
          ],
          [
            -113.81955,
            48.67945,
            1037
          ],
          [
            -113.81954,
            48.67945,
            1037
          ],
          [
            -113.81947,
            48.67945,
            1037.72
          ],
          [
            -113.8194,
            48.67944,
            1038
          ],
          [
            -113.81931,
            48.67942,
            1038
          ],
          [
            -113.81897,
            48.67943,
            1038
          ],
          [
            -113.81891,
            48.67947,
            1038
          ],
          [
            -113.81885,
            48.67952,
            1038.42
          ],
          [
            -113.81884,
            48.67953,
            1038.53
          ],
          [
            -113.81879,
            48.67957,
            1038.67
          ],
          [
            -113.81875,
            48.6796,
            1038.66
          ],
          [
            -113.81871,
            48.67965,
            1038.73
          ],
          [
            -113.81866,
            48.67965,
            1038.88
          ],
          [
            -113.81856,
            48.67963,
            1039
          ],
          [
            -113.8185,
            48.67959,
            1039
          ],
          [
            -113.81843,
            48.67952,
            1039
          ],
          [
            -113.81842,
            48.67946,
            1039
          ],
          [
            -113.81839,
            48.67942,
            1039
          ],
          [
            -113.81836,
            48.67937,
            1039
          ],
          [
            -113.81829,
            48.67931,
            1039
          ],
          [
            -113.81827,
            48.67929,
            1039
          ],
          [
            -113.81825,
            48.67925,
            1039.09
          ],
          [
            -113.81825,
            48.67921,
            1039.48
          ],
          [
            -113.81826,
            48.6791,
            1039.94
          ],
          [
            -113.81824,
            48.67902,
            1040
          ],
          [
            -113.81821,
            48.67896,
            1040
          ],
          [
            -113.81819,
            48.67891,
            1040
          ],
          [
            -113.81818,
            48.67887,
            1040
          ],
          [
            -113.81816,
            48.67883,
            1040
          ],
          [
            -113.81811,
            48.67879,
            1040
          ],
          [
            -113.81791,
            48.67867,
            1040.73
          ],
          [
            -113.81785,
            48.67863,
            1041
          ],
          [
            -113.81782,
            48.67862,
            1041
          ],
          [
            -113.81779,
            48.67861,
            1041
          ],
          [
            -113.81768,
            48.6786,
            1041
          ],
          [
            -113.81751,
            48.6786,
            1041
          ],
          [
            -113.8174,
            48.67858,
            1041.03
          ],
          [
            -113.81723,
            48.67854,
            1041.98
          ],
          [
            -113.8172,
            48.67852,
            1042
          ],
          [
            -113.81714,
            48.6785,
            1042
          ],
          [
            -113.8171,
            48.67848,
            1042
          ],
          [
            -113.817,
            48.67842,
            1042
          ],
          [
            -113.81688,
            48.67835,
            1042
          ],
          [
            -113.81674,
            48.67827,
            1043
          ],
          [
            -113.81669,
            48.67822,
            1043
          ],
          [
            -113.8166,
            48.67816,
            1043
          ],
          [
            -113.81641,
            48.67799,
            1043
          ],
          [
            -113.81636,
            48.67796,
            1043.03
          ],
          [
            -113.81628,
            48.6779,
            1043.74
          ],
          [
            -113.81622,
            48.67785,
            1044
          ],
          [
            -113.81618,
            48.67782,
            1044
          ],
          [
            -113.81615,
            48.6778,
            1044
          ],
          [
            -113.81612,
            48.67778,
            1044
          ],
          [
            -113.81606,
            48.67774,
            1044
          ],
          [
            -113.81598,
            48.67769,
            1044
          ],
          [
            -113.81594,
            48.67764,
            1044
          ],
          [
            -113.81587,
            48.67755,
            1044.79
          ],
          [
            -113.81582,
            48.67741,
            1045
          ],
          [
            -113.81582,
            48.67737,
            1045
          ],
          [
            -113.81582,
            48.67734,
            1045
          ],
          [
            -113.81582,
            48.67732,
            1045
          ],
          [
            -113.81579,
            48.67726,
            1045.59
          ],
          [
            -113.81579,
            48.67717,
            1046
          ],
          [
            -113.81578,
            48.67713,
            1046
          ],
          [
            -113.81574,
            48.67707,
            1046
          ],
          [
            -113.8157,
            48.67702,
            1046.18
          ],
          [
            -113.81567,
            48.67699,
            1046.51
          ],
          [
            -113.81562,
            48.67693,
            1047
          ],
          [
            -113.81554,
            48.67686,
            1047
          ],
          [
            -113.81538,
            48.67671,
            1048
          ],
          [
            -113.81532,
            48.67663,
            1048
          ],
          [
            -113.81531,
            48.67662,
            1048
          ],
          [
            -113.81529,
            48.6766,
            1048
          ],
          [
            -113.81526,
            48.67657,
            1048.23
          ],
          [
            -113.81526,
            48.67654,
            1048.49
          ],
          [
            -113.81524,
            48.67652,
            1048.75
          ],
          [
            -113.81518,
            48.67648,
            1049
          ],
          [
            -113.81507,
            48.6764,
            1049.21
          ],
          [
            -113.81502,
            48.67638,
            1049.8
          ],
          [
            -113.81492,
            48.67637,
            1050
          ],
          [
            -113.81484,
            48.67636,
            1050.23
          ],
          [
            -113.81478,
            48.67636,
            1050.69
          ],
          [
            -113.81473,
            48.67637,
            1051.12
          ],
          [
            -113.81469,
            48.67637,
            1051.2
          ],
          [
            -113.8146,
            48.67641,
            1051.09
          ],
          [
            -113.81454,
            48.67642,
            1051.63
          ],
          [
            -113.81447,
            48.67646,
            1051.23
          ],
          [
            -113.8144,
            48.67647,
            1051.6
          ],
          [
            -113.81439,
            48.67647,
            1051.71
          ],
          [
            -113.81435,
            48.67648,
            1052.02
          ],
          [
            -113.81432,
            48.67647,
            1052.12
          ],
          [
            -113.81428,
            48.67644,
            1052.45
          ],
          [
            -113.81418,
            48.6763,
            1054.78
          ],
          [
            -113.81415,
            48.67626,
            1055.39
          ],
          [
            -113.81413,
            48.67625,
            1055.5
          ],
          [
            -113.8141,
            48.67625,
            1055.5
          ],
          [
            -113.81405,
            48.67627,
            1055.28
          ],
          [
            -113.81396,
            48.67631,
            1054.51
          ],
          [
            -113.81384,
            48.67635,
            1053.11
          ],
          [
            -113.81378,
            48.67637,
            1052.37
          ],
          [
            -113.81371,
            48.67637,
            1052.22
          ],
          [
            -113.81361,
            48.67634,
            1052.04
          ],
          [
            -113.81355,
            48.67631,
            1052.04
          ],
          [
            -113.81344,
            48.67624,
            1052.61
          ],
          [
            -113.8134,
            48.67621,
            1052.65
          ],
          [
            -113.81336,
            48.67618,
            1052.54
          ],
          [
            -113.8133,
            48.67614,
            1052.58
          ],
          [
            -113.81324,
            48.6761,
            1053.23
          ],
          [
            -113.81318,
            48.67606,
            1053.45
          ],
          [
            -113.8131,
            48.67603,
            1053.75
          ],
          [
            -113.81293,
            48.67598,
            1054.48
          ],
          [
            -113.81289,
            48.67596,
            1054.48
          ],
          [
            -113.81283,
            48.67591,
            1055.52
          ],
          [
            -113.81283,
            48.67589,
            1056.16
          ],
          [
            -113.81281,
            48.67587,
            1056.81
          ],
          [
            -113.8128,
            48.67585,
            1057.46
          ],
          [
            -113.81279,
            48.67582,
            1058.6
          ],
          [
            -113.81279,
            48.67579,
            1059.93
          ],
          [
            -113.81274,
            48.67575,
            1061.56
          ],
          [
            -113.81264,
            48.67571,
            1063.17
          ],
          [
            -113.8126,
            48.6757,
            1063.28
          ],
          [
            -113.81256,
            48.67568,
            1064.16
          ],
          [
            -113.81241,
            48.67564,
            1066.53
          ],
          [
            -113.81235,
            48.67564,
            1066.53
          ],
          [
            -113.81231,
            48.67564,
            1066.58
          ],
          [
            -113.81227,
            48.67563,
            1067.66
          ],
          [
            -113.81223,
            48.67563,
            1068.09
          ],
          [
            -113.81219,
            48.67562,
            1069.07
          ],
          [
            -113.81209,
            48.67562,
            1069.95
          ],
          [
            -113.81205,
            48.67561,
            1070.92
          ],
          [
            -113.81188,
            48.67561,
            1072.76
          ],
          [
            -113.81182,
            48.67562,
            1072.52
          ],
          [
            -113.81178,
            48.67564,
            1071.44
          ],
          [
            -113.81163,
            48.67571,
            1066.92
          ],
          [
            -113.81159,
            48.67572,
            1066.43
          ],
          [
            -113.81149,
            48.67573,
            1065.81
          ],
          [
            -113.81142,
            48.67571,
            1066.66
          ],
          [
            -113.81127,
            48.67564,
            1071.18
          ],
          [
            -113.81115,
            48.67559,
            1073.19
          ],
          [
            -113.81096,
            48.67555,
            1074.61
          ],
          [
            -113.81079,
            48.67553,
            1073.91
          ],
          [
            -113.8106,
            48.67551,
            1073.17
          ],
          [
            -113.81058,
            48.6755,
            1073.57
          ],
          [
            -113.81055,
            48.6755,
            1073.14
          ],
          [
            -113.8105,
            48.67548,
            1074.11
          ],
          [
            -113.81039,
            48.67543,
            1075.99
          ],
          [
            -113.8103,
            48.67534,
            1079.88
          ],
          [
            -113.81027,
            48.67533,
            1080.1
          ],
          [
            -113.81024,
            48.67532,
            1080.31
          ],
          [
            -113.81021,
            48.6753,
            1081.07
          ],
          [
            -113.81012,
            48.67528,
            1080.49
          ],
          [
            -113.81006,
            48.67526,
            1080.61
          ],
          [
            -113.81003,
            48.67523,
            1081.9
          ],
          [
            -113.80999,
            48.67519,
            1083.53
          ],
          [
            -113.80992,
            48.67512,
            1085.7
          ],
          [
            -113.80982,
            48.67505,
            1087.92
          ],
          [
            -113.80968,
            48.67496,
            1089.82
          ],
          [
            -113.80958,
            48.67491,
            1090.35
          ],
          [
            -113.80944,
            48.67485,
            1090.79
          ],
          [
            -113.80935,
            48.67482,
            1090.76
          ],
          [
            -113.8093,
            48.67482,
            1090.22
          ],
          [
            -113.80911,
            48.67477,
            1089.32
          ],
          [
            -113.809,
            48.67477,
            1087.75
          ],
          [
            -113.80897,
            48.67476,
            1087.6
          ],
          [
            -113.8089,
            48.67476,
            1086.54
          ],
          [
            -113.80887,
            48.67475,
            1086.45
          ],
          [
            -113.80883,
            48.67474,
            1086.08
          ],
          [
            -113.80874,
            48.6747,
            1086.11
          ],
          [
            -113.80862,
            48.67466,
            1085.21
          ],
          [
            -113.8085,
            48.67461,
            1085.24
          ],
          [
            -113.80848,
            48.67459,
            1085.45
          ],
          [
            -113.80847,
            48.67457,
            1085.88
          ],
          [
            -113.80847,
            48.67454,
            1086.86
          ],
          [
            -113.80848,
            48.6745,
            1088.53
          ],
          [
            -113.80852,
            48.67441,
            1092.15
          ],
          [
            -113.80852,
            48.67435,
            1094.09
          ],
          [
            -113.8085,
            48.67427,
            1096.25
          ],
          [
            -113.80846,
            48.67419,
            1096.96
          ],
          [
            -113.80841,
            48.67412,
            1097.25
          ],
          [
            -113.80838,
            48.67405,
            1097.76
          ],
          [
            -113.80835,
            48.674,
            1097.98
          ],
          [
            -113.80834,
            48.67399,
            1097.98
          ],
          [
            -113.80833,
            48.67398,
            1097.94
          ],
          [
            -113.80831,
            48.67396,
            1097.79
          ],
          [
            -113.8083,
            48.67393,
            1098.04
          ],
          [
            -113.80828,
            48.67384,
            1099.18
          ],
          [
            -113.80827,
            48.6738,
            1099.58
          ],
          [
            -113.80821,
            48.67373,
            1099.05
          ],
          [
            -113.80815,
            48.67368,
            1098.55
          ],
          [
            -113.80802,
            48.6736,
            1097.74
          ],
          [
            -113.80795,
            48.67355,
            1097.38
          ],
          [
            -113.80784,
            48.67351,
            1095.86
          ],
          [
            -113.80778,
            48.67345,
            1096.5
          ],
          [
            -113.80772,
            48.67342,
            1096.44
          ],
          [
            -113.80763,
            48.67342,
            1094.91
          ],
          [
            -113.80756,
            48.67341,
            1093.99
          ],
          [
            -113.80751,
            48.67338,
            1094.1
          ],
          [
            -113.80748,
            48.67337,
            1093.99
          ],
          [
            -113.80744,
            48.67335,
            1093.99
          ],
          [
            -113.80737,
            48.67332,
            1093.39
          ],
          [
            -113.80727,
            48.67328,
            1092.67
          ],
          [
            -113.80721,
            48.67326,
            1092.45
          ],
          [
            -113.80706,
            48.6732,
            1092.13
          ],
          [
            -113.807,
            48.67316,
            1092.34
          ],
          [
            -113.80694,
            48.6731,
            1092.99
          ],
          [
            -113.8069,
            48.67307,
            1093.21
          ],
          [
            -113.80665,
            48.67295,
            1094.1
          ],
          [
            -113.80654,
            48.67289,
            1094.5
          ],
          [
            -113.80647,
            48.67286,
            1095.11
          ],
          [
            -113.80643,
            48.67283,
            1095.56
          ],
          [
            -113.80639,
            48.67279,
            1096.61
          ],
          [
            -113.80632,
            48.67275,
            1097.08
          ],
          [
            -113.8062,
            48.67269,
            1097.81
          ],
          [
            -113.80593,
            48.67258,
            1099.58
          ],
          [
            -113.80582,
            48.67254,
            1100.7
          ],
          [
            -113.80576,
            48.67251,
            1101.68
          ],
          [
            -113.80566,
            48.67248,
            1101.96
          ],
          [
            -113.80561,
            48.67247,
            1102.16
          ],
          [
            -113.80553,
            48.67247,
            1101.97
          ],
          [
            -113.80537,
            48.6725,
            1101
          ],
          [
            -113.80531,
            48.67251,
            1099.99
          ],
          [
            -113.80527,
            48.67252,
            1099.35
          ],
          [
            -113.8052,
            48.67253,
            1099.03
          ],
          [
            -113.80511,
            48.67253,
            1098.76
          ],
          [
            -113.80501,
            48.67254,
            1098.27
          ],
          [
            -113.80496,
            48.67253,
            1098.27
          ],
          [
            -113.80489,
            48.67251,
            1098.55
          ],
          [
            -113.80476,
            48.67249,
            1099.32
          ],
          [
            -113.80468,
            48.67245,
            1100.62
          ],
          [
            -113.80452,
            48.67234,
            1103.46
          ],
          [
            -113.80446,
            48.67231,
            1104.16
          ],
          [
            -113.80442,
            48.67231,
            1104.16
          ],
          [
            -113.80437,
            48.67232,
            1103.89
          ],
          [
            -113.80433,
            48.67232,
            1103.89
          ],
          [
            -113.8042,
            48.67232,
            1103.89
          ],
          [
            -113.80413,
            48.67232,
            1103.89
          ],
          [
            -113.80406,
            48.67232,
            1103.89
          ],
          [
            -113.80399,
            48.6723,
            1104.48
          ],
          [
            -113.80394,
            48.67229,
            1105.13
          ],
          [
            -113.8039,
            48.67227,
            1105.91
          ],
          [
            -113.80389,
            48.67224,
            1106.61
          ],
          [
            -113.8039,
            48.6722,
            1107.69
          ],
          [
            -113.80399,
            48.67214,
            1108.78
          ],
          [
            -113.80414,
            48.67208,
            1110.94
          ],
          [
            -113.80418,
            48.67203,
            1112.16
          ],
          [
            -113.80419,
            48.672,
            1112.9
          ],
          [
            -113.80414,
            48.67184,
            1116.26
          ],
          [
            -113.80408,
            48.67174,
            1118.42
          ],
          [
            -113.80407,
            48.67169,
            1119.46
          ],
          [
            -113.80406,
            48.67164,
            1120.18
          ],
          [
            -113.80405,
            48.6716,
            1120.65
          ],
          [
            -113.80403,
            48.67157,
            1121.09
          ],
          [
            -113.80401,
            48.67155,
            1121.52
          ],
          [
            -113.80397,
            48.67153,
            1121.95
          ],
          [
            -113.80394,
            48.67152,
            1122.17
          ],
          [
            -113.80384,
            48.67151,
            1122.02
          ],
          [
            -113.8038,
            48.67151,
            1121.72
          ],
          [
            -113.80374,
            48.67152,
            1121.33
          ],
          [
            -113.80348,
            48.67164,
            1119.29
          ],
          [
            -113.80338,
            48.67167,
            1118.93
          ],
          [
            -113.80321,
            48.67168,
            1118.86
          ],
          [
            -113.80315,
            48.67167,
            1118.96
          ],
          [
            -113.80309,
            48.67167,
            1119.57
          ],
          [
            -113.80293,
            48.67165,
            1120.65
          ],
          [
            -113.80284,
            48.67164,
            1121.38
          ],
          [
            -113.80278,
            48.67162,
            1122
          ],
          [
            -113.80274,
            48.67161,
            1122.63
          ],
          [
            -113.8027,
            48.67161,
            1123.06
          ],
          [
            -113.80264,
            48.6716,
            1123.44
          ],
          [
            -113.80246,
            48.67155,
            1125.52
          ],
          [
            -113.80241,
            48.67154,
            1125.74
          ],
          [
            -113.80238,
            48.67154,
            1126.03
          ],
          [
            -113.80229,
            48.67152,
            1127.17
          ],
          [
            -113.80226,
            48.67152,
            1127.17
          ],
          [
            -113.80217,
            48.6715,
            1127.6
          ],
          [
            -113.80208,
            48.67146,
            1128.46
          ],
          [
            -113.80199,
            48.67145,
            1128.51
          ],
          [
            -113.80187,
            48.6714,
            1128.78
          ],
          [
            -113.80176,
            48.67134,
            1129.06
          ],
          [
            -113.80166,
            48.6713,
            1128.89
          ],
          [
            -113.80158,
            48.67127,
            1128.63
          ],
          [
            -113.80149,
            48.67122,
            1128.9
          ],
          [
            -113.8014,
            48.67117,
            1128.85
          ],
          [
            -113.80129,
            48.67111,
            1128.88
          ],
          [
            -113.80125,
            48.67108,
            1128.5
          ],
          [
            -113.80119,
            48.67102,
            1128.82
          ],
          [
            -113.80113,
            48.67093,
            1129.36
          ],
          [
            -113.80103,
            48.67077,
            1131.49
          ],
          [
            -113.801,
            48.67069,
            1132.9
          ],
          [
            -113.80096,
            48.67063,
            1133.83
          ],
          [
            -113.80094,
            48.67057,
            1134.97
          ],
          [
            -113.80092,
            48.67052,
            1136.06
          ],
          [
            -113.80088,
            48.67045,
            1137.36
          ],
          [
            -113.80083,
            48.6704,
            1137.97
          ],
          [
            -113.80077,
            48.67035,
            1138.29
          ],
          [
            -113.80064,
            48.67023,
            1139.37
          ],
          [
            -113.80061,
            48.67021,
            1139.37
          ],
          [
            -113.80055,
            48.6702,
            1138.4
          ],
          [
            -113.80045,
            48.6702,
            1136.26
          ],
          [
            -113.80039,
            48.67019,
            1135.31
          ],
          [
            -113.80037,
            48.67018,
            1135.1
          ],
          [
            -113.80034,
            48.67016,
            1134.89
          ],
          [
            -113.8003,
            48.67011,
            1135.1
          ],
          [
            -113.80028,
            48.67006,
            1135.75
          ],
          [
            -113.80027,
            48.67001,
            1136.62
          ],
          [
            -113.80029,
            48.66998,
            1137.48
          ],
          [
            -113.80032,
            48.66994,
            1138.56
          ],
          [
            -113.80035,
            48.6699,
            1139.64
          ],
          [
            -113.80036,
            48.66986,
            1140.29
          ],
          [
            -113.80036,
            48.66983,
            1140.61
          ],
          [
            -113.80037,
            48.66979,
            1141.26
          ],
          [
            -113.80037,
            48.66975,
            1141.69
          ],
          [
            -113.80036,
            48.66971,
            1141.91
          ],
          [
            -113.80037,
            48.66968,
            1142.45
          ],
          [
            -113.80041,
            48.66956,
            1144.18
          ],
          [
            -113.80041,
            48.66952,
            1144.61
          ],
          [
            -113.80041,
            48.66948,
            1145.04
          ],
          [
            -113.80036,
            48.66938,
            1145.47
          ],
          [
            -113.80033,
            48.66925,
            1146.23
          ],
          [
            -113.80034,
            48.6692,
            1146.98
          ],
          [
            -113.80034,
            48.66913,
            1147.74
          ],
          [
            -113.80033,
            48.66908,
            1148.06
          ],
          [
            -113.80035,
            48.66902,
            1149.14
          ],
          [
            -113.80036,
            48.66898,
            1149.81
          ],
          [
            -113.80036,
            48.66894,
            1150.67
          ],
          [
            -113.80033,
            48.66887,
            1151.54
          ],
          [
            -113.80029,
            48.6688,
            1152.18
          ],
          [
            -113.80024,
            48.66871,
            1153.05
          ],
          [
            -113.8002,
            48.66867,
            1153.05
          ],
          [
            -113.80004,
            48.66857,
            1152.51
          ],
          [
            -113.79995,
            48.66848,
            1153.17
          ],
          [
            -113.79991,
            48.6684,
            1154.62
          ],
          [
            -113.79986,
            48.66833,
            1155.07
          ],
          [
            -113.79977,
            48.66825,
            1155.78
          ],
          [
            -113.79972,
            48.66821,
            1155.62
          ],
          [
            -113.79968,
            48.66818,
            1155.7
          ],
          [
            -113.79964,
            48.66816,
            1155.74
          ],
          [
            -113.79958,
            48.66813,
            1155.32
          ],
          [
            -113.7995,
            48.6681,
            1154.64
          ],
          [
            -113.79943,
            48.66806,
            1154.59
          ],
          [
            -113.79938,
            48.66805,
            1153.77
          ],
          [
            -113.7993,
            48.66802,
            1153.38
          ],
          [
            -113.79926,
            48.66801,
            1153
          ],
          [
            -113.79915,
            48.66801,
            1151.71
          ],
          [
            -113.7991,
            48.66802,
            1150.6
          ],
          [
            -113.79905,
            48.66805,
            1148.9
          ],
          [
            -113.79896,
            48.66808,
            1147.24
          ],
          [
            -113.79886,
            48.66809,
            1145.94
          ],
          [
            -113.79879,
            48.66811,
            1144.76
          ],
          [
            -113.79864,
            48.6681,
            1142.66
          ],
          [
            -113.79853,
            48.6681,
            1141.16
          ],
          [
            -113.79843,
            48.66809,
            1140.3
          ],
          [
            -113.7984,
            48.66808,
            1140.19
          ],
          [
            -113.79839,
            48.66808,
            1140.08
          ],
          [
            -113.79832,
            48.66808,
            1139.33
          ],
          [
            -113.79823,
            48.66807,
            1138.55
          ],
          [
            -113.79814,
            48.66808,
            1137.12
          ],
          [
            -113.79804,
            48.66808,
            1136.04
          ],
          [
            -113.798,
            48.66807,
            1135.93
          ],
          [
            -113.79786,
            48.66802,
            1135.66
          ],
          [
            -113.79767,
            48.66792,
            1136.23
          ],
          [
            -113.7976,
            48.66788,
            1136.77
          ],
          [
            -113.79758,
            48.66786,
            1137.09
          ],
          [
            -113.79755,
            48.66782,
            1137.63
          ],
          [
            -113.79754,
            48.66776,
            1138.82
          ],
          [
            -113.7975,
            48.66767,
            1140.33
          ],
          [
            -113.79749,
            48.66763,
            1141.08
          ],
          [
            -113.79749,
            48.66759,
            1141.95
          ],
          [
            -113.79748,
            48.66756,
            1142.49
          ],
          [
            -113.79749,
            48.66752,
            1143.46
          ],
          [
            -113.7975,
            48.66747,
            1144.65
          ],
          [
            -113.7975,
            48.6674,
            1146.08
          ],
          [
            -113.7975,
            48.66737,
            1146.4
          ],
          [
            -113.79747,
            48.66733,
            1146.51
          ],
          [
            -113.79743,
            48.6673,
            1146.6
          ],
          [
            -113.79739,
            48.66729,
            1146.49
          ],
          [
            -113.79734,
            48.66727,
            1146.62
          ],
          [
            -113.79728,
            48.66727,
            1146.11
          ],
          [
            -113.79723,
            48.66726,
            1145.68
          ],
          [
            -113.79716,
            48.66723,
            1145.86
          ],
          [
            -113.79711,
            48.66719,
            1146.14
          ],
          [
            -113.79707,
            48.66714,
            1146.24
          ],
          [
            -113.79701,
            48.6671,
            1146.87
          ],
          [
            -113.79692,
            48.66701,
            1148.32
          ],
          [
            -113.79684,
            48.66694,
            1149.02
          ],
          [
            -113.79676,
            48.66691,
            1149.12
          ],
          [
            -113.79668,
            48.66692,
            1148.57
          ],
          [
            -113.7966,
            48.66693,
            1147.7
          ],
          [
            -113.79645,
            48.66693,
            1147.03
          ],
          [
            -113.79637,
            48.66691,
            1147.12
          ],
          [
            -113.79629,
            48.66688,
            1148.04
          ],
          [
            -113.79623,
            48.66685,
            1148.34
          ],
          [
            -113.79617,
            48.6668,
            1149.48
          ],
          [
            -113.79614,
            48.66678,
            1149.79
          ],
          [
            -113.79606,
            48.66672,
            1151.27
          ],
          [
            -113.79594,
            48.66658,
            1154.82
          ],
          [
            -113.79586,
            48.66648,
            1157.05
          ],
          [
            -113.79581,
            48.66642,
            1158.82
          ],
          [
            -113.79576,
            48.66637,
            1159.78
          ],
          [
            -113.7957,
            48.6663,
            1161.88
          ],
          [
            -113.79565,
            48.66621,
            1163.86
          ],
          [
            -113.79565,
            48.66618,
            1164.77
          ],
          [
            -113.79565,
            48.66614,
            1166.06
          ],
          [
            -113.79569,
            48.66606,
            1168.1
          ],
          [
            -113.79572,
            48.66596,
            1170.9
          ],
          [
            -113.7957,
            48.66592,
            1172.13
          ],
          [
            -113.7957,
            48.6659,
            1172.56
          ],
          [
            -113.79568,
            48.66586,
            1173.42
          ],
          [
            -113.79568,
            48.66584,
            1173.86
          ],
          [
            -113.79565,
            48.66576,
            1175.6
          ],
          [
            -113.79562,
            48.66569,
            1177.1
          ],
          [
            -113.79559,
            48.66563,
            1178.39
          ],
          [
            -113.79553,
            48.66554,
            1180.29
          ],
          [
            -113.79548,
            48.66548,
            1180.97
          ],
          [
            -113.79543,
            48.66541,
            1182.14
          ],
          [
            -113.79537,
            48.66534,
            1183.33
          ],
          [
            -113.79533,
            48.66529,
            1183.81
          ],
          [
            -113.79528,
            48.66525,
            1184.31
          ],
          [
            -113.79524,
            48.66523,
            1184.32
          ],
          [
            -113.79513,
            48.66515,
            1185.01
          ],
          [
            -113.79493,
            48.66498,
            1186.27
          ],
          [
            -113.79485,
            48.66492,
            1186.24
          ],
          [
            -113.7948,
            48.66487,
            1186.65
          ],
          [
            -113.79478,
            48.66486,
            1186.65
          ],
          [
            -113.79476,
            48.66485,
            1186.65
          ],
          [
            -113.79475,
            48.66484,
            1186.76
          ],
          [
            -113.79469,
            48.66482,
            1186.54
          ],
          [
            -113.79452,
            48.66479,
            1185.08
          ],
          [
            -113.79439,
            48.66476,
            1184
          ],
          [
            -113.79423,
            48.66469,
            1183.27
          ],
          [
            -113.79416,
            48.66465,
            1182.71
          ],
          [
            -113.79411,
            48.6646,
            1183.03
          ],
          [
            -113.79407,
            48.66453,
            1184.03
          ],
          [
            -113.79402,
            48.66442,
            1184.79
          ],
          [
            -113.79399,
            48.66435,
            1185.22
          ],
          [
            -113.79396,
            48.66425,
            1186.87
          ],
          [
            -113.79395,
            48.66424,
            1186.87
          ],
          [
            -113.79395,
            48.66423,
            1186.98
          ],
          [
            -113.79393,
            48.66409,
            1189.1
          ],
          [
            -113.79391,
            48.66392,
            1191.56
          ],
          [
            -113.7939,
            48.66385,
            1192.59
          ],
          [
            -113.79387,
            48.66378,
            1193.15
          ],
          [
            -113.79383,
            48.66371,
            1194.23
          ],
          [
            -113.7938,
            48.66367,
            1194.42
          ],
          [
            -113.79369,
            48.66357,
            1194.66
          ],
          [
            -113.79366,
            48.66354,
            1194.95
          ],
          [
            -113.79361,
            48.66345,
            1195.72
          ],
          [
            -113.79359,
            48.66339,
            1196.55
          ],
          [
            -113.79358,
            48.66335,
            1197.3
          ],
          [
            -113.79358,
            48.6633,
            1198.02
          ],
          [
            -113.79355,
            48.6632,
            1199.22
          ],
          [
            -113.79352,
            48.66309,
            1200.64
          ],
          [
            -113.79351,
            48.66301,
            1201.89
          ],
          [
            -113.79351,
            48.66296,
            1202.94
          ],
          [
            -113.79351,
            48.66293,
            1203.26
          ],
          [
            -113.79348,
            48.66285,
            1204.02
          ],
          [
            -113.79343,
            48.66271,
            1205.78
          ],
          [
            -113.79342,
            48.66261,
            1207.56
          ],
          [
            -113.7934,
            48.66256,
            1208.07
          ],
          [
            -113.79337,
            48.66252,
            1208.18
          ],
          [
            -113.79333,
            48.66244,
            1209.26
          ],
          [
            -113.79326,
            48.66235,
            1209.83
          ],
          [
            -113.79315,
            48.66222,
            1211.04
          ],
          [
            -113.793,
            48.66208,
            1210.94
          ],
          [
            -113.79288,
            48.66201,
            1210.4
          ],
          [
            -113.79282,
            48.66197,
            1210.18
          ],
          [
            -113.79277,
            48.66192,
            1210.18
          ],
          [
            -113.79271,
            48.66185,
            1210.29
          ],
          [
            -113.79266,
            48.66179,
            1210.4
          ],
          [
            -113.7926,
            48.66172,
            1210.54
          ],
          [
            -113.79254,
            48.66166,
            1210.54
          ],
          [
            -113.79247,
            48.66159,
            1210.5
          ],
          [
            -113.79235,
            48.66153,
            1209.86
          ],
          [
            -113.79231,
            48.66151,
            1209.59
          ],
          [
            -113.79221,
            48.66146,
            1208.1
          ],
          [
            -113.79205,
            48.66136,
            1207.18
          ],
          [
            -113.79196,
            48.66132,
            1205.96
          ],
          [
            -113.79189,
            48.66129,
            1205.48
          ],
          [
            -113.79173,
            48.66125,
            1203.53
          ],
          [
            -113.79162,
            48.66121,
            1202.43
          ],
          [
            -113.79155,
            48.66118,
            1201.74
          ],
          [
            -113.79148,
            48.66113,
            1200.98
          ],
          [
            -113.79138,
            48.66107,
            1199.9
          ],
          [
            -113.79134,
            48.66101,
            1199.56
          ],
          [
            -113.79132,
            48.66099,
            1199.56
          ],
          [
            -113.79127,
            48.66094,
            1199.32
          ],
          [
            -113.79118,
            48.66082,
            1198.85
          ],
          [
            -113.79107,
            48.66071,
            1197.89
          ],
          [
            -113.79097,
            48.66063,
            1197.57
          ],
          [
            -113.79086,
            48.66061,
            1196.29
          ],
          [
            -113.79077,
            48.6606,
            1195.67
          ],
          [
            -113.7907,
            48.66061,
            1194.97
          ],
          [
            -113.79066,
            48.66061,
            1194.54
          ],
          [
            -113.79062,
            48.66061,
            1194.29
          ],
          [
            -113.79053,
            48.6606,
            1193.87
          ],
          [
            -113.7905,
            48.66059,
            1193.78
          ],
          [
            -113.79048,
            48.66058,
            1193.78
          ],
          [
            -113.79046,
            48.66055,
            1193.97
          ],
          [
            -113.79046,
            48.66052,
            1193.98
          ],
          [
            -113.79051,
            48.66044,
            1194.51
          ],
          [
            -113.79052,
            48.66039,
            1194.62
          ],
          [
            -113.79051,
            48.66034,
            1194.51
          ],
          [
            -113.79049,
            48.66027,
            1194.29
          ],
          [
            -113.79045,
            48.66022,
            1194
          ],
          [
            -113.79036,
            48.66015,
            1193.89
          ],
          [
            -113.7903,
            48.66008,
            1193.21
          ],
          [
            -113.79025,
            48.65998,
            1192.7
          ],
          [
            -113.79024,
            48.65994,
            1192.59
          ],
          [
            -113.79023,
            48.65992,
            1192.48
          ],
          [
            -113.79022,
            48.6599,
            1192.38
          ],
          [
            -113.79022,
            48.65989,
            1192.38
          ],
          [
            -113.79022,
            48.65988,
            1192.38
          ],
          [
            -113.79022,
            48.65985,
            1192.38
          ],
          [
            -113.79021,
            48.65982,
            1192.27
          ],
          [
            -113.79021,
            48.65979,
            1192.2
          ],
          [
            -113.79021,
            48.65975,
            1192.08
          ],
          [
            -113.79022,
            48.65972,
            1192
          ],
          [
            -113.79024,
            48.65969,
            1192
          ],
          [
            -113.79039,
            48.65955,
            1192.32
          ],
          [
            -113.79047,
            48.65949,
            1193
          ],
          [
            -113.7906,
            48.65938,
            1193.15
          ],
          [
            -113.79067,
            48.65926,
            1193.24
          ],
          [
            -113.79073,
            48.65917,
            1193.77
          ],
          [
            -113.79075,
            48.65913,
            1193.7
          ],
          [
            -113.79077,
            48.6591,
            1193.6
          ],
          [
            -113.79079,
            48.65907,
            1193.53
          ],
          [
            -113.79082,
            48.65901,
            1193.86
          ],
          [
            -113.79087,
            48.65893,
            1194.4
          ],
          [
            -113.7909,
            48.65888,
            1194.72
          ],
          [
            -113.79092,
            48.65877,
            1194.94
          ],
          [
            -113.79096,
            48.65865,
            1195.74
          ],
          [
            -113.79097,
            48.65861,
            1195.95
          ],
          [
            -113.79097,
            48.65853,
            1195.95
          ],
          [
            -113.79095,
            48.65844,
            1196.15
          ],
          [
            -113.79095,
            48.65836,
            1196.45
          ],
          [
            -113.79097,
            48.6583,
            1196.95
          ],
          [
            -113.79097,
            48.65828,
            1196.95
          ],
          [
            -113.79098,
            48.65824,
            1197.17
          ],
          [
            -113.79096,
            48.65818,
            1196.74
          ],
          [
            -113.79092,
            48.65807,
            1196.73
          ],
          [
            -113.79085,
            48.65793,
            1196.24
          ],
          [
            -113.79081,
            48.65785,
            1195.91
          ],
          [
            -113.79076,
            48.65778,
            1195.41
          ],
          [
            -113.79066,
            48.65768,
            1194.31
          ],
          [
            -113.79065,
            48.65766,
            1194.31
          ],
          [
            -113.79062,
            48.65757,
            1194.87
          ],
          [
            -113.79062,
            48.65752,
            1195.24
          ],
          [
            -113.79061,
            48.65745,
            1195.72
          ],
          [
            -113.79059,
            48.6574,
            1195.85
          ],
          [
            -113.79056,
            48.65734,
            1195.86
          ],
          [
            -113.79052,
            48.6573,
            1195.87
          ],
          [
            -113.79048,
            48.65724,
            1196.14
          ],
          [
            -113.79037,
            48.65715,
            1195.78
          ],
          [
            -113.7903,
            48.65708,
            1195.37
          ],
          [
            -113.79023,
            48.65703,
            1194.6
          ],
          [
            -113.7901,
            48.65696,
            1194.07
          ],
          [
            -113.78993,
            48.65686,
            1194.16
          ],
          [
            -113.78986,
            48.65681,
            1193.72
          ],
          [
            -113.78977,
            48.65676,
            1193.51
          ],
          [
            -113.78971,
            48.65672,
            1193.29
          ],
          [
            -113.78962,
            48.65666,
            1193.06
          ],
          [
            -113.78952,
            48.6566,
            1192.95
          ],
          [
            -113.78942,
            48.65654,
            1192.83
          ],
          [
            -113.78936,
            48.6565,
            1192.82
          ],
          [
            -113.78929,
            48.65643,
            1192.89
          ],
          [
            -113.78923,
            48.65632,
            1193.43
          ],
          [
            -113.78914,
            48.65625,
            1193.36
          ],
          [
            -113.78913,
            48.65623,
            1193.43
          ],
          [
            -113.78906,
            48.65617,
            1193.31
          ],
          [
            -113.78897,
            48.65607,
            1193.39
          ],
          [
            -113.78891,
            48.656,
            1193.38
          ],
          [
            -113.78888,
            48.65596,
            1193.57
          ],
          [
            -113.78881,
            48.65588,
            1193.57
          ],
          [
            -113.78871,
            48.65576,
            1193.07
          ],
          [
            -113.78864,
            48.65562,
            1193.62
          ],
          [
            -113.7886,
            48.65552,
            1194.26
          ],
          [
            -113.78852,
            48.65539,
            1195.6
          ],
          [
            -113.78848,
            48.65534,
            1196.02
          ],
          [
            -113.78841,
            48.65528,
            1195.78
          ],
          [
            -113.78834,
            48.65523,
            1196.14
          ],
          [
            -113.78828,
            48.65518,
            1195.98
          ],
          [
            -113.78824,
            48.65516,
            1195.53
          ],
          [
            -113.7882,
            48.65513,
            1195.31
          ],
          [
            -113.78816,
            48.6551,
            1195.1
          ],
          [
            -113.78809,
            48.65501,
            1195.53
          ],
          [
            -113.788,
            48.65483,
            1197.81
          ],
          [
            -113.78794,
            48.65475,
            1198.43
          ],
          [
            -113.78782,
            48.65462,
            1198.21
          ],
          [
            -113.78771,
            48.6545,
            1198.4
          ],
          [
            -113.7876,
            48.6544,
            1198.68
          ],
          [
            -113.78753,
            48.65435,
            1198.04
          ],
          [
            -113.78746,
            48.65429,
            1197.85
          ],
          [
            -113.78738,
            48.65421,
            1198.38
          ],
          [
            -113.78719,
            48.65405,
            1198.91
          ],
          [
            -113.78712,
            48.65401,
            1197.9
          ],
          [
            -113.78689,
            48.65391,
            1195.5
          ],
          [
            -113.78681,
            48.65385,
            1195.2
          ],
          [
            -113.78675,
            48.65381,
            1194.85
          ],
          [
            -113.7867,
            48.65377,
            1195.49
          ],
          [
            -113.78663,
            48.65371,
            1195.54
          ],
          [
            -113.78652,
            48.65362,
            1195.32
          ],
          [
            -113.78634,
            48.65347,
            1195
          ],
          [
            -113.7862,
            48.65333,
            1195.03
          ],
          [
            -113.7861,
            48.65321,
            1195.5
          ],
          [
            -113.78603,
            48.6531,
            1196.35
          ],
          [
            -113.78598,
            48.65306,
            1196.09
          ],
          [
            -113.78596,
            48.65303,
            1196.49
          ],
          [
            -113.78593,
            48.653,
            1196.34
          ],
          [
            -113.7859,
            48.65295,
            1196.96
          ],
          [
            -113.78586,
            48.65288,
            1198.52
          ],
          [
            -113.78575,
            48.65278,
            1198.35
          ],
          [
            -113.78558,
            48.65266,
            1197.49
          ],
          [
            -113.78535,
            48.65246,
            1197.32
          ],
          [
            -113.78527,
            48.65241,
            1196.78
          ],
          [
            -113.78521,
            48.65238,
            1196.58
          ],
          [
            -113.78517,
            48.65235,
            1196.66
          ],
          [
            -113.78511,
            48.65231,
            1196.6
          ],
          [
            -113.78503,
            48.65226,
            1196.89
          ],
          [
            -113.78492,
            48.65217,
            1196.55
          ],
          [
            -113.78475,
            48.65203,
            1196.8
          ],
          [
            -113.78471,
            48.65199,
            1196.82
          ],
          [
            -113.78468,
            48.65197,
            1196.66
          ],
          [
            -113.78464,
            48.65192,
            1197.08
          ],
          [
            -113.7846,
            48.65188,
            1197.32
          ],
          [
            -113.78447,
            48.65179,
            1196.31
          ],
          [
            -113.78419,
            48.65155,
            1195.64
          ],
          [
            -113.78447,
            48.65179,
            1196.31
          ],
          [
            -113.7846,
            48.65188,
            1197.32
          ],
          [
            -113.78464,
            48.65192,
            1197.08
          ],
          [
            -113.78468,
            48.65197,
            1196.66
          ],
          [
            -113.78471,
            48.65199,
            1196.82
          ],
          [
            -113.78475,
            48.65203,
            1196.8
          ],
          [
            -113.78492,
            48.65217,
            1196.55
          ],
          [
            -113.78503,
            48.65226,
            1196.89
          ],
          [
            -113.78511,
            48.65231,
            1196.6
          ],
          [
            -113.78517,
            48.65235,
            1196.66
          ],
          [
            -113.78521,
            48.65238,
            1196.58
          ],
          [
            -113.78527,
            48.65241,
            1196.78
          ],
          [
            -113.78535,
            48.65246,
            1197.32
          ],
          [
            -113.78558,
            48.65266,
            1197.49
          ],
          [
            -113.78575,
            48.65278,
            1198.35
          ],
          [
            -113.78586,
            48.65288,
            1198.52
          ],
          [
            -113.7859,
            48.65295,
            1196.96
          ],
          [
            -113.78593,
            48.653,
            1196.34
          ],
          [
            -113.78596,
            48.65303,
            1196.49
          ],
          [
            -113.78598,
            48.65306,
            1196.09
          ],
          [
            -113.78603,
            48.6531,
            1196.35
          ],
          [
            -113.7861,
            48.65321,
            1195.5
          ],
          [
            -113.7862,
            48.65333,
            1195.03
          ],
          [
            -113.78634,
            48.65347,
            1195
          ],
          [
            -113.78652,
            48.65362,
            1195.32
          ],
          [
            -113.78663,
            48.65371,
            1195.54
          ],
          [
            -113.7867,
            48.65377,
            1195.49
          ],
          [
            -113.78675,
            48.65381,
            1194.85
          ],
          [
            -113.78681,
            48.65385,
            1195.2
          ],
          [
            -113.78689,
            48.65391,
            1195.5
          ],
          [
            -113.78712,
            48.65401,
            1197.9
          ],
          [
            -113.78719,
            48.65405,
            1198.91
          ],
          [
            -113.78738,
            48.65421,
            1198.38
          ],
          [
            -113.78746,
            48.65429,
            1197.85
          ],
          [
            -113.78753,
            48.65435,
            1198.04
          ],
          [
            -113.7876,
            48.6544,
            1198.68
          ],
          [
            -113.78771,
            48.6545,
            1198.4
          ],
          [
            -113.78782,
            48.65462,
            1198.21
          ],
          [
            -113.78794,
            48.65475,
            1198.43
          ],
          [
            -113.788,
            48.65483,
            1197.81
          ],
          [
            -113.78809,
            48.65501,
            1195.53
          ],
          [
            -113.78816,
            48.6551,
            1195.1
          ],
          [
            -113.7882,
            48.65513,
            1195.31
          ],
          [
            -113.78824,
            48.65516,
            1195.53
          ],
          [
            -113.78828,
            48.65518,
            1195.98
          ],
          [
            -113.78834,
            48.65523,
            1196.14
          ],
          [
            -113.78841,
            48.65528,
            1195.78
          ],
          [
            -113.78848,
            48.65534,
            1196.02
          ],
          [
            -113.78852,
            48.65539,
            1195.6
          ],
          [
            -113.7886,
            48.65552,
            1194.26
          ],
          [
            -113.78864,
            48.65562,
            1193.62
          ],
          [
            -113.78871,
            48.65576,
            1193.07
          ],
          [
            -113.78881,
            48.65588,
            1193.57
          ],
          [
            -113.78888,
            48.65596,
            1193.57
          ],
          [
            -113.78891,
            48.656,
            1193.38
          ],
          [
            -113.78897,
            48.65607,
            1193.39
          ],
          [
            -113.78906,
            48.65617,
            1193.31
          ],
          [
            -113.78913,
            48.65623,
            1193.43
          ],
          [
            -113.78914,
            48.65625,
            1193.36
          ],
          [
            -113.78923,
            48.65632,
            1193.43
          ],
          [
            -113.78929,
            48.65643,
            1192.89
          ],
          [
            -113.78936,
            48.6565,
            1192.82
          ],
          [
            -113.78942,
            48.65654,
            1192.83
          ],
          [
            -113.78952,
            48.6566,
            1192.95
          ],
          [
            -113.78962,
            48.65666,
            1193.06
          ],
          [
            -113.78971,
            48.65672,
            1193.29
          ],
          [
            -113.78977,
            48.65676,
            1193.51
          ],
          [
            -113.78986,
            48.65681,
            1193.72
          ],
          [
            -113.78993,
            48.65686,
            1194.16
          ],
          [
            -113.7901,
            48.65696,
            1194.07
          ],
          [
            -113.79023,
            48.65703,
            1194.6
          ],
          [
            -113.7903,
            48.65708,
            1195.37
          ],
          [
            -113.79037,
            48.65715,
            1195.78
          ],
          [
            -113.79048,
            48.65724,
            1196.14
          ],
          [
            -113.79052,
            48.6573,
            1195.87
          ],
          [
            -113.79056,
            48.65734,
            1195.86
          ],
          [
            -113.79059,
            48.6574,
            1195.85
          ],
          [
            -113.79061,
            48.65745,
            1195.72
          ],
          [
            -113.79062,
            48.65752,
            1195.24
          ],
          [
            -113.79062,
            48.65757,
            1194.87
          ],
          [
            -113.79065,
            48.65766,
            1194.31
          ],
          [
            -113.79066,
            48.65768,
            1194.31
          ],
          [
            -113.79076,
            48.65778,
            1195.41
          ],
          [
            -113.79081,
            48.65785,
            1195.91
          ],
          [
            -113.79085,
            48.65793,
            1196.24
          ],
          [
            -113.79092,
            48.65807,
            1196.73
          ],
          [
            -113.79096,
            48.65818,
            1196.74
          ],
          [
            -113.79098,
            48.65824,
            1197.17
          ],
          [
            -113.79097,
            48.65828,
            1196.95
          ],
          [
            -113.79097,
            48.6583,
            1196.95
          ],
          [
            -113.79095,
            48.65836,
            1196.45
          ],
          [
            -113.79095,
            48.65844,
            1196.15
          ],
          [
            -113.79097,
            48.65853,
            1195.95
          ],
          [
            -113.79097,
            48.65861,
            1195.95
          ],
          [
            -113.79096,
            48.65865,
            1195.74
          ],
          [
            -113.79092,
            48.65877,
            1194.94
          ],
          [
            -113.7909,
            48.65888,
            1194.72
          ],
          [
            -113.79087,
            48.65893,
            1194.4
          ],
          [
            -113.79082,
            48.65901,
            1193.86
          ],
          [
            -113.79079,
            48.65907,
            1193.53
          ],
          [
            -113.79077,
            48.6591,
            1193.6
          ],
          [
            -113.79075,
            48.65913,
            1193.7
          ],
          [
            -113.79073,
            48.65917,
            1193.77
          ],
          [
            -113.79067,
            48.65926,
            1193.24
          ],
          [
            -113.7906,
            48.65938,
            1193.15
          ],
          [
            -113.79047,
            48.65949,
            1193
          ],
          [
            -113.79039,
            48.65955,
            1192.32
          ],
          [
            -113.79024,
            48.65969,
            1192
          ],
          [
            -113.79022,
            48.65972,
            1192
          ],
          [
            -113.79021,
            48.65975,
            1192.08
          ],
          [
            -113.79021,
            48.65979,
            1192.2
          ],
          [
            -113.79021,
            48.65982,
            1192.27
          ],
          [
            -113.79022,
            48.65985,
            1192.38
          ],
          [
            -113.79022,
            48.65988,
            1192.38
          ],
          [
            -113.79022,
            48.65989,
            1192.38
          ],
          [
            -113.79022,
            48.6599,
            1192.38
          ],
          [
            -113.79023,
            48.65992,
            1192.48
          ],
          [
            -113.79024,
            48.65994,
            1192.59
          ],
          [
            -113.79025,
            48.65998,
            1192.7
          ],
          [
            -113.7903,
            48.66008,
            1193.21
          ],
          [
            -113.79036,
            48.66015,
            1193.89
          ],
          [
            -113.79045,
            48.66022,
            1194
          ],
          [
            -113.79049,
            48.66027,
            1194.29
          ],
          [
            -113.79051,
            48.66034,
            1194.51
          ],
          [
            -113.79052,
            48.66039,
            1194.62
          ],
          [
            -113.79051,
            48.66044,
            1194.51
          ],
          [
            -113.79046,
            48.66052,
            1193.98
          ],
          [
            -113.79046,
            48.66055,
            1193.97
          ],
          [
            -113.79048,
            48.66058,
            1193.78
          ],
          [
            -113.7905,
            48.66059,
            1193.78
          ],
          [
            -113.79053,
            48.6606,
            1193.87
          ],
          [
            -113.79062,
            48.66061,
            1194.29
          ],
          [
            -113.79066,
            48.66061,
            1194.54
          ],
          [
            -113.7907,
            48.66061,
            1194.97
          ],
          [
            -113.79077,
            48.6606,
            1195.67
          ],
          [
            -113.79086,
            48.66061,
            1196.29
          ],
          [
            -113.79097,
            48.66063,
            1197.57
          ],
          [
            -113.79107,
            48.66071,
            1197.89
          ],
          [
            -113.79118,
            48.66082,
            1198.85
          ],
          [
            -113.79127,
            48.66094,
            1199.32
          ],
          [
            -113.79132,
            48.66099,
            1199.56
          ],
          [
            -113.79134,
            48.66101,
            1199.56
          ],
          [
            -113.79138,
            48.66107,
            1199.9
          ],
          [
            -113.79148,
            48.66113,
            1200.98
          ],
          [
            -113.79155,
            48.66118,
            1201.74
          ],
          [
            -113.79162,
            48.66121,
            1202.43
          ],
          [
            -113.79173,
            48.66125,
            1203.53
          ],
          [
            -113.79189,
            48.66129,
            1205.48
          ],
          [
            -113.79196,
            48.66132,
            1205.96
          ],
          [
            -113.79205,
            48.66136,
            1207.18
          ],
          [
            -113.79221,
            48.66146,
            1208.1
          ],
          [
            -113.79231,
            48.66151,
            1209.59
          ],
          [
            -113.79235,
            48.66153,
            1209.86
          ],
          [
            -113.79247,
            48.66159,
            1210.5
          ],
          [
            -113.79254,
            48.66166,
            1210.54
          ],
          [
            -113.7926,
            48.66172,
            1210.54
          ],
          [
            -113.79266,
            48.66179,
            1210.4
          ],
          [
            -113.79271,
            48.66185,
            1210.29
          ],
          [
            -113.79277,
            48.66192,
            1210.18
          ],
          [
            -113.79282,
            48.66197,
            1210.18
          ],
          [
            -113.79288,
            48.66201,
            1210.4
          ],
          [
            -113.793,
            48.66208,
            1210.94
          ],
          [
            -113.79315,
            48.66222,
            1211.04
          ],
          [
            -113.79326,
            48.66235,
            1209.83
          ],
          [
            -113.79333,
            48.66244,
            1209.26
          ],
          [
            -113.79337,
            48.66252,
            1208.18
          ],
          [
            -113.7934,
            48.66256,
            1208.07
          ],
          [
            -113.79342,
            48.66261,
            1207.56
          ],
          [
            -113.79343,
            48.66271,
            1205.78
          ],
          [
            -113.79348,
            48.66285,
            1204.02
          ],
          [
            -113.79351,
            48.66293,
            1203.26
          ],
          [
            -113.79351,
            48.66296,
            1202.94
          ],
          [
            -113.79351,
            48.66301,
            1201.89
          ],
          [
            -113.79352,
            48.66309,
            1200.64
          ],
          [
            -113.79355,
            48.6632,
            1199.22
          ],
          [
            -113.79358,
            48.6633,
            1198.02
          ],
          [
            -113.79358,
            48.66335,
            1197.3
          ],
          [
            -113.79359,
            48.66339,
            1196.55
          ],
          [
            -113.79361,
            48.66345,
            1195.72
          ],
          [
            -113.79366,
            48.66354,
            1194.95
          ],
          [
            -113.79369,
            48.66357,
            1194.66
          ],
          [
            -113.7938,
            48.66367,
            1194.42
          ],
          [
            -113.79383,
            48.66371,
            1194.23
          ],
          [
            -113.79387,
            48.66378,
            1193.15
          ],
          [
            -113.7939,
            48.66385,
            1192.59
          ],
          [
            -113.79391,
            48.66392,
            1191.56
          ],
          [
            -113.79393,
            48.66409,
            1189.1
          ],
          [
            -113.79395,
            48.66423,
            1186.98
          ],
          [
            -113.79395,
            48.66424,
            1186.87
          ],
          [
            -113.79396,
            48.66425,
            1186.87
          ],
          [
            -113.79399,
            48.66435,
            1185.22
          ],
          [
            -113.79402,
            48.66442,
            1184.79
          ],
          [
            -113.79407,
            48.66453,
            1184.03
          ],
          [
            -113.79411,
            48.6646,
            1183.03
          ],
          [
            -113.79416,
            48.66465,
            1182.71
          ],
          [
            -113.79423,
            48.66469,
            1183.27
          ],
          [
            -113.79439,
            48.66476,
            1184
          ],
          [
            -113.79452,
            48.66479,
            1185.08
          ],
          [
            -113.79469,
            48.66482,
            1186.54
          ],
          [
            -113.79475,
            48.66484,
            1186.76
          ],
          [
            -113.79476,
            48.66485,
            1186.65
          ],
          [
            -113.79478,
            48.66486,
            1186.65
          ],
          [
            -113.7948,
            48.66487,
            1186.65
          ],
          [
            -113.79485,
            48.66492,
            1186.24
          ],
          [
            -113.79493,
            48.66498,
            1186.27
          ],
          [
            -113.79513,
            48.66515,
            1185.01
          ],
          [
            -113.79524,
            48.66523,
            1184.32
          ],
          [
            -113.79528,
            48.66525,
            1184.31
          ],
          [
            -113.79533,
            48.66529,
            1183.81
          ],
          [
            -113.79537,
            48.66534,
            1183.33
          ],
          [
            -113.79543,
            48.66541,
            1182.14
          ],
          [
            -113.79548,
            48.66548,
            1180.97
          ],
          [
            -113.79553,
            48.66554,
            1180.29
          ],
          [
            -113.79559,
            48.66563,
            1178.39
          ],
          [
            -113.79562,
            48.66569,
            1177.1
          ],
          [
            -113.79565,
            48.66576,
            1175.6
          ],
          [
            -113.79568,
            48.66584,
            1173.86
          ],
          [
            -113.79568,
            48.66586,
            1173.42
          ],
          [
            -113.7957,
            48.6659,
            1172.56
          ],
          [
            -113.7957,
            48.66592,
            1172.13
          ],
          [
            -113.79572,
            48.66596,
            1170.9
          ],
          [
            -113.79569,
            48.66606,
            1168.1
          ],
          [
            -113.79565,
            48.66614,
            1166.06
          ],
          [
            -113.79565,
            48.66618,
            1164.77
          ],
          [
            -113.79565,
            48.66621,
            1163.86
          ],
          [
            -113.7957,
            48.6663,
            1161.88
          ],
          [
            -113.79576,
            48.66637,
            1159.78
          ],
          [
            -113.79581,
            48.66642,
            1158.82
          ],
          [
            -113.79586,
            48.66648,
            1157.05
          ],
          [
            -113.79594,
            48.66658,
            1154.82
          ],
          [
            -113.79606,
            48.66672,
            1151.27
          ],
          [
            -113.79614,
            48.66678,
            1149.79
          ],
          [
            -113.79617,
            48.6668,
            1149.48
          ],
          [
            -113.79623,
            48.66685,
            1148.34
          ],
          [
            -113.79629,
            48.66688,
            1148.04
          ],
          [
            -113.79637,
            48.66691,
            1147.12
          ],
          [
            -113.79645,
            48.66693,
            1147.03
          ],
          [
            -113.7966,
            48.66693,
            1147.7
          ],
          [
            -113.79668,
            48.66692,
            1148.57
          ],
          [
            -113.79676,
            48.66691,
            1149.12
          ],
          [
            -113.79684,
            48.66694,
            1149.02
          ],
          [
            -113.79692,
            48.66701,
            1148.32
          ],
          [
            -113.79701,
            48.6671,
            1146.87
          ],
          [
            -113.79707,
            48.66714,
            1146.24
          ],
          [
            -113.79711,
            48.66719,
            1146.14
          ],
          [
            -113.79716,
            48.66723,
            1145.86
          ],
          [
            -113.79723,
            48.66726,
            1145.68
          ],
          [
            -113.79728,
            48.66727,
            1146.11
          ],
          [
            -113.79734,
            48.66727,
            1146.62
          ],
          [
            -113.79739,
            48.66729,
            1146.49
          ],
          [
            -113.79743,
            48.6673,
            1146.6
          ],
          [
            -113.79747,
            48.66733,
            1146.51
          ],
          [
            -113.7975,
            48.66737,
            1146.4
          ],
          [
            -113.7975,
            48.6674,
            1146.08
          ],
          [
            -113.7975,
            48.66747,
            1144.65
          ],
          [
            -113.79749,
            48.66752,
            1143.46
          ],
          [
            -113.79748,
            48.66756,
            1142.49
          ],
          [
            -113.79749,
            48.66759,
            1141.95
          ],
          [
            -113.79749,
            48.66763,
            1141.08
          ],
          [
            -113.7975,
            48.66767,
            1140.33
          ],
          [
            -113.79754,
            48.66776,
            1138.82
          ],
          [
            -113.79755,
            48.66782,
            1137.63
          ],
          [
            -113.79758,
            48.66786,
            1137.09
          ],
          [
            -113.7976,
            48.66788,
            1136.77
          ],
          [
            -113.79767,
            48.66792,
            1136.23
          ],
          [
            -113.79786,
            48.66802,
            1135.66
          ],
          [
            -113.798,
            48.66807,
            1135.93
          ],
          [
            -113.79804,
            48.66808,
            1136.04
          ],
          [
            -113.79814,
            48.66808,
            1137.12
          ],
          [
            -113.79823,
            48.66807,
            1138.55
          ],
          [
            -113.79832,
            48.66808,
            1139.33
          ],
          [
            -113.79839,
            48.66808,
            1140.08
          ],
          [
            -113.7984,
            48.66808,
            1140.19
          ],
          [
            -113.79843,
            48.66809,
            1140.3
          ],
          [
            -113.79853,
            48.6681,
            1141.16
          ],
          [
            -113.79864,
            48.6681,
            1142.66
          ],
          [
            -113.79879,
            48.66811,
            1144.76
          ],
          [
            -113.79886,
            48.66809,
            1145.94
          ],
          [
            -113.79896,
            48.66808,
            1147.24
          ],
          [
            -113.79905,
            48.66805,
            1148.9
          ],
          [
            -113.7991,
            48.66802,
            1150.6
          ],
          [
            -113.79915,
            48.66801,
            1151.71
          ],
          [
            -113.79926,
            48.66801,
            1153
          ],
          [
            -113.7993,
            48.66802,
            1153.38
          ],
          [
            -113.79938,
            48.66805,
            1153.77
          ],
          [
            -113.79943,
            48.66806,
            1154.59
          ],
          [
            -113.7995,
            48.6681,
            1154.64
          ],
          [
            -113.79958,
            48.66813,
            1155.32
          ],
          [
            -113.79964,
            48.66816,
            1155.74
          ],
          [
            -113.79968,
            48.66818,
            1155.7
          ],
          [
            -113.79972,
            48.66821,
            1155.62
          ],
          [
            -113.79977,
            48.66825,
            1155.78
          ],
          [
            -113.79986,
            48.66833,
            1155.07
          ],
          [
            -113.79991,
            48.6684,
            1154.62
          ],
          [
            -113.79995,
            48.66848,
            1153.17
          ],
          [
            -113.80004,
            48.66857,
            1152.51
          ],
          [
            -113.8002,
            48.66867,
            1153.05
          ],
          [
            -113.80024,
            48.66871,
            1153.05
          ],
          [
            -113.80029,
            48.6688,
            1152.18
          ],
          [
            -113.80033,
            48.66887,
            1151.54
          ],
          [
            -113.80036,
            48.66894,
            1150.67
          ],
          [
            -113.80036,
            48.66898,
            1149.81
          ],
          [
            -113.80035,
            48.66902,
            1149.14
          ],
          [
            -113.80033,
            48.66908,
            1148.06
          ],
          [
            -113.80034,
            48.66913,
            1147.74
          ],
          [
            -113.80034,
            48.6692,
            1146.98
          ],
          [
            -113.80033,
            48.66925,
            1146.23
          ],
          [
            -113.80036,
            48.66938,
            1145.47
          ],
          [
            -113.80041,
            48.66948,
            1145.04
          ],
          [
            -113.80041,
            48.66952,
            1144.61
          ],
          [
            -113.80041,
            48.66956,
            1144.18
          ],
          [
            -113.80037,
            48.66968,
            1142.45
          ],
          [
            -113.80036,
            48.66971,
            1141.91
          ],
          [
            -113.80037,
            48.66975,
            1141.69
          ],
          [
            -113.80037,
            48.66979,
            1141.26
          ],
          [
            -113.80036,
            48.66983,
            1140.61
          ],
          [
            -113.80036,
            48.66986,
            1140.29
          ],
          [
            -113.80035,
            48.6699,
            1139.64
          ],
          [
            -113.80032,
            48.66994,
            1138.56
          ],
          [
            -113.80029,
            48.66998,
            1137.48
          ],
          [
            -113.80027,
            48.67001,
            1136.62
          ],
          [
            -113.80028,
            48.67006,
            1135.75
          ],
          [
            -113.8003,
            48.67011,
            1135.1
          ],
          [
            -113.80034,
            48.67016,
            1134.89
          ],
          [
            -113.80037,
            48.67018,
            1135.1
          ],
          [
            -113.80039,
            48.67019,
            1135.31
          ],
          [
            -113.80045,
            48.6702,
            1136.26
          ],
          [
            -113.80055,
            48.6702,
            1138.4
          ],
          [
            -113.80061,
            48.67021,
            1139.37
          ],
          [
            -113.80064,
            48.67023,
            1139.37
          ],
          [
            -113.80077,
            48.67035,
            1138.29
          ],
          [
            -113.80083,
            48.6704,
            1137.97
          ],
          [
            -113.80088,
            48.67045,
            1137.36
          ],
          [
            -113.80092,
            48.67052,
            1136.06
          ],
          [
            -113.80094,
            48.67057,
            1134.97
          ],
          [
            -113.80096,
            48.67063,
            1133.83
          ],
          [
            -113.801,
            48.67069,
            1132.9
          ],
          [
            -113.80103,
            48.67077,
            1131.49
          ],
          [
            -113.80113,
            48.67093,
            1129.36
          ],
          [
            -113.80119,
            48.67102,
            1128.82
          ],
          [
            -113.80125,
            48.67108,
            1128.5
          ],
          [
            -113.80129,
            48.67111,
            1128.88
          ],
          [
            -113.8014,
            48.67117,
            1128.85
          ],
          [
            -113.80149,
            48.67122,
            1128.9
          ],
          [
            -113.80158,
            48.67127,
            1128.63
          ],
          [
            -113.80166,
            48.6713,
            1128.89
          ],
          [
            -113.80176,
            48.67134,
            1129.06
          ],
          [
            -113.80187,
            48.6714,
            1128.78
          ],
          [
            -113.80199,
            48.67145,
            1128.51
          ],
          [
            -113.80208,
            48.67146,
            1128.46
          ],
          [
            -113.80217,
            48.6715,
            1127.6
          ],
          [
            -113.80226,
            48.67152,
            1127.17
          ],
          [
            -113.80229,
            48.67152,
            1127.17
          ],
          [
            -113.80238,
            48.67154,
            1126.03
          ],
          [
            -113.80241,
            48.67154,
            1125.74
          ],
          [
            -113.80246,
            48.67155,
            1125.52
          ],
          [
            -113.80264,
            48.6716,
            1123.44
          ],
          [
            -113.8027,
            48.67161,
            1123.06
          ],
          [
            -113.80274,
            48.67161,
            1122.63
          ],
          [
            -113.80278,
            48.67162,
            1122
          ],
          [
            -113.80284,
            48.67164,
            1121.38
          ],
          [
            -113.80293,
            48.67165,
            1120.65
          ],
          [
            -113.80309,
            48.67167,
            1119.57
          ],
          [
            -113.80315,
            48.67167,
            1118.96
          ],
          [
            -113.80321,
            48.67168,
            1118.86
          ],
          [
            -113.80338,
            48.67167,
            1118.93
          ],
          [
            -113.80348,
            48.67164,
            1119.29
          ],
          [
            -113.80374,
            48.67152,
            1121.33
          ],
          [
            -113.8038,
            48.67151,
            1121.72
          ],
          [
            -113.80384,
            48.67151,
            1122.02
          ],
          [
            -113.80394,
            48.67152,
            1122.17
          ],
          [
            -113.80397,
            48.67153,
            1121.95
          ],
          [
            -113.80401,
            48.67155,
            1121.52
          ],
          [
            -113.80403,
            48.67157,
            1121.09
          ],
          [
            -113.80405,
            48.6716,
            1120.65
          ],
          [
            -113.80406,
            48.67164,
            1120.18
          ],
          [
            -113.80407,
            48.67169,
            1119.46
          ],
          [
            -113.80408,
            48.67174,
            1118.42
          ],
          [
            -113.80414,
            48.67184,
            1116.26
          ],
          [
            -113.80419,
            48.672,
            1112.9
          ],
          [
            -113.80418,
            48.67203,
            1112.16
          ],
          [
            -113.80414,
            48.67208,
            1110.94
          ],
          [
            -113.80399,
            48.67214,
            1108.78
          ],
          [
            -113.8039,
            48.6722,
            1107.69
          ],
          [
            -113.80389,
            48.67224,
            1106.61
          ],
          [
            -113.8039,
            48.67227,
            1105.91
          ],
          [
            -113.80394,
            48.67229,
            1105.13
          ],
          [
            -113.80399,
            48.6723,
            1104.48
          ],
          [
            -113.80406,
            48.67232,
            1103.89
          ],
          [
            -113.80413,
            48.67232,
            1103.89
          ],
          [
            -113.8042,
            48.67232,
            1103.89
          ],
          [
            -113.80433,
            48.67232,
            1103.89
          ],
          [
            -113.80437,
            48.67232,
            1103.89
          ],
          [
            -113.80442,
            48.67231,
            1104.16
          ],
          [
            -113.80446,
            48.67231,
            1104.16
          ],
          [
            -113.80452,
            48.67234,
            1103.46
          ],
          [
            -113.80468,
            48.67245,
            1100.62
          ],
          [
            -113.80476,
            48.67249,
            1099.32
          ],
          [
            -113.80489,
            48.67251,
            1098.55
          ],
          [
            -113.80496,
            48.67253,
            1098.27
          ],
          [
            -113.80501,
            48.67254,
            1098.27
          ],
          [
            -113.80511,
            48.67253,
            1098.76
          ],
          [
            -113.8052,
            48.67253,
            1099.03
          ],
          [
            -113.80527,
            48.67252,
            1099.35
          ],
          [
            -113.80531,
            48.67251,
            1099.99
          ],
          [
            -113.80537,
            48.6725,
            1101
          ],
          [
            -113.80553,
            48.67247,
            1101.97
          ],
          [
            -113.80561,
            48.67247,
            1102.16
          ],
          [
            -113.80566,
            48.67248,
            1101.96
          ],
          [
            -113.80576,
            48.67251,
            1101.68
          ],
          [
            -113.80582,
            48.67254,
            1100.7
          ],
          [
            -113.80593,
            48.67258,
            1099.58
          ],
          [
            -113.8062,
            48.67269,
            1097.81
          ],
          [
            -113.80632,
            48.67275,
            1097.08
          ],
          [
            -113.80639,
            48.67279,
            1096.61
          ],
          [
            -113.80643,
            48.67283,
            1095.56
          ],
          [
            -113.80647,
            48.67286,
            1095.11
          ],
          [
            -113.80654,
            48.67289,
            1094.5
          ],
          [
            -113.80665,
            48.67295,
            1094.1
          ],
          [
            -113.8069,
            48.67307,
            1093.21
          ],
          [
            -113.80694,
            48.6731,
            1092.99
          ],
          [
            -113.807,
            48.67316,
            1092.34
          ],
          [
            -113.80706,
            48.6732,
            1092.13
          ],
          [
            -113.80721,
            48.67326,
            1092.45
          ],
          [
            -113.80727,
            48.67328,
            1092.67
          ],
          [
            -113.80737,
            48.67332,
            1093.39
          ],
          [
            -113.80744,
            48.67335,
            1093.99
          ],
          [
            -113.80748,
            48.67337,
            1093.99
          ],
          [
            -113.80751,
            48.67338,
            1094.1
          ],
          [
            -113.80756,
            48.67341,
            1093.99
          ],
          [
            -113.80763,
            48.67342,
            1094.91
          ],
          [
            -113.80772,
            48.67342,
            1096.44
          ],
          [
            -113.80778,
            48.67345,
            1096.5
          ],
          [
            -113.80784,
            48.67351,
            1095.86
          ],
          [
            -113.80795,
            48.67355,
            1097.38
          ],
          [
            -113.80802,
            48.6736,
            1097.74
          ],
          [
            -113.80815,
            48.67368,
            1098.55
          ],
          [
            -113.80821,
            48.67373,
            1099.05
          ],
          [
            -113.80827,
            48.6738,
            1099.58
          ],
          [
            -113.80828,
            48.67384,
            1099.18
          ],
          [
            -113.8083,
            48.67393,
            1098.04
          ],
          [
            -113.80831,
            48.67396,
            1097.79
          ],
          [
            -113.80833,
            48.67398,
            1097.94
          ],
          [
            -113.80834,
            48.67399,
            1097.98
          ],
          [
            -113.80835,
            48.674,
            1097.98
          ],
          [
            -113.80838,
            48.67405,
            1097.76
          ],
          [
            -113.80841,
            48.67412,
            1097.25
          ],
          [
            -113.80846,
            48.67419,
            1096.96
          ],
          [
            -113.8085,
            48.67427,
            1096.25
          ],
          [
            -113.80852,
            48.67435,
            1094.09
          ],
          [
            -113.80852,
            48.67441,
            1092.15
          ],
          [
            -113.80848,
            48.6745,
            1088.53
          ],
          [
            -113.80847,
            48.67454,
            1086.86
          ],
          [
            -113.80847,
            48.67457,
            1085.88
          ],
          [
            -113.80848,
            48.67459,
            1085.45
          ],
          [
            -113.8085,
            48.67461,
            1085.24
          ],
          [
            -113.80862,
            48.67466,
            1085.21
          ],
          [
            -113.80874,
            48.6747,
            1086.11
          ],
          [
            -113.80883,
            48.67474,
            1086.08
          ],
          [
            -113.80887,
            48.67475,
            1086.45
          ],
          [
            -113.8089,
            48.67476,
            1086.54
          ],
          [
            -113.80897,
            48.67476,
            1087.6
          ],
          [
            -113.809,
            48.67477,
            1087.75
          ],
          [
            -113.80911,
            48.67477,
            1089.32
          ],
          [
            -113.8093,
            48.67482,
            1090.22
          ],
          [
            -113.80935,
            48.67482,
            1090.76
          ],
          [
            -113.80944,
            48.67485,
            1090.79
          ],
          [
            -113.80958,
            48.67491,
            1090.35
          ],
          [
            -113.80968,
            48.67496,
            1089.82
          ],
          [
            -113.80982,
            48.67505,
            1087.92
          ],
          [
            -113.80992,
            48.67512,
            1085.7
          ],
          [
            -113.80999,
            48.67519,
            1083.53
          ],
          [
            -113.81003,
            48.67523,
            1081.9
          ],
          [
            -113.81006,
            48.67526,
            1080.61
          ],
          [
            -113.81012,
            48.67528,
            1080.49
          ],
          [
            -113.81021,
            48.6753,
            1081.07
          ],
          [
            -113.81024,
            48.67532,
            1080.31
          ],
          [
            -113.81027,
            48.67533,
            1080.1
          ],
          [
            -113.8103,
            48.67534,
            1079.88
          ],
          [
            -113.81039,
            48.67543,
            1075.99
          ],
          [
            -113.8105,
            48.67548,
            1074.11
          ],
          [
            -113.81055,
            48.6755,
            1073.14
          ],
          [
            -113.81058,
            48.6755,
            1073.57
          ],
          [
            -113.8106,
            48.67551,
            1073.17
          ],
          [
            -113.81079,
            48.67553,
            1073.91
          ],
          [
            -113.81096,
            48.67555,
            1074.61
          ],
          [
            -113.81115,
            48.67559,
            1073.19
          ],
          [
            -113.81127,
            48.67564,
            1071.18
          ],
          [
            -113.81142,
            48.67571,
            1066.66
          ],
          [
            -113.81149,
            48.67573,
            1065.81
          ],
          [
            -113.81159,
            48.67572,
            1066.43
          ],
          [
            -113.81163,
            48.67571,
            1066.92
          ],
          [
            -113.81178,
            48.67564,
            1071.44
          ],
          [
            -113.81182,
            48.67562,
            1072.52
          ],
          [
            -113.81188,
            48.67561,
            1072.76
          ],
          [
            -113.81205,
            48.67561,
            1070.92
          ],
          [
            -113.81209,
            48.67562,
            1069.95
          ],
          [
            -113.81219,
            48.67562,
            1069.07
          ],
          [
            -113.81223,
            48.67563,
            1068.09
          ],
          [
            -113.81227,
            48.67563,
            1067.66
          ],
          [
            -113.81231,
            48.67564,
            1066.58
          ],
          [
            -113.81235,
            48.67564,
            1066.53
          ],
          [
            -113.81241,
            48.67564,
            1066.53
          ],
          [
            -113.81256,
            48.67568,
            1064.16
          ],
          [
            -113.8126,
            48.6757,
            1063.28
          ],
          [
            -113.81264,
            48.67571,
            1063.17
          ],
          [
            -113.81274,
            48.67575,
            1061.56
          ],
          [
            -113.81279,
            48.67579,
            1059.93
          ],
          [
            -113.81279,
            48.67582,
            1058.6
          ],
          [
            -113.8128,
            48.67585,
            1057.46
          ],
          [
            -113.81281,
            48.67587,
            1056.81
          ],
          [
            -113.81283,
            48.67589,
            1056.16
          ],
          [
            -113.81283,
            48.67591,
            1055.52
          ],
          [
            -113.81289,
            48.67596,
            1054.48
          ],
          [
            -113.81293,
            48.67598,
            1054.48
          ],
          [
            -113.8131,
            48.67603,
            1053.75
          ],
          [
            -113.81318,
            48.67606,
            1053.45
          ],
          [
            -113.81324,
            48.6761,
            1053.23
          ],
          [
            -113.8133,
            48.67614,
            1052.58
          ],
          [
            -113.81336,
            48.67618,
            1052.54
          ],
          [
            -113.8134,
            48.67621,
            1052.65
          ],
          [
            -113.81344,
            48.67624,
            1052.61
          ],
          [
            -113.81355,
            48.67631,
            1052.04
          ],
          [
            -113.81361,
            48.67634,
            1052.04
          ],
          [
            -113.81371,
            48.67637,
            1052.22
          ],
          [
            -113.81378,
            48.67637,
            1052.37
          ],
          [
            -113.81384,
            48.67635,
            1053.11
          ],
          [
            -113.81396,
            48.67631,
            1054.51
          ],
          [
            -113.81405,
            48.67627,
            1055.28
          ],
          [
            -113.8141,
            48.67625,
            1055.5
          ],
          [
            -113.81413,
            48.67625,
            1055.5
          ],
          [
            -113.81415,
            48.67626,
            1055.39
          ],
          [
            -113.81418,
            48.6763,
            1054.78
          ],
          [
            -113.81428,
            48.67644,
            1052.45
          ],
          [
            -113.81432,
            48.67647,
            1052.12
          ],
          [
            -113.81381,
            48.67659,
            1049.12
          ],
          [
            -113.81378,
            48.67665,
            1049
          ],
          [
            -113.8138,
            48.67682,
            1051.94
          ],
          [
            -113.81386,
            48.67696,
            1054.65
          ],
          [
            -113.8139,
            48.67707,
            1055.88
          ],
          [
            -113.81393,
            48.67711,
            1055.56
          ],
          [
            -113.81395,
            48.67715,
            1055.19
          ],
          [
            -113.814,
            48.67723,
            1053.78
          ],
          [
            -113.81409,
            48.67734,
            1051.43
          ],
          [
            -113.81422,
            48.67752,
            1048.52
          ],
          [
            -113.81422,
            48.67752,
            1048.52
          ],
          [
            -113.81425,
            48.67758,
            1048.19
          ],
          [
            -113.81437,
            48.67774,
            1048.4
          ],
          [
            -113.81447,
            48.67783,
            1048.29
          ],
          [
            -113.81451,
            48.67786,
            1048.18
          ],
          [
            -113.81454,
            48.67787,
            1047.96
          ],
          [
            -113.81457,
            48.67788,
            1047.75
          ],
          [
            -113.81458,
            48.67788,
            1047.64
          ],
          [
            -113.81461,
            48.6779,
            1047.53
          ],
          [
            -113.81465,
            48.67792,
            1047.42
          ],
          [
            -113.8147,
            48.67795,
            1047.21
          ],
          [
            -113.81478,
            48.67808,
            1047.64
          ],
          [
            -113.81482,
            48.67817,
            1048.18
          ],
          [
            -113.8149,
            48.67832,
            1048.94
          ],
          [
            -113.81496,
            48.6784,
            1049.15
          ],
          [
            -113.81507,
            48.6785,
            1048.44
          ],
          [
            -113.81525,
            48.67862,
            1047.42
          ],
          [
            -113.81527,
            48.67864,
            1047.42
          ],
          [
            -113.81533,
            48.6787,
            1047.4
          ],
          [
            -113.8154,
            48.67879,
            1047.61
          ],
          [
            -113.81546,
            48.67885,
            1047.63
          ],
          [
            -113.81555,
            48.67891,
            1047.3
          ],
          [
            -113.81559,
            48.67897,
            1047.5
          ],
          [
            -113.81566,
            48.67908,
            1047.99
          ],
          [
            -113.81571,
            48.67913,
            1048.14
          ],
          [
            -113.81581,
            48.67924,
            1048.99
          ],
          [
            -113.81589,
            48.67933,
            1049.15
          ],
          [
            -113.81596,
            48.67939,
            1049.04
          ],
          [
            -113.81598,
            48.6794,
            1048.94
          ],
          [
            -113.81602,
            48.67943,
            1048.83
          ],
          [
            -113.81609,
            48.67947,
            1048.5
          ],
          [
            -113.81615,
            48.67951,
            1048.29
          ],
          [
            -113.81623,
            48.67954,
            1047.75
          ],
          [
            -113.81637,
            48.67958,
            1047.46
          ],
          [
            -113.81648,
            48.67963,
            1047.02
          ],
          [
            -113.81657,
            48.67969,
            1046.7
          ],
          [
            -113.81663,
            48.67974,
            1047.19
          ],
          [
            -113.81671,
            48.6798,
            1047.37
          ],
          [
            -113.81682,
            48.67985,
            1046.72
          ],
          [
            -113.81689,
            48.67991,
            1047.03
          ],
          [
            -113.81693,
            48.67996,
            1047.57
          ],
          [
            -113.81695,
            48.67998,
            1047.72
          ],
          [
            -113.81696,
            48.67999,
            1047.72
          ],
          [
            -113.81697,
            48.67999,
            1047.62
          ],
          [
            -113.81697,
            48.68005,
            1048.26
          ],
          [
            -113.81696,
            48.68011,
            1049.02
          ],
          [
            -113.81697,
            48.68012,
            1049.02
          ],
          [
            -113.81701,
            48.68016,
            1049.02
          ],
          [
            -113.81707,
            48.68018,
            1048.59
          ],
          [
            -113.81715,
            48.6802,
            1047.94
          ],
          [
            -113.81722,
            48.68018,
            1046.97
          ],
          [
            -113.81732,
            48.68016,
            1046.67
          ],
          [
            -113.81743,
            48.68017,
            1045.59
          ],
          [
            -113.81748,
            48.6802,
            1045.38
          ],
          [
            -113.81751,
            48.68021,
            1045.24
          ],
          [
            -113.81753,
            48.68024,
            1045.4
          ],
          [
            -113.81758,
            48.68027,
            1045.12
          ],
          [
            -113.81764,
            48.6803,
            1045.24
          ],
          [
            -113.8177,
            48.68034,
            1045.51
          ],
          [
            -113.81778,
            48.68038,
            1045.08
          ],
          [
            -113.81786,
            48.68042,
            1044.65
          ],
          [
            -113.81792,
            48.68045,
            1044.4
          ],
          [
            -113.81793,
            48.68045,
            1044.31
          ],
          [
            -113.818,
            48.68047,
            1044.08
          ],
          [
            -113.81808,
            48.68049,
            1044.03
          ],
          [
            -113.81819,
            48.68051,
            1043.51
          ],
          [
            -113.81825,
            48.68049,
            1043.19
          ],
          [
            -113.81825,
            48.68044,
            1042.68
          ],
          [
            -113.81825,
            48.68039,
            1042.19
          ],
          [
            -113.81826,
            48.68033,
            1041.91
          ],
          [
            -113.81828,
            48.68029,
            1041.63
          ],
          [
            -113.81832,
            48.68024,
            1041.09
          ],
          [
            -113.81838,
            48.68021,
            1040.63
          ],
          [
            -113.81844,
            48.68018,
            1039.99
          ],
          [
            -113.8185,
            48.68015,
            1039.7
          ],
          [
            -113.81855,
            48.68011,
            1039.19
          ],
          [
            -113.81858,
            48.68007,
            1039
          ],
          [
            -113.8186,
            48.68002,
            1039
          ],
          [
            -113.81862,
            48.67997,
            1038.9
          ],
          [
            -113.81863,
            48.67992,
            1038.8
          ],
          [
            -113.81863,
            48.67986,
            1038.8
          ],
          [
            -113.81863,
            48.67981,
            1038.8
          ],
          [
            -113.81865,
            48.67977,
            1038.58
          ],
          [
            -113.81868,
            48.67972,
            1038.27
          ],
          [
            -113.81871,
            48.67965,
            1038.73
          ],
          [
            -113.81875,
            48.6796,
            1038.66
          ],
          [
            -113.81879,
            48.67957,
            1038.67
          ],
          [
            -113.81884,
            48.67953,
            1038.53
          ],
          [
            -113.81885,
            48.67952,
            1038.42
          ],
          [
            -113.81891,
            48.67947,
            1038
          ],
          [
            -113.81897,
            48.67943,
            1038
          ],
          [
            -113.81931,
            48.67942,
            1038
          ],
          [
            -113.8194,
            48.67944,
            1038
          ],
          [
            -113.81947,
            48.67945,
            1037.72
          ],
          [
            -113.81954,
            48.67945,
            1037
          ],
          [
            -113.81955,
            48.67945,
            1037
          ],
          [
            -113.81956,
            48.67945,
            1037
          ]
        ]
      }
    }
  ]
}