{
  "type": "FeatureCollection",
  "features": [
    {
      "type": "Feature",
      "properties": {
        "_gpxType": "trk",
        "name": "Great Glacier Trail",
        "coordinateProperties": {}
      },
      "geometry": {
        "type": "LineString",
        "coordinates": [
          [
            -117.50517,
            51.26845,
            1219.99
          ],
          [
            -117.50513,
            51.26837,
            1222.35
          ],
          [
            -117.50521,
            51.26827,
            1225.64
          ],
          [
            -117.50524,
            51.26823,
            1226.89
          ],
          [
            -117.50527,
            51.26818,
            1228.4
          ],
          [
            -117.50531,
            51.26813,
            1229.69
          ],
          [
            -117.50535,
            51.26809,
            1230.55
          ],
          [
            -117.50538,
            51.26804,
            1231.19
          ],
          [
            -117.50537,
            51.26799,
            1231.02
          ],
          [
            -117.50529,
            51.26796,
            1231.55
          ],
          [
            -117.5052,
            51.26793,
            1231.8
          ],
          [
            -117.50511,
            51.26792,
            1232.1
          ],
          [
            -117.50502,
            51.26791,
            1232.45
          ],
          [
            -117.50493,
            51.26789,
            1232.64
          ],
          [
            -117.50485,
            51.26788,
            1232.77
          ],
          [
            -117.50481,
            51.26787,
            1232.9
          ],
          [
            -117.50479,
            51.26786,
            1233.01
          ],
          [
            -117.50478,
            51.26786,
            1233.03
          ],
          [
            -117.50478,
            51.26786,
            1233.03
          ],
          [
            -117.50477,
            51.26786,
            1233.04
          ],
          [
            -117.50474,
            51.26785,
            1233.19
          ],
          [
            -117.50471,
            51.26785,
            1233.21
          ],
          [
            -117.50467,
            51.26785,
            1233.18
          ],
          [
            -117.50464,
            51.26785,
            1233.15
          ],
          [
            -117.50459,
            51.26787,
            1233
          ],
          [
            -117.50454,
            51.26791,
            1232.85
          ],
          [
            -117.50449,
            51.26792,
            1232.91
          ],
          [
            -117.50444,
            51.26792,
            1232.98
          ],
          [
            -117.50438,
            51.26791,
            1232.68
          ],
          [
            -117.50433,
            51.26788,
            1232.65
          ],
          [
            -117.50429,
            51.26786,
            1232.73
          ],
          [
            -117.50423,
            51.26781,
            1233.32
          ],
          [
            -117.5042,
            51.26779,
            1233.69
          ],
          [
            -117.5042,
            51.26779,
            1233.69
          ],
          [
            -117.50415,
            51.26776,
            1235
          ],
          [
            -117.50408,
            51.26773,
            1235.99
          ],
          [
            -117.504,
            51.26769,
            1236.78
          ],
          [
            -117.50391,
            51.26767,
            1235.91
          ],
          [
            -117.50383,
            51.26766,
            1234.28
          ],
          [
            -117.50378,
            51.26766,
            1232.98
          ],
          [
            -117.5037,
            51.26765,
            1230.97
          ],
          [
            -117.50363,
            51.26765,
            1229.06
          ],
          [
            -117.5036,
            51.26764,
            1228.52
          ],
          [
            -117.50355,
            51.26764,
            1228.61
          ],
          [
            -117.50355,
            51.26764,
            1228.61
          ],
          [
            -117.50351,
            51.26763,
            1228.68
          ],
          [
            -117.50338,
            51.26761,
            1229.07
          ],
          [
            -117.50315,
            51.26756,
            1227.87
          ],
          [
            -117.50278,
            51.26744,
            1226.71
          ],
          [
            -117.50252,
            51.26733,
            1225.94
          ],
          [
            -117.50242,
            51.26727,
            1225.37
          ],
          [
            -117.50234,
            51.26722,
            1224.02
          ],
          [
            -117.50232,
            51.2672,
            1224.01
          ],
          [
            -117.50232,
            51.2672,
            1224.01
          ],
          [
            -117.50223,
            51.26715,
            1223.73
          ],
          [
            -117.5021,
            51.26706,
            1224.78
          ],
          [
            -117.50181,
            51.26685,
            1224
          ],
          [
            -117.50155,
            51.26667,
            1225.82
          ],
          [
            -117.50136,
            51.26653,
            1220.99
          ],
          [
            -117.50136,
            51.26653,
            1220.99
          ],
          [
            -117.50133,
            51.26651,
            1219.99
          ],
          [
            -117.50127,
            51.26647,
            1217.9
          ],
          [
            -117.50119,
            51.26643,
            1215.56
          ],
          [
            -117.50094,
            51.26627,
            1216.51
          ],
          [
            -117.50085,
            51.26622,
            1215.95
          ],
          [
            -117.5008,
            51.2662,
            1215.24
          ],
          [
            -117.50066,
            51.26611,
            1211.01
          ],
          [
            -117.50056,
            51.26606,
            1211.01
          ],
          [
            -117.50045,
            51.26599,
            1213.83
          ],
          [
            -117.50037,
            51.26594,
            1214.18
          ],
          [
            -117.50033,
            51.26591,
            1213.55
          ],
          [
            -117.50033,
            51.26591,
            1213.55
          ],
          [
            -117.50025,
            51.26587,
            1212.15
          ],
          [
            -117.50014,
            51.2658,
            1211.35
          ],
          [
            -117.5,
            51.26573,
            1212.37
          ],
          [
            -117.49957,
            51.26546,
            1216.36
          ],
          [
            -117.49939,
            51.26535,
            1217.67
          ],
          [
            -117.49929,
            51.26529,
            1219.11
          ],
          [
            -117.49929,
            51.26529,
            1219.11
          ],
          [
            -117.49925,
            51.26526,
            1219.9
          ],
          [
            -117.49918,
            51.26521,
            1221.05
          ],
          [
            -117.49907,
            51.26514,
            1222.78
          ],
          [
            -117.4988,
            51.26495,
            1224.29
          ],
          [
            -117.49854,
            51.26478,
            1221.33
          ],
          [
            -117.49838,
            51.26466,
            1221.7
          ],
          [
            -117.49833,
            51.26463,
            1221.4
          ],
          [
            -117.49833,
            51.26463,
            1221.4
          ],
          [
            -117.49825,
            51.26457,
            1221.92
          ],
          [
            -117.49813,
            51.26449,
            1223.09
          ],
          [
            -117.49799,
            51.26438,
            1224.89
          ],
          [
            -117.49786,
            51.26429,
            1226.28
          ],
          [
            -117.49786,
            51.26429,
            1226.28
          ],
          [
            -117.49765,
            51.26414,
            1225.45
          ],
          [
            -117.49744,
            51.26399,
            1224.5
          ],
          [
            -117.49739,
            51.26395,
            1224.41
          ],
          [
            -117.49728,
            51.26387,
            1224.17
          ],
          [
            -117.49709,
            51.26373,
            1226.66
          ],
          [
            -117.49683,
            51.26354,
            1230.7
          ],
          [
            -117.49661,
            51.26337,
            1234.23
          ],
          [
            -117.49648,
            51.26328,
            1235.19
          ],
          [
            -117.49646,
            51.26326,
            1235.14
          ],
          [
            -117.49646,
            51.26326,
            1235.14
          ],
          [
            -117.49631,
            51.26315,
            1233.59
          ],
          [
            -117.49612,
            51.26301,
            1231.63
          ],
          [
            -117.49592,
            51.26285,
            1232.05
          ],
          [
            -117.4957,
            51.26268,
            1234.28
          ],
          [
            -117.49557,
            51.26258,
            1237.01
          ],
          [
            -117.49555,
            51.26257,
            1237.25
          ],
          [
            -117.49555,
            51.26257,
            1237.25
          ],
          [
            -117.4955,
            51.26253,
            1238.92
          ],
          [
            -117.49541,
            51.26246,
            1241.7
          ],
          [
            -117.49529,
            51.26239,
            1243.31
          ],
          [
            -117.49518,
            51.26233,
            1245.44
          ],
          [
            -117.49508,
            51.26229,
            1246.74
          ],
          [
            -117.49503,
            51.26227,
            1247.24
          ],
          [
            -117.49502,
            51.26227,
            1247.26
          ],
          [
            -117.49497,
            51.26225,
            1247.54
          ],
          [
            -117.49471,
            51.26219,
            1247.7
          ],
          [
            -117.4945,
            51.26215,
            1251.59
          ],
          [
            -117.49435,
            51.26212,
            1251.37
          ],
          [
            -117.49435,
            51.26212,
            1251.37
          ],
          [
            -117.49433,
            51.26212,
            1251.18
          ],
          [
            -117.49429,
            51.26211,
            1250.75
          ],
          [
            -117.49425,
            51.26211,
            1250.37
          ],
          [
            -117.49422,
            51.2621,
            1250.05
          ],
          [
            -117.49418,
            51.2621,
            1249.68
          ],
          [
            -117.49397,
            51.26208,
            1246.24
          ],
          [
            -117.49377,
            51.26208,
            1243.61
          ],
          [
            -117.49372,
            51.26207,
            1242.73
          ],
          [
            -117.49369,
            51.26206,
            1242.06
          ],
          [
            -117.49365,
            51.26203,
            1240.55
          ],
          [
            -117.49357,
            51.26193,
            1236.4
          ],
          [
            -117.49347,
            51.2618,
            1233.13
          ],
          [
            -117.49339,
            51.26169,
            1230.64
          ],
          [
            -117.49336,
            51.26164,
            1230.11
          ],
          [
            -117.49336,
            51.26163,
            1230.11
          ],
          [
            -117.49335,
            51.2616,
            1230.07
          ],
          [
            -117.49334,
            51.26154,
            1230.03
          ],
          [
            -117.49333,
            51.26148,
            1230.03
          ],
          [
            -117.4933,
            51.2614,
            1230.36
          ],
          [
            -117.49323,
            51.26128,
            1233.18
          ],
          [
            -117.49323,
            51.26123,
            1234.12
          ],
          [
            -117.49329,
            51.26115,
            1235.36
          ],
          [
            -117.49329,
            51.26108,
            1237.35
          ],
          [
            -117.49328,
            51.26107,
            1237.76
          ],
          [
            -117.49328,
            51.26104,
            1238.91
          ],
          [
            -117.49324,
            51.26098,
            1241.21
          ],
          [
            -117.49321,
            51.26094,
            1242.67
          ],
          [
            -117.49321,
            51.26086,
            1245.59
          ],
          [
            -117.49318,
            51.26081,
            1247.2
          ],
          [
            -117.49316,
            51.26078,
            1248.1
          ],
          [
            -117.49315,
            51.26077,
            1248.39
          ],
          [
            -117.49315,
            51.26077,
            1248.39
          ],
          [
            -117.49314,
            51.26076,
            1248.68
          ],
          [
            -117.49311,
            51.26074,
            1249.22
          ],
          [
            -117.49307,
            51.26071,
            1250.05
          ],
          [
            -117.49299,
            51.26067,
            1251.58
          ],
          [
            -117.49284,
            51.26063,
            1253.21
          ],
          [
            -117.49272,
            51.26056,
            1255.13
          ],
          [
            -117.49264,
            51.26051,
            1259.43
          ],
          [
            -117.49261,
            51.26049,
            1261.17
          ],
          [
            -117.4926,
            51.26049,
            1261.17
          ],
          [
            -117.49259,
            51.26049,
            1261.17
          ],
          [
            -117.49256,
            51.26047,
            1262.83
          ],
          [
            -117.49251,
            51.26044,
            1265.18
          ],
          [
            -117.49239,
            51.26035,
            1271.16
          ],
          [
            -117.49231,
            51.26031,
            1271.93
          ],
          [
            -117.49221,
            51.26027,
            1270.7
          ],
          [
            -117.49213,
            51.26024,
            1268.53
          ],
          [
            -117.49207,
            51.26023,
            1266.77
          ],
          [
            -117.49206,
            51.26022,
            1266.5
          ],
          [
            -117.49206,
            51.26022,
            1266.5
          ],
          [
            -117.49205,
            51.26021,
            1266.23
          ],
          [
            -117.49204,
            51.26021,
            1265.92
          ],
          [
            -117.49202,
            51.2602,
            1265.33
          ],
          [
            -117.49197,
            51.26015,
            1263.82
          ],
          [
            -117.49189,
            51.26005,
            1262.61
          ],
          [
            -117.49177,
            51.25996,
            1262.48
          ],
          [
            -117.49167,
            51.25988,
            1262.77
          ],
          [
            -117.49164,
            51.25985,
            1263.2
          ],
          [
            -117.4916,
            51.25982,
            1263.68
          ],
          [
            -117.49155,
            51.25977,
            1264.38
          ],
          [
            -117.49149,
            51.25973,
            1264.91
          ],
          [
            -117.49144,
            51.25968,
            1265.76
          ],
          [
            -117.49142,
            51.25962,
            1266.84
          ],
          [
            -117.49144,
            51.25953,
            1268.46
          ],
          [
            -117.49146,
            51.25946,
            1269.72
          ],
          [
            -117.49147,
            51.25946,
            1269.72
          ],
          [
            -117.49147,
            51.25945,
            1269.9
          ],
          [
            -117.49149,
            51.2594,
            1271.4
          ],
          [
            -117.49152,
            51.25934,
            1273.36
          ],
          [
            -117.49154,
            51.25928,
            1275.38
          ],
          [
            -117.49152,
            51.25926,
            1275.94
          ],
          [
            -117.4915,
            51.25924,
            1276.48
          ],
          [
            -117.49147,
            51.25924,
            1276.32
          ],
          [
            -117.49135,
            51.25924,
            1276.37
          ],
          [
            -117.49129,
            51.25925,
            1276.81
          ],
          [
            -117.49123,
            51.25924,
            1277.87
          ],
          [
            -117.49118,
            51.25922,
            1279.18
          ],
          [
            -117.49116,
            51.2592,
            1280.14
          ],
          [
            -117.49112,
            51.25915,
            1282.72
          ],
          [
            -117.49111,
            51.25907,
            1286.9
          ],
          [
            -117.49105,
            51.25899,
            1292.56
          ],
          [
            -117.49101,
            51.25896,
            1295.32
          ],
          [
            -117.49094,
            51.2589,
            1300.89
          ],
          [
            -117.49088,
            51.25885,
            1304
          ],
          [
            -117.49084,
            51.25882,
            1305.13
          ],
          [
            -117.49084,
            51.25882,
            1305.13
          ],
          [
            -117.49082,
            51.2588,
            1305.16
          ],
          [
            -117.49078,
            51.25877,
            1304.77
          ],
          [
            -117.49072,
            51.25871,
            1304.16
          ],
          [
            -117.49058,
            51.25856,
            1302.62
          ],
          [
            -117.49057,
            51.25854,
            1302.53
          ],
          [
            -117.49057,
            51.25849,
            1302.76
          ],
          [
            -117.49059,
            51.25844,
            1303.49
          ],
          [
            -117.49061,
            51.25843,
            1304.07
          ],
          [
            -117.49061,
            51.25842,
            1304.15
          ],
          [
            -117.49062,
            51.25841,
            1304.49
          ],
          [
            -117.49063,
            51.2584,
            1304.85
          ],
          [
            -117.49065,
            51.25835,
            1305.9
          ],
          [
            -117.49065,
            51.25829,
            1304.4
          ],
          [
            -117.49062,
            51.25822,
            1300.45
          ],
          [
            -117.49062,
            51.25818,
            1298.81
          ],
          [
            -117.49063,
            51.25815,
            1298.07
          ],
          [
            -117.49066,
            51.25811,
            1298.05
          ],
          [
            -117.49069,
            51.25808,
            1298.59
          ],
          [
            -117.49077,
            51.25804,
            1301.91
          ],
          [
            -117.4908,
            51.25803,
            1303.31
          ],
          [
            -117.49081,
            51.25803,
            1303.87
          ],
          [
            -117.49082,
            51.25802,
            1304.11
          ],
          [
            -117.49084,
            51.258,
            1304.38
          ],
          [
            -117.49085,
            51.25798,
            1304.02
          ],
          [
            -117.49085,
            51.25795,
            1303.07
          ],
          [
            -117.49078,
            51.25785,
            1296.98
          ],
          [
            -117.49076,
            51.2578,
            1294.71
          ],
          [
            -117.49075,
            51.25776,
            1293.61
          ],
          [
            -117.49074,
            51.2577,
            1292.93
          ],
          [
            -117.49071,
            51.25764,
            1291.56
          ],
          [
            -117.49069,
            51.2576,
            1290.7
          ],
          [
            -117.49061,
            51.25752,
            1287.79
          ],
          [
            -117.49056,
            51.25745,
            1286.68
          ],
          [
            -117.49049,
            51.25733,
            1286.05
          ],
          [
            -117.49045,
            51.25725,
            1286.27
          ],
          [
            -117.49042,
            51.2572,
            1286.99
          ],
          [
            -117.49042,
            51.2572,
            1286.99
          ],
          [
            -117.49041,
            51.25719,
            1287.18
          ],
          [
            -117.49039,
            51.25715,
            1288.34
          ],
          [
            -117.49034,
            51.25712,
            1288.27
          ],
          [
            -117.49029,
            51.25709,
            1288.09
          ],
          [
            -117.49022,
            51.25708,
            1287.49
          ],
          [
            -117.49014,
            51.25707,
            1286.9
          ],
          [
            -117.49002,
            51.25707,
            1285.52
          ],
          [
            -117.48996,
            51.25708,
            1285
          ],
          [
            -117.4898,
            51.25708,
            1284.7
          ],
          [
            -117.4896,
            51.25705,
            1285.43
          ],
          [
            -117.48952,
            51.25704,
            1285.78
          ],
          [
            -117.48947,
            51.25705,
            1285.79
          ],
          [
            -117.48937,
            51.25712,
            1285.54
          ],
          [
            -117.4893,
            51.25714,
            1285.77
          ],
          [
            -117.48927,
            51.25714,
            1285.96
          ],
          [
            -117.48923,
            51.25717,
            1285.96
          ],
          [
            -117.48919,
            51.2572,
            1286
          ],
          [
            -117.48918,
            51.2572,
            1286.07
          ],
          [
            -117.48914,
            51.25723,
            1286.21
          ],
          [
            -117.48909,
            51.25724,
            1286.57
          ],
          [
            -117.48904,
            51.25724,
            1286.77
          ],
          [
            -117.48893,
            51.25719,
            1286.89
          ],
          [
            -117.48885,
            51.25716,
            1287.25
          ],
          [
            -117.48869,
            51.25713,
            1288.19
          ],
          [
            -117.48864,
            51.25711,
            1288.43
          ],
          [
            -117.48856,
            51.25709,
            1289.08
          ],
          [
            -117.48855,
            51.25709,
            1289.19
          ],
          [
            -117.48851,
            51.25709,
            1289.63
          ],
          [
            -117.48844,
            51.25707,
            1290.24
          ],
          [
            -117.48835,
            51.25707,
            1291.18
          ],
          [
            -117.48827,
            51.25705,
            1291.71
          ],
          [
            -117.48819,
            51.25702,
            1291.89
          ],
          [
            -117.48808,
            51.25696,
            1291.28
          ],
          [
            -117.48804,
            51.25696,
            1291.56
          ],
          [
            -117.48796,
            51.25697,
            1292.68
          ],
          [
            -117.48791,
            51.25698,
            1293.47
          ],
          [
            -117.4879,
            51.25698,
            1293.58
          ],
          [
            -117.48789,
            51.25698,
            1293.68
          ],
          [
            -117.48782,
            51.25703,
            1295.7
          ],
          [
            -117.48775,
            51.25707,
            1297.46
          ],
          [
            -117.48768,
            51.25712,
            1299.48
          ],
          [
            -117.48761,
            51.25714,
            1300.74
          ],
          [
            -117.48754,
            51.25715,
            1301.75
          ],
          [
            -117.48747,
            51.25715,
            1302.45
          ],
          [
            -117.48743,
            51.25715,
            1302.82
          ],
          [
            -117.48738,
            51.25716,
            1303.49
          ],
          [
            -117.48733,
            51.25715,
            1303.72
          ],
          [
            -117.48721,
            51.25715,
            1304.82
          ],
          [
            -117.48716,
            51.25716,
            1305.48
          ],
          [
            -117.48712,
            51.25716,
            1305.86
          ],
          [
            -117.48692,
            51.25719,
            1307.82
          ],
          [
            -117.48676,
            51.25722,
            1308.01
          ],
          [
            -117.48665,
            51.25726,
            1307.53
          ],
          [
            -117.48662,
            51.25727,
            1307.32
          ],
          [
            -117.48661,
            51.25727,
            1307.28
          ],
          [
            -117.48659,
            51.25728,
            1307.1
          ],
          [
            -117.48656,
            51.25729,
            1306.88
          ],
          [
            -117.48654,
            51.25729,
            1306.81
          ],
          [
            -117.48653,
            51.2573,
            1306.67
          ],
          [
            -117.4865,
            51.25732,
            1306.34
          ],
          [
            -117.48645,
            51.25737,
            1305.62
          ],
          [
            -117.48642,
            51.25739,
            1305.3
          ],
          [
            -117.48634,
            51.25742,
            1304.84
          ],
          [
            -117.4862,
            51.25746,
            1304.05
          ],
          [
            -117.48606,
            51.2575,
            1303.55
          ],
          [
            -117.48586,
            51.25754,
            1305.29
          ],
          [
            -117.48578,
            51.25755,
            1306.16
          ],
          [
            -117.48565,
            51.25755,
            1307.86
          ],
          [
            -117.48559,
            51.25754,
            1308.82
          ],
          [
            -117.48547,
            51.2575,
            1311.85
          ],
          [
            -117.48537,
            51.25748,
            1314.7
          ],
          [
            -117.48536,
            51.25748,
            1314.92
          ],
          [
            -117.48536,
            51.25748,
            1314.92
          ],
          [
            -117.48534,
            51.25747,
            1315.71
          ],
          [
            -117.48533,
            51.25747,
            1315.93
          ],
          [
            -117.4853,
            51.25747,
            1316.59
          ],
          [
            -117.48528,
            51.25747,
            1317.03
          ],
          [
            -117.48525,
            51.25746,
            1317.8
          ],
          [
            -117.48521,
            51.25746,
            1318.31
          ],
          [
            -117.48516,
            51.25745,
            1319.27
          ],
          [
            -117.48507,
            51.25745,
            1320.39
          ],
          [
            -117.485,
            51.25746,
            1321.01
          ],
          [
            -117.48494,
            51.25746,
            1322.33
          ],
          [
            -117.4849,
            51.25747,
            1323.04
          ],
          [
            -117.48483,
            51.25746,
            1324.76
          ],
          [
            -117.48471,
            51.25744,
            1327.43
          ],
          [
            -117.48466,
            51.25743,
            1328.31
          ],
          [
            -117.48464,
            51.25743,
            1328.66
          ],
          [
            -117.48453,
            51.25742,
            1330.44
          ],
          [
            -117.48441,
            51.25737,
            1330.76
          ],
          [
            -117.48438,
            51.25735,
            1330.13
          ],
          [
            -117.48431,
            51.25729,
            1328.28
          ],
          [
            -117.48425,
            51.25721,
            1326.24
          ],
          [
            -117.48421,
            51.25717,
            1325.81
          ],
          [
            -117.48416,
            51.25716,
            1325.2
          ],
          [
            -117.48415,
            51.25716,
            1325.16
          ],
          [
            -117.48414,
            51.25715,
            1325.13
          ],
          [
            -117.48412,
            51.25714,
            1325.02
          ],
          [
            -117.48407,
            51.25712,
            1324.56
          ],
          [
            -117.48404,
            51.2571,
            1324.09
          ],
          [
            -117.48402,
            51.25707,
            1323.47
          ],
          [
            -117.48401,
            51.25694,
            1321.55
          ],
          [
            -117.48402,
            51.25685,
            1323.01
          ],
          [
            -117.48397,
            51.25674,
            1323.68
          ],
          [
            -117.48394,
            51.2567,
            1323.94
          ],
          [
            -117.4838,
            51.25653,
            1329.58
          ],
          [
            -117.48374,
            51.25647,
            1331.96
          ],
          [
            -117.48369,
            51.25644,
            1333.08
          ],
          [
            -117.48361,
            51.25639,
            1334.95
          ],
          [
            -117.48359,
            51.25638,
            1335.08
          ],
          [
            -117.48358,
            51.25637,
            1335.23
          ],
          [
            -117.48356,
            51.25635,
            1335.52
          ],
          [
            -117.48354,
            51.25631,
            1336.16
          ],
          [
            -117.48353,
            51.25627,
            1336.85
          ],
          [
            -117.48351,
            51.25622,
            1337.68
          ],
          [
            -117.48348,
            51.2562,
            1337.93
          ],
          [
            -117.48344,
            51.25619,
            1337.96
          ],
          [
            -117.48337,
            51.25615,
            1338.43
          ],
          [
            -117.48316,
            51.25603,
            1339.8
          ],
          [
            -117.48309,
            51.256,
            1340.05
          ],
          [
            -117.48302,
            51.256,
            1339.54
          ],
          [
            -117.48294,
            51.25602,
            1338.46
          ],
          [
            -117.48289,
            51.25604,
            1337.6
          ],
          [
            -117.48284,
            51.25605,
            1336.99
          ],
          [
            -117.48272,
            51.25605,
            1336.12
          ],
          [
            -117.48258,
            51.25607,
            1334.61
          ],
          [
            -117.48249,
            51.25608,
            1333.68
          ],
          [
            -117.48248,
            51.25608,
            1333.58
          ],
          [
            -117.48242,
            51.25609,
            1332.71
          ],
          [
            -117.48235,
            51.25609,
            1331.99
          ],
          [
            -117.48226,
            51.25609,
            1331.07
          ],
          [
            -117.48216,
            51.25608,
            1330.98
          ],
          [
            -117.48212,
            51.25607,
            1331.28
          ],
          [
            -117.48197,
            51.25606,
            1331.49
          ],
          [
            -117.48186,
            51.25604,
            1330.76
          ],
          [
            -117.4818,
            51.25602,
            1330.54
          ],
          [
            -117.48178,
            51.25601,
            1330.6
          ],
          [
            -117.48172,
            51.25599,
            1330.5
          ],
          [
            -117.48165,
            51.25593,
            1332.22
          ],
          [
            -117.48154,
            51.25584,
            1334.91
          ],
          [
            -117.48155,
            51.25583,
            1335.25
          ],
          [
            -117.48163,
            51.25581,
            1336.34
          ],
          [
            -117.48163,
            51.25579,
            1336.85
          ],
          [
            -117.48163,
            51.25577,
            1337.36
          ],
          [
            -117.48157,
            51.25571,
            1338.57
          ],
          [
            -117.48154,
            51.25569,
            1338.94
          ],
          [
            -117.48153,
            51.25568,
            1339.15
          ],
          [
            -117.48152,
            51.25567,
            1339.37
          ],
          [
            -117.48146,
            51.25561,
            1340.74
          ],
          [
            -117.48141,
            51.25555,
            1342.19
          ],
          [
            -117.48134,
            51.25547,
            1343.58
          ],
          [
            -117.48126,
            51.25538,
            1344.33
          ],
          [
            -117.4812,
            51.25533,
            1344.11
          ],
          [
            -117.48109,
            51.25523,
            1343.5
          ],
          [
            -117.48104,
            51.25518,
            1344.22
          ],
          [
            -117.48084,
            51.25505,
            1346.59
          ],
          [
            -117.48081,
            51.25503,
            1347.05
          ],
          [
            -117.48071,
            51.255,
            1348.33
          ],
          [
            -117.48068,
            51.25499,
            1348.71
          ],
          [
            -117.48067,
            51.25498,
            1348.88
          ],
          [
            -117.48064,
            51.25497,
            1349.27
          ],
          [
            -117.48058,
            51.25495,
            1350.08
          ],
          [
            -117.48049,
            51.25494,
            1351.14
          ],
          [
            -117.48037,
            51.25493,
            1352.51
          ],
          [
            -117.48032,
            51.25492,
            1353.12
          ],
          [
            -117.48023,
            51.25491,
            1353.93
          ],
          [
            -117.48018,
            51.25491,
            1354.23
          ],
          [
            -117.48013,
            51.25492,
            1354.41
          ],
          [
            -117.48008,
            51.25492,
            1354.7
          ],
          [
            -117.47996,
            51.25494,
            1355.52
          ],
          [
            -117.47987,
            51.25494,
            1357
          ],
          [
            -117.47977,
            51.25496,
            1358.48
          ],
          [
            -117.47965,
            51.25499,
            1359.57
          ],
          [
            -117.47958,
            51.25502,
            1360.17
          ],
          [
            -117.47951,
            51.25505,
            1360.79
          ],
          [
            -117.47941,
            51.25508,
            1361.5
          ],
          [
            -117.47934,
            51.25509,
            1361.95
          ],
          [
            -117.47933,
            51.25509,
            1362.01
          ],
          [
            -117.47932,
            51.2551,
            1362.09
          ],
          [
            -117.47929,
            51.2551,
            1362.27
          ],
          [
            -117.47923,
            51.25511,
            1362.63
          ],
          [
            -117.47915,
            51.25513,
            1363.03
          ],
          [
            -117.47905,
            51.25516,
            1363.18
          ],
          [
            -117.47891,
            51.2552,
            1363.26
          ],
          [
            -117.4788,
            51.2552,
            1363.19
          ],
          [
            -117.47873,
            51.25521,
            1363.1
          ],
          [
            -117.47868,
            51.25521,
            1363.06
          ],
          [
            -117.47866,
            51.2552,
            1363.05
          ],
          [
            -117.47864,
            51.2552,
            1363.03
          ],
          [
            -117.47862,
            51.25519,
            1363.01
          ],
          [
            -117.47852,
            51.25512,
            1362.81
          ],
          [
            -117.47845,
            51.25508,
            1362.59
          ],
          [
            -117.47831,
            51.25499,
            1361.81
          ],
          [
            -117.47818,
            51.25491,
            1360.65
          ],
          [
            -117.47815,
            51.25489,
            1360.41
          ],
          [
            -117.47813,
            51.25488,
            1360.29
          ],
          [
            -117.47805,
            51.25483,
            1359.79
          ],
          [
            -117.47796,
            51.25477,
            1359.63
          ],
          [
            -117.47784,
            51.25468,
            1359.93
          ],
          [
            -117.47778,
            51.25462,
            1360.36
          ],
          [
            -117.47775,
            51.25458,
            1360.76
          ],
          [
            -117.4777,
            51.25447,
            1361.72
          ],
          [
            -117.47765,
            51.25443,
            1362.68
          ],
          [
            -117.47756,
            51.25443,
            1363.75
          ],
          [
            -117.47753,
            51.25444,
            1363.81
          ],
          [
            -117.47748,
            51.25444,
            1364.43
          ],
          [
            -117.47738,
            51.25444,
            1365.85
          ],
          [
            -117.47725,
            51.25445,
            1367.52
          ],
          [
            -117.47714,
            51.25445,
            1368.81
          ],
          [
            -117.47712,
            51.25445,
            1369.03
          ],
          [
            -117.4771,
            51.25445,
            1369.25
          ],
          [
            -117.47704,
            51.25445,
            1369.9
          ],
          [
            -117.47702,
            51.25446,
            1370
          ],
          [
            -117.477,
            51.25446,
            1370.22
          ],
          [
            -117.47699,
            51.25446,
            1370.33
          ],
          [
            -117.47698,
            51.25447,
            1370.33
          ],
          [
            -117.47696,
            51.25447,
            1370.55
          ],
          [
            -117.47695,
            51.25448,
            1370.55
          ],
          [
            -117.47694,
            51.25448,
            1370.68
          ],
          [
            -117.47691,
            51.25449,
            1370.98
          ],
          [
            -117.47688,
            51.2545,
            1371.28
          ],
          [
            -117.47687,
            51.25449,
            1371.54
          ],
          [
            -117.47685,
            51.25447,
            1372.05
          ],
          [
            -117.47683,
            51.25443,
            1373.05
          ],
          [
            -117.47681,
            51.25438,
            1374.78
          ],
          [
            -117.47682,
            51.25435,
            1375.48
          ],
          [
            -117.47686,
            51.25429,
            1376.45
          ],
          [
            -117.4769,
            51.25426,
            1376.5
          ],
          [
            -117.47697,
            51.25422,
            1376.31
          ],
          [
            -117.477,
            51.25417,
            1377.12
          ],
          [
            -117.47702,
            51.25413,
            1379.5
          ],
          [
            -117.47695,
            51.25412,
            1381.43
          ],
          [
            -117.47689,
            51.25416,
            1379.67
          ],
          [
            -117.47683,
            51.25419,
            1379.81
          ],
          [
            -117.47677,
            51.25422,
            1380.18
          ],
          [
            -117.47672,
            51.25426,
            1379.95
          ],
          [
            -117.47665,
            51.25429,
            1380.28
          ],
          [
            -117.47664,
            51.25429,
            1380.44
          ],
          [
            -117.47662,
            51.25429,
            1380.77
          ],
          [
            -117.47657,
            51.25429,
            1381.59
          ],
          [
            -117.47658,
            51.25428,
            1381.76
          ],
          [
            -117.47659,
            51.25426,
            1382.26
          ],
          [
            -117.4766,
            51.25425,
            1382.43
          ],
          [
            -117.47663,
            51.25424,
            1382.25
          ],
          [
            -117.47665,
            51.25423,
            1382.23
          ],
          [
            -117.47668,
            51.25421,
            1382.32
          ],
          [
            -117.47673,
            51.25416,
            1383.1
          ],
          [
            -117.4768,
            51.25409,
            1386.63
          ],
          [
            -117.47687,
            51.25401,
            1391.15
          ],
          [
            -117.47686,
            51.254,
            1392.06
          ],
          [
            -117.47685,
            51.254,
            1392.23
          ],
          [
            -117.47681,
            51.25402,
            1391.48
          ],
          [
            -117.47679,
            51.25403,
            1391.12
          ],
          [
            -117.47678,
            51.25404,
            1390.59
          ],
          [
            -117.47674,
            51.25406,
            1389.91
          ],
          [
            -117.47673,
            51.25407,
            1389.4
          ],
          [
            -117.47672,
            51.25407,
            1389.59
          ],
          [
            -117.47671,
            51.25408,
            1389.09
          ],
          [
            -117.47669,
            51.25409,
            1388.79
          ],
          [
            -117.47665,
            51.2541,
            1388.77
          ],
          [
            -117.4766,
            51.25411,
            1388.78
          ],
          [
            -117.47655,
            51.25412,
            1388.87
          ],
          [
            -117.47654,
            51.25411,
            1389.6
          ],
          [
            -117.47654,
            51.2541,
            1390.18
          ],
          [
            -117.47659,
            51.25407,
            1391.42
          ],
          [
            -117.47659,
            51.25404,
            1393.29
          ],
          [
            -117.4765,
            51.25403,
            1394.58
          ],
          [
            -117.47639,
            51.254,
            1396.79
          ],
          [
            -117.47634,
            51.25399,
            1397.24
          ],
          [
            -117.47633,
            51.25399,
            1397.23
          ],
          [
            -117.47631,
            51.25398,
            1397.63
          ],
          [
            -117.4763,
            51.25398,
            1397.62
          ],
          [
            -117.47626,
            51.25397,
            1397.95
          ],
          [
            -117.47622,
            51.25397,
            1397.88
          ],
          [
            -117.47618,
            51.25397,
            1397.8
          ],
          [
            -117.4761,
            51.25398,
            1397.36
          ],
          [
            -117.47595,
            51.25402,
            1396.19
          ],
          [
            -117.47589,
            51.25401,
            1396.41
          ],
          [
            -117.47546,
            51.25388,
            1399.17
          ],
          [
            -117.47534,
            51.25383,
            1400.22
          ],
          [
            -117.47519,
            51.25379,
            1401.88
          ],
          [
            -117.47509,
            51.25375,
            1403.69
          ],
          [
            -117.47504,
            51.25373,
            1404.63
          ],
          [
            -117.47502,
            51.25372,
            1405.07
          ],
          [
            -117.47501,
            51.25372,
            1405.16
          ],
          [
            -117.47494,
            51.2537,
            1406.41
          ],
          [
            -117.47491,
            51.25369,
            1406.98
          ],
          [
            -117.47488,
            51.25369,
            1407.31
          ],
          [
            -117.47479,
            51.25374,
            1407.02
          ],
          [
            -117.47474,
            51.25374,
            1407.56
          ],
          [
            -117.47472,
            51.25374,
            1407.75
          ],
          [
            -117.47468,
            51.25372,
            1408.22
          ],
          [
            -117.47465,
            51.2537,
            1408.67
          ],
          [
            -117.47459,
            51.25363,
            1410.11
          ],
          [
            -117.47455,
            51.25359,
            1411.06
          ],
          [
            -117.4745,
            51.25356,
            1411.86
          ],
          [
            -117.47444,
            51.25353,
            1412.64
          ],
          [
            -117.4743,
            51.25348,
            1414.52
          ],
          [
            -117.47417,
            51.25341,
            1416.79
          ],
          [
            -117.47413,
            51.25339,
            1417.53
          ],
          [
            -117.47398,
            51.25335,
            1419.23
          ],
          [
            -117.47391,
            51.25333,
            1420.07
          ],
          [
            -117.47388,
            51.25332,
            1420.64
          ],
          [
            -117.47387,
            51.25332,
            1420.71
          ],
          [
            -117.47378,
            51.25329,
            1422.59
          ],
          [
            -117.47369,
            51.25325,
            1424.82
          ],
          [
            -117.47356,
            51.25319,
            1427.85
          ],
          [
            -117.47346,
            51.25316,
            1429.27
          ],
          [
            -117.47333,
            51.2531,
            1431.56
          ],
          [
            -117.47331,
            51.25308,
            1432.19
          ],
          [
            -117.47329,
            51.25307,
            1432.52
          ],
          [
            -117.47325,
            51.25304,
            1433.5
          ],
          [
            -117.47317,
            51.25301,
            1434.48
          ],
          [
            -117.47307,
            51.25298,
            1435.45
          ],
          [
            -117.473,
            51.25297,
            1435.43
          ],
          [
            -117.47282,
            51.25296,
            1434.69
          ],
          [
            -117.47274,
            51.25295,
            1434.6
          ],
          [
            -117.47267,
            51.25292,
            1435.47
          ],
          [
            -117.47266,
            51.25292,
            1435.44
          ],
          [
            -117.47264,
            51.25292,
            1435.36
          ],
          [
            -117.47259,
            51.25291,
            1435.63
          ],
          [
            -117.47252,
            51.25289,
            1436.39
          ],
          [
            -117.47245,
            51.25289,
            1436.09
          ],
          [
            -117.47238,
            51.2529,
            1435.22
          ],
          [
            -117.47235,
            51.2529,
            1435.06
          ],
          [
            -117.4723,
            51.25289,
            1435.33
          ],
          [
            -117.47223,
            51.25286,
            1436.6
          ],
          [
            -117.4721,
            51.25279,
            1438.66
          ],
          [
            -117.47199,
            51.25273,
            1440.52
          ],
          [
            -117.47188,
            51.25265,
            1444.64
          ],
          [
            -117.4717,
            51.25258,
            1447.1
          ],
          [
            -117.4716,
            51.25252,
            1449.86
          ],
          [
            -117.47151,
            51.25247,
            1453.61
          ],
          [
            -117.4715,
            51.25246,
            1454.33
          ],
          [
            -117.4715,
            51.25246,
            1454.33
          ],
          [
            -117.47148,
            51.25245,
            1455.13
          ],
          [
            -117.47144,
            51.25243,
            1456.67
          ],
          [
            -117.47139,
            51.2524,
            1458.75
          ],
          [
            -117.47134,
            51.25236,
            1460.53
          ],
          [
            -117.47128,
            51.25232,
            1462.08
          ],
          [
            -117.47125,
            51.25229,
            1463.34
          ],
          [
            -117.47117,
            51.25224,
            1464.92
          ],
          [
            -117.47098,
            51.25209,
            1470.25
          ],
          [
            -117.47086,
            51.25202,
            1472.48
          ],
          [
            -117.47075,
            51.25196,
            1474.35
          ],
          [
            -117.47067,
            51.25188,
            1477.07
          ],
          [
            -117.4706,
            51.2518,
            1479.45
          ],
          [
            -117.47058,
            51.25178,
            1479.93
          ],
          [
            -117.47057,
            51.25177,
            1480.16
          ],
          [
            -117.47055,
            51.25174,
            1481.04
          ],
          [
            -117.47047,
            51.25168,
            1482.55
          ],
          [
            -117.47041,
            51.25163,
            1484.14
          ],
          [
            -117.47035,
            51.25158,
            1485.84
          ],
          [
            -117.47028,
            51.25147,
            1490.23
          ],
          [
            -117.47026,
            51.2514,
            1493.29
          ],
          [
            -117.47026,
            51.25139,
            1493.76
          ],
          [
            -117.47026,
            51.25138,
            1494.07
          ],
          [
            -117.47024,
            51.25127,
            1497.07
          ],
          [
            -117.47021,
            51.2512,
            1498.87
          ],
          [
            -117.47017,
            51.25115,
            1500.05
          ],
          [
            -117.47016,
            51.25109,
            1502.46
          ],
          [
            -117.47013,
            51.25104,
            1505.27
          ],
          [
            -117.47007,
            51.25097,
            1508.89
          ],
          [
            -117.47007,
            51.25096,
            1509.48
          ],
          [
            -117.47006,
            51.25095,
            1509.96
          ],
          [
            -117.47003,
            51.25091,
            1511.96
          ],
          [
            -117.46997,
            51.25085,
            1514.72
          ],
          [
            -117.4699,
            51.25078,
            1516.37
          ],
          [
            -117.46984,
            51.25071,
            1517.25
          ],
          [
            -117.46982,
            51.25066,
            1518.05
          ],
          [
            -117.46978,
            51.25061,
            1518.31
          ],
          [
            -117.46978,
            51.2506,
            1518.52
          ],
          [
            -117.4698,
            51.25058,
            1519.42
          ],
          [
            -117.46986,
            51.25057,
            1521.11
          ],
          [
            -117.46987,
            51.25055,
            1522.01
          ],
          [
            -117.46985,
            51.25052,
            1523
          ],
          [
            -117.46978,
            51.25047,
            1523.59
          ],
          [
            -117.46979,
            51.25045,
            1524.83
          ],
          [
            -117.4698,
            51.25044,
            1525.6
          ],
          [
            -117.46984,
            51.25044,
            1526.73
          ],
          [
            -117.46991,
            51.25046,
            1527.67
          ],
          [
            -117.47002,
            51.25047,
            1530.06
          ],
          [
            -117.47009,
            51.25049,
            1530.58
          ],
          [
            -117.47014,
            51.25049,
            1531.71
          ],
          [
            -117.47021,
            51.25051,
            1532.38
          ],
          [
            -117.47022,
            51.25051,
            1532.61
          ],
          [
            -117.47024,
            51.25051,
            1533.08
          ],
          [
            -117.47027,
            51.25051,
            1533.79
          ],
          [
            -117.47032,
            51.25052,
            1534.47
          ],
          [
            -117.47036,
            51.25052,
            1535.35
          ],
          [
            -117.47039,
            51.25052,
            1536.01
          ],
          [
            -117.47041,
            51.25051,
            1536.9
          ],
          [
            -117.47036,
            51.25043,
            1539.33
          ],
          [
            -117.4703,
            51.25038,
            1540.11
          ],
          [
            -117.47027,
            51.25033,
            1541.62
          ],
          [
            -117.4702,
            51.25027,
            1543.34
          ],
          [
            -117.4701,
            51.25017,
            1547.54
          ],
          [
            -117.47001,
            51.25008,
            1550.88
          ],
          [
            -117.46996,
            51.25003,
            1552.47
          ],
          [
            -117.46994,
            51.24999,
            1554.14
          ],
          [
            -117.46987,
            51.24991,
            1556.51
          ],
          [
            -117.46983,
            51.24988,
            1557.4
          ],
          [
            -117.46977,
            51.24986,
            1557.66
          ],
          [
            -117.46976,
            51.24986,
            1557.54
          ],
          [
            -117.46975,
            51.24986,
            1557.41
          ],
          [
            -117.46969,
            51.24984,
            1558.55
          ],
          [
            -117.46964,
            51.24983,
            1559.61
          ],
          [
            -117.46962,
            51.24982,
            1560.36
          ],
          [
            -117.46959,
            51.24981,
            1561.2
          ],
          [
            -117.46955,
            51.24981,
            1561.58
          ],
          [
            -117.4695,
            51.2498,
            1562.57
          ],
          [
            -117.46945,
            51.2498,
            1563.03
          ],
          [
            -117.46936,
            51.2498,
            1562.99
          ],
          [
            -117.46934,
            51.2498,
            1562.97
          ],
          [
            -117.4693,
            51.24979,
            1563.46
          ],
          [
            -117.46927,
            51.24977,
            1564.48
          ],
          [
            -117.4692,
            51.24969,
            1567.9
          ],
          [
            -117.46919,
            51.24967,
            1568.47
          ],
          [
            -117.4691,
            51.24956,
            1572.05
          ],
          [
            -117.46893,
            51.2494,
            1577.66
          ],
          [
            -117.46879,
            51.24936,
            1579.78
          ],
          [
            -117.46893,
            51.2494,
            1577.66
          ],
          [
            -117.4691,
            51.24956,
            1572.05
          ],
          [
            -117.46919,
            51.24967,
            1568.47
          ],
          [
            -117.4692,
            51.24969,
            1567.9
          ],
          [
            -117.46927,
            51.24977,
            1564.48
          ],
          [
            -117.4693,
            51.24979,
            1563.46
          ],
          [
            -117.46934,
            51.2498,
            1562.97
          ],
          [
            -117.46936,
            51.2498,
            1562.99
          ],
          [
            -117.46945,
            51.2498,
            1563.03
          ],
          [
            -117.4695,
            51.2498,
            1562.57
          ],
          [
            -117.46955,
            51.24981,
            1561.58
          ],
          [
            -117.46959,
            51.24981,
            1561.2
          ],
          [
            -117.46962,
            51.24982,
            1560.36
          ],
          [
            -117.46964,
            51.24983,
            1559.61
          ],
          [
            -117.46969,
            51.24984,
            1558.55
          ],
          [
            -117.46975,
            51.24986,
            1557.41
          ],
          [
            -117.46976,
            51.24986,
            1557.54
          ],
          [
            -117.46977,
            51.24986,
            1557.66
          ],
          [
            -117.46983,
            51.24988,
            1557.4
          ],
          [
            -117.46987,
            51.24991,
            1556.51
          ],
          [
            -117.46994,
            51.24999,
            1554.14
          ],
          [
            -117.46996,
            51.25003,
            1552.47
          ],
          [
            -117.47001,
            51.25008,
            1550.88
          ],
          [
            -117.4701,
            51.25017,
            1547.54
          ],
          [
            -117.4702,
            51.25027,
            1543.34
          ],
          [
            -117.47027,
            51.25033,
            1541.62
          ],
          [
            -117.4703,
            51.25038,
            1540.11
          ],
          [
            -117.47036,
            51.25043,
            1539.33
          ],
          [
            -117.47041,
            51.25051,
            1536.9
          ],
          [
            -117.47039,
            51.25052,
            1536.01
          ],
          [
            -117.47036,
            51.25052,
            1535.35
          ],
          [
            -117.47032,
            51.25052,
            1534.47
          ],
          [
            -117.47027,
            51.25051,
            1533.79
          ],
          [
            -117.47024,
            51.25051,
            1533.08
          ],
          [
            -117.47022,
            51.25051,
            1532.61
          ],
          [
            -117.47021,
            51.25051,
            1532.38
          ],
          [
            -117.47014,
            51.25049,
            1531.71
          ],
          [
            -117.47009,
            51.25049,
            1530.58
          ],
          [
            -117.47002,
            51.25047,
            1530.06
          ],
          [
            -117.46991,
            51.25046,
            1527.67
          ],
          [
            -117.46984,
            51.25044,
            1526.73
          ],
          [
            -117.4698,
            51.25044,
            1525.6
          ],
          [
            -117.46979,
            51.25045,
            1524.83
          ],
          [
            -117.46978,
            51.25047,
            1523.59
          ],
          [
            -117.46985,
            51.25052,
            1523
          ],
          [
            -117.46987,
            51.25055,
            1522.01
          ],
          [
            -117.46986,
            51.25057,
            1521.11
          ],
          [
            -117.4698,
            51.25058,
            1519.42
          ],
          [
            -117.46978,
            51.2506,
            1518.52
          ],
          [
            -117.46978,
            51.25061,
            1518.31
          ],
          [
            -117.46982,
            51.25066,
            1518.05
          ],
          [
            -117.46984,
            51.25071,
            1517.25
          ],
          [
            -117.4699,
            51.25078,
            1516.37
          ],
          [
            -117.46997,
            51.25085,
            1514.72
          ],
          [
            -117.47003,
            51.25091,
            1511.96
          ],
          [
            -117.47006,
            51.25095,
            1509.96
          ],
          [
            -117.47007,
            51.25096,
            1509.48
          ],
          [
            -117.47007,
            51.25097,
            1508.89
          ],
          [
            -117.47013,
            51.25104,
            1505.27
          ],
          [
            -117.47016,
            51.25109,
            1502.46
          ],
          [
            -117.47017,
            51.25115,
            1500.05
          ],
          [
            -117.47021,
            51.2512,
            1498.87
          ],
          [
            -117.47024,
            51.25127,
            1497.07
          ],
          [
            -117.47026,
            51.25138,
            1494.07
          ],
          [
            -117.47026,
            51.25139,
            1493.76
          ],
          [
            -117.47026,
            51.2514,
            1493.29
          ],
          [
            -117.47028,
            51.25147,
            1490.23
          ],
          [
            -117.47035,
            51.25158,
            1485.84
          ],
          [
            -117.47041,
            51.25163,
            1484.14
          ],
          [
            -117.47047,
            51.25168,
            1482.55
          ],
          [
            -117.47055,
            51.25174,
            1481.04
          ],
          [
            -117.47057,
            51.25177,
            1480.16
          ],
          [
            -117.47058,
            51.25178,
            1479.93
          ],
          [
            -117.4706,
            51.2518,
            1479.45
          ],
          [
            -117.47067,
            51.25188,
            1477.07
          ],
          [
            -117.47075,
            51.25196,
            1474.35
          ],
          [
            -117.47086,
            51.25202,
            1472.48
          ],
          [
            -117.47098,
            51.25209,
            1470.25
          ],
          [
            -117.47117,
            51.25224,
            1464.92
          ],
          [
            -117.47125,
            51.25229,
            1463.34
          ],
          [
            -117.47128,
            51.25232,
            1462.08
          ],
          [
            -117.47134,
            51.25236,
            1460.53
          ],
          [
            -117.47139,
            51.2524,
            1458.75
          ],
          [
            -117.47144,
            51.25243,
            1456.67
          ],
          [
            -117.47148,
            51.25245,
            1455.13
          ],
          [
            -117.4715,
            51.25246,
            1454.33
          ],
          [
            -117.4715,
            51.25246,
            1454.33
          ],
          [
            -117.47151,
            51.25247,
            1453.61
          ],
          [
            -117.4716,
            51.25252,
            1449.86
          ],
          [
            -117.4717,
            51.25258,
            1447.1
          ],
          [
            -117.47188,
            51.25265,
            1444.64
          ],
          [
            -117.47199,
            51.25273,
            1440.52
          ],
          [
            -117.4721,
            51.25279,
            1438.66
          ],
          [
            -117.47223,
            51.25286,
            1436.6
          ],
          [
            -117.4723,
            51.25289,
            1435.33
          ],
          [
            -117.47235,
            51.2529,
            1435.06
          ],
          [
            -117.47238,
            51.2529,
            1435.22
          ],
          [
            -117.47245,
            51.25289,
            1436.09
          ],
          [
            -117.47252,
            51.25289,
            1436.39
          ],
          [
            -117.47259,
            51.25291,
            1435.63
          ],
          [
            -117.47264,
            51.25292,
            1435.36
          ],
          [
            -117.47266,
            51.25292,
            1435.44
          ],
          [
            -117.47267,
            51.25292,
            1435.47
          ],
          [
            -117.47274,
            51.25295,
            1434.6
          ],
          [
            -117.47282,
            51.25296,
            1434.69
          ],
          [
            -117.473,
            51.25297,
            1435.43
          ],
          [
            -117.47307,
            51.25298,
            1435.45
          ],
          [
            -117.47317,
            51.25301,
            1434.48
          ],
          [
            -117.47325,
            51.25304,
            1433.5
          ],
          [
            -117.47329,
            51.25307,
            1432.52
          ],
          [
            -117.47331,
            51.25308,
            1432.19
          ],
          [
            -117.47333,
            51.2531,
            1431.56
          ],
          [
            -117.47346,
            51.25316,
            1429.27
          ],
          [
            -117.47356,
            51.25319,
            1427.85
          ],
          [
            -117.47369,
            51.25325,
            1424.82
          ],
          [
            -117.47378,
            51.25329,
            1422.59
          ],
          [
            -117.47387,
            51.25332,
            1420.71
          ],
          [
            -117.47388,
            51.25332,
            1420.64
          ],
          [
            -117.47391,
            51.25333,
            1420.07
          ],
          [
            -117.47398,
            51.25335,
            1419.23
          ],
          [
            -117.47413,
            51.25339,
            1417.53
          ],
          [
            -117.47417,
            51.25341,
            1416.79
          ],
          [
            -117.4743,
            51.25348,
            1414.52
          ],
          [
            -117.47444,
            51.25353,
            1412.64
          ],
          [
            -117.4745,
            51.25356,
            1411.86
          ],
          [
            -117.47455,
            51.25359,
            1411.06
          ],
          [
            -117.47459,
            51.25363,
            1410.11
          ],
          [
            -117.47465,
            51.2537,
            1408.67
          ],
          [
            -117.47468,
            51.25372,
            1408.22
          ],
          [
            -117.47472,
            51.25374,
            1407.75
          ],
          [
            -117.47474,
            51.25374,
            1407.56
          ],
          [
            -117.47479,
            51.25374,
            1407.02
          ],
          [
            -117.47488,
            51.25369,
            1407.31
          ],
          [
            -117.47491,
            51.25369,
            1406.98
          ],
          [
            -117.47494,
            51.2537,
            1406.41
          ],
          [
            -117.47501,
            51.25372,
            1405.16
          ],
          [
            -117.47502,
            51.25372,
            1405.07
          ],
          [
            -117.47504,
            51.25373,
            1404.63
          ],
          [
            -117.47509,
            51.25375,
            1403.69
          ],
          [
            -117.47519,
            51.25379,
            1401.88
          ],
          [
            -117.47534,
            51.25383,
            1400.22
          ],
          [
            -117.47546,
            51.25388,
            1399.17
          ],
          [
            -117.47589,
            51.25401,
            1396.41
          ],
          [
            -117.47595,
            51.25402,
            1396.19
          ],
          [
            -117.4761,
            51.25398,
            1397.36
          ],
          [
            -117.47618,
            51.25397,
            1397.8
          ],
          [
            -117.47622,
            51.25397,
            1397.88
          ],
          [
            -117.47626,
            51.25397,
            1397.95
          ],
          [
            -117.4763,
            51.25398,
            1397.62
          ],
          [
            -117.47631,
            51.25398,
            1397.63
          ],
          [
            -117.47633,
            51.25399,
            1397.23
          ],
          [
            -117.47634,
            51.25399,
            1397.24
          ],
          [
            -117.47639,
            51.254,
            1396.79
          ],
          [
            -117.4765,
            51.25403,
            1394.58
          ],
          [
            -117.47659,
            51.25404,
            1393.29
          ],
          [
            -117.47659,
            51.25407,
            1391.42
          ],
          [
            -117.47654,
            51.2541,
            1390.18
          ],
          [
            -117.47654,
            51.25411,
            1389.6
          ],
          [
            -117.47655,
            51.25412,
            1388.87
          ],
          [
            -117.4766,
            51.25411,
            1388.78
          ],
          [
            -117.47665,
            51.2541,
            1388.77
          ],
          [
            -117.47669,
            51.25409,
            1388.79
          ],
          [
            -117.47671,
            51.25408,
            1389.09
          ],
          [
            -117.47672,
            51.25407,
            1389.59
          ],
          [
            -117.47673,
            51.25407,
            1389.4
          ],
          [
            -117.47674,
            51.25406,
            1389.91
          ],
          [
            -117.47678,
            51.25404,
            1390.59
          ],
          [
            -117.47679,
            51.25403,
            1391.12
          ],
          [
            -117.47681,
            51.25402,
            1391.48
          ],
          [
            -117.47685,
            51.254,
            1392.23
          ],
          [
            -117.47686,
            51.254,
            1392.06
          ],
          [
            -117.47687,
            51.25401,
            1391.15
          ],
          [
            -117.4768,
            51.25409,
            1386.63
          ],
          [
            -117.47673,
            51.25416,
            1383.1
          ],
          [
            -117.47668,
            51.25421,
            1382.32
          ],
          [
            -117.47665,
            51.25423,
            1382.23
          ],
          [
            -117.47663,
            51.25424,
            1382.25
          ],
          [
            -117.4766,
            51.25425,
            1382.43
          ],
          [
            -117.47659,
            51.25426,
            1382.26
          ],
          [
            -117.47658,
            51.25428,
            1381.76
          ],
          [
            -117.47657,
            51.25429,
            1381.59
          ],
          [
            -117.47662,
            51.25429,
            1380.77
          ],
          [
            -117.47664,
            51.25429,
            1380.44
          ],
          [
            -117.47665,
            51.25429,
            1380.28
          ],
          [
            -117.47672,
            51.25426,
            1379.95
          ],
          [
            -117.47677,
            51.25422,
            1380.18
          ],
          [
            -117.47683,
            51.25419,
            1379.81
          ],
          [
            -117.47689,
            51.25416,
            1379.67
          ],
          [
            -117.47695,
            51.25412,
            1381.43
          ],
          [
            -117.47702,
            51.25413,
            1379.5
          ],
          [
            -117.477,
            51.25417,
            1377.12
          ],
          [
            -117.47697,
            51.25422,
            1376.31
          ],
          [
            -117.4769,
            51.25426,
            1376.5
          ],
          [
            -117.47686,
            51.25429,
            1376.45
          ],
          [
            -117.47682,
            51.25435,
            1375.48
          ],
          [
            -117.47681,
            51.25438,
            1374.78
          ],
          [
            -117.47683,
            51.25443,
            1373.05
          ],
          [
            -117.47685,
            51.25447,
            1372.05
          ],
          [
            -117.47687,
            51.25449,
            1371.54
          ],
          [
            -117.47688,
            51.2545,
            1371.28
          ],
          [
            -117.47691,
            51.25449,
            1370.98
          ],
          [
            -117.47694,
            51.25448,
            1370.68
          ],
          [
            -117.47695,
            51.25448,
            1370.55
          ],
          [
            -117.47696,
            51.25447,
            1370.55
          ],
          [
            -117.47698,
            51.25447,
            1370.33
          ],
          [
            -117.47699,
            51.25446,
            1370.33
          ],
          [
            -117.477,
            51.25446,
            1370.22
          ],
          [
            -117.47702,
            51.25446,
            1370
          ],
          [
            -117.47704,
            51.25445,
            1369.9
          ],
          [
            -117.4771,
            51.25445,
            1369.25
          ],
          [
            -117.47712,
            51.25445,
            1369.03
          ],
          [
            -117.47714,
            51.25445,
            1368.81
          ],
          [
            -117.47725,
            51.25445,
            1367.52
          ],
          [
            -117.47738,
            51.25444,
            1365.85
          ],
          [
            -117.47748,
            51.25444,
            1364.43
          ],
          [
            -117.47753,
            51.25444,
            1363.81
          ],
          [
            -117.47756,
            51.25443,
            1363.75
          ],
          [
            -117.47765,
            51.25443,
            1362.68
          ],
          [
            -117.4777,
            51.25447,
            1361.72
          ],
          [
            -117.47775,
            51.25458,
            1360.76
          ],
          [
            -117.47778,
            51.25462,
            1360.36
          ],
          [
            -117.47784,
            51.25468,
            1359.93
          ],
          [
            -117.47796,
            51.25477,
            1359.63
          ],
          [
            -117.47805,
            51.25483,
            1359.79
          ],
          [
            -117.47813,
            51.25488,
            1360.29
          ],
          [
            -117.47815,
            51.25489,
            1360.41
          ],
          [
            -117.47818,
            51.25491,
            1360.65
          ],
          [
            -117.47831,
            51.25499,
            1361.81
          ],
          [
            -117.47845,
            51.25508,
            1362.59
          ],
          [
            -117.47852,
            51.25512,
            1362.81
          ],
          [
            -117.47862,
            51.25519,
            1363.01
          ],
          [
            -117.47864,
            51.2552,
            1363.03
          ],
          [
            -117.47866,
            51.2552,
            1363.05
          ],
          [
            -117.47868,
            51.25521,
            1363.06
          ],
          [
            -117.47873,
            51.25521,
            1363.1
          ],
          [
            -117.4788,
            51.2552,
            1363.19
          ],
          [
            -117.47891,
            51.2552,
            1363.26
          ],
          [
            -117.47905,
            51.25516,
            1363.18
          ],
          [
            -117.47915,
            51.25513,
            1363.03
          ],
          [
            -117.47923,
            51.25511,
            1362.63
          ],
          [
            -117.47929,
            51.2551,
            1362.27
          ],
          [
            -117.47932,
            51.2551,
            1362.09
          ],
          [
            -117.47933,
            51.25509,
            1362.01
          ],
          [
            -117.47934,
            51.25509,
            1361.95
          ],
          [
            -117.47941,
            51.25508,
            1361.5
          ],
          [
            -117.47951,
            51.25505,
            1360.79
          ],
          [
            -117.47958,
            51.25502,
            1360.17
          ],
          [
            -117.47965,
            51.25499,
            1359.57
          ],
          [
            -117.47977,
            51.25496,
            1358.48
          ],
          [
            -117.47987,
            51.25494,
            1357
          ],
          [
            -117.47996,
            51.25494,
            1355.52
          ],
          [
            -117.48008,
            51.25492,
            1354.7
          ],
          [
            -117.48013,
            51.25492,
            1354.41
          ],
          [
            -117.48018,
            51.25491,
            1354.23
          ],
          [
            -117.48023,
            51.25491,
            1353.93
          ],
          [
            -117.48032,
            51.25492,
            1353.12
          ],
          [
            -117.48037,
            51.25493,
            1352.51
          ],
          [
            -117.48049,
            51.25494,
            1351.14
          ],
          [
            -117.48058,
            51.25495,
            1350.08
          ],
          [
            -117.48064,
            51.25497,
            1349.27
          ],
          [
            -117.48067,
            51.25498,
            1348.88
          ],
          [
            -117.48068,
            51.25499,
            1348.71
          ],
          [
            -117.48071,
            51.255,
            1348.33
          ],
          [
            -117.48081,
            51.25503,
            1347.05
          ],
          [
            -117.48084,
            51.25505,
            1346.59
          ],
          [
            -117.48104,
            51.25518,
            1344.22
          ],
          [
            -117.48109,
            51.25523,
            1343.5
          ],
          [
            -117.4812,
            51.25533,
            1344.11
          ],
          [
            -117.48126,
            51.25538,
            1344.33
          ],
          [
            -117.48134,
            51.25547,
            1343.58
          ],
          [
            -117.48141,
            51.25555,
            1342.19
          ],
          [
            -117.48146,
            51.25561,
            1340.74
          ],
          [
            -117.48152,
            51.25567,
            1339.37
          ],
          [
            -117.48153,
            51.25568,
            1339.15
          ],
          [
            -117.48154,
            51.25569,
            1338.94
          ],
          [
            -117.48157,
            51.25571,
            1338.57
          ],
          [
            -117.48163,
            51.25577,
            1337.36
          ],
          [
            -117.48163,
            51.25579,
            1336.85
          ],
          [
            -117.48163,
            51.25581,
            1336.34
          ],
          [
            -117.48155,
            51.25583,
            1335.25
          ],
          [
            -117.48154,
            51.25584,
            1334.91
          ],
          [
            -117.48165,
            51.25593,
            1332.22
          ],
          [
            -117.48172,
            51.25599,
            1330.5
          ],
          [
            -117.48178,
            51.25601,
            1330.6
          ],
          [
            -117.4818,
            51.25602,
            1330.54
          ],
          [
            -117.48186,
            51.25604,
            1330.76
          ],
          [
            -117.48197,
            51.25606,
            1331.49
          ],
          [
            -117.48212,
            51.25607,
            1331.28
          ],
          [
            -117.48216,
            51.25608,
            1330.98
          ],
          [
            -117.48226,
            51.25609,
            1331.07
          ],
          [
            -117.48235,
            51.25609,
            1331.99
          ],
          [
            -117.48242,
            51.25609,
            1332.71
          ],
          [
            -117.48248,
            51.25608,
            1333.58
          ],
          [
            -117.48249,
            51.25608,
            1333.68
          ],
          [
            -117.48258,
            51.25607,
            1334.61
          ],
          [
            -117.48272,
            51.25605,
            1336.12
          ],
          [
            -117.48284,
            51.25605,
            1336.99
          ],
          [
            -117.48289,
            51.25604,
            1337.6
          ],
          [
            -117.48294,
            51.25602,
            1338.46
          ],
          [
            -117.48302,
            51.256,
            1339.54
          ],
          [
            -117.48309,
            51.256,
            1340.05
          ],
          [
            -117.48316,
            51.25603,
            1339.8
          ],
          [
            -117.48337,
            51.25615,
            1338.43
          ],
          [
            -117.48344,
            51.25619,
            1337.96
          ],
          [
            -117.48348,
            51.2562,
            1337.93
          ],
          [
            -117.48351,
            51.25622,
            1337.68
          ],
          [
            -117.48353,
            51.25627,
            1336.85
          ],
          [
            -117.48354,
            51.25631,
            1336.16
          ],
          [
            -117.48356,
            51.25635,
            1335.52
          ],
          [
            -117.48358,
            51.25637,
            1335.23
          ],
          [
            -117.48359,
            51.25638,
            1335.08
          ],
          [
            -117.48361,
            51.25639,
            1334.95
          ],
          [
            -117.48369,
            51.25644,
            1333.08
          ],
          [
            -117.48374,
            51.25647,
            1331.96
          ],
          [
            -117.4838,
            51.25653,
            1329.58
          ],
          [
            -117.48394,
            51.2567,
            1323.94
          ],
          [
            -117.48397,
            51.25674,
            1323.68
          ],
          [
            -117.48402,
            51.25685,
            1323.01
          ],
          [
            -117.48401,
            51.25694,
            1321.55
          ],
          [
            -117.48402,
            51.25707,
            1323.47
          ],
          [
            -117.48404,
            51.2571,
            1324.09
          ],
          [
            -117.48407,
            51.25712,
            1324.56
          ],
          [
            -117.48412,
            51.25714,
            1325.02
          ],
          [
            -117.48414,
            51.25715,
            1325.13
          ],
          [
            -117.48415,
            51.25716,
            1325.16
          ],
          [
            -117.48416,
            51.25716,
            1325.2
          ],
          [
            -117.48421,
            51.25717,
            1325.81
          ],
          [
            -117.48425,
            51.25721,
            1326.24
          ],
          [
            -117.48431,
            51.25729,
            1328.28
          ],
          [
            -117.48438,
            51.25735,
            1330.13
          ],
          [
            -117.48441,
            51.25737,
            1330.76
          ],
          [
            -117.48453,
            51.25742,
            1330.44
          ],
          [
            -117.48464,
            51.25743,
            1328.66
          ],
          [
            -117.48466,
            51.25743,
            1328.31
          ],
          [
            -117.48471,
            51.25744,
            1327.43
          ],
          [
            -117.48483,
            51.25746,
            1324.76
          ],
          [
            -117.4849,
            51.25747,
            1323.04
          ],
          [
            -117.48494,
            51.25746,
            1322.33
          ],
          [
            -117.485,
            51.25746,
            1321.01
          ],
          [
            -117.48507,
            51.25745,
            1320.39
          ],
          [
            -117.48516,
            51.25745,
            1319.27
          ],
          [
            -117.48521,
            51.25746,
            1318.31
          ],
          [
            -117.48525,
            51.25746,
            1317.8
          ],
          [
            -117.48528,
            51.25747,
            1317.03
          ],
          [
            -117.4853,
            51.25747,
            1316.59
          ],
          [
            -117.48533,
            51.25747,
            1315.93
          ],
          [
            -117.48534,
            51.25747,
            1315.71
          ],
          [
            -117.48536,
            51.25748,
            1314.92
          ],
          [
            -117.48536,
            51.25748,
            1314.92
          ],
          [
            -117.48537,
            51.25748,
            1314.7
          ],
          [
            -117.48547,
            51.2575,
            1311.85
          ],
          [
            -117.48559,
            51.25754,
            1308.82
          ],
          [
            -117.48565,
            51.25755,
            1307.86
          ],
          [
            -117.48578,
            51.25755,
            1306.16
          ],
          [
            -117.48586,
            51.25754,
            1305.29
          ],
          [
            -117.48606,
            51.2575,
            1303.55
          ],
          [
            -117.4862,
            51.25746,
            1304.05
          ],
          [
            -117.48634,
            51.25742,
            1304.84
          ],
          [
            -117.48642,
            51.25739,
            1305.3
          ],
          [
            -117.48645,
            51.25737,
            1305.62
          ],
          [
            -117.4865,
            51.25732,
            1306.34
          ],
          [
            -117.48653,
            51.2573,
            1306.67
          ],
          [
            -117.48654,
            51.25729,
            1306.81
          ],
          [
            -117.48656,
            51.25729,
            1306.88
          ],
          [
            -117.48659,
            51.25728,
            1307.1
          ],
          [
            -117.48661,
            51.25727,
            1307.28
          ],
          [
            -117.48662,
            51.25727,
            1307.32
          ],
          [
            -117.48665,
            51.25726,
            1307.53
          ],
          [
            -117.48676,
            51.25722,
            1308.01
          ],
          [
            -117.48692,
            51.25719,
            1307.82
          ],
          [
            -117.48712,
            51.25716,
            1305.86
          ],
          [
            -117.48716,
            51.25716,
            1305.48
          ],
          [
            -117.48721,
            51.25715,
            1304.82
          ],
          [
            -117.48733,
            51.25715,
            1303.72
          ],
          [
            -117.48738,
            51.25716,
            1303.49
          ],
          [
            -117.48743,
            51.25715,
            1302.82
          ],
          [
            -117.48747,
            51.25715,
            1302.45
          ],
          [
            -117.48754,
            51.25715,
            1301.75
          ],
          [
            -117.48761,
            51.25714,
            1300.74
          ],
          [
            -117.48768,
            51.25712,
            1299.48
          ],
          [
            -117.48775,
            51.25707,
            1297.46
          ],
          [
            -117.48782,
            51.25703,
            1295.7
          ],
          [
            -117.48789,
            51.25698,
            1293.68
          ],
          [
            -117.4879,
            51.25698,
            1293.58
          ],
          [
            -117.48791,
            51.25698,
            1293.47
          ],
          [
            -117.48796,
            51.25697,
            1292.68
          ],
          [
            -117.48804,
            51.25696,
            1291.56
          ],
          [
            -117.48808,
            51.25696,
            1291.28
          ],
          [
            -117.48819,
            51.25702,
            1291.89
          ],
          [
            -117.48827,
            51.25705,
            1291.71
          ],
          [
            -117.48835,
            51.25707,
            1291.18
          ],
          [
            -117.48844,
            51.25707,
            1290.24
          ],
          [
            -117.48851,
            51.25709,
            1289.63
          ],
          [
            -117.48855,
            51.25709,
            1289.19
          ],
          [
            -117.48856,
            51.25709,
            1289.08
          ],
          [
            -117.48864,
            51.25711,
            1288.43
          ],
          [
            -117.48869,
            51.25713,
            1288.19
          ],
          [
            -117.48885,
            51.25716,
            1287.25
          ],
          [
            -117.48893,
            51.25719,
            1286.89
          ],
          [
            -117.48904,
            51.25724,
            1286.77
          ],
          [
            -117.48909,
            51.25724,
            1286.57
          ],
          [
            -117.48914,
            51.25723,
            1286.21
          ],
          [
            -117.48918,
            51.2572,
            1286.07
          ],
          [
            -117.48919,
            51.2572,
            1286
          ],
          [
            -117.48923,
            51.25717,
            1285.96
          ],
          [
            -117.48927,
            51.25714,
            1285.96
          ],
          [
            -117.4893,
            51.25714,
            1285.77
          ],
          [
            -117.48937,
            51.25712,
            1285.54
          ],
          [
            -117.48947,
            51.25705,
            1285.79
          ],
          [
            -117.48952,
            51.25704,
            1285.78
          ],
          [
            -117.4896,
            51.25705,
            1285.43
          ],
          [
            -117.4898,
            51.25708,
            1284.7
          ],
          [
            -117.48996,
            51.25708,
            1285
          ],
          [
            -117.49002,
            51.25707,
            1285.52
          ],
          [
            -117.49014,
            51.25707,
            1286.9
          ],
          [
            -117.49022,
            51.25708,
            1287.49
          ],
          [
            -117.49029,
            51.25709,
            1288.09
          ],
          [
            -117.49034,
            51.25712,
            1288.27
          ],
          [
            -117.49039,
            51.25715,
            1288.34
          ],
          [
            -117.49041,
            51.25719,
            1287.18
          ],
          [
            -117.49042,
            51.2572,
            1286.99
          ],
          [
            -117.49042,
            51.2572,
            1286.99
          ],
          [
            -117.49045,
            51.25725,
            1286.27
          ],
          [
            -117.49049,
            51.25733,
            1286.05
          ],
          [
            -117.49056,
            51.25745,
            1286.68
          ],
          [
            -117.49061,
            51.25752,
            1287.79
          ],
          [
            -117.49069,
            51.2576,
            1290.7
          ],
          [
            -117.49071,
            51.25764,
            1291.56
          ],
          [
            -117.49074,
            51.2577,
            1292.93
          ],
          [
            -117.49075,
            51.25776,
            1293.61
          ],
          [
            -117.49076,
            51.2578,
            1294.71
          ],
          [
            -117.49078,
            51.25785,
            1296.98
          ],
          [
            -117.49085,
            51.25795,
            1303.07
          ],
          [
            -117.49085,
            51.25798,
            1304.02
          ],
          [
            -117.49084,
            51.258,
            1304.38
          ],
          [
            -117.49082,
            51.25802,
            1304.11
          ],
          [
            -117.49081,
            51.25803,
            1303.87
          ],
          [
            -117.4908,
            51.25803,
            1303.31
          ],
          [
            -117.49077,
            51.25804,
            1301.91
          ],
          [
            -117.49069,
            51.25808,
            1298.59
          ],
          [
            -117.49066,
            51.25811,
            1298.05
          ],
          [
            -117.49063,
            51.25815,
            1298.07
          ],
          [
            -117.49062,
            51.25818,
            1298.81
          ],
          [
            -117.49062,
            51.25822,
            1300.45
          ],
          [
            -117.49065,
            51.25829,
            1304.4
          ],
          [
            -117.49065,
            51.25835,
            1305.9
          ],
          [
            -117.49063,
            51.2584,
            1304.85
          ],
          [
            -117.49062,
            51.25841,
            1304.49
          ],
          [
            -117.49061,
            51.25842,
            1304.15
          ],
          [
            -117.49061,
            51.25843,
            1304.07
          ],
          [
            -117.49059,
            51.25844,
            1303.49
          ],
          [
            -117.49057,
            51.25849,
            1302.76
          ],
          [
            -117.49057,
            51.25854,
            1302.53
          ],
          [
            -117.49058,
            51.25856,
            1302.62
          ],
          [
            -117.49072,
            51.25871,
            1304.16
          ],
          [
            -117.49078,
            51.25877,
            1304.77
          ],
          [
            -117.49082,
            51.2588,
            1305.16
          ],
          [
            -117.49084,
            51.25882,
            1305.13
          ],
          [
            -117.49084,
            51.25882,
            1305.13
          ],
          [
            -117.49088,
            51.25885,
            1304
          ],
          [
            -117.49094,
            51.2589,
            1300.89
          ],
          [
            -117.49101,
            51.25896,
            1295.32
          ],
          [
            -117.49105,
            51.25899,
            1292.56
          ],
          [
            -117.49111,
            51.25907,
            1286.9
          ],
          [
            -117.49112,
            51.25915,
            1282.72
          ],
          [
            -117.49116,
            51.2592,
            1280.14
          ],
          [
            -117.49118,
            51.25922,
            1279.18
          ],
          [
            -117.49123,
            51.25924,
            1277.87
          ],
          [
            -117.49129,
            51.25925,
            1276.81
          ],
          [
            -117.49135,
            51.25924,
            1276.37
          ],
          [
            -117.49147,
            51.25924,
            1276.32
          ],
          [
            -117.4915,
            51.25924,
            1276.48
          ],
          [
            -117.49152,
            51.25926,
            1275.94
          ],
          [
            -117.49154,
            51.25928,
            1275.38
          ],
          [
            -117.49152,
            51.25934,
            1273.36
          ],
          [
            -117.49149,
            51.2594,
            1271.4
          ],
          [
            -117.49147,
            51.25945,
            1269.9
          ],
          [
            -117.49147,
            51.25946,
            1269.72
          ],
          [
            -117.49146,
            51.25946,
            1269.72
          ],
          [
            -117.49144,
            51.25953,
            1268.46
          ],
          [
            -117.49142,
            51.25962,
            1266.84
          ],
          [
            -117.49144,
            51.25968,
            1265.76
          ],
          [
            -117.49149,
            51.25973,
            1264.91
          ],
          [
            -117.49155,
            51.25977,
            1264.38
          ],
          [
            -117.4916,
            51.25982,
            1263.68
          ],
          [
            -117.49164,
            51.25985,
            1263.2
          ],
          [
            -117.49167,
            51.25988,
            1262.77
          ],
          [
            -117.49177,
            51.25996,
            1262.48
          ],
          [
            -117.49189,
            51.26005,
            1262.61
          ],
          [
            -117.49197,
            51.26015,
            1263.82
          ],
          [
            -117.49202,
            51.2602,
            1265.33
          ],
          [
            -117.49204,
            51.26021,
            1265.92
          ],
          [
            -117.49205,
            51.26021,
            1266.23
          ],
          [
            -117.49206,
            51.26022,
            1266.5
          ],
          [
            -117.49206,
            51.26022,
            1266.5
          ],
          [
            -117.49207,
            51.26023,
            1266.77
          ],
          [
            -117.49213,
            51.26024,
            1268.53
          ],
          [
            -117.49221,
            51.26027,
            1270.7
          ],
          [
            -117.49231,
            51.26031,
            1271.93
          ],
          [
            -117.49239,
            51.26035,
            1271.16
          ],
          [
            -117.49251,
            51.26044,
            1265.18
          ],
          [
            -117.49256,
            51.26047,
            1262.83
          ],
          [
            -117.49259,
            51.26049,
            1261.17
          ],
          [
            -117.4926,
            51.26049,
            1261.17
          ],
          [
            -117.49261,
            51.26049,
            1261.17
          ],
          [
            -117.49264,
            51.26051,
            1259.43
          ],
          [
            -117.49272,
            51.26056,
            1255.13
          ],
          [
            -117.49284,
            51.26063,
            1253.21
          ],
          [
            -117.49299,
            51.26067,
            1251.58
          ],
          [
            -117.49307,
            51.26071,
            1250.05
          ],
          [
            -117.49311,
            51.26074,
            1249.22
          ],
          [
            -117.49314,
            51.26076,
            1248.68
          ],
          [
            -117.49315,
            51.26077,
            1248.39
          ],
          [
            -117.49315,
            51.26077,
            1248.39
          ],
          [
            -117.49316,
            51.26078,
            1248.1
          ],
          [
            -117.49318,
            51.26081,
            1247.2
          ],
          [
            -117.49321,
            51.26086,
            1245.59
          ],
          [
            -117.49321,
            51.26094,
            1242.67
          ],
          [
            -117.49324,
            51.26098,
            1241.21
          ],
          [
            -117.49328,
            51.26104,
            1238.91
          ],
          [
            -117.49328,
            51.26107,
            1237.76
          ],
          [
            -117.49329,
            51.26108,
            1237.35
          ],
          [
            -117.49329,
            51.26115,
            1235.36
          ],
          [
            -117.49323,
            51.26123,
            1234.12
          ],
          [
            -117.49323,
            51.26128,
            1233.18
          ],
          [
            -117.4933,
            51.2614,
            1230.36
          ],
          [
            -117.49333,
            51.26148,
            1230.03
          ],
          [
            -117.49334,
            51.26154,
            1230.03
          ],
          [
            -117.49335,
            51.2616,
            1230.07
          ],
          [
            -117.49336,
            51.26163,
            1230.11
          ],
          [
            -117.49336,
            51.26164,
            1230.11
          ],
          [
            -117.49339,
            51.26169,
            1230.64
          ],
          [
            -117.49347,
            51.2618,
            1233.13
          ],
          [
            -117.49357,
            51.26193,
            1236.4
          ],
          [
            -117.49365,
            51.26203,
            1240.55
          ],
          [
            -117.49369,
            51.26206,
            1242.06
          ],
          [
            -117.49372,
            51.26207,
            1242.73
          ],
          [
            -117.49377,
            51.26208,
            1243.61
          ],
          [
            -117.49397,
            51.26208,
            1246.24
          ],
          [
            -117.49418,
            51.2621,
            1249.68
          ],
          [
            -117.49422,
            51.2621,
            1250.05
          ],
          [
            -117.49425,
            51.26211,
            1250.37
          ],
          [
            -117.49429,
            51.26211,
            1250.75
          ],
          [
            -117.49433,
            51.26212,
            1251.18
          ],
          [
            -117.49435,
            51.26212,
            1251.37
          ],
          [
            -117.49435,
            51.26212,
            1251.37
          ],
          [
            -117.4945,
            51.26215,
            1251.59
          ],
          [
            -117.49471,
            51.26219,
            1247.7
          ],
          [
            -117.49497,
            51.26225,
            1247.54
          ],
          [
            -117.49502,
            51.26227,
            1247.26
          ],
          [
            -117.49503,
            51.26227,
            1247.24
          ],
          [
            -117.49508,
            51.26229,
            1246.74
          ],
          [
            -117.49518,
            51.26233,
            1245.44
          ],
          [
            -117.49529,
            51.26239,
            1243.31
          ],
          [
            -117.49541,
            51.26246,
            1241.7
          ],
          [
            -117.4955,
            51.26253,
            1238.92
          ],
          [
            -117.49555,
            51.26257,
            1237.25
          ],
          [
            -117.49555,
            51.26257,
            1237.25
          ],
          [
            -117.49557,
            51.26258,
            1237.01
          ],
          [
            -117.4957,
            51.26268,
            1234.28
          ],
          [
            -117.49592,
            51.26285,
            1232.05
          ],
          [
            -117.49612,
            51.26301,
            1231.63
          ],
          [
            -117.49631,
            51.26315,
            1233.59
          ],
          [
            -117.49646,
            51.26326,
            1235.14
          ],
          [
            -117.49646,
            51.26326,
            1235.14
          ],
          [
            -117.49648,
            51.26328,
            1235.19
          ],
          [
            -117.49661,
            51.26337,
            1234.23
          ],
          [
            -117.49683,
            51.26354,
            1230.7
          ],
          [
            -117.49709,
            51.26373,
            1226.66
          ],
          [
            -117.49728,
            51.26387,
            1224.17
          ],
          [
            -117.49739,
            51.26395,
            1224.41
          ],
          [
            -117.49744,
            51.26399,
            1224.5
          ],
          [
            -117.49765,
            51.26414,
            1225.45
          ],
          [
            -117.49786,
            51.26429,
            1226.28
          ],
          [
            -117.49786,
            51.26429,
            1226.28
          ],
          [
            -117.49799,
            51.26438,
            1224.89
          ],
          [
            -117.49813,
            51.26449,
            1223.09
          ],
          [
            -117.49825,
            51.26457,
            1221.92
          ],
          [
            -117.49833,
            51.26463,
            1221.4
          ],
          [
            -117.49833,
            51.26463,
            1221.4
          ],
          [
            -117.49838,
            51.26466,
            1221.7
          ],
          [
            -117.49854,
            51.26478,
            1221.33
          ],
          [
            -117.4988,
            51.26495,
            1224.29
          ],
          [
            -117.49907,
            51.26514,
            1222.78
          ],
          [
            -117.49918,
            51.26521,
            1221.05
          ],
          [
            -117.49925,
            51.26526,
            1219.9
          ],
          [
            -117.49929,
            51.26529,
            1219.11
          ],
          [
            -117.49929,
            51.26529,
            1219.11
          ],
          [
            -117.49939,
            51.26535,
            1217.67
          ],
          [
            -117.49957,
            51.26546,
            1216.36
          ],
          [
            -117.5,
            51.26573,
            1212.37
          ],
          [
            -117.50014,
            51.2658,
            1211.35
          ],
          [
            -117.50025,
            51.26587,
            1212.15
          ],
          [
            -117.50033,
            51.26591,
            1213.55
          ],
          [
            -117.50033,
            51.26591,
            1213.55
          ],
          [
            -117.50037,
            51.26594,
            1214.18
          ],
          [
            -117.50045,
            51.26599,
            1213.83
          ],
          [
            -117.50056,
            51.26606,
            1211.01
          ],
          [
            -117.50066,
            51.26611,
            1211.01
          ],
          [
            -117.5008,
            51.2662,
            1215.24
          ],
          [
            -117.50085,
            51.26622,
            1215.95
          ],
          [
            -117.50094,
            51.26627,
            1216.51
          ],
          [
            -117.50119,
            51.26643,
            1215.56
          ],
          [
            -117.50127,
            51.26647,
            1217.9
          ],
          [
            -117.50133,
            51.26651,
            1219.99
          ],
          [
            -117.50136,
            51.26653,
            1220.99
          ],
          [
            -117.50136,
            51.26653,
            1220.99
          ],
          [
            -117.50155,
            51.26667,
            1225.82
          ],
          [
            -117.50181,
            51.26685,
            1224
          ],
          [
            -117.5021,
            51.26706,
            1224.78
          ],
          [
            -117.50223,
            51.26715,
            1223.73
          ],
          [
            -117.50232,
            51.2672,
            1224.01
          ],
          [
            -117.50232,
            51.2672,
            1224.01
          ],
          [
            -117.50234,
            51.26722,
            1224.02
          ],
          [
            -117.50242,
            51.26727,
            1225.37
          ],
          [
            -117.50252,
            51.26733,
            1225.94
          ],
          [
            -117.50278,
            51.26744,
            1226.71
          ],
          [
            -117.50315,
            51.26756,
            1227.87
          ],
          [
            -117.50338,
            51.26761,
            1229.07
          ],
          [
            -117.50351,
            51.26763,
            1228.68
          ],
          [
            -117.50355,
            51.26764,
            1228.61
          ],
          [
            -117.50355,
            51.26764,
            1228.61
          ],
          [
            -117.5036,
            51.26764,
            1228.52
          ],
          [
            -117.50363,
            51.26765,
            1229.06
          ],
          [
            -117.5037,
            51.26765,
            1230.97
          ],
          [
            -117.50378,
            51.26766,
            1232.98
          ],
          [
            -117.50383,
            51.26766,
            1234.28
          ],
          [
            -117.50391,
            51.26767,
            1235.91
          ],
          [
            -117.504,
            51.26769,
            1236.78
          ],
          [
            -117.50408,
            51.26773,
            1235.99
          ],
          [
            -117.50415,
            51.26776,
            1235
          ],
          [
            -117.5042,
            51.26779,
            1233.69
          ],
          [
            -117.5042,
            51.26779,
            1233.69
          ],
          [
            -117.50423,
            51.26781,
            1233.32
          ],
          [
            -117.50429,
            51.26786,
            1232.73
          ],
          [
            -117.50433,
            51.26788,
            1232.65
          ],
          [
            -117.50438,
            51.26791,
            1232.68
          ],
          [
            -117.50444,
            51.26792,
            1232.98
          ],
          [
            -117.50449,
            51.26792,
            1232.91
          ],
          [
            -117.50454,
            51.26791,
            1232.85
          ],
          [
            -117.50459,
            51.26787,
            1233
          ],
          [
            -117.50464,
            51.26785,
            1233.15
          ],
          [
            -117.50467,
            51.26785,
            1233.18
          ],
          [
            -117.50471,
            51.26785,
            1233.21
          ],
          [
            -117.50474,
            51.26785,
            1233.19
          ],
          [
            -117.50477,
            51.26786,
            1233.04
          ],
          [
            -117.50478,
            51.26786,
            1233.03
          ],
          [
            -117.50478,
            51.26786,
            1233.03
          ],
          [
            -117.50479,
            51.26786,
            1233.01
          ],
          [
            -117.50481,
            51.26787,
            1232.9
          ],
          [
            -117.50485,
            51.26788,
            1232.77
          ],
          [
            -117.50493,
            51.26789,
            1232.64
          ],
          [
            -117.50502,
            51.26791,
            1232.45
          ],
          [
            -117.50511,
            51.26792,
            1232.1
          ],
          [
            -117.5052,
            51.26793,
            1231.8
          ],
          [
            -117.50529,
            51.26796,
            1231.55
          ],
          [
            -117.50537,
            51.26799,
            1231.02
          ],
          [
            -117.50538,
            51.26804,
            1231.19
          ],
          [
            -117.50535,
            51.26809,
            1230.55
          ],
          [
            -117.50531,
            51.26813,
            1229.69
          ],
          [
            -117.50527,
            51.26818,
            1228.4
          ],
          [
            -117.50524,
            51.26823,
            1226.89
          ],
          [
            -117.50521,
            51.26827,
            1225.64
          ],
          [
            -117.50513,
            51.26837,
            1222.35
          ],
          [
            -117.50517,
            51.26845,
            1219.99
          ]
        ]
      }
    }
  ]
}